experiment_id;repetition_attempt;traffic_warmup_seconds;sta_count_per_bss;rssi_range;target_rssi_dbm;interference_mode;traffic_mode;mimo_mode;bss_id;bss_mean_dominant_data_phy_rate_mbps;bss_mean_effective_phy_rate_mbps;bss_aggregate_data_tx_rate_over_interval_mbps;bss_competition_overhead_vs_single_sta;sta_0_dominant_data_phy_rate_mbps;sta_0_dominant_data_profile_share;sta_0_effective_phy_rate_mbps;sta_0_data_tx_rate_over_interval_mbps;sta_0_data_tx_opportunity_gap_fraction;sta_0_tx_profile;sta_1_dominant_data_phy_rate_mbps;sta_1_dominant_data_profile_share;sta_1_effective_phy_rate_mbps;sta_1_data_tx_rate_over_interval_mbps;sta_1_data_tx_opportunity_gap_fraction;sta_1_tx_profile;sta_2_dominant_data_phy_rate_mbps;sta_2_dominant_data_profile_share;sta_2_effective_phy_rate_mbps;sta_2_data_tx_rate_over_interval_mbps;sta_2_data_tx_opportunity_gap_fraction;sta_2_tx_profile;sta_3_dominant_data_phy_rate_mbps;sta_3_dominant_data_profile_share;sta_3_effective_phy_rate_mbps;sta_3_data_tx_rate_over_interval_mbps;sta_3_data_tx_opportunity_gap_fraction;sta_3_tx_profile;sta_4_dominant_data_phy_rate_mbps;sta_4_dominant_data_profile_share;sta_4_effective_phy_rate_mbps;sta_4_data_tx_rate_over_interval_mbps;sta_4_data_tx_opportunity_gap_fraction;sta_4_tx_profile;sta_5_dominant_data_phy_rate_mbps;sta_5_dominant_data_profile_share;sta_5_effective_phy_rate_mbps;sta_5_data_tx_rate_over_interval_mbps;sta_5_data_tx_opportunity_gap_fraction;sta_5_tx_profile;sta_6_dominant_data_phy_rate_mbps;sta_6_dominant_data_profile_share;sta_6_effective_phy_rate_mbps;sta_6_data_tx_rate_over_interval_mbps;sta_6_data_tx_opportunity_gap_fraction;sta_6_tx_profile;sta_7_dominant_data_phy_rate_mbps;sta_7_dominant_data_profile_share;sta_7_effective_phy_rate_mbps;sta_7_data_tx_rate_over_interval_mbps;sta_7_data_tx_opportunity_gap_fraction;sta_7_tx_profile;sta_8_dominant_data_phy_rate_mbps;sta_8_dominant_data_profile_share;sta_8_effective_phy_rate_mbps;sta_8_data_tx_rate_over_interval_mbps;sta_8_data_tx_opportunity_gap_fraction;sta_8_tx_profile;sta_9_dominant_data_phy_rate_mbps;sta_9_dominant_data_profile_share;sta_9_effective_phy_rate_mbps;sta_9_data_tx_rate_over_interval_mbps;sta_9_data_tx_opportunity_gap_fraction;sta_9_tx_profile;sta_10_dominant_data_phy_rate_mbps;sta_10_dominant_data_profile_share;sta_10_effective_phy_rate_mbps;sta_10_data_tx_rate_over_interval_mbps;sta_10_data_tx_opportunity_gap_fraction;sta_10_tx_profile;sta_11_dominant_data_phy_rate_mbps;sta_11_dominant_data_profile_share;sta_11_effective_phy_rate_mbps;sta_11_data_tx_rate_over_interval_mbps;sta_11_data_tx_opportunity_gap_fraction;sta_11_tx_profile;sta_12_dominant_data_phy_rate_mbps;sta_12_dominant_data_profile_share;sta_12_effective_phy_rate_mbps;sta_12_data_tx_rate_over_interval_mbps;sta_12_data_tx_opportunity_gap_fraction;sta_12_tx_profile;sta_13_dominant_data_phy_rate_mbps;sta_13_dominant_data_profile_share;sta_13_effective_phy_rate_mbps;sta_13_data_tx_rate_over_interval_mbps;sta_13_data_tx_opportunity_gap_fraction;sta_13_tx_profile;sta_14_dominant_data_phy_rate_mbps;sta_14_dominant_data_profile_share;sta_14_effective_phy_rate_mbps;sta_14_data_tx_rate_over_interval_mbps;sta_14_data_tx_opportunity_gap_fraction;sta_14_tx_profile;sta_15_dominant_data_phy_rate_mbps;sta_15_dominant_data_profile_share;sta_15_effective_phy_rate_mbps;sta_15_data_tx_rate_over_interval_mbps;sta_15_data_tx_opportunity_gap_fraction;sta_15_tx_profile;sta_16_dominant_data_phy_rate_mbps;sta_16_dominant_data_profile_share;sta_16_effective_phy_rate_mbps;sta_16_data_tx_rate_over_interval_mbps;sta_16_data_tx_opportunity_gap_fraction;sta_16_tx_profile;sta_17_dominant_data_phy_rate_mbps;sta_17_dominant_data_profile_share;sta_17_effective_phy_rate_mbps;sta_17_data_tx_rate_over_interval_mbps;sta_17_data_tx_opportunity_gap_fraction;sta_17_tx_profile;sta_18_dominant_data_phy_rate_mbps;sta_18_dominant_data_profile_share;sta_18_effective_phy_rate_mbps;sta_18_data_tx_rate_over_interval_mbps;sta_18_data_tx_opportunity_gap_fraction;sta_18_tx_profile;sta_19_dominant_data_phy_rate_mbps;sta_19_dominant_data_profile_share;sta_19_effective_phy_rate_mbps;sta_19_data_tx_rate_over_interval_mbps;sta_19_data_tx_opportunity_gap_fraction;sta_19_tx_profile;sta_20_dominant_data_phy_rate_mbps;sta_20_dominant_data_profile_share;sta_20_effective_phy_rate_mbps;sta_20_data_tx_rate_over_interval_mbps;sta_20_data_tx_opportunity_gap_fraction;sta_20_tx_profile;sta_21_dominant_data_phy_rate_mbps;sta_21_dominant_data_profile_share;sta_21_effective_phy_rate_mbps;sta_21_data_tx_rate_over_interval_mbps;sta_21_data_tx_opportunity_gap_fraction;sta_21_tx_profile;sta_22_dominant_data_phy_rate_mbps;sta_22_dominant_data_profile_share;sta_22_effective_phy_rate_mbps;sta_22_data_tx_rate_over_interval_mbps;sta_22_data_tx_opportunity_gap_fraction;sta_22_tx_profile;sta_23_dominant_data_phy_rate_mbps;sta_23_dominant_data_profile_share;sta_23_effective_phy_rate_mbps;sta_23_data_tx_rate_over_interval_mbps;sta_23_data_tx_opportunity_gap_fraction;sta_23_tx_profile;sta_24_dominant_data_phy_rate_mbps;sta_24_dominant_data_profile_share;sta_24_effective_phy_rate_mbps;sta_24_data_tx_rate_over_interval_mbps;sta_24_data_tx_opportunity_gap_fraction;sta_24_tx_profile;sta_25_dominant_data_phy_rate_mbps;sta_25_dominant_data_profile_share;sta_25_effective_phy_rate_mbps;sta_25_data_tx_rate_over_interval_mbps;sta_25_data_tx_opportunity_gap_fraction;sta_25_tx_profile;sta_26_dominant_data_phy_rate_mbps;sta_26_dominant_data_profile_share;sta_26_effective_phy_rate_mbps;sta_26_data_tx_rate_over_interval_mbps;sta_26_data_tx_opportunity_gap_fraction;sta_26_tx_profile;sta_27_dominant_data_phy_rate_mbps;sta_27_dominant_data_profile_share;sta_27_effective_phy_rate_mbps;sta_27_data_tx_rate_over_interval_mbps;sta_27_data_tx_opportunity_gap_fraction;sta_27_tx_profile;sta_28_dominant_data_phy_rate_mbps;sta_28_dominant_data_profile_share;sta_28_effective_phy_rate_mbps;sta_28_data_tx_rate_over_interval_mbps;sta_28_data_tx_opportunity_gap_fraction;sta_28_tx_profile;sta_29_dominant_data_phy_rate_mbps;sta_29_dominant_data_profile_share;sta_29_effective_phy_rate_mbps;sta_29_data_tx_rate_over_interval_mbps;sta_29_data_tx_opportunity_gap_fraction;sta_29_tx_profile
1;1;0;1;high;-41.5;isolated;ul;su;0;551.25;382.22450580905775;279.61499561660077;0.0;551.25;0.5246477546495766;382.22450580905775;279.61499561660077;0.26845351;W20_NSS1_MCS4:bytes=15558,ppdus=1,airtime_us=2892|W20_NSS1_MCS7:bytes=48234,ppdus=1,airtime_us=5324|W40_NSS2_MCS4:bytes=866660,ppdus=16,airtime_us=40528|W40_NSS2_MCS6:bytes=65350,ppdus=1,airtime_us=2052|W80_NSS1_MCS4:bytes=2025850,ppdus=31,airtime_us=89652|W80_NSS1_MCS6:bytes=65350,ppdus=1,airtime_us=1948|W80_NSS2_MCS4:bytes=13462100,ppdus=206,airtime_us=304056|W80_NSS2_MCS5:bytes=65350,ppdus=1,airtime_us=1124|W80_NSS2_MCS6:bytes=18337422.4520751,ppdus=281,airtime_us=283970.49;;;;;;;;;;;;;;;;;;;;;;;;;;;;;;;;;;;;;;;;;;;;;;;;;;;;;;;;;;;;;;;;;;;;;;;;;;;;;;;;;;;;;;;;;;;;;;;;;;;;;;;;;;;;;;;;;;;;;;;;;;;;;;;;;;;;;;;;;;;;;;;;;;;;;;;;;;;;;;;;;;;;;;;;;;;;;;
1;1;0;1;high;-41.5;isolated;ul;su;1;1020.833334;832.0445392599627;459.47790076551723;0.0;1020.833334;0.9286429402907628;832.0445392599627;459.47790076551723;0.44777247;W20_NSS1_MCS11:bytes=15558,ppdus=1,airtime_us=1068|W40_NSS2_MCS2:bytes=59126,ppdus=1,airtime_us=5444|W40_NSS2_MCS11:bytes=1804902,ppdus=29,airtime_us=31556|W80_NSS1_MCS2:bytes=62238,ppdus=1,airtime_us=5468|W80_NSS1_MCS11:bytes=2091200,ppdus=32,airtime_us=34688|W80_NSS2_MCS10:bytes=65350,ppdus=1,airtime_us=628|W80_NSS2_MCS11:bytes=53336363.5956897,ppdus=817,airtime_us=473375.53;;;;;;;;;;;;;;;;;;;;;;;;;;;;;;;;;;;;;;;;;;;;;;;;;;;;;;;;;;;;;;;;;;;;;;;;;;;;;;;;;;;;;;;;;;;;;;;;;;;;;;;;;;;;;;;;;;;;;;;;;;;;;;;;;;;;;;;;;;;;;;;;;;;;;;;;;;;;;;;;;;;;;;;;;;;;;;
1;1;0;1;high;-41.5;isolated;ul;su;2;918.75;662.016367382985;404.796528;0.0;918.75;0.28929892402634444;662.016367382985;404.796528;0.38854;W20_NSS1_MCS7:bytes=15558,ppdus=1,airtime_us=1756|W40_NSS2_MCS7:bytes=1310108,ppdus=22,airtime_us=37080|W80_NSS1_MCS7:bytes=1503050,ppdus=23,airtime_us=40388|W80_NSS1_MCS8:bytes=65350,ppdus=1,airtime_us=1468|W80_NSS1_MCS9:bytes=65350,ppdus=1,airtime_us=1340|W80_NSS1_MCS10:bytes=65350,ppdus=1,airtime_us=1196|W80_NSS1_MCS11:bytes=65350,ppdus=1,airtime_us=1084|W80_NSS2_MCS7:bytes=6861750,ppdus=105,airtime_us=96180|W80_NSS2_MCS8:bytes=12743250,ppdus=195,airtime_us=150540|W80_NSS2_MCS9:bytes=11240200,ppdus=172,airtime_us=121776|W80_NSS2_MCS10:bytes=14638400,ppdus=224,airtime_us=140672|W80_NSS2_MCS11:bytes=2025850,ppdus=31,airtime_us=17980;;;;;;;;;;;;;;;;;;;;;;;;;;;;;;;;;;;;;;;;;;;;;;;;;;;;;;;;;;;;;;;;;;;;;;;;;;;;;;;;;;;;;;;;;;;;;;;;;;;;;;;;;;;;;;;;;;;;;;;;;;;;;;;;;;;;;;;;;;;;;;;;;;;;;;;;;;;;;;;;;;;;;;;;;;;;;;
2;1;0;1;high;-41.5;isolated;dl;su;0;367.5;234.31290048199602;16.528432;0.0;367.5;0.32410769515220805;234.31290048199602;16.528432;0.92946;W20_NSS1_MCS4:bytes=94,ppdus=1,airtime_us=76|W20_NSS1_MCS9:bytes=4030,ppdus=1,airtime_us=380|W40_NSS2_MCS4:bytes=46800,ppdus=24,airtime_us=3552|W40_NSS2_MCS6:bytes=2014,ppdus=1,airtime_us=116|W80_NSS1_MCS4:bytes=57464,ppdus=20,airtime_us=3536|W80_NSS1_MCS6:bytes=3550,ppdus=1,airtime_us=156|W80_NSS2_MCS4:bytes=669624,ppdus=152,airtime_us=23376|W80_NSS2_MCS5:bytes=2014,ppdus=1,airtime_us=100|W80_NSS2_MCS6:bytes=608868,ppdus=190,airtime_us=19848|W80_NSS2_MCS7:bytes=296958,ppdus=81,airtime_us=8708|W80_NSS2_MCS8:bytes=374638,ppdus=109,airtime_us=10692;;;;;;;;;;;;;;;;;;;;;;;;;;;;;;;;;;;;;;;;;;;;;;;;;;;;;;;;;;;;;;;;;;;;;;;;;;;;;;;;;;;;;;;;;;;;;;;;;;;;;;;;;;;;;;;;;;;;;;;;;;;;;;;;;;;;;;;;;;;;;;;;;;;;;;;;;;;;;;;;;;;;;;;;;;;;;;
2;1;0;1;high;-41.5;isolated;dl;su;1;1020.833334;325.91168323284995;16.00096;0.0;1020.833334;0.943626382417055;325.91168323284995;16.00096;0.950904;W20_NSS1_MCS11:bytes=382,ppdus=1,airtime_us=76|W40_NSS1_MCS3:bytes=6046,ppdus=1,airtime_us=876|W40_NSS2_MCS3:bytes=2014,ppdus=1,airtime_us=196|W40_NSS2_MCS11:bytes=39708,ppdus=18,airtime_us=1688|W80_NSS1_MCS11:bytes=60342,ppdus=21,airtime_us=1932|W80_NSS2_MCS10:bytes=4262,ppdus=1,airtime_us=100|W80_NSS2_MCS11:bytes=1887366,ppdus=533,airtime_us=44228;;;;;;;;;;;;;;;;;;;;;;;;;;;;;;;;;;;;;;;;;;;;;;;;;;;;;;;;;;;;;;;;;;;;;;;;;;;;;;;;;;;;;;;;;;;;;;;;;;;;;;;;;;;;;;;;;;;;;;;;;;;;;;;;;;;;;;;;;;;;;;;;;;;;;;;;;;;;;;;;;;;;;;;;;;;;;;
2;1;0;1;high;-41.5;isolated;dl;su;2;735.0;282.64798235370444;17.426944;0.0;735.0;0.39721112318947027;282.64798235370444;17.426944;0.938344;W20_NSS1_MCS7:bytes=478,ppdus=1,airtime_us=108|W20_NSS1_MCS11:bytes=2014,ppdus=1,airtime_us=188|W40_NSS2_MCS7:bytes=55066,ppdus=19,airtime_us=2636|W80_NSS1_MCS7:bytes=64660,ppdus=22,airtime_us=2856|W80_NSS1_MCS8:bytes=3846,ppdus=1,airtime_us=140|W80_NSS1_MCS9:bytes=2014,ppdus=1,airtime_us=92|W80_NSS1_MCS10:bytes=3934,ppdus=1,airtime_us=124|W80_NSS2_MCS7:bytes=409842,ppdus=91,airtime_us=10844|W80_NSS2_MCS8:bytes=865272,ppdus=224,airtime_us=22816|W80_NSS2_MCS9:bytes=481036,ppdus=154,airtime_us=14232|W80_NSS2_MCS10:bytes=290206,ppdus=81,airtime_us=7620;;;;;;;;;;;;;;;;;;;;;;;;;;;;;;;;;;;;;;;;;;;;;;;;;;;;;;;;;;;;;;;;;;;;;;;;;;;;;;;;;;;;;;;;;;;;;;;;;;;;;;;;;;;;;;;;;;;;;;;;;;;;;;;;;;;;;;;;;;;;;;;;;;;;;;;;;;;;;;;;;;;;;;;;;;;;;;
3;1;0;1;high;-41.5;isolated;ul_dl;su;0;367.5;302.54768867544874;180.42976;0.0;367.5;0.833994126024443;302.54768867544874;180.42976;0.403632;W20_NSS1_MCS4:bytes=15558,ppdus=1,airtime_us=2892|W40_NSS2_MCS4:bytes=1255592,ppdus=22,airtime_us=58616|W40_NSS2_MCS6:bytes=65350,ppdus=1,airtime_us=2052|W80_NSS1_MCS4:bytes=2342200,ppdus=36,airtime_us=103808|W80_NSS1_MCS6:bytes=65350,ppdus=1,airtime_us=1948|W80_NSS2_MCS4:bytes=18809670,ppdus=291,airtime_us=427052;;;;;;;;;;;;;;;;;;;;;;;;;;;;;;;;;;;;;;;;;;;;;;;;;;;;;;;;;;;;;;;;;;;;;;;;;;;;;;;;;;;;;;;;;;;;;;;;;;;;;;;;;;;;;;;;;;;;;;;;;;;;;;;;;;;;;;;;;;;;;;;;;;;;;;;;;;;;;;;;;;;;;;;;;;;;;;
3;1;0;1;high;-41.5;isolated;ul_dl;su;1;1020.833334;835.3084747357157;284.141872;0.0;1020.833334;0.9057171834216676;835.3084747357157;284.141872;0.659836;W20_NSS1_MCS11:bytes=15558,ppdus=1,airtime_us=1068|W40_NSS2_MCS11:bytes=931136,ppdus=16,airtime_us=16304|W80_NSS1_MCS11:bytes=2271214,ppdus=35,airtime_us=37556|W80_NSS2_MCS9:bytes=65350,ppdus=1,airtime_us=708|W80_NSS2_MCS10:bytes=65454,ppdus=1,airtime_us=628|W80_NSS2_MCS11:bytes=32169022,ppdus=499,airtime_us=283900;;;;;;;;;;;;;;;;;;;;;;;;;;;;;;;;;;;;;;;;;;;;;;;;;;;;;;;;;;;;;;;;;;;;;;;;;;;;;;;;;;;;;;;;;;;;;;;;;;;;;;;;;;;;;;;;;;;;;;;;;;;;;;;;;;;;;;;;;;;;;;;;;;;;;;;;;;;;;;;;;;;;;;;;;;;;;;
3;1;0;1;high;-41.5;isolated;ul_dl;su;2;735.0;573.5534759889892;266.6608353276836;0.0;735.0;0.5680418416670074;573.5534759889892;266.6608353276836;0.53507241;W20_NSS1_MCS7:bytes=15558,ppdus=1,airtime_us=1756|W40_NSS2_MCS7:bytes=865784,ppdus=16,airtime_us=24624|W80_NSS1_MCS7:bytes=2084204,ppdus=32,airtime_us=56016|W80_NSS1_MCS8:bytes=65174,ppdus=1,airtime_us=1468|W80_NSS1_MCS9:bytes=65350,ppdus=1,airtime_us=1340|W80_NSS2_MCS7:bytes=10559064,ppdus=164,airtime_us=148032|W80_NSS2_MCS8:bytes=18934314,ppdus=295,airtime_us=223676|W80_NSS2_MCS9:bytes=743156.415960452,ppdus=12,airtime_us=8015.59;;;;;;;;;;;;;;;;;;;;;;;;;;;;;;;;;;;;;;;;;;;;;;;;;;;;;;;;;;;;;;;;;;;;;;;;;;;;;;;;;;;;;;;;;;;;;;;;;;;;;;;;;;;;;;;;;;;;;;;;;;;;;;;;;;;;;;;;;;;;;;;;;;;;;;;;;;;;;;;;;;;;;;;;;;;;;;
4;1;0;1;high;-41.5;ap_only_cochannel;ul;su;0;367.5;287.15863866003053;122.546672;0.0;367.5;0.7337743125329426;287.15863866003053;122.546672;0.573244;W20_NSS1_MCS4:bytes=15558,ppdus=1,airtime_us=2892|W40_NSS1_MCS4:bytes=3110,ppdus=1,airtime_us=332|W40_NSS2_MCS4:bytes=1184066,ppdus=25,airtime_us=55524|W40_NSS2_MCS6:bytes=65350,ppdus=1,airtime_us=2052|W80_NSS1_MCS4:bytes=1960500,ppdus=30,airtime_us=86760|W80_NSS1_MCS6:bytes=849550,ppdus=13,airtime_us=25324|W80_NSS2_MCS4:bytes=11240200,ppdus=172,airtime_us=253872;;;;;;;;;;;;;;;;;;;;;;;;;;;;;;;;;;;;;;;;;;;;;;;;;;;;;;;;;;;;;;;;;;;;;;;;;;;;;;;;;;;;;;;;;;;;;;;;;;;;;;;;;;;;;;;;;;;;;;;;;;;;;;;;;;;;;;;;;;;;;;;;;;;;;;;;;;;;;;;;;;;;;;;;;;;;;;
4;1;0;1;high;-41.5;ap_only_cochannel;ul;su;1;1020.833334;790.6980448950036;209.655168;0.0;1020.833334;0.835362188639204;790.6980448950036;209.655168;0.734848;W20_NSS1_MCS11:bytes=15558,ppdus=1,airtime_us=1068|W40_NSS2_MCS11:bytes=1554388,ppdus=28,airtime_us=27328|W80_NSS1_MCS11:bytes=2221900,ppdus=34,airtime_us=36856|W80_NSS2_MCS7:bytes=130700,ppdus=2,airtime_us=1832|W80_NSS2_MCS10:bytes=392100,ppdus=6,airtime_us=3768|W80_NSS2_MCS11:bytes=21892250,ppdus=335,airtime_us=194300;;;;;;;;;;;;;;;;;;;;;;;;;;;;;;;;;;;;;;;;;;;;;;;;;;;;;;;;;;;;;;;;;;;;;;;;;;;;;;;;;;;;;;;;;;;;;;;;;;;;;;;;;;;;;;;;;;;;;;;;;;;;;;;;;;;;;;;;;;;;;;;;;;;;;;;;;;;;;;;;;;;;;;;;;;;;;;
4;1;0;1;high;-41.5;ap_only_cochannel;ul;su;2;735.0;460.0472736585423;171.48826603626944;0.0;735.0;0.6264736154807676;460.0472736585423;171.48826603626944;0.62723773;W20_NSS1_MCS7:bytes=15558,ppdus=1,airtime_us=1756|W40_NSS2_MCS7:bytes=1194966,ppdus=21,airtime_us=33876|W40_NSS2_MCS9:bytes=65350,ppdus=1,airtime_us=1396|W80_NSS1_MCS7:bytes=6404300,ppdus=98,airtime_us=172088|W80_NSS1_MCS9:bytes=65350,ppdus=1,airtime_us=1340|W80_NSS2_MCS7:bytes=261400,ppdus=4,airtime_us=3664|W80_NSS2_MCS8:bytes=13429109.2545337,ppdus=206,airtime_us=158642.27;;;;;;;;;;;;;;;;;;;;;;;;;;;;;;;;;;;;;;;;;;;;;;;;;;;;;;;;;;;;;;;;;;;;;;;;;;;;;;;;;;;;;;;;;;;;;;;;;;;;;;;;;;;;;;;;;;;;;;;;;;;;;;;;;;;;;;;;;;;;;;;;;;;;;;;;;;;;;;;;;;;;;;;;;;;;;;
5;1;0;1;high;-41.5;ap_only_cochannel;dl;su;0;367.5;194.32076611163833;9.009488;0.0;367.5;0.6396261363575821;194.32076611163833;9.009488;0.953636;W20_NSS1_MCS4:bytes=94,ppdus=1,airtime_us=76|W20_NSS2_MCS4:bytes=17736,ppdus=12,airtime_us=2304|W40_NSS1_MCS4:bytes=21588,ppdus=6,airtime_us=2280|W40_NSS2_MCS4:bytes=50550,ppdus=21,airtime_us=3572|W40_NSS2_MCS6:bytes=47414,ppdus=5,airtime_us=1732|W80_NSS1_MCS4:bytes=268466,ppdus=55,airtime_us=14468|W80_NSS2_MCS4:bytes=720338,ppdus=107,airtime_us=21932;;;;;;;;;;;;;;;;;;;;;;;;;;;;;;;;;;;;;;;;;;;;;;;;;;;;;;;;;;;;;;;;;;;;;;;;;;;;;;;;;;;;;;;;;;;;;;;;;;;;;;;;;;;;;;;;;;;;;;;;;;;;;;;;;;;;;;;;;;;;;;;;;;;;;;;;;;;;;;;;;;;;;;;;;;;;;;
5;1;0;1;high;-41.5;ap_only_cochannel;dl;su;1;487.5;259.2312461252325;1.67256;0.0;487.5;0.5144401396661406;259.2312461252325;1.67256;0.993548;W20_NSS1_MCS11:bytes=188,ppdus=2,airtime_us=120|W40_NSS2_MCS11:bytes=107554,ppdus=31,airtime_us=3532|W80_NSS1_MCS11:bytes=101328,ppdus=24,airtime_us=2800;;;;;;;;;;;;;;;;;;;;;;;;;;;;;;;;;;;;;;;;;;;;;;;;;;;;;;;;;;;;;;;;;;;;;;;;;;;;;;;;;;;;;;;;;;;;;;;;;;;;;;;;;;;;;;;;;;;;;;;;;;;;;;;;;;;;;;;;;;;;;;;;;;;;;;;;;;;;;;;;;;;;;;;;;;;;;;
5;1;0;1;high;-41.5;ap_only_cochannel;dl;su;2;306.25;237.82217922786035;10.817104;0.0;306.25;0.5658239025898244;237.82217922786035;10.817104;0.954516;W20_NSS1_MCS7:bytes=8636,ppdus=2,airtime_us=1048|W20_NSS2_MCS7:bytes=27068,ppdus=2,airtime_us=1608|W40_NSS1_MCS7:bytes=26392,ppdus=4,airtime_us=1648|W40_NSS2_MCS7:bytes=233474,ppdus=35,airtime_us=8476|W80_NSS1_MCS7:bytes=765072,ppdus=84,airtime_us=24368|W80_NSS2_MCS7:bytes=291496,ppdus=76,airtime_us=8336;;;;;;;;;;;;;;;;;;;;;;;;;;;;;;;;;;;;;;;;;;;;;;;;;;;;;;;;;;;;;;;;;;;;;;;;;;;;;;;;;;;;;;;;;;;;;;;;;;;;;;;;;;;;;;;;;;;;;;;;;;;;;;;;;;;;;;;;;;;;;;;;;;;;;;;;;;;;;;;;;;;;;;;;;;;;;;
6;1;0;1;high;-41.5;ap_only_cochannel;ul_dl;su;0;551.25;275.2069384144894;106.94436222529644;0.0;551.25;0.3681062695232443;275.2069384144894;106.94436222529644;0.61140383;W20_NSS1_MCS4:bytes=15558,ppdus=1,airtime_us=2892|W40_NSS2_MCS4:bytes=996262,ppdus=23,airtime_us=46828|W80_NSS1_MCS4:bytes=4310878,ppdus=75,airtime_us=191380|W80_NSS2_MCS4:bytes=3124486,ppdus=49,airtime_us=70820|W80_NSS2_MCS6:bytes=4920861.27816206,ppdus=85,airtime_us=76676.17;;;;;;;;;;;;;;;;;;;;;;;;;;;;;;;;;;;;;;;;;;;;;;;;;;;;;;;;;;;;;;;;;;;;;;;;;;;;;;;;;;;;;;;;;;;;;;;;;;;;;;;;;;;;;;;;;;;;;;;;;;;;;;;;;;;;;;;;;;;;;;;;;;;;;;;;;;;;;;;;;;;;;;;;;;;;;;
6;1;0;1;high;-41.5;ap_only_cochannel;ul_dl;su;1;1020.833334;494.48080307349113;79.799312;0.0;1020.833334;0.5752025531247688;494.48080307349113;79.799312;0.83862;W20_NSS1_MCS11:bytes=15558,ppdus=1,airtime_us=1068|W20_NSS2_MCS11:bytes=210286,ppdus=5,airtime_us=7204|W40_NSS1_MCS11:bytes=1828588,ppdus=30,airtime_us=61704|W40_NSS2_MCS11:bytes=2053474,ppdus=39,airtime_us=36172|W80_NSS1_MCS4:bytes=64062,ppdus=1,airtime_us=2844|W80_NSS1_MCS11:bytes=65350,ppdus=1,airtime_us=1084|W80_NSS2_MCS11:bytes=5737596,ppdus=98,airtime_us=51304;;;;;;;;;;;;;;;;;;;;;;;;;;;;;;;;;;;;;;;;;;;;;;;;;;;;;;;;;;;;;;;;;;;;;;;;;;;;;;;;;;;;;;;;;;;;;;;;;;;;;;;;;;;;;;;;;;;;;;;;;;;;;;;;;;;;;;;;;;;;;;;;;;;;;;;;;;;;;;;;;;;;;;;;;;;;;;
6;1;0;1;high;-41.5;ap_only_cochannel;ul_dl;su;2;292.5;341.90143472022953;76.257696;0.0;292.5;0.5151740225668502;341.90143472022953;76.257696;0.77696;W20_NSS1_MCS7:bytes=15558,ppdus=1,airtime_us=1756|W20_NSS2_MCS7:bytes=65350,ppdus=1,airtime_us=3636|W40_NSS1_MCS7:bytes=61472,ppdus=4,airtime_us=3584|W40_NSS2_MCS7:bytes=4910748,ppdus=84,airtime_us=139184|W80_NSS1_MCS7:bytes=910708,ppdus=14,airtime_us=24504|W80_NSS2_MCS7:bytes=3568376,ppdus=62,airtime_us=50376;;;;;;;;;;;;;;;;;;;;;;;;;;;;;;;;;;;;;;;;;;;;;;;;;;;;;;;;;;;;;;;;;;;;;;;;;;;;;;;;;;;;;;;;;;;;;;;;;;;;;;;;;;;;;;;;;;;;;;;;;;;;;;;;;;;;;;;;;;;;;;;;;;;;;;;;;;;;;;;;;;;;;;;;;;;;;;
7;1;0;1;medium;-50.0;isolated;ul;su;0;551.25;382.2155945150429;279.589935312253;0.0;551.25;0.5246051477083516;382.2155945150429;279.589935312253;0.26850202;W20_NSS1_MCS4:bytes=15558,ppdus=1,airtime_us=2892|W20_NSS1_MCS7:bytes=48234,ppdus=1,airtime_us=5324|W40_NSS2_MCS4:bytes=866660,ppdus=16,airtime_us=40528|W40_NSS2_MCS6:bytes=65350,ppdus=1,airtime_us=2052|W80_NSS1_MCS4:bytes=2025850,ppdus=31,airtime_us=89652|W80_NSS1_MCS6:bytes=65350,ppdus=1,airtime_us=1948|W80_NSS2_MCS4:bytes=13462100,ppdus=206,airtime_us=304056|W80_NSS2_MCS5:bytes=65350,ppdus=1,airtime_us=1124|W80_NSS2_MCS6:bytes=18334289.9140316,ppdus=281,airtime_us=283921.98;;;;;;;;;;;;;;;;;;;;;;;;;;;;;;;;;;;;;;;;;;;;;;;;;;;;;;;;;;;;;;;;;;;;;;;;;;;;;;;;;;;;;;;;;;;;;;;;;;;;;;;;;;;;;;;;;;;;;;;;;;;;;;;;;;;;;;;;;;;;;;;;;;;;;;;;;;;;;;;;;;;;;;;;;;;;;;
7;1;0;1;medium;-50.0;isolated;ul;su;1;1020.833334;842.4907543092528;465.20770735172414;0.0;1020.833334;0.9293612735114153;842.4907543092528;465.20770735172414;0.44781862;W20_NSS1_MCS11:bytes=15558,ppdus=1,airtime_us=1068|W40_NSS1_MCS8:bytes=65350,ppdus=1,airtime_us=3036|W40_NSS2_MCS8:bytes=65350,ppdus=1,airtime_us=1556|W40_NSS2_MCS11:bytes=1804902,ppdus=29,airtime_us=31556|W80_NSS1_MCS11:bytes=2091200,ppdus=32,airtime_us=34688|W80_NSS2_MCS10:bytes=65350,ppdus=1,airtime_us=628|W80_NSS2_MCS11:bytes=54043253.4189655,ppdus=827,airtime_us=479649.38;;;;;;;;;;;;;;;;;;;;;;;;;;;;;;;;;;;;;;;;;;;;;;;;;;;;;;;;;;;;;;;;;;;;;;;;;;;;;;;;;;;;;;;;;;;;;;;;;;;;;;;;;;;;;;;;;;;;;;;;;;;;;;;;;;;;;;;;;;;;;;;;;;;;;;;;;;;;;;;;;;;;;;;;;;;;;;
7;1;0;1;medium;-50.0;isolated;ul;su;2;918.75;662.1225393848041;405.041108262069;0.0;918.75;0.28912423359317274;662.1225393848041;405.041108262069;0.38826866;W20_NSS1_MCS7:bytes=15558,ppdus=1,airtime_us=1756|W40_NSS2_MCS7:bytes=1310108,ppdus=22,airtime_us=37080|W80_NSS1_MCS7:bytes=1503050,ppdus=23,airtime_us=40388|W80_NSS1_MCS8:bytes=65350,ppdus=1,airtime_us=1468|W80_NSS1_MCS9:bytes=65350,ppdus=1,airtime_us=1340|W80_NSS1_MCS10:bytes=65350,ppdus=1,airtime_us=1196|W80_NSS1_MCS11:bytes=65350,ppdus=1,airtime_us=1084|W80_NSS2_MCS7:bytes=6861750,ppdus=105,airtime_us=96180|W80_NSS2_MCS8:bytes=12743250,ppdus=195,airtime_us=150540|W80_NSS2_MCS9:bytes=11240200,ppdus=172,airtime_us=121776|W80_NSS2_MCS10:bytes=14638400,ppdus=224,airtime_us=140672|W80_NSS2_MCS11:bytes=2056422.53275862,ppdus=32,airtime_us=18251.34;;;;;;;;;;;;;;;;;;;;;;;;;;;;;;;;;;;;;;;;;;;;;;;;;;;;;;;;;;;;;;;;;;;;;;;;;;;;;;;;;;;;;;;;;;;;;;;;;;;;;;;;;;;;;;;;;;;;;;;;;;;;;;;;;;;;;;;;;;;;;;;;;;;;;;;;;;;;;;;;;;;;;;;;;;;;;;
8;1;0;1;medium;-50.0;isolated;dl;su;0;367.5;232.49718552556;16.191104;0.0;367.5;0.3298650913489284;232.49718552556;16.191104;0.93036;W20_NSS1_MCS4:bytes=94,ppdus=1,airtime_us=76|W20_NSS1_MCS9:bytes=2014,ppdus=1,airtime_us=220|W40_NSS2_MCS4:bytes=46800,ppdus=24,airtime_us=3552|W40_NSS2_MCS6:bytes=2014,ppdus=1,airtime_us=116|W80_NSS1_MCS4:bytes=57464,ppdus=20,airtime_us=3536|W80_NSS1_MCS6:bytes=3550,ppdus=1,airtime_us=156|W80_NSS2_MCS4:bytes=667610,ppdus=151,airtime_us=23308|W80_NSS2_MCS5:bytes=3646,ppdus=1,airtime_us=116|W80_NSS2_MCS6:bytes=606902,ppdus=185,airtime_us=19540|W80_NSS2_MCS7:bytes=301564,ppdus=82,airtime_us=8808|W80_NSS2_MCS8:bytes=332230,ppdus=109,airtime_us=10212;;;;;;;;;;;;;;;;;;;;;;;;;;;;;;;;;;;;;;;;;;;;;;;;;;;;;;;;;;;;;;;;;;;;;;;;;;;;;;;;;;;;;;;;;;;;;;;;;;;;;;;;;;;;;;;;;;;;;;;;;;;;;;;;;;;;;;;;;;;;;;;;;;;;;;;;;;;;;;;;;;;;;;;;;;;;;;
8;1;0;1;medium;-50.0;isolated;dl;su;1;1020.833334;324.5083285934834;15.974896;0.0;1020.833334;0.9428132740269483;324.5083285934834;15.974896;0.950772;W20_NSS1_MCS11:bytes=382,ppdus=1,airtime_us=76|W40_NSS2_MCS11:bytes=39708,ppdus=18,airtime_us=1688|W80_NSS1_MCS3:bytes=7486,ppdus=1,airtime_us=540|W80_NSS1_MCS11:bytes=60342,ppdus=21,airtime_us=1932|W80_NSS2_MCS3:bytes=2014,ppdus=1,airtime_us=132|W80_NSS2_MCS10:bytes=4262,ppdus=1,airtime_us=100|W80_NSS2_MCS11:bytes=1882668,ppdus=534,airtime_us=44760;;;;;;;;;;;;;;;;;;;;;;;;;;;;;;;;;;;;;;;;;;;;;;;;;;;;;;;;;;;;;;;;;;;;;;;;;;;;;;;;;;;;;;;;;;;;;;;;;;;;;;;;;;;;;;;;;;;;;;;;;;;;;;;;;;;;;;;;;;;;;;;;;;;;;;;;;;;;;;;;;;;;;;;;;;;;;;
8;1;0;1;medium;-50.0;isolated;dl;su;2;735.0;280.87410679485515;17.295104;0.0;735.0;0.39936111398925384;280.87410679485515;17.295104;0.938424;W20_NSS1_MCS7:bytes=478,ppdus=1,airtime_us=108|W20_NSS1_MCS11:bytes=2014,ppdus=1,airtime_us=188|W40_NSS2_MCS7:bytes=55066,ppdus=19,airtime_us=2636|W80_NSS1_MCS7:bytes=64660,ppdus=22,airtime_us=2856|W80_NSS1_MCS8:bytes=310,ppdus=1,airtime_us=60|W80_NSS1_MCS9:bytes=2014,ppdus=1,airtime_us=92|W80_NSS1_MCS10:bytes=2014,ppdus=1,airtime_us=92|W80_NSS2_MCS7:bytes=409982,ppdus=93,airtime_us=10996|W80_NSS2_MCS8:bytes=863374,ppdus=217,airtime_us=22356|W80_NSS2_MCS9:bytes=619512,ppdus=192,airtime_us=17984|W80_NSS2_MCS10:bytes=142464,ppdus=48,airtime_us=4208;;;;;;;;;;;;;;;;;;;;;;;;;;;;;;;;;;;;;;;;;;;;;;;;;;;;;;;;;;;;;;;;;;;;;;;;;;;;;;;;;;;;;;;;;;;;;;;;;;;;;;;;;;;;;;;;;;;;;;;;;;;;;;;;;;;;;;;;;;;;;;;;;;;;;;;;;;;;;;;;;;;;;;;;;;;;;;
9;1;0;1;medium;-50.0;isolated;ul_dl;su;0;367.5;302.54768867544874;180.42976;0.0;367.5;0.833994126024443;302.54768867544874;180.42976;0.403632;W20_NSS1_MCS4:bytes=15558,ppdus=1,airtime_us=2892|W40_NSS2_MCS4:bytes=1255592,ppdus=22,airtime_us=58616|W40_NSS2_MCS6:bytes=65350,ppdus=1,airtime_us=2052|W80_NSS1_MCS4:bytes=2342200,ppdus=36,airtime_us=103808|W80_NSS1_MCS6:bytes=65350,ppdus=1,airtime_us=1948|W80_NSS2_MCS4:bytes=18809670,ppdus=291,airtime_us=427052;;;;;;;;;;;;;;;;;;;;;;;;;;;;;;;;;;;;;;;;;;;;;;;;;;;;;;;;;;;;;;;;;;;;;;;;;;;;;;;;;;;;;;;;;;;;;;;;;;;;;;;;;;;;;;;;;;;;;;;;;;;;;;;;;;;;;;;;;;;;;;;;;;;;;;;;;;;;;;;;;;;;;;;;;;;;;;
9;1;0;1;medium;-50.0;isolated;ul_dl;su;1;1020.833334;834.5008136984363;283.056;0.0;1020.833334;0.9053554914928494;834.5008136984363;283.056;0.660808;W20_NSS1_MCS11:bytes=15558,ppdus=1,airtime_us=1068|W40_NSS2_MCS11:bytes=931136,ppdus=16,airtime_us=16304|W80_NSS1_MCS11:bytes=2271214,ppdus=35,airtime_us=37556|W80_NSS2_MCS9:bytes=65350,ppdus=1,airtime_us=708|W80_NSS2_MCS10:bytes=65454,ppdus=1,airtime_us=628|W80_NSS2_MCS11:bytes=32033288,ppdus=500,airtime_us=282928;;;;;;;;;;;;;;;;;;;;;;;;;;;;;;;;;;;;;;;;;;;;;;;;;;;;;;;;;;;;;;;;;;;;;;;;;;;;;;;;;;;;;;;;;;;;;;;;;;;;;;;;;;;;;;;;;;;;;;;;;;;;;;;;;;;;;;;;;;;;;;;;;;;;;;;;;;;;;;;;;;;;;;;;;;;;;;
9;1;0;1;medium;-50.0;isolated;ul_dl;su;2;735.0;576.3091738549766;270.20521871028905;0.0;735.0;0.5785022241468935;576.3091738549766;270.20521871028905;0.53114538;W20_NSS1_MCS7:bytes=15558,ppdus=1,airtime_us=1756|W40_NSS2_MCS7:bytes=865784,ppdus=16,airtime_us=24624|W80_NSS1_MCS7:bytes=2084204,ppdus=32,airtime_us=56016|W80_NSS1_MCS8:bytes=65174,ppdus=1,airtime_us=1468|W80_NSS1_MCS9:bytes=65350,ppdus=1,airtime_us=1340|W80_NSS2_MCS7:bytes=10171084,ppdus=158,airtime_us=142552|W80_NSS2_MCS8:bytes=19539290,ppdus=301,airtime_us=230628|W80_NSS2_MCS9:bytes=969208.338786127,ppdus=15,airtime_us=10470.62;;;;;;;;;;;;;;;;;;;;;;;;;;;;;;;;;;;;;;;;;;;;;;;;;;;;;;;;;;;;;;;;;;;;;;;;;;;;;;;;;;;;;;;;;;;;;;;;;;;;;;;;;;;;;;;;;;;;;;;;;;;;;;;;;;;;;;;;;;;;;;;;;;;;;;;;;;;;;;;;;;;;;;;;;;;;;;
10;1;0;1;medium;-50.0;ap_only_cochannel;ul;su;0;367.5;296.93206182176914;108.356448;0.0;367.5;0.80574438911102;296.93206182176914;108.356448;0.63508;W20_NSS1_MCS4:bytes=15558,ppdus=1,airtime_us=2892|W40_NSS2_MCS4:bytes=935120,ppdus=18,airtime_us=43768|W40_NSS2_MCS6:bytes=130700,ppdus=2,airtime_us=4104|W80_NSS1_MCS4:bytes=1484378,ppdus=23,airtime_us=65716|W80_NSS1_MCS6:bytes=65350,ppdus=1,airtime_us=1948|W80_NSS2_MCS4:bytes=10913450,ppdus=167,airtime_us=246492;;;;;;;;;;;;;;;;;;;;;;;;;;;;;;;;;;;;;;;;;;;;;;;;;;;;;;;;;;;;;;;;;;;;;;;;;;;;;;;;;;;;;;;;;;;;;;;;;;;;;;;;;;;;;;;;;;;;;;;;;;;;;;;;;;;;;;;;;;;;;;;;;;;;;;;;;;;;;;;;;;;;;;;;;;;;;;
10;1;0;1;medium;-50.0;ap_only_cochannel;ul;su;1;1020.833334;785.6163754742611;201.265488;0.0;1020.833334;0.8364156302843139;785.6163754742611;201.265488;0.743812;W20_NSS1_MCS11:bytes=15558,ppdus=1,airtime_us=1068|W40_NSS2_MCS11:bytes=1812678,ppdus=31,airtime_us=31788|W80_NSS1_MCS11:bytes=2091200,ppdus=32,airtime_us=34688|W80_NSS2_MCS10:bytes=196050,ppdus=3,airtime_us=1884|W80_NSS2_MCS11:bytes=21042700,ppdus=322,airtime_us=186760;;;;;;;;;;;;;;;;;;;;;;;;;;;;;;;;;;;;;;;;;;;;;;;;;;;;;;;;;;;;;;;;;;;;;;;;;;;;;;;;;;;;;;;;;;;;;;;;;;;;;;;;;;;;;;;;;;;;;;;;;;;;;;;;;;;;;;;;;;;;;;;;;;;;;;;;;;;;;;;;;;;;;;;;;;;;;;
10;1;0;1;medium;-50.0;ap_only_cochannel;ul;su;2;735.0;454.97715114697615;160.574176;0.0;735.0;0.6316283385442999;454.97715114697615;160.574176;0.647072;W20_NSS1_MCS7:bytes=15558,ppdus=1,airtime_us=1756|W40_NSS1_MCS7:bytes=65350,ppdus=1,airtime_us=3628|W40_NSS2_MCS7:bytes=2215664,ppdus=40,airtime_us=62896|W80_NSS1_MCS7:bytes=4835900,ppdus=74,airtime_us=129944|W80_NSS1_MCS9:bytes=196050,ppdus=3,airtime_us=4020|W80_NSS2_MCS7:bytes=65350,ppdus=1,airtime_us=916|W80_NSS2_MCS8:bytes=12677900,ppdus=194,airtime_us=149768;;;;;;;;;;;;;;;;;;;;;;;;;;;;;;;;;;;;;;;;;;;;;;;;;;;;;;;;;;;;;;;;;;;;;;;;;;;;;;;;;;;;;;;;;;;;;;;;;;;;;;;;;;;;;;;;;;;;;;;;;;;;;;;;;;;;;;;;;;;;;;;;;;;;;;;;;;;;;;;;;;;;;;;;;;;;;;
11;1;0;1;medium;-50.0;ap_only_cochannel;dl;su;0;367.5;191.3675382338431;6.206432;0.0;367.5;0.5417089883527283;191.3675382338431;6.206432;0.967568;W20_NSS1_MCS4:bytes=666,ppdus=3,airtime_us=292|W40_NSS2_MCS4:bytes=265590,ppdus=45,airtime_us=14740|W80_NSS1_MCS4:bytes=89288,ppdus=12,airtime_us=4528|W80_NSS2_MCS4:bytes=420260,ppdus=62,airtime_us=12872;;;;;;;;;;;;;;;;;;;;;;;;;;;;;;;;;;;;;;;;;;;;;;;;;;;;;;;;;;;;;;;;;;;;;;;;;;;;;;;;;;;;;;;;;;;;;;;;;;;;;;;;;;;;;;;;;;;;;;;;;;;;;;;;;;;;;;;;;;;;;;;;;;;;;;;;;;;;;;;;;;;;;;;;;;;;;;
11;1;0;1;medium;-50.0;ap_only_cochannel;dl;su;1;510.416667;324.2229965156794;9.3052;0.0;510.416667;0.7067222628207884;324.2229965156794;9.3052;0.9713;W20_NSS1_MCS11:bytes=478,ppdus=1,airtime_us=76|W20_NSS2_MCS11:bytes=157052,ppdus=10,airtime_us=5752|W40_NSS1_MCS11:bytes=103016,ppdus=4,airtime_us=3584|W40_NSS2_MCS11:bytes=62174,ppdus=17,airtime_us=1988|W80_NSS1_MCS11:bytes=822024,ppdus=80,airtime_us=17088|W80_NSS2_MCS11:bytes=18406,ppdus=1,airtime_us=212;;;;;;;;;;;;;;;;;;;;;;;;;;;;;;;;;;;;;;;;;;;;;;;;;;;;;;;;;;;;;;;;;;;;;;;;;;;;;;;;;;;;;;;;;;;;;;;;;;;;;;;;;;;;;;;;;;;;;;;;;;;;;;;;;;;;;;;;;;;;;;;;;;;;;;;;;;;;;;;;;;;;;;;;;;;;;;
11;1;0;1;medium;-50.0;ap_only_cochannel;dl;su;2;306.25;236.82740021574972;7.025248;0.0;306.25;0.7851384036549315;236.82740021574972;7.025248;0.970336;W20_NSS1_MCS7:bytes=94,ppdus=1,airtime_us=60|W20_NSS2_MCS7:bytes=49242,ppdus=3,airtime_us=2876|W40_NSS1_MCS7:bytes=15258,ppdus=3,airtime_us=980|W40_NSS2_MCS7:bytes=124088,ppdus=20,airtime_us=4592|W80_NSS1_MCS7:bytes=689474,ppdus=59,airtime_us=21156;;;;;;;;;;;;;;;;;;;;;;;;;;;;;;;;;;;;;;;;;;;;;;;;;;;;;;;;;;;;;;;;;;;;;;;;;;;;;;;;;;;;;;;;;;;;;;;;;;;;;;;;;;;;;;;;;;;;;;;;;;;;;;;;;;;;;;;;;;;;;;;;;;;;;;;;;;;;;;;;;;;;;;;;;;;;;;
12;1;0;1;medium;-50.0;ap_only_cochannel;ul_dl;su;0;367.5;228.0740599188908;42.966416;0.0;367.5;0.46162863572330537;228.0740599188908;42.966416;0.811612;W20_NSS1_MCS4:bytes=15558,ppdus=1,airtime_us=2892|W40_NSS1_MCS4:bytes=3110,ppdus=1,airtime_us=332|W40_NSS2_MCS4:bytes=589492,ppdus=16,airtime_us=27824|W80_NSS1_MCS4:bytes=2283326,ppdus=35,airtime_us=101108|W80_NSS2_MCS4:bytes=2479316,ppdus=38,airtime_us=56232;;;;;;;;;;;;;;;;;;;;;;;;;;;;;;;;;;;;;;;;;;;;;;;;;;;;;;;;;;;;;;;;;;;;;;;;;;;;;;;;;;;;;;;;;;;;;;;;;;;;;;;;;;;;;;;;;;;;;;;;;;;;;;;;;;;;;;;;;;;;;;;;;;;;;;;;;;;;;;;;;;;;;;;;;;;;;;
12;1;0;1;medium;-50.0;ap_only_cochannel;ul_dl;su;1;1020.833334;604.493470080425;65.5416;0.0;1020.833334;0.4638126624922187;604.493470080425;65.5416;0.891576;W20_NSS1_MCS11:bytes=15558,ppdus=1,airtime_us=1068|W40_NSS2_MCS11:bytes=1016068,ppdus=20,airtime_us=17920|W80_NSS1_MCS11:bytes=3361196,ppdus=52,airtime_us=55664|W80_NSS2_MCS11:bytes=3799878,ppdus=63,airtime_us=33772;;;;;;;;;;;;;;;;;;;;;;;;;;;;;;;;;;;;;;;;;;;;;;;;;;;;;;;;;;;;;;;;;;;;;;;;;;;;;;;;;;;;;;;;;;;;;;;;;;;;;;;;;;;;;;;;;;;;;;;;;;;;;;;;;;;;;;;;;;;;;;;;;;;;;;;;;;;;;;;;;;;;;;;;;;;;;;
12;1;0;1;medium;-50.0;ap_only_cochannel;ul_dl;su;2;612.5;410.54587263842797;62.84472;0.0;612.5;0.6102232932217695;410.54587263842797;62.84472;0.846924;W20_NSS1_MCS7:bytes=15558,ppdus=1,airtime_us=1756|W40_NSS2_MCS7:bytes=1090576,ppdus=24,airtime_us=31232|W80_NSS1_MCS7:bytes=1955792,ppdus=30,airtime_us=52552|W80_NSS2_MCS7:bytes=4793664,ppdus=80,airtime_us=67536;;;;;;;;;;;;;;;;;;;;;;;;;;;;;;;;;;;;;;;;;;;;;;;;;;;;;;;;;;;;;;;;;;;;;;;;;;;;;;;;;;;;;;;;;;;;;;;;;;;;;;;;;;;;;;;;;;;;;;;;;;;;;;;;;;;;;;;;;;;;;;;;;;;;;;;;;;;;;;;;;;;;;;;;;;;;;;
13;1;0;1;low;-60.0;isolated;ul;su;0;551.25;375.59646412074324;272.5592705363636;0.0;551.25;0.4768571851568093;375.59646412074324;272.5592705363636;0.274329509;W20_NSS1_MCS4:bytes=15558,ppdus=1,airtime_us=2892|W20_NSS1_MCS7:bytes=48234,ppdus=1,airtime_us=5324|W40_NSS2_MCS4:bytes=833986,ppdus=15,airtime_us=38988|W40_NSS2_MCS6:bytes=65350,ppdus=1,airtime_us=2052|W80_NSS1_MCS4:bytes=2025850,ppdus=31,airtime_us=89652|W80_NSS1_MCS6:bytes=65350,ppdus=1,airtime_us=1948|W80_NSS2_MCS4:bytes=14703750,ppdus=225,airtime_us=332100|W80_NSS2_MCS5:bytes=65350,ppdus=1,airtime_us=1124|W80_NSS2_MCS6:bytes=16246480.8170455,ppdus=249,airtime_us=251590.491;;;;;;;;;;;;;;;;;;;;;;;;;;;;;;;;;;;;;;;;;;;;;;;;;;;;;;;;;;;;;;;;;;;;;;;;;;;;;;;;;;;;;;;;;;;;;;;;;;;;;;;;;;;;;;;;;;;;;;;;;;;;;;;;;;;;;;;;;;;;;;;;;;;;;;;;;;;;;;;;;;;;;;;;;;;;;;
13;1;0;1;low;-60.0;isolated;ul;su;1;243.75;264.87926774175;211.25879261761517;0.0;243.75;0.6407086129901218;264.87926774175;211.25879261761517;0.202433643;W20_NSS1_MCS7:bytes=48234,ppdus=1,airtime_us=5324|W20_NSS1_MCS11:bytes=146258,ppdus=3,airtime_us=9764|W40_NSS1_MCS11:bytes=16919416,ppdus=264,airtime_us=570880|W40_NSS2_MCS4:bytes=65350,ppdus=1,airtime_us=3044|W80_NSS1_MCS4:bytes=65350,ppdus=1,airtime_us=2892|W80_NSS1_MCS11:bytes=65350,ppdus=1,airtime_us=1084|W80_NSS2_MCS4:bytes=9032041.0772019,ppdus=139,airtime_us=203998.357|W80_NSS2_MCS11:bytes=65350,ppdus=1,airtime_us=580;;;;;;;;;;;;;;;;;;;;;;;;;;;;;;;;;;;;;;;;;;;;;;;;;;;;;;;;;;;;;;;;;;;;;;;;;;;;;;;;;;;;;;;;;;;;;;;;;;;;;;;;;;;;;;;;;;;;;;;;;;;;;;;;;;;;;;;;;;;;;;;;;;;;;;;;;;;;;;;;;;;;;;;;;;;;;;
13;1;0;1;low;-60.0;isolated;ul;su;2;816.666668;624.5105659473111;382.0336901886076;0.0;816.666668;0.4858053223221581;624.5105659473111;382.0336901886076;0.388267051;W20_NSS1_MCS7:bytes=15558,ppdus=1,airtime_us=1756|W20_NSS1_MCS11:bytes=65350,ppdus=1,airtime_us=4348|W20_NSS2_MCS11:bytes=58051.2735759494,ppdus=1,airtime_us=1964.949|W40_NSS2_MCS7:bytes=1282102,ppdus=21,airtime_us=36260|W80_NSS1_MCS7:bytes=1437700,ppdus=22,airtime_us=38632|W80_NSS1_MCS8:bytes=65350,ppdus=1,airtime_us=1468|W80_NSS1_MCS9:bytes=65350,ppdus=1,airtime_us=1340|W80_NSS1_MCS10:bytes=65350,ppdus=1,airtime_us=1196|W80_NSS2_MCS7:bytes=8887600,ppdus=136,airtime_us=124576|W80_NSS2_MCS8:bytes=12547200,ppdus=192,airtime_us=148224|W80_NSS2_MCS9:bytes=23199250,ppdus=355,airtime_us=251340|W80_NSS2_MCS10:bytes=65350,ppdus=1,airtime_us=628;;;;;;;;;;;;;;;;;;;;;;;;;;;;;;;;;;;;;;;;;;;;;;;;;;;;;;;;;;;;;;;;;;;;;;;;;;;;;;;;;;;;;;;;;;;;;;;;;;;;;;;;;;;;;;;;;;;;;;;;;;;;;;;;;;;;;;;;;;;;;;;;;;;;;;;;;;;;;;;;;;;;;;;;;;;;;;
14;1;0;1;low;-60.0;isolated;dl;su;0;367.5;201.52153037116074;10.576656;0.0;367.5;0.5465364478148859;201.52153037116074;10.576656;0.947516;W20_NSS1_MCS3:bytes=2014,ppdus=1,airtime_us=604|W20_NSS1_MCS4:bytes=94,ppdus=1,airtime_us=76|W40_NSS2_MCS4:bytes=55820,ppdus=26,airtime_us=4104|W40_NSS2_MCS6:bytes=2014,ppdus=1,airtime_us=116|W80_NSS1_MCS4:bytes=108304,ppdus=32,airtime_us=6368|W80_NSS1_MCS6:bytes=3934,ppdus=1,airtime_us=172|W80_NSS2_MCS4:bytes=722566,ppdus=205,airtime_us=27668|W80_NSS2_MCS6:bytes=427336,ppdus=124,airtime_us=13376;;;;;;;;;;;;;;;;;;;;;;;;;;;;;;;;;;;;;;;;;;;;;;;;;;;;;;;;;;;;;;;;;;;;;;;;;;;;;;;;;;;;;;;;;;;;;;;;;;;;;;;;;;;;;;;;;;;;;;;;;;;;;;;;;;;;;;;;;;;;;;;;;;;;;;;;;;;;;;;;;;;;;;;;;;;;;;
14;1;0;1;low;-60.0;isolated;dl;su;1;243.75;185.70407956159934;14.639424;0.0;243.75;0.5000677622288965;185.70407956159934;14.639424;0.921168;W20_NSS1_MCS3:bytes=1918,ppdus=1,airtime_us=572|W20_NSS1_MCS11:bytes=7580,ppdus=2,airtime_us=600|W40_NSS1_MCS11:bytes=915088,ppdus=220,airtime_us=41600|W40_NSS2_MCS4:bytes=4366,ppdus=1,airtime_us=260|W80_NSS1_MCS4:bytes=8006,ppdus=1,airtime_us=396|W80_NSS1_MCS7:bytes=251742,ppdus=81,airtime_us=10860|W80_NSS1_MCS11:bytes=2014,ppdus=1,airtime_us=76|W80_NSS2_MCS4:bytes=334610,ppdus=119,airtime_us=14188|W80_NSS2_MCS7:bytes=300574,ppdus=105,airtime_us=10196|W80_NSS2_MCS11:bytes=4030,ppdus=1,airtime_us=84;;;;;;;;;;;;;;;;;;;;;;;;;;;;;;;;;;;;;;;;;;;;;;;;;;;;;;;;;;;;;;;;;;;;;;;;;;;;;;;;;;;;;;;;;;;;;;;;;;;;;;;;;;;;;;;;;;;;;;;;;;;;;;;;;;;;;;;;;;;;;;;;;;;;;;;;;;;;;;;;;;;;;;;;;;;;;;
14;1;0;1;low;-60.0;isolated;dl;su;2;612.5;254.78602084610668;9.973344;0.0;612.5;0.5352796414121482;254.78602084610668;9.973344;0.960856;W20_NSS1_MCS2:bytes=1054,ppdus=1,airtime_us=444|W20_NSS1_MCS7:bytes=478,ppdus=1,airtime_us=108|W40_NSS2_MCS7:bytes=26848,ppdus=16,airtime_us=1680|W80_NSS1_MCS7:bytes=128286,ppdus=33,airtime_us=5068|W80_NSS1_MCS8:bytes=2014,ppdus=1,airtime_us=92|W80_NSS2_MCS7:bytes=667316,ppdus=162,airtime_us=18424|W80_NSS2_MCS8:bytes=420672,ppdus=144,airtime_us=13328;;;;;;;;;;;;;;;;;;;;;;;;;;;;;;;;;;;;;;;;;;;;;;;;;;;;;;;;;;;;;;;;;;;;;;;;;;;;;;;;;;;;;;;;;;;;;;;;;;;;;;;;;;;;;;;;;;;;;;;;;;;;;;;;;;;;;;;;;;;;;;;;;;;;;;;;;;;;;;;;;;;;;;;;;;;;;;
15;1;0;1;low;-60.0;isolated;ul_dl;su;0;367.5;312.1005575426444;181.81841468893282;0.0;367.5;0.8254639347547648;312.1005575426444;181.81841468893282;0.417436431;W20_NSS1_MCS4:bytes=15558,ppdus=1,airtime_us=2892|W40_NSS2_MCS4:bytes=1056278,ppdus=19,airtime_us=49324|W40_NSS2_MCS6:bytes=65462,ppdus=1,airtime_us=2052|W80_NSS1_MCS4:bytes=2003932,ppdus=42,airtime_us=89352|W80_NSS1_MCS6:bytes=65350,ppdus=1,airtime_us=1948|W80_NSS2_MCS4:bytes=18760568,ppdus=290,airtime_us=425240|W80_NSS2_MCS6:bytes=760153.836116601,ppdus=12,airtime_us=11755.569;;;;;;;;;;;;;;;;;;;;;;;;;;;;;;;;;;;;;;;;;;;;;;;;;;;;;;;;;;;;;;;;;;;;;;;;;;;;;;;;;;;;;;;;;;;;;;;;;;;;;;;;;;;;;;;;;;;;;;;;;;;;;;;;;;;;;;;;;;;;;;;;;;;;;;;;;;;;;;;;;;;;;;;;;;;;;;
15;1;0;1;low;-60.0;isolated;ul_dl;su;1;243.75;236.00418636968536;151.03990315935437;0.0;243.75;0.9784238209120026;236.00418636968536;151.03990315935437;0.360011763;W20_NSS1_MCS11:bytes=146258,ppdus=3,airtime_us=9764|W40_NSS1_MCS11:bytes=18472629.8949193,ppdus=295,airtime_us=622640.237|W40_NSS2_MCS4:bytes=65050,ppdus=1,airtime_us=3028|W80_NSS1_MCS4:bytes=65350,ppdus=1,airtime_us=2892|W80_NSS1_MCS11:bytes=65350,ppdus=1,airtime_us=1084|W80_NSS2_MCS11:bytes=65350,ppdus=1,airtime_us=580;;;;;;;;;;;;;;;;;;;;;;;;;;;;;;;;;;;;;;;;;;;;;;;;;;;;;;;;;;;;;;;;;;;;;;;;;;;;;;;;;;;;;;;;;;;;;;;;;;;;;;;;;;;;;;;;;;;;;;;;;;;;;;;;;;;;;;;;;;;;;;;;;;;;;;;;;;;;;;;;;;;;;;;;;;;;;;
15;1;0;1;low;-60.0;isolated;ul_dl;su;2;612.5;506.27183184529366;162.628688;0.0;612.5;0.6591360559952374;506.27183184529366;162.628688;0.678772;W20_NSS1_MCS7:bytes=15558,ppdus=1,airtime_us=1756|W40_NSS2_MCS7:bytes=1252474,ppdus=25,airtime_us=35716|W80_NSS1_MCS7:bytes=1891870,ppdus=29,airtime_us=50828|W80_NSS1_MCS8:bytes=64314,ppdus=1,airtime_us=1452|W80_NSS2_MCS7:bytes=13399304,ppdus=208,airtime_us=187728|W80_NSS2_MCS8:bytes=3705066,ppdus=57,airtime_us=43748;;;;;;;;;;;;;;;;;;;;;;;;;;;;;;;;;;;;;;;;;;;;;;;;;;;;;;;;;;;;;;;;;;;;;;;;;;;;;;;;;;;;;;;;;;;;;;;;;;;;;;;;;;;;;;;;;;;;;;;;;;;;;;;;;;;;;;;;;;;;;;;;;;;;;;;;;;;;;;;;;;;;;;;;;;;;;;
16;1;0;1;low;-60.0;ap_only_cochannel;ul;su;0;367.5;280.9977737015401;111.06668744417344;0.0;367.5;0.7364039868865662;280.9977737015401;111.06668744417344;0.604741753;W20_NSS1_MCS4:bytes=15558,ppdus=1,airtime_us=2892|W40_NSS2_MCS4:bytes=1095384,ppdus=20,airtime_us=51184|W40_NSS2_MCS6:bytes=196050,ppdus=3,airtime_us=6156|W80_NSS1_MCS4:bytes=2352600,ppdus=36,airtime_us=104112|W80_NSS2_MCS4:bytes=10223743.9305217,ppdus=157,airtime_us=230914.247;;;;;;;;;;;;;;;;;;;;;;;;;;;;;;;;;;;;;;;;;;;;;;;;;;;;;;;;;;;;;;;;;;;;;;;;;;;;;;;;;;;;;;;;;;;;;;;;;;;;;;;;;;;;;;;;;;;;;;;;;;;;;;;;;;;;;;;;;;;;;;;;;;;;;;;;;;;;;;;;;;;;;;;;;;;;;;
16;1;0;1;low;-60.0;ap_only_cochannel;ul;su;1;243.75;236.506432199029;84.569024;0.0;243.75;0.9676185928313421;236.506432199029;84.569024;0.642424;W20_NSS1_MCS11:bytes=80908,ppdus=2,airtime_us=5416|W20_NSS2_MCS11:bytes=65350,ppdus=1,airtime_us=2212|W40_NSS1_MCS11:bytes=10228820,ppdus=162,airtime_us=345240|W40_NSS2_MCS4:bytes=65350,ppdus=1,airtime_us=3044|W80_NSS1_MCS11:bytes=65350,ppdus=1,airtime_us=1084|W80_NSS2_MCS11:bytes=65350,ppdus=1,airtime_us=580;;;;;;;;;;;;;;;;;;;;;;;;;;;;;;;;;;;;;;;;;;;;;;;;;;;;;;;;;;;;;;;;;;;;;;;;;;;;;;;;;;;;;;;;;;;;;;;;;;;;;;;;;;;;;;;;;;;;;;;;;;;;;;;;;;;;;;;;;;;;;;;;;;;;;;;;;;;;;;;;;;;;;;;;;;;;;;
16;1;0;1;low;-60.0;ap_only_cochannel;ul;su;2;612.5;400.67177431204215;76.353616;0.0;612.5;0.5614612934638223;400.67177431204215;76.353616;0.809436;W20_NSS1_MCS7:bytes=15558,ppdus=1,airtime_us=1756|W40_NSS2_MCS7:bytes=1033144,ppdus=20,airtime_us=29408|W80_NSS1_MCS7:bytes=3136800,ppdus=48,airtime_us=84288|W80_NSS2_MCS7:bytes=5358700,ppdus=82,airtime_us=75112;;;;;;;;;;;;;;;;;;;;;;;;;;;;;;;;;;;;;;;;;;;;;;;;;;;;;;;;;;;;;;;;;;;;;;;;;;;;;;;;;;;;;;;;;;;;;;;;;;;;;;;;;;;;;;;;;;;;;;;;;;;;;;;;;;;;;;;;;;;;;;;;;;;;;;;;;;;;;;;;;;;;;;;;;;;;;;
17;1;0;1;low;-60.0;ap_only_cochannel;dl;su;0;183.75;145.31969006718103;3.4741100202580646;0.0;183.75;0.7440495566303487;145.31969006718103;3.4741100202580646;0.976093329;W20_NSS1_MCS4:bytes=572,ppdus=2,airtime_us=216|W40_NSS1_MCS4:bytes=5182,ppdus=1,airtime_us=524|W40_NSS2_MCS4:bytes=105396,ppdus=22,airtime_us=6104|W80_NSS1_MCS4:bytes=323113.752532258,ppdus=58,airtime_us=17062.671;;;;;;;;;;;;;;;;;;;;;;;;;;;;;;;;;;;;;;;;;;;;;;;;;;;;;;;;;;;;;;;;;;;;;;;;;;;;;;;;;;;;;;;;;;;;;;;;;;;;;;;;;;;;;;;;;;;;;;;;;;;;;;;;;;;;;;;;;;;;;;;;;;;;;;;;;;;;;;;;;;;;;;;;;;;;;;
17;1;0;1;low;-60.0;ap_only_cochannel;dl;su;1;243.75;154.47764034253092;0.649424;0.0;243.75;0.7895981669910567;154.47764034253092;0.649424;0.995796;W20_NSS1_MCS0:bytes=478,ppdus=1,airtime_us=572|W20_NSS1_MCS11:bytes=956,ppdus=2,airtime_us=152|W20_NSS2_MCS11:bytes=15646,ppdus=1,airtime_us=580|W40_NSS1_MCS11:bytes=64098,ppdus=15,airtime_us=2900;;;;;;;;;;;;;;;;;;;;;;;;;;;;;;;;;;;;;;;;;;;;;;;;;;;;;;;;;;;;;;;;;;;;;;;;;;;;;;;;;;;;;;;;;;;;;;;;;;;;;;;;;;;;;;;;;;;;;;;;;;;;;;;;;;;;;;;;;;;;;;;;;;;;;;;;;;;;;;;;;;;;;;;;;;;;;;
17;1;0;1;low;-60.0;ap_only_cochannel;dl;su;2;306.25;264.6401775804662;4.768816;0.0;306.25;0.6035980419458414;264.6401775804662;4.768816;0.98198;W20_NSS1_MCS7:bytes=94,ppdus=1,airtime_us=60|W40_NSS2_MCS7:bytes=81780,ppdus=22,airtime_us=3560|W80_NSS1_MCS7:bytes=359806,ppdus=33,airtime_us=11132|W80_NSS2_MCS7:bytes=154422,ppdus=21,airtime_us=3268;;;;;;;;;;;;;;;;;;;;;;;;;;;;;;;;;;;;;;;;;;;;;;;;;;;;;;;;;;;;;;;;;;;;;;;;;;;;;;;;;;;;;;;;;;;;;;;;;;;;;;;;;;;;;;;;;;;;;;;;;;;;;;;;;;;;;;;;;;;;;;;;;;;;;;;;;;;;;;;;;;;;;;;;;;;;;;
18;1;0;1;low;-60.0;ap_only_cochannel;ul_dl;su;0;175.5;162.62717187464696;28.790864;0.0;175.5;0.9326047318343763;162.62717187464696;28.790864;0.822964;W20_NSS1_MCS4:bytes=15558,ppdus=1,airtime_us=2892|W20_NSS2_MCS4:bytes=59450,ppdus=1,airtime_us=5476|W40_NSS1_MCS4:bytes=102192,ppdus=2,airtime_us=9416|W40_NSS2_MCS4:bytes=3356312,ppdus=54,airtime_us=156360|W80_NSS1_MCS4:bytes=65346,ppdus=1,airtime_us=2892;;;;;;;;;;;;;;;;;;;;;;;;;;;;;;;;;;;;;;;;;;;;;;;;;;;;;;;;;;;;;;;;;;;;;;;;;;;;;;;;;;;;;;;;;;;;;;;;;;;;;;;;;;;;;;;;;;;;;;;;;;;;;;;;;;;;;;;;;;;;;;;;;;;;;;;;;;;;;;;;;;;;;;;;;;;;;;
18;1;0;1;low;-60.0;ap_only_cochannel;ul_dl;su;1;243.75;217.8000971493733;23.74478722272309;0.0;243.75;0.9283870094613514;217.8000971493733;23.74478722272309;0.890978987;W20_NSS1_MCS0:bytes=4666,ppdus=1,airtime_us=5164|W20_NSS1_MCS11:bytes=143346.402840386,ppdus=4,airtime_us=9613.013|W40_NSS1_MCS11:bytes=2755544,ppdus=50,airtime_us=93176|W80_NSS1_MCS11:bytes=64542,ppdus=1,airtime_us=1068;;;;;;;;;;;;;;;;;;;;;;;;;;;;;;;;;;;;;;;;;;;;;;;;;;;;;;;;;;;;;;;;;;;;;;;;;;;;;;;;;;;;;;;;;;;;;;;;;;;;;;;;;;;;;;;;;;;;;;;;;;;;;;;;;;;;;;;;;;;;;;;;;;;;;;;;;;;;;;;;;;;;;;;;;;;;;;
18;1;0;1;low;-60.0;ap_only_cochannel;ul_dl;su;2;612.5;369.5183135084207;50.20128;0.0;612.5;0.4494460699010065;369.5183135084207;50.20128;0.864144;W20_NSS1_MCS7:bytes=15558,ppdus=1,airtime_us=1756|W40_NSS2_MCS7:bytes=1291182,ppdus=25,airtime_us=36756|W80_NSS1_MCS7:bytes=2148074,ppdus=33,airtime_us=57724|W80_NSS2_MCS7:bytes=2820346,ppdus=45,airtime_us=39620;;;;;;;;;;;;;;;;;;;;;;;;;;;;;;;;;;;;;;;;;;;;;;;;;;;;;;;;;;;;;;;;;;;;;;;;;;;;;;;;;;;;;;;;;;;;;;;;;;;;;;;;;;;;;;;;;;;;;;;;;;;;;;;;;;;;;;;;;;;;;;;;;;;;;;;;;;;;;;;;;;;;;;;;;;;;;;
1;1;1;1;high;-41.5;isolated;ul;su;0;551.25;525.2794560800504;350.4336283833992;0.0;551.25;0.6092732063653559;525.2794560800504;350.4336283833992;0.33286249;W20_NSS1_MCS8:bytes=59126,ppdus=1,airtime_us=5436|W20_NSS2_MCS7:bytes=65350,ppdus=1,airtime_us=3636|W20_NSS2_MCS8:bytes=65350,ppdus=1,airtime_us=3044|W40_NSS1_MCS7:bytes=65350,ppdus=1,airtime_us=3628|W40_NSS2_MCS7:bytes=65350,ppdus=1,airtime_us=1844|W80_NSS1_MCS7:bytes=65350,ppdus=1,airtime_us=1756|W80_NSS2_MCS6:bytes=26688727.5479249,ppdus=408,airtime_us=413297.51|W80_NSS2_MCS7:bytes=16729600,ppdus=256,airtime_us=234496;;;;;;;;;;;;;;;;;;;;;;;;;;;;;;;;;;;;;;;;;;;;;;;;;;;;;;;;;;;;;;;;;;;;;;;;;;;;;;;;;;;;;;;;;;;;;;;;;;;;;;;;;;;;;;;;;;;;;;;;;;;;;;;;;;;;;;;;;;;;;;;;;;;;;;;;;;;;;;;;;;;;;;;;;;;;;;
1;1;1;1;high;-41.5;isolated;ul;su;1;1020.833334;861.3338844558841;472.62464323448273;0.0;1020.833334;0.9920462209201076;861.3338844558841;472.62464323448273;0.45128753;W20_NSS1_MCS8:bytes=59126,ppdus=1,airtime_us=5436|W20_NSS2_MCS0:bytes=9334,ppdus=1,airtime_us=5172|W20_NSS2_MCS8:bytes=65350,ppdus=1,airtime_us=3044|W40_NSS1_MCS0:bytes=9334,ppdus=1,airtime_us=5164|W40_NSS1_MCS8:bytes=65350,ppdus=1,airtime_us=3036|W40_NSS2_MCS8:bytes=65350,ppdus=1,airtime_us=1556|W80_NSS1_MCS8:bytes=65350,ppdus=1,airtime_us=1468|W80_NSS2_MCS2:bytes=65350,ppdus=1,airtime_us=2900|W80_NSS2_MCS8:bytes=65350,ppdus=1,airtime_us=772|W80_NSS2_MCS11:bytes=58608186.4043103,ppdus=896,airtime_us=520164.47;;;;;;;;;;;;;;;;;;;;;;;;;;;;;;;;;;;;;;;;;;;;;;;;;;;;;;;;;;;;;;;;;;;;;;;;;;;;;;;;;;;;;;;;;;;;;;;;;;;;;;;;;;;;;;;;;;;;;;;;;;;;;;;;;;;;;;;;;;;;;;;;;;;;;;;;;;;;;;;;;;;;;;;;;;;;;;
1;1;1;1;high;-41.5;isolated;ul;su;2;1020.833334;838.7002129006272;466.424672;0.0;1020.833334;0.9942089855829925;838.7002129006272;466.424672;0.443872;W20_NSS1_MCS6:bytes=43566,ppdus=1,airtime_us=5356|W20_NSS2_MCS0:bytes=9334,ppdus=1,airtime_us=5172|W20_NSS2_MCS6:bytes=65350,ppdus=1,airtime_us=4036|W40_NSS1_MCS0:bytes=9334,ppdus=1,airtime_us=5164|W40_NSS1_MCS6:bytes=65350,ppdus=1,airtime_us=4028|W40_NSS2_MCS0:bytes=18670,ppdus=1,airtime_us=5172|W40_NSS2_MCS6:bytes=65350,ppdus=1,airtime_us=2052|W80_NSS1_MCS0:bytes=20226,ppdus=1,airtime_us=5340|W80_NSS2_MCS0:bytes=40454,ppdus=1,airtime_us=5348|W80_NSS2_MCS11:bytes=57965450,ppdus=887,airtime_us=514460;;;;;;;;;;;;;;;;;;;;;;;;;;;;;;;;;;;;;;;;;;;;;;;;;;;;;;;;;;;;;;;;;;;;;;;;;;;;;;;;;;;;;;;;;;;;;;;;;;;;;;;;;;;;;;;;;;;;;;;;;;;;;;;;;;;;;;;;;;;;;;;;;;;;;;;;;;;;;;;;;;;;;;;;;;;;;;
2;1;1;1;high;-41.5;isolated;dl;su;0;735.0;258.22153803092857;14.760976;0.0;735.0;0.60385925700306;258.22153803092857;14.760976;0.942836;W20_NSS1_MCS10:bytes=4366,ppdus=1,airtime_us=364|W20_NSS2_MCS9:bytes=1918,ppdus=1,airtime_us=132|W20_NSS2_MCS10:bytes=4030,ppdus=1,airtime_us=212|W40_NSS1_MCS9:bytes=4030,ppdus=1,airtime_us=220|W40_NSS1_MCS10:bytes=2014,ppdus=1,airtime_us=124|W40_NSS2_MCS9:bytes=2014,ppdus=1,airtime_us=100|W80_NSS1_MCS9:bytes=4030,ppdus=1,airtime_us=124|W80_NSS2_MCS8:bytes=1114194,ppdus=375,airtime_us=34988|W80_NSS2_MCS9:bytes=708526,ppdus=225,airtime_us=20900;;;;;;;;;;;;;;;;;;;;;;;;;;;;;;;;;;;;;;;;;;;;;;;;;;;;;;;;;;;;;;;;;;;;;;;;;;;;;;;;;;;;;;;;;;;;;;;;;;;;;;;;;;;;;;;;;;;;;;;;;;;;;;;;;;;;;;;;;;;;;;;;;;;;;;;;;;;;;;;;;;;;;;;;;;;;;;
2;1;1;1;high;-41.5;isolated;dl;su;1;1020.833334;312.3124199743918;15.610624;0.0;1020.833334;0.9879046475015989;312.3124199743918;15.610624;0.950016;W20_NSS1_MCS4:bytes=3550,ppdus=1,airtime_us=700|W20_NSS2_MCS4:bytes=4510,ppdus=1,airtime_us=468|W40_NSS1_MCS4:bytes=2014,ppdus=1,airtime_us=236|W40_NSS2_MCS4:bytes=3454,ppdus=1,airtime_us=212|W80_NSS1_MCS3:bytes=4030,ppdus=1,airtime_us=316|W80_NSS1_MCS4:bytes=2014,ppdus=1,airtime_us=140|W80_NSS2_MCS3:bytes=4030,ppdus=1,airtime_us=196|W80_NSS2_MCS11:bytes=1927726,ppdus=601,airtime_us=47716;;;;;;;;;;;;;;;;;;;;;;;;;;;;;;;;;;;;;;;;;;;;;;;;;;;;;;;;;;;;;;;;;;;;;;;;;;;;;;;;;;;;;;;;;;;;;;;;;;;;;;;;;;;;;;;;;;;;;;;;;;;;;;;;;;;;;;;;;;;;;;;;;;;;;;;;;;;;;;;;;;;;;;;;;;;;;;
2;1;1;1;high;-41.5;isolated;dl;su;2;918.75;274.631879098945;15.410144;0.0;918.75;0.6782742588258747;274.631879098945;15.410144;0.943888;W20_NSS2_MCS0:bytes=4030,ppdus=1,airtime_us=2260|W20_NSS2_MCS11:bytes=4030,ppdus=1,airtime_us=196|W40_NSS1_MCS0:bytes=2014,ppdus=1,airtime_us=1148|W40_NSS1_MCS11:bytes=4030,ppdus=1,airtime_us=188|W40_NSS2_MCS11:bytes=6046,ppdus=1,airtime_us=164|W80_NSS1_MCS11:bytes=1918,ppdus=1,airtime_us=76|W80_NSS2_MCS10:bytes=1306538,ppdus=411,airtime_us=37404|W80_NSS2_MCS11:bytes=597662,ppdus=185,airtime_us=14676;;;;;;;;;;;;;;;;;;;;;;;;;;;;;;;;;;;;;;;;;;;;;;;;;;;;;;;;;;;;;;;;;;;;;;;;;;;;;;;;;;;;;;;;;;;;;;;;;;;;;;;;;;;;;;;;;;;;;;;;;;;;;;;;;;;;;;;;;;;;;;;;;;;;;;;;;;;;;;;;;;;;;;;;;;;;;;
3;1;1;1;high;-41.5;isolated;ul_dl;su;0;551.25;465.6485998122036;236.052176;0.0;551.25;0.8292377529279797;465.6485998122036;236.052176;0.493068;W20_NSS1_MCS3:bytes=18766,ppdus=1,airtime_us=5180|W20_NSS2_MCS3:bytes=38898,ppdus=1,airtime_us=5380|W40_NSS1_MCS3:bytes=39358,ppdus=1,airtime_us=5436|W80_NSS2_MCS4:bytes=4941578,ppdus=77,airtime_us=112180|W80_NSS2_MCS6:bytes=24467922,ppdus=377,airtime_us=378756;;;;;;;;;;;;;;;;;;;;;;;;;;;;;;;;;;;;;;;;;;;;;;;;;;;;;;;;;;;;;;;;;;;;;;;;;;;;;;;;;;;;;;;;;;;;;;;;;;;;;;;;;;;;;;;;;;;;;;;;;;;;;;;;;;;;;;;;;;;;;;;;;;;;;;;;;;;;;;;;;;;;;;;;;;;;;;
3;1;1;1;high;-41.5;isolated;ul_dl;su;1;1020.833334;845.0898368559252;314.116512;0.0;1020.833334;0.9967690460029048;845.0898368559252;314.116512;0.628304;W20_NSS1_MCS1:bytes=9334,ppdus=1,airtime_us=5164|W20_NSS2_MCS1:bytes=18670,ppdus=1,airtime_us=5172|W40_NSS1_MCS1:bytes=18766,ppdus=1,airtime_us=5180|W40_NSS2_MCS1:bytes=39638,ppdus=1,airtime_us=5476|W80_NSS1_MCS1:bytes=40454,ppdus=1,airtime_us=5340|W80_NSS2_MCS11:bytes=39137702,ppdus=605,airtime_us=345364;;;;;;;;;;;;;;;;;;;;;;;;;;;;;;;;;;;;;;;;;;;;;;;;;;;;;;;;;;;;;;;;;;;;;;;;;;;;;;;;;;;;;;;;;;;;;;;;;;;;;;;;;;;;;;;;;;;;;;;;;;;;;;;;;;;;;;;;;;;;;;;;;;;;;;;;;;;;;;;;;;;;;;;;;;;;;;
3;1;1;1;high;-41.5;isolated;ul_dl;su;2;816.666668;711.0348957775824;293.62122027994644;0.0;816.666668;0.9942031437701363;711.0348957775824;293.62122027994644;0.5870509;W20_NSS1_MCS4:bytes=28774,ppdus=1,airtime_us=5292|W20_NSS2_MCS4:bytes=59126,ppdus=1,airtime_us=5444|W40_NSS1_MCS4:bytes=59414,ppdus=1,airtime_us=5468|W40_NSS2_MCS4:bytes=65446,ppdus=1,airtime_us=3044|W80_NSS2_MCS9:bytes=36489892.5349933,ppdus=562,airtime_us=393701.1;;;;;;;;;;;;;;;;;;;;;;;;;;;;;;;;;;;;;;;;;;;;;;;;;;;;;;;;;;;;;;;;;;;;;;;;;;;;;;;;;;;;;;;;;;;;;;;;;;;;;;;;;;;;;;;;;;;;;;;;;;;;;;;;;;;;;;;;;;;;;;;;;;;;;;;;;;;;;;;;;;;;;;;;;;;;;;
4;1;1;1;high;-41.5;ap_only_cochannel;ul;su;0;551.25;411.5679070951879;184.36465499209487;0.0;551.25;0.7479617554569101;411.5679070951879;184.36465499209487;0.55204317;W20_NSS1_MCS3:bytes=18670,ppdus=1,airtime_us=5164|W20_NSS2_MCS3:bytes=38898,ppdus=1,airtime_us=5380|W80_NSS1_MCS6:bytes=5620100,ppdus=86,airtime_us=167528|W80_NSS2_MCS4:bytes=130700,ppdus=2,airtime_us=2952|W80_NSS2_MCS6:bytes=17237213.8740119,ppdus=264,airtime_us=266932.83;;;;;;;;;;;;;;;;;;;;;;;;;;;;;;;;;;;;;;;;;;;;;;;;;;;;;;;;;;;;;;;;;;;;;;;;;;;;;;;;;;;;;;;;;;;;;;;;;;;;;;;;;;;;;;;;;;;;;;;;;;;;;;;;;;;;;;;;;;;;;;;;;;;;;;;;;;;;;;;;;;;;;;;;;;;;;;
4;1;1;1;high;-41.5;ap_only_cochannel;ul;su;1;1020.833334;833.8643982265796;185.0712;0.0;1020.833334;0.9661016949152542;833.8643982265796;185.0712;0.778056;W20_NSS1_MCS9:bytes=65350,ppdus=1,airtime_us=5420|W20_NSS2_MCS9:bytes=65350,ppdus=1,airtime_us=2740|W40_NSS1_MCS9:bytes=65350,ppdus=1,airtime_us=2732|W40_NSS1_MCS11:bytes=196050,ppdus=3,airtime_us=6612|W40_NSS2_MCS9:bytes=65350,ppdus=1,airtime_us=1396|W40_NSS2_MCS11:bytes=65350,ppdus=1,airtime_us=1140|W80_NSS1_MCS11:bytes=65350,ppdus=1,airtime_us=1084|W80_NSS2_MCS7:bytes=130700,ppdus=2,airtime_us=1832|W80_NSS2_MCS10:bytes=65350,ppdus=1,airtime_us=628|W80_NSS2_MCS11:bytes=22349700,ppdus=342,airtime_us=198360;;;;;;;;;;;;;;;;;;;;;;;;;;;;;;;;;;;;;;;;;;;;;;;;;;;;;;;;;;;;;;;;;;;;;;;;;;;;;;;;;;;;;;;;;;;;;;;;;;;;;;;;;;;;;;;;;;;;;;;;;;;;;;;;;;;;;;;;;;;;;;;;;;;;;;;;;;;;;;;;;;;;;;;;;;;;;;
4;1;1;1;high;-41.5;ap_only_cochannel;ul;su;2;816.666668;677.3830625473978;218.40843796373056;0.0;816.666668;0.6798052373079841;677.3830625473978;218.40843796373056;0.67757027;W20_NSS1_MCS4:bytes=29562,ppdus=1,airtime_us=5436|W20_NSS2_MCS4:bytes=59126,ppdus=1,airtime_us=5444|W40_NSS1_MCS4:bytes=59126,ppdus=1,airtime_us=5436|W40_NSS2_MCS9:bytes=130700,ppdus=2,airtime_us=2792|W80_NSS1_MCS9:bytes=261400,ppdus=4,airtime_us=5360|W80_NSS2_MCS8:bytes=8201740.74546632,ppdus=125,airtime_us=96889.73|W80_NSS2_MCS9:bytes=18559400,ppdus=284,airtime_us=201072;;;;;;;;;;;;;;;;;;;;;;;;;;;;;;;;;;;;;;;;;;;;;;;;;;;;;;;;;;;;;;;;;;;;;;;;;;;;;;;;;;;;;;;;;;;;;;;;;;;;;;;;;;;;;;;;;;;;;;;;;;;;;;;;;;;;;;;;;;;;;;;;;;;;;;;;;;;;;;;;;;;;;;;;;;;;;;
5;1;1;1;high;-41.5;ap_only_cochannel;dl;su;0;275.625;221.085769710406;12.764608;0.0;275.625;0.36075248060888354;221.085769710406;12.764608;0.942264;W20_NSS2_MCS4:bytes=2014,ppdus=1,airtime_us=244|W40_NSS2_MCS6:bytes=44910,ppdus=9,airtime_us=1892|W80_NSS1_MCS4:bytes=80910,ppdus=9,airtime_us=3980|W80_NSS1_MCS6:bytes=575608,ppdus=108,airtime_us=22256|W80_NSS2_MCS4:bytes=387130,ppdus=111,airtime_us=15004|W80_NSS2_MCS6:bytes=505004,ppdus=122,airtime_us=14360;;;;;;;;;;;;;;;;;;;;;;;;;;;;;;;;;;;;;;;;;;;;;;;;;;;;;;;;;;;;;;;;;;;;;;;;;;;;;;;;;;;;;;;;;;;;;;;;;;;;;;;;;;;;;;;;;;;;;;;;;;;;;;;;;;;;;;;;;;;;;;;;;;;;;;;;;;;;;;;;;;;;;;;;;;;;;;
5;1;1;1;high;-41.5;ap_only_cochannel;dl;su;1;243.75;230.27246376811595;0.317776;0.0;243.75;0.8900860983837672;230.27246376811595;0.317776;0.99862;W40_NSS1_MCS11:bytes=35356,ppdus=2,airtime_us=1256|W80_NSS1_MCS11:bytes=4366,ppdus=1,airtime_us=124;;;;;;;;;;;;;;;;;;;;;;;;;;;;;;;;;;;;;;;;;;;;;;;;;;;;;;;;;;;;;;;;;;;;;;;;;;;;;;;;;;;;;;;;;;;;;;;;;;;;;;;;;;;;;;;;;;;;;;;;;;;;;;;;;;;;;;;;;;;;;;;;;;;;;;;;;;;;;;;;;;;;;;;;;;;;;;
5;1;1;1;high;-41.5;ap_only_cochannel;dl;su;2;612.5;248.92457125512217;6.560656;0.0;612.5;0.7881821573940166;248.92457125512217;6.560656;0.973644;W20_NSS1_MCS0:bytes=2014,ppdus=1,airtime_us=2252|W20_NSS1_MCS7:bytes=8062,ppdus=1,airtime_us=940|W20_NSS1_MCS8:bytes=2014,ppdus=1,airtime_us=236|W20_NSS2_MCS7:bytes=53078,ppdus=5,airtime_us=3220|W80_NSS1_MCS7:bytes=108540,ppdus=18,airtime_us=3784|W80_NSS2_MCS7:bytes=646374,ppdus=125,airtime_us=15924;;;;;;;;;;;;;;;;;;;;;;;;;;;;;;;;;;;;;;;;;;;;;;;;;;;;;;;;;;;;;;;;;;;;;;;;;;;;;;;;;;;;;;;;;;;;;;;;;;;;;;;;;;;;;;;;;;;;;;;;;;;;;;;;;;;;;;;;;;;;;;;;;;;;;;;;;;;;;;;;;;;;;;;;;;;;;;
6;1;1;1;high;-41.5;ap_only_cochannel;ul_dl;su;0;551.25;465.5273416865249;121.54910977470355;0.0;551.25;0.9670639792638517;465.5273416865249;121.54910977470355;0.73890017;W20_NSS1_MCS3:bytes=18670,ppdus=1,airtime_us=5164|W20_NSS2_MCS3:bytes=39090,ppdus=1,airtime_us=5412|W20_NSS2_MCS4:bytes=15958,ppdus=1,airtime_us=1508|W40_NSS1_MCS4:bytes=59230,ppdus=1,airtime_us=5452|W40_NSS2_MCS4:bytes=69380,ppdus=2,airtime_us=3288|W80_NSS1_MCS4:bytes=189920,ppdus=6,airtime_us=8568|W80_NSS2_MCS4:bytes=108170,ppdus=5,airtime_us=2660|W80_NSS2_MCS6:bytes=14693220.7218379,ppdus=254,airtime_us=229047.83;;;;;;;;;;;;;;;;;;;;;;;;;;;;;;;;;;;;;;;;;;;;;;;;;;;;;;;;;;;;;;;;;;;;;;;;;;;;;;;;;;;;;;;;;;;;;;;;;;;;;;;;;;;;;;;;;;;;;;;;;;;;;;;;;;;;;;;;;;;;;;;;;;;;;;;;;;;;;;;;;;;;;;;;;;;;;;
6;1;1;1;high;-41.5;ap_only_cochannel;ul_dl;su;1;1020.833334;702.8820576981703;98.28296489131034;0.0;1020.833334;0.9218730935875654;702.8820576981703;98.28296489131034;0.86017147;W20_NSS1_MCS0:bytes=4954,ppdus=1,airtime_us=5468|W20_NSS1_MCS11:bytes=129544,ppdus=2,airtime_us=8600|W20_NSS2_MCS11:bytes=85344,ppdus=2,airtime_us=2920|W40_NSS1_MCS11:bytes=194334,ppdus=3,airtime_us=6532|W40_NSS2_MCS11:bytes=324554,ppdus=5,airtime_us=5636|W80_NSS1_MCS4:bytes=221088,ppdus=4,airtime_us=9840|W80_NSS2_MCS11:bytes=11325552.6114138,ppdus=192,airtime_us=100832.53;;;;;;;;;;;;;;;;;;;;;;;;;;;;;;;;;;;;;;;;;;;;;;;;;;;;;;;;;;;;;;;;;;;;;;;;;;;;;;;;;;;;;;;;;;;;;;;;;;;;;;;;;;;;;;;;;;;;;;;;;;;;;;;;;;;;;;;;;;;;;;;;;;;;;;;;;;;;;;;;;;;;;;;;;;;;;;
6;1;1;1;high;-41.5;ap_only_cochannel;ul_dl;su;2;612.5;504.1299277787564;114.477824;0.0;612.5;0.9456227260224653;504.1299277787564;114.477824;0.77292;W20_NSS1_MCS8:bytes=59222,ppdus=1,airtime_us=5452|W20_NSS2_MCS7:bytes=54124,ppdus=2,airtime_us=3080|W20_NSS2_MCS8:bytes=517108,ppdus=8,airtime_us=24048|W40_NSS1_MCS7:bytes=17126,ppdus=1,airtime_us=988|W80_NSS1_MCS7:bytes=130544,ppdus=2,airtime_us=3512|W80_NSS2_MCS7:bytes=13531604,ppdus=216,airtime_us=190000;;;;;;;;;;;;;;;;;;;;;;;;;;;;;;;;;;;;;;;;;;;;;;;;;;;;;;;;;;;;;;;;;;;;;;;;;;;;;;;;;;;;;;;;;;;;;;;;;;;;;;;;;;;;;;;;;;;;;;;;;;;;;;;;;;;;;;;;;;;;;;;;;;;;;;;;;;;;;;;;;;;;;;;;;;;;;;
7;1;1;1;medium;-50.0;isolated;ul;su;0;551.25;525.2788250685275;350.45868868774704;0.0;551.25;0.6093011461273917;525.2788250685275;350.45868868774704;0.33281398;W20_NSS1_MCS8:bytes=59126,ppdus=1,airtime_us=5436|W20_NSS2_MCS7:bytes=65350,ppdus=1,airtime_us=3636|W20_NSS2_MCS8:bytes=65350,ppdus=1,airtime_us=3044|W40_NSS1_MCS7:bytes=65350,ppdus=1,airtime_us=3628|W40_NSS2_MCS7:bytes=65350,ppdus=1,airtime_us=1844|W80_NSS1_MCS7:bytes=65350,ppdus=1,airtime_us=1756|W80_NSS2_MCS6:bytes=26691860.0859684,ppdus=408,airtime_us=413346.02|W80_NSS2_MCS7:bytes=16729600,ppdus=256,airtime_us=234496;;;;;;;;;;;;;;;;;;;;;;;;;;;;;;;;;;;;;;;;;;;;;;;;;;;;;;;;;;;;;;;;;;;;;;;;;;;;;;;;;;;;;;;;;;;;;;;;;;;;;;;;;;;;;;;;;;;;;;;;;;;;;;;;;;;;;;;;;;;;;;;;;;;;;;;;;;;;;;;;;;;;;;;;;;;;;;
7;1;1;1;medium;-50.0;isolated;ul;su;1;1020.833334;842.2008607698641;469.85732474482757;0.0;1020.833334;0.9953640054431779;842.2008607698641;469.85732474482757;0.44210776;W20_NSS1_MCS2:bytes=14002,ppdus=1,airtime_us=5164|W20_NSS2_MCS0:bytes=9334,ppdus=1,airtime_us=5172|W20_NSS2_MCS2:bytes=29562,ppdus=1,airtime_us=5444|W40_NSS1_MCS0:bytes=9334,ppdus=1,airtime_us=5164|W40_NSS2_MCS0:bytes=18670,ppdus=1,airtime_us=5172|W80_NSS1_MCS0:bytes=20226,ppdus=1,airtime_us=5340|W80_NSS1_MCS8:bytes=65350,ppdus=1,airtime_us=1468|W80_NSS2_MCS0:bytes=40454,ppdus=1,airtime_us=5348|W80_NSS2_MCS8:bytes=65350,ppdus=1,airtime_us=772|W80_NSS2_MCS11:bytes=58459883.5931034,ppdus=895,airtime_us=518848.24;;;;;;;;;;;;;;;;;;;;;;;;;;;;;;;;;;;;;;;;;;;;;;;;;;;;;;;;;;;;;;;;;;;;;;;;;;;;;;;;;;;;;;;;;;;;;;;;;;;;;;;;;;;;;;;;;;;;;;;;;;;;;;;;;;;;;;;;;;;;;;;;;;;;;;;;;;;;;;;;;;;;;;;;;;;;;;
7;1;1;1;medium;-50.0;isolated;ul;su;2;1020.833334;838.8332434076615;467.4908595034483;0.0;1020.833334;0.994222192915453;838.8332434076615;467.4908595034483;0.44268916;W20_NSS1_MCS6:bytes=43566,ppdus=1,airtime_us=5356|W20_NSS2_MCS0:bytes=9334,ppdus=1,airtime_us=5172|W20_NSS2_MCS6:bytes=65350,ppdus=1,airtime_us=4036|W40_NSS1_MCS0:bytes=9334,ppdus=1,airtime_us=5164|W40_NSS1_MCS6:bytes=65350,ppdus=1,airtime_us=4028|W40_NSS2_MCS0:bytes=18670,ppdus=1,airtime_us=5172|W40_NSS2_MCS6:bytes=65350,ppdus=1,airtime_us=2052|W80_NSS1_MCS0:bytes=20226,ppdus=1,airtime_us=5340|W80_NSS2_MCS0:bytes=40454,ppdus=1,airtime_us=5348|W80_NSS2_MCS11:bytes=58098723.437931,ppdus=889,airtime_us=515642.84;;;;;;;;;;;;;;;;;;;;;;;;;;;;;;;;;;;;;;;;;;;;;;;;;;;;;;;;;;;;;;;;;;;;;;;;;;;;;;;;;;;;;;;;;;;;;;;;;;;;;;;;;;;;;;;;;;;;;;;;;;;;;;;;;;;;;;;;;;;;;;;;;;;;;;;;;;;;;;;;;;;;;;;;;;;;;;
8;1;1;1;medium;-50.0;isolated;dl;su;0;735.0;263.69652855543114;15.070784;0.0;735.0;0.6204247901104548;263.69652855543114;15.070784;0.942848;W20_NSS1_MCS10:bytes=2398,ppdus=1,airtime_us=220|W20_NSS2_MCS9:bytes=2014,ppdus=1,airtime_us=148|W20_NSS2_MCS10:bytes=4414,ppdus=1,airtime_us=228|W40_NSS1_MCS9:bytes=1958,ppdus=1,airtime_us=140|W40_NSS1_MCS10:bytes=2974,ppdus=1,airtime_us=156|W40_NSS2_MCS9:bytes=1822,ppdus=1,airtime_us=100|W80_NSS1_MCS9:bytes=1534,ppdus=1,airtime_us=76|W80_NSS2_MCS8:bytes=1168786,ppdus=383,airtime_us=35900|W80_NSS2_MCS9:bytes=697948,ppdus=214,airtime_us=20184;;;;;;;;;;;;;;;;;;;;;;;;;;;;;;;;;;;;;;;;;;;;;;;;;;;;;;;;;;;;;;;;;;;;;;;;;;;;;;;;;;;;;;;;;;;;;;;;;;;;;;;;;;;;;;;;;;;;;;;;;;;;;;;;;;;;;;;;;;;;;;;;;;;;;;;;;;;;;;;;;;;;;;;;;;;;;;
8;1;1;1;medium;-50.0;isolated;dl;su;1;1020.833334;306.384242713049;15.430736;0.0;1020.833334;0.9897544744463258;306.384242713049;15.430736;0.949636;W20_NSS1_MCS4:bytes=5470,ppdus=1,airtime_us=1052|W20_NSS1_MCS5:bytes=3646,ppdus=1,airtime_us=556|W20_NSS2_MCS4:bytes=3262,ppdus=1,airtime_us=356|W40_NSS1_MCS4:bytes=2014,ppdus=1,airtime_us=236|W40_NSS2_MCS4:bytes=1534,ppdus=1,airtime_us=132|W80_NSS1_MCS4:bytes=1822,ppdus=1,airtime_us=124|W80_NSS2_MCS4:bytes=2014,ppdus=1,airtime_us=100|W80_NSS2_MCS11:bytes=1909080,ppdus=588,airtime_us=47808;;;;;;;;;;;;;;;;;;;;;;;;;;;;;;;;;;;;;;;;;;;;;;;;;;;;;;;;;;;;;;;;;;;;;;;;;;;;;;;;;;;;;;;;;;;;;;;;;;;;;;;;;;;;;;;;;;;;;;;;;;;;;;;;;;;;;;;;;;;;;;;;;;;;;;;;;;;;;;;;;;;;;;;;;;;;;;
8;1;1;1;medium;-50.0;isolated;dl;su;2;918.75;275.1800177357375;14.894944;0.0;918.75;0.6953489721075823;275.1800177357375;14.894944;0.945872;W20_NSS2_MCS0:bytes=2014,ppdus=1,airtime_us=1156|W20_NSS2_MCS11:bytes=3262,ppdus=1,airtime_us=164|W40_NSS1_MCS0:bytes=2398,ppdus=1,airtime_us=1372|W40_NSS1_MCS11:bytes=4702,ppdus=1,airtime_us=204|W40_NSS2_MCS11:bytes=4030,ppdus=1,airtime_us=132|W80_NSS1_MCS11:bytes=2014,ppdus=1,airtime_us=76|W80_NSS2_MCS10:bytes=1294648,ppdus=408,airtime_us=36688|W80_NSS2_MCS11:bytes=548800,ppdus=180,airtime_us=14336;;;;;;;;;;;;;;;;;;;;;;;;;;;;;;;;;;;;;;;;;;;;;;;;;;;;;;;;;;;;;;;;;;;;;;;;;;;;;;;;;;;;;;;;;;;;;;;;;;;;;;;;;;;;;;;;;;;;;;;;;;;;;;;;;;;;;;;;;;;;;;;;;;;;;;;;;;;;;;;;;;;;;;;;;;;;;;
9;1;1;1;medium;-50.0;isolated;ul_dl;su;0;551.25;470.45713606654783;237.533808;0.0;551.25;0.83163168082583;470.45713606654783;237.533808;0.4951;W20_NSS1_MCS3:bytes=18670,ppdus=1,airtime_us=5164|W20_NSS2_MCS3:bytes=38898,ppdus=1,airtime_us=5380|W80_NSS2_MCS4:bytes=4941578,ppdus=77,airtime_us=112180|W80_NSS2_MCS6:bytes=24692580,ppdus=380,airtime_us=382176;;;;;;;;;;;;;;;;;;;;;;;;;;;;;;;;;;;;;;;;;;;;;;;;;;;;;;;;;;;;;;;;;;;;;;;;;;;;;;;;;;;;;;;;;;;;;;;;;;;;;;;;;;;;;;;;;;;;;;;;;;;;;;;;;;;;;;;;;;;;;;;;;;;;;;;;;;;;;;;;;;;;;;;;;;;;;;
9;1;1;1;medium;-50.0;isolated;ul_dl;su;1;1020.833334;844.6757507548724;307.715376;0.0;1020.833334;0.996736776650381;844.6757507548724;307.715376;0.6357;W20_NSS1_MCS1:bytes=8826,ppdus=1,airtime_us=4876|W20_NSS2_MCS1:bytes=18670,ppdus=1,airtime_us=5172|W40_NSS1_MCS1:bytes=18670,ppdus=1,airtime_us=5164|W40_NSS2_MCS1:bytes=38898,ppdus=1,airtime_us=5380|W80_NSS1_MCS1:bytes=40454,ppdus=1,airtime_us=5340|W80_NSS2_MCS11:bytes=38338904,ppdus=596,airtime_us=338368;;;;;;;;;;;;;;;;;;;;;;;;;;;;;;;;;;;;;;;;;;;;;;;;;;;;;;;;;;;;;;;;;;;;;;;;;;;;;;;;;;;;;;;;;;;;;;;;;;;;;;;;;;;;;;;;;;;;;;;;;;;;;;;;;;;;;;;;;;;;;;;;;;;;;;;;;;;;;;;;;;;;;;;;;;;;;;
9;1;1;1;medium;-50.0;isolated;ul_dl;su;2;816.666668;710.8485029608238;291.0360774592025;0.0;816.666668;0.9941385686101437;710.8485029608238;291.0360774592025;0.59057932;W20_NSS1_MCS4:bytes=29562,ppdus=1,airtime_us=5436|W20_NSS2_MCS4:bytes=59202,ppdus=1,airtime_us=5460|W40_NSS1_MCS4:bytes=59126,ppdus=1,airtime_us=5436|W40_NSS2_MCS4:bytes=65346,ppdus=1,airtime_us=3044|W80_NSS2_MCS9:bytes=36166273.6824003,ppdus=557,airtime_us=390044.68;;;;;;;;;;;;;;;;;;;;;;;;;;;;;;;;;;;;;;;;;;;;;;;;;;;;;;;;;;;;;;;;;;;;;;;;;;;;;;;;;;;;;;;;;;;;;;;;;;;;;;;;;;;;;;;;;;;;;;;;;;;;;;;;;;;;;;;;;;;;;;;;;;;;;;;;;;;;;;;;;;;;;;;;;;;;;;
10;1;1;1;medium;-50.0;ap_only_cochannel;ul;su;0;551.25;436.6472450859339;130.39696235573123;0.0;551.25;0.666083019010709;436.6472450859339;130.39696235573123;0.70136772;W20_NSS1_MCS3:bytes=18670,ppdus=1,airtime_us=5164|W80_NSS1_MCS4:bytes=65350,ppdus=1,airtime_us=2892|W80_NSS1_MCS6:bytes=196050,ppdus=3,airtime_us=5844|W80_NSS2_MCS4:bytes=5162650,ppdus=79,airtime_us=116604|W80_NSS2_MCS6:bytes=10856900.2944664,ppdus=167,airtime_us=168128.28;;;;;;;;;;;;;;;;;;;;;;;;;;;;;;;;;;;;;;;;;;;;;;;;;;;;;;;;;;;;;;;;;;;;;;;;;;;;;;;;;;;;;;;;;;;;;;;;;;;;;;;;;;;;;;;;;;;;;;;;;;;;;;;;;;;;;;;;;;;;;;;;;;;;;;;;;;;;;;;;;;;;;;;;;;;;;;
10;1;1;1;medium;-50.0;ap_only_cochannel;ul;su;1;1020.833334;848.511321402917;217.347872;0.0;1020.833334;0.9717656678966703;848.511321402917;217.347872;0.743848;W20_NSS1_MCS7:bytes=48234,ppdus=1,airtime_us=5324|W20_NSS2_MCS7:bytes=65350,ppdus=1,airtime_us=3636|W40_NSS1_MCS7:bytes=65350,ppdus=1,airtime_us=3628|W40_NSS1_MCS11:bytes=65350,ppdus=1,airtime_us=2204|W80_NSS1_MCS8:bytes=65350,ppdus=1,airtime_us=1468|W80_NSS1_MCS11:bytes=65350,ppdus=1,airtime_us=1084|W80_NSS2_MCS8:bytes=326750,ppdus=5,airtime_us=3860|W80_NSS2_MCS10:bytes=65350,ppdus=1,airtime_us=628|W80_NSS2_MCS11:bytes=26401400,ppdus=404,airtime_us=234320;;;;;;;;;;;;;;;;;;;;;;;;;;;;;;;;;;;;;;;;;;;;;;;;;;;;;;;;;;;;;;;;;;;;;;;;;;;;;;;;;;;;;;;;;;;;;;;;;;;;;;;;;;;;;;;;;;;;;;;;;;;;;;;;;;;;;;;;;;;;;;;;;;;;;;;;;;;;;;;;;;;;;;;;;;;;;;
10;1;1;1;medium;-50.0;ap_only_cochannel;ul;su;2;816.666668;689.5824080121924;177.366112;0.0;816.666668;0.9137483940562445;689.5824080121924;177.366112;0.742792;W20_NSS1_MCS4:bytes=29562,ppdus=1,airtime_us=5436|W20_NSS2_MCS4:bytes=59126,ppdus=1,airtime_us=5444|W40_NSS1_MCS4:bytes=59126,ppdus=1,airtime_us=5436|W80_NSS1_MCS9:bytes=65350,ppdus=1,airtime_us=1340|W80_NSS2_MCS8:bytes=1699100,ppdus=26,airtime_us=20072|W80_NSS2_MCS9:bytes=20258500,ppdus=310,airtime_us=219480;;;;;;;;;;;;;;;;;;;;;;;;;;;;;;;;;;;;;;;;;;;;;;;;;;;;;;;;;;;;;;;;;;;;;;;;;;;;;;;;;;;;;;;;;;;;;;;;;;;;;;;;;;;;;;;;;;;;;;;;;;;;;;;;;;;;;;;;;;;;;;;;;;;;;;;;;;;;;;;;;;;;;;;;;;;;;;
11;1;1;1;medium;-50.0;ap_only_cochannel;dl;su;0;367.5;247.81410464738383;6.100192;0.0;367.5;0.8674061406591792;247.81410464738383;6.100192;0.975384;W20_NSS1_MCS6:bytes=2014,ppdus=1,airtime_us=300|W40_NSS2_MCS4:bytes=24574,ppdus=1,airtime_us=1188|W80_NSS1_MCS4:bytes=74518,ppdus=5,airtime_us=3500|W80_NSS2_MCS4:bytes=661418,ppdus=87,airtime_us=19628;;;;;;;;;;;;;;;;;;;;;;;;;;;;;;;;;;;;;;;;;;;;;;;;;;;;;;;;;;;;;;;;;;;;;;;;;;;;;;;;;;;;;;;;;;;;;;;;;;;;;;;;;;;;;;;;;;;;;;;;;;;;;;;;;;;;;;;;;;;;;;;;;;;;;;;;;;;;;;;;;;;;;;;;;;;;;;
11;1;1;1;medium;-50.0;ap_only_cochannel;dl;su;1;510.416667;309.7488548412573;7.84408;0.0;510.416667;0.8896737412163058;309.7488548412573;7.84408;0.974676;W20_NSS1_MCS11:bytes=10270,ppdus=1,airtime_us=732|W20_NSS2_MCS0:bytes=1822,ppdus=1,airtime_us=1060|W20_NSS2_MCS11:bytes=15358,ppdus=1,airtime_us=564|W40_NSS1_MCS11:bytes=10270,ppdus=1,airtime_us=396|W40_NSS2_MCS11:bytes=70456,ppdus=4,airtime_us=1408|W80_NSS1_MCS11:bytes=872334,ppdus=153,airtime_us=21164;;;;;;;;;;;;;;;;;;;;;;;;;;;;;;;;;;;;;;;;;;;;;;;;;;;;;;;;;;;;;;;;;;;;;;;;;;;;;;;;;;;;;;;;;;;;;;;;;;;;;;;;;;;;;;;;;;;;;;;;;;;;;;;;;;;;;;;;;;;;;;;;;;;;;;;;;;;;;;;;;;;;;;;;;;;;;;
11;1;1;1;medium;-50.0;ap_only_cochannel;dl;su;2;306.25;253.90394170255053;6.132288;0.0;306.25;0.683704353089744;253.90394170255053;6.132288;0.975848;W40_NSS1_MCS7:bytes=37818,ppdus=3,airtime_us=2244|W40_NSS2_MCS7:bytes=30620,ppdus=2,airtime_us=952|W80_NSS1_MCS7:bytes=524084,ppdus=74,airtime_us=17656|W80_NSS2_MCS7:bytes=174014,ppdus=17,airtime_us=3300;;;;;;;;;;;;;;;;;;;;;;;;;;;;;;;;;;;;;;;;;;;;;;;;;;;;;;;;;;;;;;;;;;;;;;;;;;;;;;;;;;;;;;;;;;;;;;;;;;;;;;;;;;;;;;;;;;;;;;;;;;;;;;;;;;;;;;;;;;;;;;;;;;;;;;;;;;;;;;;;;;;;;;;;;;;;;;
12;1;1;1;medium;-50.0;ap_only_cochannel;ul_dl;su;0;367.5;338.1992016726858;56.936512;0.0;367.5;0.9846818856764531;338.1992016726858;56.936512;0.831648;W20_NSS1_MCS6:bytes=43670,ppdus=1,airtime_us=5356|W40_NSS2_MCS4:bytes=65350,ppdus=1,airtime_us=3044|W80_NSS2_MCS4:bytes=7008044,ppdus=124,airtime_us=159952;;;;;;;;;;;;;;;;;;;;;;;;;;;;;;;;;;;;;;;;;;;;;;;;;;;;;;;;;;;;;;;;;;;;;;;;;;;;;;;;;;;;;;;;;;;;;;;;;;;;;;;;;;;;;;;;;;;;;;;;;;;;;;;;;;;;;;;;;;;;;;;;;;;;;;;;;;;;;;;;;;;;;;;;;;;;;;
12;1;1;1;medium;-50.0;ap_only_cochannel;ul_dl;su;1;487.5;470.6867561407951;59.479744;0.0;487.5;0.8602673205856434;470.6867561407951;59.479744;0.873632;W40_NSS2_MCS1:bytes=38994,ppdus=1,airtime_us=5396|W40_NSS2_MCS11:bytes=6396060,ppdus=102,airtime_us=111480|W80_NSS1_MCS11:bytes=77404,ppdus=2,airtime_us=1304|W80_NSS2_MCS11:bytes=922510,ppdus=15,airtime_us=8188;;;;;;;;;;;;;;;;;;;;;;;;;;;;;;;;;;;;;;;;;;;;;;;;;;;;;;;;;;;;;;;;;;;;;;;;;;;;;;;;;;;;;;;;;;;;;;;;;;;;;;;;;;;;;;;;;;;;;;;;;;;;;;;;;;;;;;;;;;;;;;;;;;;;;;;;;;;;;;;;;;;;;;;;;;;;;;
12;1;1;1;medium;-50.0;ap_only_cochannel;ul_dl;su;2;612.5;557.7974142613987;61.60984;0.0;612.5;0.9915273274528874;557.7974142613987;61.60984;0.889548;W40_NSS1_MCS8:bytes=65250,ppdus=1,airtime_us=3020|W80_NSS2_MCS7:bytes=7635980,ppdus=126,airtime_us=107432;;;;;;;;;;;;;;;;;;;;;;;;;;;;;;;;;;;;;;;;;;;;;;;;;;;;;;;;;;;;;;;;;;;;;;;;;;;;;;;;;;;;;;;;;;;;;;;;;;;;;;;;;;;;;;;;;;;;;;;;;;;;;;;;;;;;;;;;;;;;;;;;;;;;;;;;;;;;;;;;;;;;;;;;;;;;;;
13;1;1;1;low;-60.0;isolated;ul;su;0;551.25;522.494908132035;343.2899587924573;0.0;551.25;0.660018586796529;522.494908132035;343.2899587924573;0.342979322;W20_NSS1_MCS8:bytes=59126,ppdus=1,airtime_us=5436|W20_NSS2_MCS7:bytes=65350,ppdus=1,airtime_us=3636|W20_NSS2_MCS8:bytes=65350,ppdus=1,airtime_us=3044|W40_NSS1_MCS7:bytes=65350,ppdus=1,airtime_us=3628|W40_NSS2_MCS7:bytes=65350,ppdus=1,airtime_us=1844|W80_NSS1_MCS7:bytes=65350,ppdus=1,airtime_us=1756|W80_NSS2_MCS6:bytes=28322219.1829545,ppdus=433,airtime_us=438593.509|W80_NSS2_MCS7:bytes=14203149.6661026,ppdus=218,airtime_us=199083.169;;;;;;;;;;;;;;;;;;;;;;;;;;;;;;;;;;;;;;;;;;;;;;;;;;;;;;;;;;;;;;;;;;;;;;;;;;;;;;;;;;;;;;;;;;;;;;;;;;;;;;;;;;;;;;;;;;;;;;;;;;;;;;;;;;;;;;;;;;;;;;;;;;;;;;;;;;;;;;;;;;;;;;;;;;;;;;
13;1;1;1;low;-60.0;isolated;ul;su;1;367.5;356.11085811486475;266.5521822966993;0.0;367.5;0.6213330161297863;356.11085811486475;266.5521822966993;0.251491;W20_NSS1_MCS3:bytes=4263.86428931061,ppdus=1,airtime_us=1179.357|W20_NSS2_MCS7:bytes=65350,ppdus=1,airtime_us=3636|W40_NSS1_MCS7:bytes=65350,ppdus=1,airtime_us=3628|W40_NSS2_MCS7:bytes=65350,ppdus=1,airtime_us=1844|W80_NSS1_MCS7:bytes=7515250,ppdus=115,airtime_us=201940|W80_NSS2_MCS4:bytes=20702208.9227981,ppdus=316,airtime_us=467581.643|W80_NSS2_MCS7:bytes=4901250,ppdus=75,airtime_us=68700;;;;;;;;;;;;;;;;;;;;;;;;;;;;;;;;;;;;;;;;;;;;;;;;;;;;;;;;;;;;;;;;;;;;;;;;;;;;;;;;;;;;;;;;;;;;;;;;;;;;;;;;;;;;;;;;;;;;;;;;;;;;;;;;;;;;;;;;;;;;;;;;;;;;;;;;;;;;;;;;;;;;;;;;;;;;;;
13;1;1;1;low;-60.0;isolated;ul;su;2;816.666668;710.1036144405375;417.9411325870986;0.0;816.666668;0.9937548577828758;710.1036144405375;417.9411325870986;0.41143641;W20_NSS2_MCS0:bytes=9334,ppdus=1,airtime_us=5172|W20_NSS2_MCS11:bytes=7298.72642405063,ppdus=0,airtime_us=247.051|W40_NSS1_MCS0:bytes=9334,ppdus=1,airtime_us=5164|W40_NSS1_MCS11:bytes=65350,ppdus=1,airtime_us=2204|W40_NSS2_MCS0:bytes=18670,ppdus=1,airtime_us=5172|W40_NSS2_MCS11:bytes=65350,ppdus=1,airtime_us=1140|W80_NSS1_MCS0:bytes=20226,ppdus=1,airtime_us=5340|W80_NSS1_MCS11:bytes=65350,ppdus=1,airtime_us=1084|W80_NSS2_MCS9:bytes=51916378.8469633,ppdus=795,airtime_us=562460.539|W80_NSS2_MCS11:bytes=65350,ppdus=1,airtime_us=580;;;;;;;;;;;;;;;;;;;;;;;;;;;;;;;;;;;;;;;;;;;;;;;;;;;;;;;;;;;;;;;;;;;;;;;;;;;;;;;;;;;;;;;;;;;;;;;;;;;;;;;;;;;;;;;;;;;;;;;;;;;;;;;;;;;;;;;;;;;;;;;;;;;;;;;;;;;;;;;;;;;;;;;;;;;;;;
14;1;1;1;low;-60.0;isolated;dl;su;0;551.25;232.59603635821784;12.487616;0.0;551.25;0.9899830359934194;232.59603635821784;12.487616;0.946312;W20_NSS1_MCS1:bytes=2014,ppdus=1,airtime_us=1148|W20_NSS2_MCS3:bytes=4030,ppdus=1,airtime_us=612|W40_NSS1_MCS3:bytes=2014,ppdus=1,airtime_us=332|W40_NSS2_MCS3:bytes=3550,ppdus=1,airtime_us=308|W80_NSS1_MCS3:bytes=2014,ppdus=1,airtime_us=188|W80_NSS2_MCS3:bytes=2014,ppdus=1,airtime_us=132|W80_NSS2_MCS6:bytes=1545316,ppdus=494,airtime_us=50968;;;;;;;;;;;;;;;;;;;;;;;;;;;;;;;;;;;;;;;;;;;;;;;;;;;;;;;;;;;;;;;;;;;;;;;;;;;;;;;;;;;;;;;;;;;;;;;;;;;;;;;;;;;;;;;;;;;;;;;;;;;;;;;;;;;;;;;;;;;;;;;;;;;;;;;;;;;;;;;;;;;;;;;;;;;;;;
14;1;1;1;low;-60.0;isolated;dl;su;1;612.5;249.69748390871854;13.655456;0.0;612.5;0.989941016982516;249.69748390871854;13.655456;0.945312;W20_NSS1_MCS6:bytes=2014,ppdus=1,airtime_us=300|W20_NSS2_MCS3:bytes=1918,ppdus=1,airtime_us=324|W20_NSS2_MCS6:bytes=1726,ppdus=1,airtime_us=164|W40_NSS1_MCS3:bytes=2014,ppdus=1,airtime_us=332|W40_NSS2_MCS3:bytes=3646,ppdus=1,airtime_us=308|W80_NSS1_MCS3:bytes=3838,ppdus=1,airtime_us=300|W80_NSS2_MCS3:bytes=2014,ppdus=1,airtime_us=132|W80_NSS2_MCS7:bytes=1689762,ppdus=515,airtime_us=52828;;;;;;;;;;;;;;;;;;;;;;;;;;;;;;;;;;;;;;;;;;;;;;;;;;;;;;;;;;;;;;;;;;;;;;;;;;;;;;;;;;;;;;;;;;;;;;;;;;;;;;;;;;;;;;;;;;;;;;;;;;;;;;;;;;;;;;;;;;;;;;;;;;;;;;;;;;;;;;;;;;;;;;;;;;;;;;
14;1;1;1;low;-60.0;isolated;dl;su;2;735.0;254.2792657237436;13.51952;0.0;735.0;0.9860906304365835;254.2792657237436;13.51952;0.946832;W20_NSS1_MCS3:bytes=2014,ppdus=1,airtime_us=604|W20_NSS2_MCS2:bytes=4030,ppdus=1,airtime_us=788|W20_NSS2_MCS3:bytes=3646,ppdus=1,airtime_us=564|W40_NSS1_MCS2:bytes=4030,ppdus=1,airtime_us=780|W40_NSS2_MCS2:bytes=1726,ppdus=1,airtime_us=212|W80_NSS1_MCS2:bytes=2014,ppdus=1,airtime_us=220|W80_NSS2_MCS2:bytes=6046,ppdus=1,airtime_us=324|W80_NSS2_MCS8:bytes=1666434,ppdus=519,airtime_us=49676;;;;;;;;;;;;;;;;;;;;;;;;;;;;;;;;;;;;;;;;;;;;;;;;;;;;;;;;;;;;;;;;;;;;;;;;;;;;;;;;;;;;;;;;;;;;;;;;;;;;;;;;;;;;;;;;;;;;;;;;;;;;;;;;;;;;;;;;;;;;;;;;;;;;;;;;;;;;;;;;;;;;;;;;;;;;;;
15;1;1;1;low;-60.0;isolated;ul_dl;su;0;551.25;497.71914290531737;242.34039236521738;0.0;551.25;0.9946620537031627;497.71914290531737;242.34039236521738;0.513098108;W20_NSS1_MCS3:bytes=18670,ppdus=1,airtime_us=5164|W20_NSS2_MCS3:bytes=38898,ppdus=1,airtime_us=5380|W40_NSS1_MCS3:bytes=38782,ppdus=1,airtime_us=5356|W40_NSS2_MCS3:bytes=65350,ppdus=1,airtime_us=4532|W80_NSS2_MCS6:bytes=30130849.0456522,ppdus=466,airtime_us=466469.892;;;;;;;;;;;;;;;;;;;;;;;;;;;;;;;;;;;;;;;;;;;;;;;;;;;;;;;;;;;;;;;;;;;;;;;;;;;;;;;;;;;;;;;;;;;;;;;;;;;;;;;;;;;;;;;;;;;;;;;;;;;;;;;;;;;;;;;;;;;;;;;;;;;;;;;;;;;;;;;;;;;;;;;;;;;;;;
15;1;1;1;low;-60.0;isolated;ul_dl;su;1;367.5;318.96992599961226;190.48183076181454;0.0;367.5;0.8027719038062874;318.96992599961226;190.48183076181454;0.402821974;W20_NSS1_MCS7:bytes=48330,ppdus=1,airtime_us=5340|W20_NSS2_MCS7:bytes=65474,ppdus=1,airtime_us=3636|W40_NSS1_MCS11:bytes=4582242.10508071,ppdus=71,airtime_us=154327.763|W80_NSS2_MCS4:bytes=19114182.7401461,ppdus=300,airtime_us=433874.263;;;;;;;;;;;;;;;;;;;;;;;;;;;;;;;;;;;;;;;;;;;;;;;;;;;;;;;;;;;;;;;;;;;;;;;;;;;;;;;;;;;;;;;;;;;;;;;;;;;;;;;;;;;;;;;;;;;;;;;;;;;;;;;;;;;;;;;;;;;;;;;;;;;;;;;;;;;;;;;;;;;;;;;;;;;;;;
15;1;1;1;low;-60.0;isolated;ul_dl;su;2;735.0;649.4258585472197;231.76603988590477;0.0;735.0;0.9975044488817916;649.4258585472197;231.76603988590477;0.643121633;W20_NSS1_MCS2:bytes=14002,ppdus=1,airtime_us=5164|W20_NSS2_MCS2:bytes=28734,ppdus=1,airtime_us=5300|W40_NSS1_MCS2:bytes=29562,ppdus=1,airtime_us=5436|W80_NSS2_MCS8:bytes=28898456.9857381,ppdus=445,airtime_us=340978.367;;;;;;;;;;;;;;;;;;;;;;;;;;;;;;;;;;;;;;;;;;;;;;;;;;;;;;;;;;;;;;;;;;;;;;;;;;;;;;;;;;;;;;;;;;;;;;;;;;;;;;;;;;;;;;;;;;;;;;;;;;;;;;;;;;;;;;;;;;;;;;;;;;;;;;;;;;;;;;;;;;;;;;;;;;;;;;
16;1;1;1;low;-60.0;ap_only_cochannel;ul;su;0;367.5;347.7951752914666;118.59180855582656;0.0;367.5;0.9766985592542071;347.7951752914666;118.59180855582656;0.659018247;W20_NSS1_MCS3:bytes=18670,ppdus=1,airtime_us=5164|W80_NSS1_MCS6:bytes=261400,ppdus=4,airtime_us=7792|W80_NSS2_MCS4:bytes=14478556.0694783,ppdus=221,airtime_us=327013.753|W80_NSS2_MCS6:bytes=65350,ppdus=1,airtime_us=1012;;;;;;;;;;;;;;;;;;;;;;;;;;;;;;;;;;;;;;;;;;;;;;;;;;;;;;;;;;;;;;;;;;;;;;;;;;;;;;;;;;;;;;;;;;;;;;;;;;;;;;;;;;;;;;;;;;;;;;;;;;;;;;;;;;;;;;;;;;;;;;;;;;;;;;;;;;;;;;;;;;;;;;;;;;;;;;
16;1;1;1;low;-60.0;ap_only_cochannel;ul;su;1;243.75;234.13574004641373;94.67039900562614;0.0;243.75;0.9502991426103489;234.13574004641373;94.67039900562614;0.595660197;W40_NSS1_MCS11:bytes=11245649.8757033,ppdus=173,airtime_us=379271.803|W40_NSS2_MCS4:bytes=196050,ppdus=3,airtime_us=9132|W80_NSS1_MCS4:bytes=326750,ppdus=5,airtime_us=14460|W80_NSS2_MCS4:bytes=65350,ppdus=1,airtime_us=1476;;;;;;;;;;;;;;;;;;;;;;;;;;;;;;;;;;;;;;;;;;;;;;;;;;;;;;;;;;;;;;;;;;;;;;;;;;;;;;;;;;;;;;;;;;;;;;;;;;;;;;;;;;;;;;;;;;;;;;;;;;;;;;;;;;;;;;;;;;;;;;;;;;;;;;;;;;;;;;;;;;;;;;;;;;;;;;
16;1;1;1;low;-60.0;ap_only_cochannel;ul;su;2;612.5;572.6226056242358;134.8824;0.0;612.5;0.748062015503876;572.6226056242358;134.8824;0.764448;W40_NSS2_MCS7:bytes=65350,ppdus=1,airtime_us=1844|W40_NSS2_MCS8:bytes=196050,ppdus=3,airtime_us=4668|W80_NSS1_MCS7:bytes=65350,ppdus=1,airtime_us=1756|W80_NSS1_MCS8:bytes=392100,ppdus=6,airtime_us=8808|W80_NSS2_MCS7:bytes=12612550,ppdus=193,airtime_us=176788|W80_NSS2_MCS8:bytes=3528900,ppdus=54,airtime_us=41688;;;;;;;;;;;;;;;;;;;;;;;;;;;;;;;;;;;;;;;;;;;;;;;;;;;;;;;;;;;;;;;;;;;;;;;;;;;;;;;;;;;;;;;;;;;;;;;;;;;;;;;;;;;;;;;;;;;;;;;;;;;;;;;;;;;;;;;;;;;;;;;;;;;;;;;;;;;;;;;;;;;;;;;;;;;;;;
17;1;1;1;low;-60.0;ap_only_cochannel;dl;su;0;183.75;144.6031195288104;0.6028979797419355;0.0;183.75;0.8662725656594333;144.6031195288104;0.6028979797419355;0.995830671;W40_NSS2_MCS4:bytes=10078,ppdus=1,airtime_us=516|W80_NSS1_MCS4:bytes=65284.2474677419,ppdus=15,airtime_us=3653.329;;;;;;;;;;;;;;;;;;;;;;;;;;;;;;;;;;;;;;;;;;;;;;;;;;;;;;;;;;;;;;;;;;;;;;;;;;;;;;;;;;;;;;;;;;;;;;;;;;;;;;;;;;;;;;;;;;;;;;;;;;;;;;;;;;;;;;;;;;;;;;;;;;;;;;;;;;;;;;;;;;;;;;;;;;;;;;
17;1;1;1;low;-60.0;ap_only_cochannel;dl;su;1;243.75;175.9558777182477;2.233232;0.0;243.75;0.8783108964944081;175.9558777182477;2.233232;0.987308;W20_NSS1_MCS11:bytes=2974,ppdus=1,airtime_us=252|W20_NSS2_MCS11:bytes=30996,ppdus=6,airtime_us=1384|W40_NSS1_MCS11:bytes=245184,ppdus=60,airtime_us=11056;;;;;;;;;;;;;;;;;;;;;;;;;;;;;;;;;;;;;;;;;;;;;;;;;;;;;;;;;;;;;;;;;;;;;;;;;;;;;;;;;;;;;;;;;;;;;;;;;;;;;;;;;;;;;;;;;;;;;;;;;;;;;;;;;;;;;;;;;;;;;;;;;;;;;;;;;;;;;;;;;;;;;;;;;;;;;;
17;1;1;1;low;-60.0;ap_only_cochannel;dl;su;2;612.5;273.19384615384615;9.589104;0.0;612.5;0.9803009749398901;273.19384615384615;9.589104;0.9649;W40_NSS2_MCS7:bytes=5470,ppdus=1,airtime_us=212|W80_NSS1_MCS7:bytes=18142,ppdus=1,airtime_us=524|W80_NSS2_MCS7:bytes=1175026,ppdus=319,airtime_us=34364;;;;;;;;;;;;;;;;;;;;;;;;;;;;;;;;;;;;;;;;;;;;;;;;;;;;;;;;;;;;;;;;;;;;;;;;;;;;;;;;;;;;;;;;;;;;;;;;;;;;;;;;;;;;;;;;;;;;;;;;;;;;;;;;;;;;;;;;;;;;;;;;;;;;;;;;;;;;;;;;;;;;;;;;;;;;;;
18;1;1;1;low;-60.0;ap_only_cochannel;ul_dl;su;0;175.5;194.74060514697965;36.17112;0.0;175.5;0.6636989952204964;194.74060514697965;36.17112;0.81426;W20_NSS2_MCS4:bytes=162438,ppdus=3,airtime_us=14988|W40_NSS2_MCS4:bytes=3000842,ppdus=49,airtime_us=139764|W80_NSS2_MCS4:bytes=1358110,ppdus=23,airtime_us=30988;;;;;;;;;;;;;;;;;;;;;;;;;;;;;;;;;;;;;;;;;;;;;;;;;;;;;;;;;;;;;;;;;;;;;;;;;;;;;;;;;;;;;;;;;;;;;;;;;;;;;;;;;;;;;;;;;;;;;;;;;;;;;;;;;;;;;;;;;;;;;;;;;;;;;;;;;;;;;;;;;;;;;;;;;;;;;;
18;1;1;1;low;-60.0;ap_only_cochannel;ul_dl;su;1;243.75;226.9553589142408;32.60508477727691;0.0;243.75;0.9632352810776215;226.9553589142408;32.60508477727691;0.856337013;W20_NSS1_MCS0:bytes=4666,ppdus=1,airtime_us=5164|W20_NSS1_MCS11:bytes=79823.5971596136,ppdus=1,airtime_us=5310.987|W40_NSS1_MCS11:bytes=3925796,ppdus=68,airtime_us=132608|W80_NSS2_MCS11:bytes=65350,ppdus=1,airtime_us=580;;;;;;;;;;;;;;;;;;;;;;;;;;;;;;;;;;;;;;;;;;;;;;;;;;;;;;;;;;;;;;;;;;;;;;;;;;;;;;;;;;;;;;;;;;;;;;;;;;;;;;;;;;;;;;;;;;;;;;;;;;;;;;;;;;;;;;;;;;;;;;;;;;;;;;;;;;;;;;;;;;;;;;;;;;;;;;
18;1;1;1;low;-60.0;ap_only_cochannel;ul_dl;su;2;612.5;504.85378677704443;36.103104;0.0;612.5;0.9528559095638979;504.85378677704443;36.103104;0.928488;W20_NSS1_MCS8:bytes=59230,ppdus=1,airtime_us=5452|W40_NSS1_MCS7:bytes=41142,ppdus=1,airtime_us=2300|W80_NSS1_MCS7:bytes=112384,ppdus=2,airtime_us=3048|W80_NSS2_MCS7:bytes=4300132,ppdus=74,airtime_us=60712;;;;;;;;;;;;;;;;;;;;;;;;;;;;;;;;;;;;;;;;;;;;;;;;;;;;;;;;;;;;;;;;;;;;;;;;;;;;;;;;;;;;;;;;;;;;;;;;;;;;;;;;;;;;;;;;;;;;;;;;;;;;;;;;;;;;;;;;;;;;;;;;;;;;;;;;;;;;;;;;;;;;;;;;;;;;;;
1;1;5;1;high;-41.5;isolated;ul;su;0;918.75;783.6159579972976;445.1363361273885;0.0;918.75;0.992589739968889;783.6159579972976;445.1363361273885;0.4319458;W20_NSS1_MCS1:bytes=9334,ppdus=1,airtime_us=5164|W20_NSS1_MCS5:bytes=38898,ppdus=1,airtime_us=5372|W20_NSS2_MCS1:bytes=18670,ppdus=1,airtime_us=5172|W20_NSS2_MCS5:bytes=65350,ppdus=1,airtime_us=4532|W40_NSS1_MCS1:bytes=18670,ppdus=1,airtime_us=5164|W40_NSS1_MCS5:bytes=65350,ppdus=1,airtime_us=4524|W40_NSS2_MCS5:bytes=65350,ppdus=1,airtime_us=2292|W80_NSS1_MCS5:bytes=65350,ppdus=1,airtime_us=2188|W80_NSS2_MCS2:bytes=65350,ppdus=1,airtime_us=2900|W80_NSS2_MCS10:bytes=55229720.0159236,ppdus=845,airtime_us=530746.2;;;;;;;;;;;;;;;;;;;;;;;;;;;;;;;;;;;;;;;;;;;;;;;;;;;;;;;;;;;;;;;;;;;;;;;;;;;;;;;;;;;;;;;;;;;;;;;;;;;;;;;;;;;;;;;;;;;;;;;;;;;;;;;;;;;;;;;;;;;;;;;;;;;;;;;;;;;;;;;;;;;;;;;;;;;;;;
1;1;5;1;high;-41.5;isolated;ul;su;1;1020.833334;853.4337334577843;471.802064;0.0;1020.833334;0.9917421641461917;853.4337334577843;471.802064;0.447172;W20_NSS1_MCS1:bytes=9334,ppdus=1,airtime_us=5164|W20_NSS1_MCS7:bytes=48234,ppdus=1,airtime_us=5324|W20_NSS2_MCS1:bytes=18670,ppdus=1,airtime_us=5172|W20_NSS2_MCS7:bytes=65350,ppdus=1,airtime_us=3636|W40_NSS1_MCS1:bytes=18670,ppdus=1,airtime_us=5164|W40_NSS1_MCS7:bytes=65350,ppdus=1,airtime_us=3628|W40_NSS2_MCS7:bytes=65350,ppdus=1,airtime_us=1844|W80_NSS1_MCS7:bytes=65350,ppdus=1,airtime_us=1756|W80_NSS2_MCS5:bytes=65350,ppdus=1,airtime_us=1124|W80_NSS2_MCS7:bytes=65350,ppdus=1,airtime_us=916|W80_NSS2_MCS11:bytes=58488250,ppdus=895,airtime_us=519100;;;;;;;;;;;;;;;;;;;;;;;;;;;;;;;;;;;;;;;;;;;;;;;;;;;;;;;;;;;;;;;;;;;;;;;;;;;;;;;;;;;;;;;;;;;;;;;;;;;;;;;;;;;;;;;;;;;;;;;;;;;;;;;;;;;;;;;;;;;;;;;;;;;;;;;;;;;;;;;;;;;;;;;;;;;;;;
1;1;5;1;high;-41.5;isolated;ul;su;2;1020.833334;859.1325027217516;466.88611673793105;0.0;1020.833334;0.9901354616578046;859.1325027217516;466.88611673793105;0.45656099;W20_NSS1_MCS9:bytes=65350,ppdus=1,airtime_us=5420|W20_NSS2_MCS4:bytes=59126,ppdus=1,airtime_us=5444|W20_NSS2_MCS9:bytes=65350,ppdus=1,airtime_us=2740|W40_NSS1_MCS4:bytes=59126,ppdus=1,airtime_us=5436|W40_NSS1_MCS9:bytes=65350,ppdus=1,airtime_us=2732|W40_NSS2_MCS4:bytes=65350,ppdus=1,airtime_us=3044|W40_NSS2_MCS9:bytes=65350,ppdus=1,airtime_us=1396|W80_NSS1_MCS4:bytes=65350,ppdus=1,airtime_us=2892|W80_NSS2_MCS4:bytes=65350,ppdus=1,airtime_us=1476|W80_NSS2_MCS11:bytes=57785062.5922414,ppdus=884,airtime_us=512859.01;;;;;;;;;;;;;;;;;;;;;;;;;;;;;;;;;;;;;;;;;;;;;;;;;;;;;;;;;;;;;;;;;;;;;;;;;;;;;;;;;;;;;;;;;;;;;;;;;;;;;;;;;;;;;;;;;;;;;;;;;;;;;;;;;;;;;;;;;;;;;;;;;;;;;;;;;;;;;;;;;;;;;;;;;;;;;;
2;1;5;1;high;-41.5;isolated;dl;su;0;918.75;263.7725473859613;15.196464;0.0;918.75;0.9789329938859461;263.7725473859613;15.196464;0.942388;W20_NSS1_MCS8:bytes=3358,ppdus=1,airtime_us=364|W20_NSS2_MCS8:bytes=3646,ppdus=1,airtime_us=228|W40_NSS1_MCS8:bytes=9406,ppdus=1,airtime_us=476|W40_NSS2_MCS1:bytes=3934,ppdus=1,airtime_us=596|W40_NSS2_MCS8:bytes=6046,ppdus=1,airtime_us=196|W80_NSS1_MCS1:bytes=4702,ppdus=1,airtime_us=668|W80_NSS2_MCS1:bytes=8926,ppdus=1,airtime_us=644|W80_NSS2_MCS10:bytes=1859540,ppdus=602,airtime_us=54440;;;;;;;;;;;;;;;;;;;;;;;;;;;;;;;;;;;;;;;;;;;;;;;;;;;;;;;;;;;;;;;;;;;;;;;;;;;;;;;;;;;;;;;;;;;;;;;;;;;;;;;;;;;;;;;;;;;;;;;;;;;;;;;;;;;;;;;;;;;;;;;;;;;;;;;;;;;;;;;;;;;;;;;;;;;;;;
2;1;5;1;high;-41.5;isolated;dl;su;1;1020.833334;323.6530846015382;15.822752;0.0;1020.833334;0.9892165408394191;323.6530846015382;15.822752;0.951112;W20_NSS1_MCS7:bytes=414,ppdus=1,airtime_us=92|W20_NSS2_MCS7:bytes=4030,ppdus=1,airtime_us=276|W40_NSS1_MCS7:bytes=1438,ppdus=1,airtime_us=124|W40_NSS2_MCS2:bytes=1822,ppdus=1,airtime_us=228|W40_NSS2_MCS7:bytes=4030,ppdus=1,airtime_us=164|W80_NSS1_MCS2:bytes=3550,ppdus=1,airtime_us=364|W80_NSS1_MCS7:bytes=2014,ppdus=1,airtime_us=108|W80_NSS2_MCS2:bytes=4030,ppdus=1,airtime_us=228|W80_NSS2_MCS11:bytes=1956516,ppdus=590,airtime_us=47304;;;;;;;;;;;;;;;;;;;;;;;;;;;;;;;;;;;;;;;;;;;;;;;;;;;;;;;;;;;;;;;;;;;;;;;;;;;;;;;;;;;;;;;;;;;;;;;;;;;;;;;;;;;;;;;;;;;;;;;;;;;;;;;;;;;;;;;;;;;;;;;;;;;;;;;;;;;;;;;;;;;;;;;;;;;;;;
2;1;5;1;high;-41.5;isolated;dl;su;2;1020.833334;322.63061867639743;15.56112;0.0;1020.833334;0.989397164214401;322.63061867639743;15.56112;0.951768;W20_NSS1_MCS5:bytes=3838,ppdus=1,airtime_us=572|W20_NSS1_MCS8:bytes=2878,ppdus=1,airtime_us=316|W20_NSS2_MCS5:bytes=1918,ppdus=1,airtime_us=196|W20_NSS2_MCS8:bytes=2014,ppdus=1,airtime_us=148|W40_NSS1_MCS5:bytes=2014,ppdus=1,airtime_us=188|W40_NSS2_MCS5:bytes=3838,ppdus=1,airtime_us=196|W80_NSS1_MCS5:bytes=3646,ppdus=1,airtime_us=172|W80_NSS2_MCS5:bytes=478,ppdus=1,airtime_us=68|W80_NSS2_MCS11:bytes=1924516,ppdus=578,airtime_us=46376;;;;;;;;;;;;;;;;;;;;;;;;;;;;;;;;;;;;;;;;;;;;;;;;;;;;;;;;;;;;;;;;;;;;;;;;;;;;;;;;;;;;;;;;;;;;;;;;;;;;;;;;;;;;;;;;;;;;;;;;;;;;;;;;;;;;;;;;;;;;;;;;;;;;;;;;;;;;;;;;;;;;;;;;;;;;;;
3;1;5;1;high;-41.5;isolated;ul_dl;su;0;551.25;502.04818016251147;248.16007088932807;0.0;551.25;0.9951259201544175;502.04818016251147;248.16007088932807;0.50570467;W40_NSS1_MCS2:bytes=29830,ppdus=1,airtime_us=5484|W40_NSS2_MCS2:bytes=59126,ppdus=1,airtime_us=5444|W80_NSS1_MCS2:bytes=62238,ppdus=1,airtime_us=5468|W80_NSS2_MCS6:bytes=30868814.861166,ppdus=477,airtime_us=477899.33;;;;;;;;;;;;;;;;;;;;;;;;;;;;;;;;;;;;;;;;;;;;;;;;;;;;;;;;;;;;;;;;;;;;;;;;;;;;;;;;;;;;;;;;;;;;;;;;;;;;;;;;;;;;;;;;;;;;;;;;;;;;;;;;;;;;;;;;;;;;;;;;;;;;;;;;;;;;;;;;;;;;;;;;;;;;;;
3;1;5;1;high;-41.5;isolated;ul_dl;su;1;1020.833334;869.4186831416966;303.96616;0.0;1020.833334;0.9938286814558568;869.4186831416966;303.96616;0.65038;W40_NSS1_MCS3:bytes=38898,ppdus=1,airtime_us=5372|W40_NSS2_MCS3:bytes=65350,ppdus=1,airtime_us=4532|W80_NSS1_MCS3:bytes=64886,ppdus=1,airtime_us=4284|W80_NSS2_MCS3:bytes=65350,ppdus=1,airtime_us=2196|W80_NSS2_MCS11:bytes=37761286,ppdus=585,airtime_us=333236;;;;;;;;;;;;;;;;;;;;;;;;;;;;;;;;;;;;;;;;;;;;;;;;;;;;;;;;;;;;;;;;;;;;;;;;;;;;;;;;;;;;;;;;;;;;;;;;;;;;;;;;;;;;;;;;;;;;;;;;;;;;;;;;;;;;;;;;;;;;;;;;;;;;;;;;;;;;;;;;;;;;;;;;;;;;;;
3;1;5;1;high;-41.5;isolated;ul_dl;su;2;1020.833334;857.3013652210263;313.6048087031724;0.0;1020.833334;0.9985315531292255;857.3013652210263;313.6048087031724;0.63419537;W20_NSS2_MCS0:bytes=9334,ppdus=1,airtime_us=5172|W40_NSS1_MCS0:bytes=9334,ppdus=1,airtime_us=5164|W40_NSS2_MCS0:bytes=18670,ppdus=1,airtime_us=5172|W80_NSS1_MCS0:bytes=20226,ppdus=1,airtime_us=5340|W80_NSS2_MCS11:bytes=39143037.0878965,ppdus=603,airtime_us=344956.63;;;;;;;;;;;;;;;;;;;;;;;;;;;;;;;;;;;;;;;;;;;;;;;;;;;;;;;;;;;;;;;;;;;;;;;;;;;;;;;;;;;;;;;;;;;;;;;;;;;;;;;;;;;;;;;;;;;;;;;;;;;;;;;;;;;;;;;;;;;;;;;;;;;;;;;;;;;;;;;;;;;;;;;;;;;;;;
4;1;5;1;high;-41.5;ap_only_cochannel;ul;su;0;551.25;453.9224313232521;196.43584;0.0;551.25;0.9671758473402817;453.9224313232521;196.43584;0.567248;W20_NSS2_MCS2:bytes=29562,ppdus=1,airtime_us=5444|W20_NSS2_MCS4:bytes=118252,ppdus=2,airtime_us=10888|W40_NSS1_MCS2:bytes=29562,ppdus=1,airtime_us=5436|W40_NSS2_MCS2:bytes=177378,ppdus=3,airtime_us=16332|W40_NSS2_MCS4:bytes=65350,ppdus=1,airtime_us=3044|W40_NSS2_MCS6:bytes=65350,ppdus=1,airtime_us=2052|W80_NSS1_MCS2:bytes=124476,ppdus=2,airtime_us=10936|W80_NSS1_MCS3:bytes=130700,ppdus=2,airtime_us=8632|W80_NSS2_MCS3:bytes=65350,ppdus=1,airtime_us=2196|W80_NSS2_MCS6:bytes=23748500,ppdus=364,airtime_us=367792;;;;;;;;;;;;;;;;;;;;;;;;;;;;;;;;;;;;;;;;;;;;;;;;;;;;;;;;;;;;;;;;;;;;;;;;;;;;;;;;;;;;;;;;;;;;;;;;;;;;;;;;;;;;;;;;;;;;;;;;;;;;;;;;;;;;;;;;;;;;;;;;;;;;;;;;;;;;;;;;;;;;;;;;;;;;;;
4;1;5;1;high;-41.5;ap_only_cochannel;ul;su;1;735.0;689.9672457045486;233.231008;0.0;735.0;0.6657416667341248;689.9672457045486;233.231008;0.661968;W20_NSS1_MCS2:bytes=14002,ppdus=1,airtime_us=5164|W20_NSS2_MCS2:bytes=29562,ppdus=1,airtime_us=5444|W40_NSS1_MCS2:bytes=29562,ppdus=1,airtime_us=5436|W40_NSS2_MCS8:bytes=65350,ppdus=1,airtime_us=1556|W40_NSS2_MCS11:bytes=65350,ppdus=1,airtime_us=1140|W80_NSS1_MCS8:bytes=392100,ppdus=6,airtime_us=8808|W80_NSS2_MCS8:bytes=19408950,ppdus=297,airtime_us=229284|W80_NSS2_MCS11:bytes=9149000,ppdus=140,airtime_us=81200;;;;;;;;;;;;;;;;;;;;;;;;;;;;;;;;;;;;;;;;;;;;;;;;;;;;;;;;;;;;;;;;;;;;;;;;;;;;;;;;;;;;;;;;;;;;;;;;;;;;;;;;;;;;;;;;;;;;;;;;;;;;;;;;;;;;;;;;;;;;;;;;;;;;;;;;;;;;;;;;;;;;;;;;;;;;;;
4;1;5;1;high;-41.5;ap_only_cochannel;ul;su;2;510.416667;462.4337273108689;188.9956377490775;0.0;510.416667;0.9679913035451554;462.4337273108689;188.9956377490775;0.59130222;W20_NSS2_MCS0:bytes=9334,ppdus=1,airtime_us=5172|W40_NSS1_MCS0:bytes=9334,ppdus=1,airtime_us=5164|W40_NSS1_MCS7:bytes=65350,ppdus=1,airtime_us=3628|W40_NSS2_MCS0:bytes=18670,ppdus=1,airtime_us=5172|W40_NSS2_MCS10:bytes=130700,ppdus=2,airtime_us=2504|W40_NSS2_MCS11:bytes=196050,ppdus=3,airtime_us=3420|W80_NSS1_MCS10:bytes=130700,ppdus=2,airtime_us=2392|W80_NSS1_MCS11:bytes=22868266.7186347,ppdus=350,airtime_us=379329.78|W80_NSS2_MCS9:bytes=65350,ppdus=1,airtime_us=708|W80_NSS2_MCS10:bytes=65350,ppdus=1,airtime_us=628|W80_NSS2_MCS11:bytes=65350,ppdus=1,airtime_us=580;;;;;;;;;;;;;;;;;;;;;;;;;;;;;;;;;;;;;;;;;;;;;;;;;;;;;;;;;;;;;;;;;;;;;;;;;;;;;;;;;;;;;;;;;;;;;;;;;;;;;;;;;;;;;;;;;;;;;;;;;;;;;;;;;;;;;;;;;;;;;;;;;;;;;;;;;;;;;;;;;;;;;;;;;;;;;;
5;1;5;1;high;-41.5;ap_only_cochannel;dl;su;0;551.25;232.22452102589216;15.175408;0.0;551.25;0.9816376600879528;232.22452102589216;15.175408;0.934652;W20_NSS1_MCS1:bytes=2014,ppdus=1,airtime_us=1148|W20_NSS2_MCS1:bytes=2014,ppdus=1,airtime_us=612|W40_NSS1_MCS1:bytes=94,ppdus=1,airtime_us=76|W40_NSS2_MCS1:bytes=4030,ppdus=1,airtime_us=612|W80_NSS1_MCS1:bytes=3742,ppdus=1,airtime_us=540|W80_NSS1_MCS3:bytes=19678,ppdus=1,airtime_us=1340|W80_NSS2_MCS3:bytes=3260,ppdus=2,airtime_us=232|W80_NSS2_MCS6:bytes=1862094,ppdus=585,airtime_us=60788;;;;;;;;;;;;;;;;;;;;;;;;;;;;;;;;;;;;;;;;;;;;;;;;;;;;;;;;;;;;;;;;;;;;;;;;;;;;;;;;;;;;;;;;;;;;;;;;;;;;;;;;;;;;;;;;;;;;;;;;;;;;;;;;;;;;;;;;;;;;;;;;;;;;;;;;;;;;;;;;;;;;;;;;;;;;;;
5;1;5;1;high;-41.5;ap_only_cochannel;dl;su;1;;;0.0;;;;;0.0;;;;;;;;;;;;;;;;;;;;;;;;;;;;;;;;;;;;;;;;;;;;;;;;;;;;;;;;;;;;;;;;;;;;;;;;;;;;;;;;;;;;;;;;;;;;;;;;;;;;;;;;;;;;;;;;;;;;;;;;;;;;;;;;;;;;;;;;;;;;;;;;;;;;;;;;;;;;;;;;;;;;;;;;;;;;;;;;
5;1;5;1;high;-41.5;ap_only_cochannel;dl;su;2;367.5;312.56410256410254;0.9752;0.0;367.5;0.9362264150943396;312.56410256410254;0.9752;0.99688;W80_NSS1_MCS8:bytes=114126,ppdus=9,airtime_us=2956|W80_NSS2_MCS7:bytes=7774,ppdus=1,airtime_us=164;;;;;;;;;;;;;;;;;;;;;;;;;;;;;;;;;;;;;;;;;;;;;;;;;;;;;;;;;;;;;;;;;;;;;;;;;;;;;;;;;;;;;;;;;;;;;;;;;;;;;;;;;;;;;;;;;;;;;;;;;;;;;;;;;;;;;;;;;;;;;;;;;;;;;;;;;;;;;;;;;;;;;;;;;;;;;;
6;1;5;1;high;-41.5;ap_only_cochannel;ul_dl;su;0;245.0;235.10495782665188;110.14951986282568;0.0;245.0;0.9791558964318748;235.10495782665188;110.14951986282568;0.53148789;W20_NSS1_MCS1:bytes=9334,ppdus=1,airtime_us=5164|W20_NSS2_MCS1:bytes=18358,ppdus=1,airtime_us=5076|W80_NSS2_MCS3:bytes=13481693.9828532,ppdus=233,airtime_us=454256.11|W80_NSS2_MCS6:bytes=259304,ppdus=4,airtime_us=4016;;;;;;;;;;;;;;;;;;;;;;;;;;;;;;;;;;;;;;;;;;;;;;;;;;;;;;;;;;;;;;;;;;;;;;;;;;;;;;;;;;;;;;;;;;;;;;;;;;;;;;;;;;;;;;;;;;;;;;;;;;;;;;;;;;;;;;;;;;;;;;;;;;;;;;;;;;;;;;;;;;;;;;;;;;;;;;
6;1;5;1;high;-41.5;ap_only_cochannel;ul_dl;su;1;1020.833334;791.6326332570874;137.050608;0.0;1020.833334;0.9445865428046842;791.6326332570874;137.050608;0.826876;W40_NSS2_MCS7:bytes=708944,ppdus=12,airtime_us=20096|W80_NSS1_MCS4:bytes=175012,ppdus=4,airtime_us=7824|W80_NSS1_MCS7:bytes=65350,ppdus=1,airtime_us=1756|W80_NSS2_MCS11:bytes=16182020,ppdus=258,airtime_us=143448;;;;;;;;;;;;;;;;;;;;;;;;;;;;;;;;;;;;;;;;;;;;;;;;;;;;;;;;;;;;;;;;;;;;;;;;;;;;;;;;;;;;;;;;;;;;;;;;;;;;;;;;;;;;;;;;;;;;;;;;;;;;;;;;;;;;;;;;;;;;;;;;;;;;;;;;;;;;;;;;;;;;;;;;;;;;;;
6;1;5;1;high;-41.5;ap_only_cochannel;ul_dl;su;2;367.5;346.54061388014236;108.295328;0.0;367.5;0.9652575224667125;346.54061388014236;108.295328;0.687496;W20_NSS1_MCS2:bytes=10062,ppdus=1,airtime_us=3724|W20_NSS1_MCS7:bytes=7874,ppdus=1,airtime_us=908|W20_NSS2_MCS2:bytes=29562,ppdus=1,airtime_us=5444|W40_NSS1_MCS8:bytes=65350,ppdus=1,airtime_us=3036|W80_NSS1_MCS8:bytes=13066610,ppdus=207,airtime_us=294724|W80_NSS2_MCS7:bytes=161160,ppdus=4,airtime_us=2352|W80_NSS2_MCS8:bytes=196298,ppdus=3,airtime_us=2316;;;;;;;;;;;;;;;;;;;;;;;;;;;;;;;;;;;;;;;;;;;;;;;;;;;;;;;;;;;;;;;;;;;;;;;;;;;;;;;;;;;;;;;;;;;;;;;;;;;;;;;;;;;;;;;;;;;;;;;;;;;;;;;;;;;;;;;;;;;;;;;;;;;;;;;;;;;;;;;;;;;;;;;;;;;;;;
7;1;5;1;medium;-50.0;isolated;ul;su;0;918.75;783.7462488923336;446.4005297961783;0.0;918.75;0.9926107256156123;783.7462488923336;446.4005297961783;0.43042722;W20_NSS1_MCS1:bytes=9334,ppdus=1,airtime_us=5164|W20_NSS1_MCS5:bytes=38898,ppdus=1,airtime_us=5372|W20_NSS2_MCS1:bytes=18670,ppdus=1,airtime_us=5172|W20_NSS2_MCS5:bytes=65350,ppdus=1,airtime_us=4532|W40_NSS1_MCS1:bytes=18670,ppdus=1,airtime_us=5164|W40_NSS1_MCS5:bytes=65350,ppdus=1,airtime_us=4524|W40_NSS2_MCS5:bytes=65350,ppdus=1,airtime_us=2292|W80_NSS1_MCS5:bytes=65350,ppdus=1,airtime_us=2188|W80_NSS2_MCS2:bytes=65350,ppdus=1,airtime_us=2900|W80_NSS2_MCS10:bytes=55387744.2245223,ppdus=848,airtime_us=532264.78;;;;;;;;;;;;;;;;;;;;;;;;;;;;;;;;;;;;;;;;;;;;;;;;;;;;;;;;;;;;;;;;;;;;;;;;;;;;;;;;;;;;;;;;;;;;;;;;;;;;;;;;;;;;;;;;;;;;;;;;;;;;;;;;;;;;;;;;;;;;;;;;;;;;;;;;;;;;;;;;;;;;;;;;;;;;;;
7;1;5;1;medium;-50.0;isolated;ul;su;1;1020.833334;854.7629915135358;477.02011277241377;0.0;1020.833334;0.99292846588712;854.7629915135358;477.02011277241377;0.44192704;W20_NSS1_MCS1:bytes=9334,ppdus=1,airtime_us=5164|W20_NSS1_MCS7:bytes=48234,ppdus=1,airtime_us=5324|W20_NSS2_MCS1:bytes=18670,ppdus=1,airtime_us=5172|W20_NSS2_MCS7:bytes=65350,ppdus=1,airtime_us=3636|W40_NSS1_MCS1:bytes=18670,ppdus=1,airtime_us=5164|W40_NSS1_MCS7:bytes=65350,ppdus=1,airtime_us=3628|W40_NSS2_MCS7:bytes=65350,ppdus=1,airtime_us=1844|W80_NSS1_MCS7:bytes=65350,ppdus=1,airtime_us=1756|W80_NSS2_MCS7:bytes=65350,ppdus=1,airtime_us=916|W80_NSS2_MCS11:bytes=59205856.0965517,ppdus=906,airtime_us=525468.96;;;;;;;;;;;;;;;;;;;;;;;;;;;;;;;;;;;;;;;;;;;;;;;;;;;;;;;;;;;;;;;;;;;;;;;;;;;;;;;;;;;;;;;;;;;;;;;;;;;;;;;;;;;;;;;;;;;;;;;;;;;;;;;;;;;;;;;;;;;;;;;;;;;;;;;;;;;;;;;;;;;;;;;;;;;;;;
7;1;5;1;medium;-50.0;isolated;ul;su;2;1020.833334;859.3999286484918;470.0066288137931;0.0;1020.833334;0.9902009552256238;859.3999286484918;470.0066288137931;0.45309906;W20_NSS1_MCS9:bytes=65350,ppdus=1,airtime_us=5420|W20_NSS2_MCS4:bytes=59126,ppdus=1,airtime_us=5444|W20_NSS2_MCS9:bytes=65350,ppdus=1,airtime_us=2740|W40_NSS1_MCS4:bytes=59126,ppdus=1,airtime_us=5436|W40_NSS1_MCS9:bytes=65350,ppdus=1,airtime_us=2732|W40_NSS2_MCS4:bytes=65350,ppdus=1,airtime_us=3044|W40_NSS2_MCS9:bytes=65350,ppdus=1,airtime_us=1396|W80_NSS1_MCS4:bytes=65350,ppdus=1,airtime_us=2892|W80_NSS2_MCS4:bytes=65350,ppdus=1,airtime_us=1476|W80_NSS2_MCS11:bytes=58175126.6017241,ppdus=890,airtime_us=516320.94;;;;;;;;;;;;;;;;;;;;;;;;;;;;;;;;;;;;;;;;;;;;;;;;;;;;;;;;;;;;;;;;;;;;;;;;;;;;;;;;;;;;;;;;;;;;;;;;;;;;;;;;;;;;;;;;;;;;;;;;;;;;;;;;;;;;;;;;;;;;;;;;;;;;;;;;;;;;;;;;;;;;;;;;;;;;;;
8;1;5;1;medium;-50.0;isolated;dl;su;0;918.75;272.2103450749695;15.17736;0.0;918.75;0.9880158341108072;272.2103450749695;15.17736;0.944244;W20_NSS1_MCS8:bytes=4030,ppdus=1,airtime_us=412|W20_NSS2_MCS8:bytes=3646,ppdus=1,airtime_us=228|W40_NSS1_MCS8:bytes=2014,ppdus=1,airtime_us=140|W40_NSS2_MCS1:bytes=2206,ppdus=1,airtime_us=356|W40_NSS2_MCS8:bytes=2014,ppdus=1,airtime_us=100|W80_NSS1_MCS1:bytes=2974,ppdus=1,airtime_us=444|W80_NSS1_MCS8:bytes=2014,ppdus=1,airtime_us=92|W80_NSS2_MCS1:bytes=3838,ppdus=1,airtime_us=308|W80_NSS2_MCS10:bytes=1874434,ppdus=595,airtime_us=53676;;;;;;;;;;;;;;;;;;;;;;;;;;;;;;;;;;;;;;;;;;;;;;;;;;;;;;;;;;;;;;;;;;;;;;;;;;;;;;;;;;;;;;;;;;;;;;;;;;;;;;;;;;;;;;;;;;;;;;;;;;;;;;;;;;;;;;;;;;;;;;;;;;;;;;;;;;;;;;;;;;;;;;;;;;;;;;
8;1;5;1;medium;-50.0;isolated;dl;su;1;1020.833334;315.23177709594495;15.20552;0.0;1020.833334;0.989653231194987;315.23177709594495;15.20552;0.951764;W20_NSS1_MCS7:bytes=2014,ppdus=1,airtime_us=268|W20_NSS1_MCS10:bytes=2014,ppdus=1,airtime_us=204|W20_NSS2_MCS7:bytes=94,ppdus=1,airtime_us=68|W40_NSS1_MCS7:bytes=766,ppdus=1,airtime_us=92|W40_NSS2_MCS7:bytes=8734,ppdus=1,airtime_us=292|W80_NSS1_MCS7:bytes=4030,ppdus=1,airtime_us=156|W80_NSS2_MCS7:bytes=2014,ppdus=1,airtime_us=84|W80_NSS2_MCS11:bytes=1881024,ppdus=580,airtime_us=47072;;;;;;;;;;;;;;;;;;;;;;;;;;;;;;;;;;;;;;;;;;;;;;;;;;;;;;;;;;;;;;;;;;;;;;;;;;;;;;;;;;;;;;;;;;;;;;;;;;;;;;;;;;;;;;;;;;;;;;;;;;;;;;;;;;;;;;;;;;;;;;;;;;;;;;;;;;;;;;;;;;;;;;;;;;;;;;
8;1;5;1;medium;-50.0;isolated;dl;su;2;1020.833334;311.1268110043952;15.290016;0.0;1020.833334;0.9843871975019516;311.1268110043952;15.290016;0.950856;W20_NSS1_MCS8:bytes=3934,ppdus=1,airtime_us=412|W20_NSS2_MCS5:bytes=2014,ppdus=1,airtime_us=196|W20_NSS2_MCS8:bytes=2014,ppdus=1,airtime_us=148|W40_NSS1_MCS5:bytes=2110,ppdus=1,airtime_us=204|W40_NSS1_MCS8:bytes=4030,ppdus=1,airtime_us=236|W40_NSS2_MCS5:bytes=4030,ppdus=1,airtime_us=196|W80_NSS1_MCS5:bytes=2014,ppdus=1,airtime_us=124|W80_NSS2_MCS5:bytes=9694,ppdus=1,airtime_us=212|W80_NSS2_MCS11:bytes=1881412,ppdus=586,airtime_us=47416;;;;;;;;;;;;;;;;;;;;;;;;;;;;;;;;;;;;;;;;;;;;;;;;;;;;;;;;;;;;;;;;;;;;;;;;;;;;;;;;;;;;;;;;;;;;;;;;;;;;;;;;;;;;;;;;;;;;;;;;;;;;;;;;;;;;;;;;;;;;;;;;;;;;;;;;;;;;;;;;;;;;;;;;;;;;;;
9;1;5;1;medium;-50.0;isolated;ul_dl;su;0;551.25;502.3760374468827;245.85535737106719;0.0;551.25;0.9951308606295969;502.3760374468827;245.85535737106719;0.51061488;W40_NSS1_MCS2:bytes=29562,ppdus=1,airtime_us=5436|W40_NSS2_MCS2:bytes=59126,ppdus=1,airtime_us=5444|W80_NSS1_MCS2:bytes=60950,ppdus=1,airtime_us=5356|W80_NSS2_MCS6:bytes=30582281.6713834,ppdus=471,airtime_us=473149.12;;;;;;;;;;;;;;;;;;;;;;;;;;;;;;;;;;;;;;;;;;;;;;;;;;;;;;;;;;;;;;;;;;;;;;;;;;;;;;;;;;;;;;;;;;;;;;;;;;;;;;;;;;;;;;;;;;;;;;;;;;;;;;;;;;;;;;;;;;;;;;;;;;;;;;;;;;;;;;;;;;;;;;;;;;;;;;
9;1;5;1;medium;-50.0;isolated;ul_dl;su;1;1020.833334;870.5065736099913;308.62130489655175;0.0;1020.833334;0.9939427124105168;870.5065736099913;308.62130489655175;0.6454693;W40_NSS1_MCS3:bytes=38898,ppdus=1,airtime_us=5372|W40_NSS2_MCS3:bytes=64254,ppdus=1,airtime_us=4452|W80_NSS1_MCS3:bytes=65174,ppdus=1,airtime_us=4316|W80_NSS2_MCS3:bytes=65350,ppdus=1,airtime_us=2196|W80_NSS2_MCS11:bytes=38343987.112069,ppdus=594,airtime_us=338194.7;;;;;;;;;;;;;;;;;;;;;;;;;;;;;;;;;;;;;;;;;;;;;;;;;;;;;;;;;;;;;;;;;;;;;;;;;;;;;;;;;;;;;;;;;;;;;;;;;;;;;;;;;;;;;;;;;;;;;;;;;;;;;;;;;;;;;;;;;;;;;;;;;;;;;;;;;;;;;;;;;;;;;;;;;;;;;;
9;1;5;1;medium;-50.0;isolated;ul_dl;su;2;1020.833334;856.7043999707172;314.5704272325517;0.0;1020.833334;0.9985238536117805;856.7043999707172;314.5704272325517;0.63281334;W20_NSS2_MCS0:bytes=9334,ppdus=1,airtime_us=5172|W40_NSS1_MCS0:bytes=9430,ppdus=1,airtime_us=5212|W40_NSS2_MCS0:bytes=18670,ppdus=1,airtime_us=5172|W80_NSS1_MCS0:bytes=20610,ppdus=1,airtime_us=5436|W80_NSS2_MCS11:bytes=39263259.404069,ppdus=605,airtime_us=346194.66;;;;;;;;;;;;;;;;;;;;;;;;;;;;;;;;;;;;;;;;;;;;;;;;;;;;;;;;;;;;;;;;;;;;;;;;;;;;;;;;;;;;;;;;;;;;;;;;;;;;;;;;;;;;;;;;;;;;;;;;;;;;;;;;;;;;;;;;;;;;;;;;;;;;;;;;;;;;;;;;;;;;;;;;;;;;;;
10;1;5;1;medium;-50.0;ap_only_cochannel;ul;su;0;551.25;474.39516552418036;170.19347826086957;0.0;551.25;0.9708911995299467;474.39516552418036;170.19347826086957;0.64124112;W20_NSS1_MCS2:bytes=14002,ppdus=1,airtime_us=5164|W20_NSS2_MCS2:bytes=29562,ppdus=1,airtime_us=5444|W20_NSS2_MCS4:bytes=59126,ppdus=1,airtime_us=5444|W40_NSS1_MCS4:bytes=59126,ppdus=1,airtime_us=5436|W40_NSS2_MCS6:bytes=130700,ppdus=2,airtime_us=4104|W80_NSS1_MCS4:bytes=65350,ppdus=1,airtime_us=2892|W80_NSS1_MCS6:bytes=130700,ppdus=2,airtime_us=3896|W80_NSS2_MCS1:bytes=65350,ppdus=1,airtime_us=4324|W80_NSS2_MCS3:bytes=65350,ppdus=1,airtime_us=2196|W80_NSS2_MCS6:bytes=20654918.7826087,ppdus=316,airtime_us=319858.88;;;;;;;;;;;;;;;;;;;;;;;;;;;;;;;;;;;;;;;;;;;;;;;;;;;;;;;;;;;;;;;;;;;;;;;;;;;;;;;;;;;;;;;;;;;;;;;;;;;;;;;;;;;;;;;;;;;;;;;;;;;;;;;;;;;;;;;;;;;;;;;;;;;;;;;;;;;;;;;;;;;;;;;;;;;;;;
10;1;5;1;medium;-50.0;ap_only_cochannel;ul;su;1;1020.833334;832.0828228867512;165.7276;0.0;1020.833334;0.9558359621451105;832.0828228867512;165.7276;0.800828;W20_NSS2_MCS5:bytes=65350,ppdus=1,airtime_us=4532|W40_NSS1_MCS5:bytes=65350,ppdus=1,airtime_us=4524|W40_NSS2_MCS5:bytes=130700,ppdus=2,airtime_us=4584|W40_NSS2_MCS9:bytes=65350,ppdus=1,airtime_us=1396|W80_NSS1_MCS8:bytes=65350,ppdus=1,airtime_us=1468|W80_NSS1_MCS9:bytes=130700,ppdus=2,airtime_us=2680|W80_NSS2_MCS9:bytes=392100,ppdus=6,airtime_us=4248|W80_NSS2_MCS11:bytes=19801050,ppdus=303,airtime_us=175740;;;;;;;;;;;;;;;;;;;;;;;;;;;;;;;;;;;;;;;;;;;;;;;;;;;;;;;;;;;;;;;;;;;;;;;;;;;;;;;;;;;;;;;;;;;;;;;;;;;;;;;;;;;;;;;;;;;;;;;;;;;;;;;;;;;;;;;;;;;;;;;;;;;;;;;;;;;;;;;;;;;;;;;;;;;;;;
10;1;5;1;medium;-50.0;ap_only_cochannel;ul;su;2;918.75;806.0845683520178;218.08176262420383;0.0;918.75;0.966438275663553;806.0845683520178;218.08176262420383;0.72945548;W20_NSS2_MCS11:bytes=196050,ppdus=3,airtime_us=6636|W40_NSS1_MCS11:bytes=65350,ppdus=1,airtime_us=2204|W40_NSS2_MCS11:bytes=65350,ppdus=1,airtime_us=1140|W80_NSS1_MCS11:bytes=196050,ppdus=3,airtime_us=3252|W80_NSS2_MCS9:bytes=326750,ppdus=5,airtime_us=3540|W80_NSS2_MCS10:bytes=26345320.3280255,ppdus=403,airtime_us=253192.52|W80_NSS2_MCS11:bytes=65350,ppdus=1,airtime_us=580;;;;;;;;;;;;;;;;;;;;;;;;;;;;;;;;;;;;;;;;;;;;;;;;;;;;;;;;;;;;;;;;;;;;;;;;;;;;;;;;;;;;;;;;;;;;;;;;;;;;;;;;;;;;;;;;;;;;;;;;;;;;;;;;;;;;;;;;;;;;;;;;;;;;;;;;;;;;;;;;;;;;;;;;;;;;;;
11;1;5;1;medium;-50.0;ap_only_cochannel;dl;su;0;367.5;11.75;0.001504;0.0;367.5;0.5;11.75;0.001504;0.999872;W80_NSS1_MCS4:bytes=94,ppdus=1,airtime_us=60|W80_NSS2_MCS4:bytes=94,ppdus=1,airtime_us=68;;;;;;;;;;;;;;;;;;;;;;;;;;;;;;;;;;;;;;;;;;;;;;;;;;;;;;;;;;;;;;;;;;;;;;;;;;;;;;;;;;;;;;;;;;;;;;;;;;;;;;;;;;;;;;;;;;;;;;;;;;;;;;;;;;;;;;;;;;;;;;;;;;;;;;;;;;;;;;;;;;;;;;;;;;;;;;
11;1;5;1;medium;-50.0;ap_only_cochannel;dl;su;1;510.416667;340.40604311661855;8.021328;0.0;510.416667;0.8922452740992514;340.40604311661855;8.021328;0.976436;W40_NSS2_MCS11:bytes=106508,ppdus=6,airtime_us=2120|W80_NSS1_MCS11:bytes=894624,ppdus=144,airtime_us=21184|W80_NSS2_MCS0:bytes=1534,ppdus=1,airtime_us=260;;;;;;;;;;;;;;;;;;;;;;;;;;;;;;;;;;;;;;;;;;;;;;;;;;;;;;;;;;;;;;;;;;;;;;;;;;;;;;;;;;;;;;;;;;;;;;;;;;;;;;;;;;;;;;;;;;;;;;;;;;;;;;;;;;;;;;;;;;;;;;;;;;;;;;;;;;;;;;;;;;;;;;;;;;;;;;
11;1;5;1;medium;-50.0;ap_only_cochannel;dl;su;2;612.5;298.0222246671801;10.834896;0.0;612.5;0.9085694961908264;298.0222246671801;10.834896;0.963644;W40_NSS1_MCS8:bytes=83892,ppdus=6,airtime_us=4152|W40_NSS2_MCS8:bytes=28324,ppdus=2,airtime_us=760|W80_NSS1_MCS7:bytes=11614,ppdus=1,airtime_us=348|W80_NSS2_MCS7:bytes=1230532,ppdus=250,airtime_us=31096;;;;;;;;;;;;;;;;;;;;;;;;;;;;;;;;;;;;;;;;;;;;;;;;;;;;;;;;;;;;;;;;;;;;;;;;;;;;;;;;;;;;;;;;;;;;;;;;;;;;;;;;;;;;;;;;;;;;;;;;;;;;;;;;;;;;;;;;;;;;;;;;;;;;;;;;;;;;;;;;;;;;;;;;;;;;;;
12;1;5;1;medium;-50.0;ap_only_cochannel;ul_dl;su;0;367.5;347.42721406254134;73.3578873860822;0.0;367.5;0.9857361214003755;347.42721406254134;73.3578873860822;0.78885394;W40_NSS1_MCS6:bytes=65446,ppdus=1,airtime_us=4028|W40_NSS2_MCS6:bytes=65350,ppdus=1,airtime_us=2052|W80_NSS2_MCS4:bytes=9038939.92326027,ppdus=142,airtime_us=205066.06;;;;;;;;;;;;;;;;;;;;;;;;;;;;;;;;;;;;;;;;;;;;;;;;;;;;;;;;;;;;;;;;;;;;;;;;;;;;;;;;;;;;;;;;;;;;;;;;;;;;;;;;;;;;;;;;;;;;;;;;;;;;;;;;;;;;;;;;;;;;;;;;;;;;;;;;;;;;;;;;;;;;;;;;;;;;;;
12;1;5;1;medium;-50.0;ap_only_cochannel;ul_dl;su;1;1020.833334;738.3421346225363;63.532864;0.0;1020.833334;0.9264257314135877;738.3421346225363;63.532864;0.913952;W20_NSS1_MCS11:bytes=64310,ppdus=1,airtime_us=4268|W40_NSS1_MCS11:bytes=130044,ppdus=2,airtime_us=4360|W80_NSS1_MCS11:bytes=259244,ppdus=4,airtime_us=4272|W80_NSS2_MCS1:bytes=130700,ppdus=2,airtime_us=8648|W80_NSS2_MCS11:bytes=7357310,ppdus=113,airtime_us=64500;;;;;;;;;;;;;;;;;;;;;;;;;;;;;;;;;;;;;;;;;;;;;;;;;;;;;;;;;;;;;;;;;;;;;;;;;;;;;;;;;;;;;;;;;;;;;;;;;;;;;;;;;;;;;;;;;;;;;;;;;;;;;;;;;;;;;;;;;;;;;;;;;;;;;;;;;;;;;;;;;;;;;;;;;;;;;;
12;1;5;1;medium;-50.0;ap_only_cochannel;ul_dl;su;2;735.0;639.6668944645123;52.416864;0.0;735.0;0.9402824251370704;639.6668944645123;52.416864;0.918056;W40_NSS2_MCS8:bytes=65498,ppdus=1,airtime_us=1556|W80_NSS1_MCS7:bytes=130700,ppdus=2,airtime_us=3512|W80_NSS1_MCS8:bytes=129636,ppdus=2,airtime_us=2936|W80_NSS2_MCS7:bytes=65442,ppdus=1,airtime_us=916|W80_NSS2_MCS8:bytes=6160832,ppdus=100,airtime_us=73024;;;;;;;;;;;;;;;;;;;;;;;;;;;;;;;;;;;;;;;;;;;;;;;;;;;;;;;;;;;;;;;;;;;;;;;;;;;;;;;;;;;;;;;;;;;;;;;;;;;;;;;;;;;;;;;;;;;;;;;;;;;;;;;;;;;;;;;;;;;;;;;;;;;;;;;;;;;;;;;;;;;;;;;;;;;;;;
13;1;5;1;low;-60.0;isolated;ul;su;0;816.666668;703.9126544084162;413.406017559887;0.0;816.666668;0.9905756185577642;703.9126544084162;413.406017559887;0.412702677;W20_NSS1_MCS5:bytes=38898,ppdus=1,airtime_us=5372|W20_NSS2_MCS5:bytes=65350,ppdus=1,airtime_us=4532|W40_NSS1_MCS5:bytes=65350,ppdus=1,airtime_us=4524|W40_NSS2_MCS2:bytes=59126,ppdus=1,airtime_us=5444|W40_NSS2_MCS5:bytes=65350,ppdus=1,airtime_us=2292|W80_NSS1_MCS2:bytes=62238,ppdus=1,airtime_us=5468|W80_NSS1_MCS5:bytes=65350,ppdus=1,airtime_us=2188|W80_NSS2_MCS2:bytes=65350,ppdus=1,airtime_us=2900|W80_NSS2_MCS9:bytes=51188740.1949859,ppdus=784,airtime_us=554577.323;;;;;;;;;;;;;;;;;;;;;;;;;;;;;;;;;;;;;;;;;;;;;;;;;;;;;;;;;;;;;;;;;;;;;;;;;;;;;;;;;;;;;;;;;;;;;;;;;;;;;;;;;;;;;;;;;;;;;;;;;;;;;;;;;;;;;;;;;;;;;;;;;;;;;;;;;;;;;;;;;;;;;;;;;;;;;;
13;1;5;1;low;-60.0;isolated;ul;su;1;816.666668;709.2790810121348;414.44480145706217;0.0;816.666668;0.9905391695438934;709.2790810121348;414.44480145706217;0.415681623;W20_NSS1_MCS5:bytes=38898,ppdus=1,airtime_us=5372|W20_NSS1_MCS8:bytes=59126,ppdus=1,airtime_us=5436|W20_NSS2_MCS5:bytes=65350,ppdus=1,airtime_us=4532|W40_NSS1_MCS5:bytes=65350,ppdus=1,airtime_us=4524|W40_NSS2_MCS5:bytes=65350,ppdus=1,airtime_us=2292|W80_NSS1_MCS5:bytes=65350,ppdus=1,airtime_us=2188|W80_NSS2_MCS2:bytes=65350,ppdus=1,airtime_us=2900|W80_NSS2_MCS5:bytes=65350,ppdus=1,airtime_us=1124|W80_NSS2_MCS9:bytes=51315476.1821328,ppdus=785,airtime_us=555950.377;;;;;;;;;;;;;;;;;;;;;;;;;;;;;;;;;;;;;;;;;;;;;;;;;;;;;;;;;;;;;;;;;;;;;;;;;;;;;;;;;;;;;;;;;;;;;;;;;;;;;;;;;;;;;;;;;;;;;;;;;;;;;;;;;;;;;;;;;;;;;;;;;;;;;;;;;;;;;;;;;;;;;;;;;;;;;;
13;1;5;1;low;-60.0;isolated;ul;su;2;816.666668;712.2234564120108;418.14273968983053;0.0;816.666668;0.9909205358849081;712.2234564120108;418.14273968983053;0.412905127;W20_NSS1_MCS4:bytes=29562,ppdus=1,airtime_us=5436|W20_NSS2_MCS4:bytes=59126,ppdus=1,airtime_us=5444|W40_NSS1_MCS4:bytes=59126,ppdus=1,airtime_us=5436|W40_NSS2_MCS4:bytes=65350,ppdus=1,airtime_us=3044|W80_NSS1_MCS4:bytes=65350,ppdus=1,airtime_us=2892|W80_NSS1_MCS8:bytes=65350,ppdus=1,airtime_us=1468|W80_NSS2_MCS4:bytes=65350,ppdus=1,airtime_us=1476|W80_NSS2_MCS8:bytes=65350,ppdus=1,airtime_us=772|W80_NSS2_MCS9:bytes=51793278.4612288,ppdus=792,airtime_us=561126.873;;;;;;;;;;;;;;;;;;;;;;;;;;;;;;;;;;;;;;;;;;;;;;;;;;;;;;;;;;;;;;;;;;;;;;;;;;;;;;;;;;;;;;;;;;;;;;;;;;;;;;;;;;;;;;;;;;;;;;;;;;;;;;;;;;;;;;;;;;;;;;;;;;;;;;;;;;;;;;;;;;;;;;;;;;;;;;
14;1;5;1;low;-60.0;isolated;dl;su;0;551.25;250.18066609999227;12.950352;0.0;551.25;0.6010140882657089;250.18066609999227;12.950352;0.948236;W20_NSS1_MCS8:bytes=2014,ppdus=1,airtime_us=236|W20_NSS2_MCS8:bytes=2014,ppdus=1,airtime_us=148|W40_NSS1_MCS7:bytes=3838,ppdus=1,airtime_us=268|W40_NSS2_MCS7:bytes=1822,ppdus=1,airtime_us=116|W80_NSS1_MCS7:bytes=2014,ppdus=1,airtime_us=108|W80_NSS2_MCS6:bytes=972918,ppdus=301,airtime_us=31588|W80_NSS2_MCS7:bytes=634174,ppdus=185,airtime_us=19300;;;;;;;;;;;;;;;;;;;;;;;;;;;;;;;;;;;;;;;;;;;;;;;;;;;;;;;;;;;;;;;;;;;;;;;;;;;;;;;;;;;;;;;;;;;;;;;;;;;;;;;;;;;;;;;;;;;;;;;;;;;;;;;;;;;;;;;;;;;;;;;;;;;;;;;;;;;;;;;;;;;;;;;;;;;;;;
14;1;5;1;low;-60.0;isolated;dl;su;1;816.666668;273.38347273602284;13.808078412380953;0.0;816.666668;0.9883279921226773;273.38347273602284;13.808078412380953;0.949491905;W20_NSS1_MCS8:bytes=2014,ppdus=1,airtime_us=236|W20_NSS2_MCS8:bytes=3742,ppdus=1,airtime_us=228|W40_NSS1_MCS8:bytes=3742,ppdus=1,airtime_us=220|W40_NSS2_MCS5:bytes=2014,ppdus=1,airtime_us=132|W40_NSS2_MCS8:bytes=4030,ppdus=1,airtime_us=148|W80_NSS1_MCS5:bytes=2590,ppdus=1,airtime_us=140|W80_NSS2_MCS5:bytes=2014,ppdus=1,airtime_us=100|W80_NSS2_MCS9:bytes=1705863.80154762,ppdus=525,airtime_us=49304.095;;;;;;;;;;;;;;;;;;;;;;;;;;;;;;;;;;;;;;;;;;;;;;;;;;;;;;;;;;;;;;;;;;;;;;;;;;;;;;;;;;;;;;;;;;;;;;;;;;;;;;;;;;;;;;;;;;;;;;;;;;;;;;;;;;;;;;;;;;;;;;;;;;;;;;;;;;;;;;;;;;;;;;;;;;;;;;
14;1;5;1;low;-60.0;isolated;dl;su;2;816.666668;261.9257298559751;13.457744;0.0;816.666668;0.6491512990587427;261.9257298559751;13.457744;0.94862;W20_NSS1_MCS4:bytes=1726,ppdus=1,airtime_us=364|W20_NSS2_MCS4:bytes=7870,ppdus=1,airtime_us=772|W40_NSS1_MCS4:bytes=2014,ppdus=1,airtime_us=236|W40_NSS2_MCS4:bytes=4030,ppdus=1,airtime_us=244|W80_NSS1_MCS9:bytes=5950,ppdus=1,airtime_us=172|W80_NSS2_MCS8:bytes=568614,ppdus=173,airtime_us=16644|W80_NSS2_MCS9:bytes=1092014,ppdus=357,airtime_us=32948;;;;;;;;;;;;;;;;;;;;;;;;;;;;;;;;;;;;;;;;;;;;;;;;;;;;;;;;;;;;;;;;;;;;;;;;;;;;;;;;;;;;;;;;;;;;;;;;;;;;;;;;;;;;;;;;;;;;;;;;;;;;;;;;;;;;;;;;;;;;;;;;;;;;;;;;;;;;;;;;;;;;;;;;;;;;;;
15;1;5;1;low;-60.0;isolated;ul_dl;su;0;551.25;498.16731907146107;218.89472;0.0;551.25;0.9920929294228751;498.16731907146107;218.89472;0.5606;W40_NSS1_MCS2:bytes=29562,ppdus=1,airtime_us=5436|W40_NSS2_MCS2:bytes=59202,ppdus=1,airtime_us=5460|W80_NSS1_MCS2:bytes=62238,ppdus=1,airtime_us=5468|W80_NSS2_MCS2:bytes=65350,ppdus=1,airtime_us=2900|W80_NSS2_MCS6:bytes=27145488,ppdus=418,airtime_us=420136;;;;;;;;;;;;;;;;;;;;;;;;;;;;;;;;;;;;;;;;;;;;;;;;;;;;;;;;;;;;;;;;;;;;;;;;;;;;;;;;;;;;;;;;;;;;;;;;;;;;;;;;;;;;;;;;;;;;;;;;;;;;;;;;;;;;;;;;;;;;;;;;;;;;;;;;;;;;;;;;;;;;;;;;;;;;;;
15;1;5;1;low;-60.0;isolated;ul_dl;su;1;612.5;555.9899810380562;252.163696;0.0;612.5;0.9923963043435087;555.9899810380562;252.163696;0.54646;W20_NSS1_MCS6:bytes=44026,ppdus=1,airtime_us=5404|W20_NSS2_MCS6:bytes=65350,ppdus=1,airtime_us=4036|W40_NSS1_MCS6:bytes=64850,ppdus=1,airtime_us=3996|W40_NSS2_MCS6:bytes=65446,ppdus=1,airtime_us=2052|W80_NSS2_MCS7:bytes=31280790,ppdus=481,airtime_us=438052;;;;;;;;;;;;;;;;;;;;;;;;;;;;;;;;;;;;;;;;;;;;;;;;;;;;;;;;;;;;;;;;;;;;;;;;;;;;;;;;;;;;;;;;;;;;;;;;;;;;;;;;;;;;;;;;;;;;;;;;;;;;;;;;;;;;;;;;;;;;;;;;;;;;;;;;;;;;;;;;;;;;;;;;;;;;;;
15;1;5;1;low;-60.0;isolated;ul_dl;su;2;735.0;662.74037147222;263.760064;0.0;735.0;0.9944082512809824;662.74037147222;263.760064;0.602016;W20_NSS1_MCS1:bytes=9334,ppdus=1,airtime_us=5164|W40_NSS2_MCS5:bytes=65522,ppdus=1,airtime_us=2308|W80_NSS1_MCS5:bytes=64274,ppdus=1,airtime_us=2156|W80_NSS2_MCS5:bytes=45230,ppdus=1,airtime_us=804|W80_NSS2_MCS8:bytes=32785648,ppdus=512,airtime_us=387552;;;;;;;;;;;;;;;;;;;;;;;;;;;;;;;;;;;;;;;;;;;;;;;;;;;;;;;;;;;;;;;;;;;;;;;;;;;;;;;;;;;;;;;;;;;;;;;;;;;;;;;;;;;;;;;;;;;;;;;;;;;;;;;;;;;;;;;;;;;;;;;;;;;;;;;;;;;;;;;;;;;;;;;;;;;;;;
16;1;5;1;low;-60.0;ap_only_cochannel;ul;su;0;367.5;336.6447890524761;119.36416204308944;0.0;367.5;0.9715310195134341;336.6447890524761;119.36416204308944;0.645429943;W40_NSS1_MCS1:bytes=18670,ppdus=1,airtime_us=5164|W40_NSS2_MCS1:bytes=38898,ppdus=1,airtime_us=5380|W40_NSS2_MCS6:bytes=65350,ppdus=1,airtime_us=2052|W80_NSS1_MCS1:bytes=40454,ppdus=1,airtime_us=5340|W80_NSS1_MCS4:bytes=65350,ppdus=1,airtime_us=2892|W80_NSS1_MCS6:bytes=65350,ppdus=1,airtime_us=1948|W80_NSS2_MCS3:bytes=130700,ppdus=2,airtime_us=4392|W80_NSS2_MCS4:bytes=14495748.2553862,ppdus=222,airtime_us=327402.057;;;;;;;;;;;;;;;;;;;;;;;;;;;;;;;;;;;;;;;;;;;;;;;;;;;;;;;;;;;;;;;;;;;;;;;;;;;;;;;;;;;;;;;;;;;;;;;;;;;;;;;;;;;;;;;;;;;;;;;;;;;;;;;;;;;;;;;;;;;;;;;;;;;;;;;;;;;;;;;;;;;;;;;;;;;;;;
16;1;5;1;low;-60.0;ap_only_cochannel;ul;su;1;612.5;533.1871337714231;140.0659337462882;0.0;612.5;0.9694289119026169;533.1871337714231;140.0659337462882;0.737304363;W20_NSS2_MCS3:bytes=38898,ppdus=1,airtime_us=5380|W40_NSS1_MCS3:bytes=38898,ppdus=1,airtime_us=5372|W40_NSS2_MCS3:bytes=65350,ppdus=1,airtime_us=4532|W40_NSS2_MCS7:bytes=65350,ppdus=1,airtime_us=1844|W80_NSS1_MCS7:bytes=65350,ppdus=1,airtime_us=1756|W80_NSS2_MCS4:bytes=261400,ppdus=4,airtime_us=5904|W80_NSS2_MCS7:bytes=16972995.718286,ppdus=259,airtime_us=237907.637;;;;;;;;;;;;;;;;;;;;;;;;;;;;;;;;;;;;;;;;;;;;;;;;;;;;;;;;;;;;;;;;;;;;;;;;;;;;;;;;;;;;;;;;;;;;;;;;;;;;;;;;;;;;;;;;;;;;;;;;;;;;;;;;;;;;;;;;;;;;;;;;;;;;;;;;;;;;;;;;;;;;;;;;;;;;;;
16;1;5;1;low;-60.0;ap_only_cochannel;ul;su;2;735.0;594.5625788210491;132.7244072160622;0.0;735.0;0.9559209332879055;594.5625788210491;132.7244072160622;0.776769659;W20_NSS2_MCS3:bytes=38898,ppdus=1,airtime_us=5380|W40_NSS1_MCS3:bytes=38898,ppdus=1,airtime_us=5372|W40_NSS1_MCS7:bytes=130700,ppdus=2,airtime_us=7256|W40_NSS2_MCS3:bytes=65350,ppdus=1,airtime_us=4532|W40_NSS2_MCS7:bytes=65350,ppdus=1,airtime_us=1844|W40_NSS2_MCS8:bytes=65350,ppdus=1,airtime_us=1556|W80_NSS1_MCS7:bytes=65350,ppdus=1,airtime_us=1756|W80_NSS1_MCS8:bytes=65350,ppdus=1,airtime_us=1468|W80_NSS2_MCS2:bytes=130700,ppdus=2,airtime_us=5800|W80_NSS2_MCS7:bytes=65350,ppdus=1,airtime_us=916|W80_NSS2_MCS8:bytes=15859254.9020078,ppdus=242,airtime_us=187350.341;;;;;;;;;;;;;;;;;;;;;;;;;;;;;;;;;;;;;;;;;;;;;;;;;;;;;;;;;;;;;;;;;;;;;;;;;;;;;;;;;;;;;;;;;;;;;;;;;;;;;;;;;;;;;;;;;;;;;;;;;;;;;;;;;;;;;;;;;;;;;;;;;;;;;;;;;;;;;;;;;;;;;;;;;;;;;;
17;1;5;1;low;-60.0;ap_only_cochannel;dl;su;0;367.5;199.69171163691712;5.772688;0.0;367.5;0.7766918981244093;199.69171163691712;5.772688;0.971092;W20_NSS2_MCS4:bytes=26622,ppdus=1,airtime_us=2484|W20_NSS2_MCS6:bytes=134514,ppdus=7,airtime_us=8588|W80_NSS2_MCS4:bytes=560450,ppdus=95,airtime_us=17836;;;;;;;;;;;;;;;;;;;;;;;;;;;;;;;;;;;;;;;;;;;;;;;;;;;;;;;;;;;;;;;;;;;;;;;;;;;;;;;;;;;;;;;;;;;;;;;;;;;;;;;;;;;;;;;;;;;;;;;;;;;;;;;;;;;;;;;;;;;;;;;;;;;;;;;;;;;;;;;;;;;;;;;;;;;;;;
17;1;5;1;low;-60.0;ap_only_cochannel;dl;su;1;243.75;154.14005342004413;5.3092;0.0;243.75;0.84240789572817;154.14005342004413;5.3092;0.965556;W20_NSS1_MCS11:bytes=84828,ppdus=6,airtime_us=5880|W40_NSS1_MCS11:bytes=559064,ppdus=88,airtime_us=23104|W40_NSS2_MCS0:bytes=19758,ppdus=1,airtime_us=5460;;;;;;;;;;;;;;;;;;;;;;;;;;;;;;;;;;;;;;;;;;;;;;;;;;;;;;;;;;;;;;;;;;;;;;;;;;;;;;;;;;;;;;;;;;;;;;;;;;;;;;;;;;;;;;;;;;;;;;;;;;;;;;;;;;;;;;;;;;;;;;;;;;;;;;;;;;;;;;;;;;;;;;;;;;;;;;
17;1;5;1;low;-60.0;ap_only_cochannel;dl;su;2;612.5;279.02128900554095;3.827056;0.0;612.5;0.903290675652512;279.02128900554095;3.827056;0.986284;W40_NSS2_MCS7:bytes=46264,ppdus=4,airtime_us=1504|W80_NSS2_MCS7:bytes=432118,ppdus=109,airtime_us=12212;;;;;;;;;;;;;;;;;;;;;;;;;;;;;;;;;;;;;;;;;;;;;;;;;;;;;;;;;;;;;;;;;;;;;;;;;;;;;;;;;;;;;;;;;;;;;;;;;;;;;;;;;;;;;;;;;;;;;;;;;;;;;;;;;;;;;;;;;;;;;;;;;;;;;;;;;;;;;;;;;;;;;;;;;;;;;;
18;1;5;1;low;-60.0;ap_only_cochannel;ul_dl;su;0;367.5;314.3571931860571;60.675968;0.0;367.5;0.951578061350418;314.3571931860571;60.675968;0.806984;W20_NSS2_MCS4:bytes=118348,ppdus=2,airtime_us=10904|W20_NSS2_MCS6:bytes=65462,ppdus=1,airtime_us=4036|W40_NSS1_MCS4:bytes=118096,ppdus=2,airtime_us=10872|W40_NSS2_MCS4:bytes=65350,ppdus=1,airtime_us=3044|W80_NSS2_MCS4:bytes=7217240,ppdus=120,airtime_us=164160;;;;;;;;;;;;;;;;;;;;;;;;;;;;;;;;;;;;;;;;;;;;;;;;;;;;;;;;;;;;;;;;;;;;;;;;;;;;;;;;;;;;;;;;;;;;;;;;;;;;;;;;;;;;;;;;;;;;;;;;;;;;;;;;;;;;;;;;;;;;;;;;;;;;;;;;;;;;;;;;;;;;;;;;;;;;;;
18;1;5;1;low;-60.0;ap_only_cochannel;ul_dl;su;1;243.75;225.62532657138468;46.980608;0.0;243.75;0.9458469332708508;225.62532657138468;46.980608;0.791776;W20_NSS1_MCS11:bytes=318018,ppdus=5,airtime_us=21132|W40_NSS1_MCS11:bytes=5554558,ppdus=87,airtime_us=187092;;;;;;;;;;;;;;;;;;;;;;;;;;;;;;;;;;;;;;;;;;;;;;;;;;;;;;;;;;;;;;;;;;;;;;;;;;;;;;;;;;;;;;;;;;;;;;;;;;;;;;;;;;;;;;;;;;;;;;;;;;;;;;;;;;;;;;;;;;;;;;;;;;;;;;;;;;;;;;;;;;;;;;;;;;;;;;
18;1;5;1;low;-60.0;ap_only_cochannel;ul_dl;su;2;612.5;535.6354217710885;61.212416;0.0;612.5;0.9747447315263622;535.6354217710885;61.212416;0.88572;W20_NSS2_MCS8:bytes=64082,ppdus=1,airtime_us=2980|W40_NSS1_MCS7:bytes=64946,ppdus=1,airtime_us=3612|W40_NSS1_MCS8:bytes=64214,ppdus=1,airtime_us=2972|W80_NSS2_MCS7:bytes=7458310,ppdus=119,airtime_us=104716;;;;;;;;;;;;;;;;;;;;;;;;;;;;;;;;;;;;;;;;;;;;;;;;;;;;;;;;;;;;;;;;;;;;;;;;;;;;;;;;;;;;;;;;;;;;;;;;;;;;;;;;;;;;;;;;;;;;;;;;;;;;;;;;;;;;;;;;;;;;;;;;;;;;;;;;;;;;;;;;;;;;;;;;;;;;;;
1;1;10;1;high;-41.5;isolated;ul;su;0;1020.833334;901.3793103448276;483.30291970344825;0.0;1020.833334;1.0;901.3793103448276;483.30291970344825;0.46381849;W80_NSS2_MCS11:bytes=60412864.962931,ppdus=924,airtime_us=536181.51;;;;;;;;;;;;;;;;;;;;;;;;;;;;;;;;;;;;;;;;;;;;;;;;;;;;;;;;;;;;;;;;;;;;;;;;;;;;;;;;;;;;;;;;;;;;;;;;;;;;;;;;;;;;;;;;;;;;;;;;;;;;;;;;;;;;;;;;;;;;;;;;;;;;;;;;;;;;;;;;;;;;;;;;;;;;;;
1;1;10;1;high;-41.5;isolated;ul;su;1;1020.833334;901.3793103448276;487.70293069655173;0.0;1020.833334;1.0;901.3793103448276;487.70293069655173;0.45893707;W80_NSS2_MCS11:bytes=60962866.337069,ppdus=933,airtime_us=541062.93;;;;;;;;;;;;;;;;;;;;;;;;;;;;;;;;;;;;;;;;;;;;;;;;;;;;;;;;;;;;;;;;;;;;;;;;;;;;;;;;;;;;;;;;;;;;;;;;;;;;;;;;;;;;;;;;;;;;;;;;;;;;;;;;;;;;;;;;;;;;;;;;;;;;;;;;;;;;;;;;;;;;;;;;;;;;;;
1;1;10;1;high;-41.5;isolated;ul;su;2;1020.833334;901.3793103448276;489.06613169655174;0.0;1020.833334;1.0;901.3793103448276;489.06613169655174;0.45742472;W80_NSS2_MCS11:bytes=61133266.462069,ppdus=935,airtime_us=542575.28;;;;;;;;;;;;;;;;;;;;;;;;;;;;;;;;;;;;;;;;;;;;;;;;;;;;;;;;;;;;;;;;;;;;;;;;;;;;;;;;;;;;;;;;;;;;;;;;;;;;;;;;;;;;;;;;;;;;;;;;;;;;;;;;;;;;;;;;;;;;;;;;;;;;;;;;;;;;;;;;;;;;;;;;;;;;;;
2;1;10;1;high;-41.5;isolated;dl;su;0;1020.833334;325.2399571063268;15.771536;0.0;1020.833334;1.0;325.2399571063268;15.771536;0.951508;W80_NSS2_MCS11:bytes=1971442,ppdus=611,airtime_us=48492;;;;;;;;;;;;;;;;;;;;;;;;;;;;;;;;;;;;;;;;;;;;;;;;;;;;;;;;;;;;;;;;;;;;;;;;;;;;;;;;;;;;;;;;;;;;;;;;;;;;;;;;;;;;;;;;;;;;;;;;;;;;;;;;;;;;;;;;;;;;;;;;;;;;;;;;;;;;;;;;;;;;;;;;;;;;;;
2;1;10;1;high;-41.5;isolated;dl;su;1;1020.833334;316.80638332519135;15.564064;0.0;1020.833334;1.0;316.80638332519135;15.564064;0.950872;W80_NSS2_MCS11:bytes=1945508,ppdus=626,airtime_us=49128;;;;;;;;;;;;;;;;;;;;;;;;;;;;;;;;;;;;;;;;;;;;;;;;;;;;;;;;;;;;;;;;;;;;;;;;;;;;;;;;;;;;;;;;;;;;;;;;;;;;;;;;;;;;;;;;;;;;;;;;;;;;;;;;;;;;;;;;;;;;;;;;;;;;;;;;;;;;;;;;;;;;;;;;;;;;;;
2;1;10;1;high;-41.5;isolated;dl;su;2;1020.833334;315.3208918249381;15.274144;0.0;1020.833334;1.0;315.3208918249381;15.274144;0.95156;W80_NSS2_MCS11:bytes=1909268,ppdus=618,airtime_us=48440;;;;;;;;;;;;;;;;;;;;;;;;;;;;;;;;;;;;;;;;;;;;;;;;;;;;;;;;;;;;;;;;;;;;;;;;;;;;;;;;;;;;;;;;;;;;;;;;;;;;;;;;;;;;;;;;;;;;;;;;;;;;;;;;;;;;;;;;;;;;;;;;;;;;;;;;;;;;;;;;;;;;;;;;;;;;;;
3;1;10;1;high;-41.5;isolated;ul_dl;su;0;612.5;588.2151728990923;271.86788250259065;0.0;612.5;0.7955073398489397;588.2151728990923;271.86788250259065;0.53780879;W40_NSS2_MCS8:bytes=65350,ppdus=1,airtime_us=1556|W80_NSS1_MCS8:bytes=65446,ppdus=1,airtime_us=1484|W80_NSS2_MCS7:bytes=27034112,ppdus=416,airtime_us=378608|W80_NSS2_MCS8:bytes=6818577.31282383,ppdus=105,airtime_us=80543.21;;;;;;;;;;;;;;;;;;;;;;;;;;;;;;;;;;;;;;;;;;;;;;;;;;;;;;;;;;;;;;;;;;;;;;;;;;;;;;;;;;;;;;;;;;;;;;;;;;;;;;;;;;;;;;;;;;;;;;;;;;;;;;;;;;;;;;;;;;;;;;;;;;;;;;;;;;;;;;;;;;;;;;;;;;;;;;
3;1;10;1;high;-41.5;isolated;ul_dl;su;1;1020.833334;889.3259920591397;324.333632;0.0;1020.833334;0.9919903218670828;889.3259920591397;324.333632;0.635304;W20_NSS2_MCS8:bytes=65522,ppdus=1,airtime_us=3044|W40_NSS1_MCS8:bytes=65350,ppdus=1,airtime_us=3036|W40_NSS2_MCS8:bytes=64422,ppdus=1,airtime_us=1524|W80_NSS1_MCS8:bytes=65446,ppdus=1,airtime_us=1484|W80_NSS2_MCS8:bytes=63986,ppdus=1,airtime_us=756|W80_NSS2_MCS11:bytes=40216978,ppdus=621,airtime_us=354852;;;;;;;;;;;;;;;;;;;;;;;;;;;;;;;;;;;;;;;;;;;;;;;;;;;;;;;;;;;;;;;;;;;;;;;;;;;;;;;;;;;;;;;;;;;;;;;;;;;;;;;;;;;;;;;;;;;;;;;;;;;;;;;;;;;;;;;;;;;;;;;;;;;;;;;;;;;;;;;;;;;;;;;;;;;;;;
3;1;10;1;high;-41.5;isolated;ul_dl;su;2;1020.833334;867.1567737802663;321.26199561406895;0.0;1020.833334;0.992515367417164;867.1567737802663;321.26199561406895;0.62952259;W20_NSS1_MCS5:bytes=38898,ppdus=1,airtime_us=5372|W20_NSS2_MCS5:bytes=65446,ppdus=1,airtime_us=4532|W40_NSS1_MCS5:bytes=65350,ppdus=1,airtime_us=4524|W40_NSS2_MCS5:bytes=65522,ppdus=1,airtime_us=2308|W80_NSS1_MCS5:bytes=65350,ppdus=1,airtime_us=2188|W80_NSS2_MCS11:bytes=39857183.4517586,ppdus=613,airtime_us=351553.41;;;;;;;;;;;;;;;;;;;;;;;;;;;;;;;;;;;;;;;;;;;;;;;;;;;;;;;;;;;;;;;;;;;;;;;;;;;;;;;;;;;;;;;;;;;;;;;;;;;;;;;;;;;;;;;;;;;;;;;;;;;;;;;;;;;;;;;;;;;;;;;;;;;;;;;;;;;;;;;;;;;;;;;;;;;;;;
4;1;10;1;high;-41.5;ap_only_cochannel;ul;su;0;612.5;596.6671172904339;229.5092;0.0;612.5;0.5808656036446469;596.6671172904339;229.5092;0.615348;W20_NSS1_MCS9:bytes=65350,ppdus=1,airtime_us=5420|W40_NSS2_MCS8:bytes=130700,ppdus=2,airtime_us=3112|W80_NSS1_MCS5:bytes=65350,ppdus=1,airtime_us=2188|W80_NSS1_MCS8:bytes=130700,ppdus=2,airtime_us=2936|W80_NSS2_MCS7:bytes=16664250,ppdus=255,airtime_us=233580|W80_NSS2_MCS8:bytes=11632300,ppdus=178,airtime_us=137416;;;;;;;;;;;;;;;;;;;;;;;;;;;;;;;;;;;;;;;;;;;;;;;;;;;;;;;;;;;;;;;;;;;;;;;;;;;;;;;;;;;;;;;;;;;;;;;;;;;;;;;;;;;;;;;;;;;;;;;;;;;;;;;;;;;;;;;;;;;;;;;;;;;;;;;;;;;;;;;;;;;;;;;;;;;;;;
4;1;10;1;high;-41.5;ap_only_cochannel;ul;su;1;735.0;656.3554312583095;170.40280672020725;0.0;735.0;0.9693197541717484;656.3554312583095;170.40280672020725;0.74038029;W20_NSS2_MCS10:bytes=130700,ppdus=2,airtime_us=4872|W40_NSS1_MCS10:bytes=130700,ppdus=2,airtime_us=4856|W40_NSS2_MCS10:bytes=65350,ppdus=1,airtime_us=1252|W80_NSS1_MCS10:bytes=65350,ppdus=1,airtime_us=1196|W80_NSS2_MCS5:bytes=130700,ppdus=2,airtime_us=2248|W80_NSS2_MCS8:bytes=20646850.8400259,ppdus=316,airtime_us=243907.71|W80_NSS2_MCS9:bytes=65350,ppdus=1,airtime_us=708|W80_NSS2_MCS11:bytes=65350,ppdus=1,airtime_us=580;;;;;;;;;;;;;;;;;;;;;;;;;;;;;;;;;;;;;;;;;;;;;;;;;;;;;;;;;;;;;;;;;;;;;;;;;;;;;;;;;;;;;;;;;;;;;;;;;;;;;;;;;;;;;;;;;;;;;;;;;;;;;;;;;;;;;;;;;;;;;;;;;;;;;;;;;;;;;;;;;;;;;;;;;;;;;;
4;1;10;1;high;-41.5;ap_only_cochannel;ul;su;2;551.25;591.9269594130021;232.87113344097042;0.0;551.25;0.6105879494836693;591.9269594130021;232.87113344097042;0.60658806;W20_NSS1_MCS1:bytes=9334,ppdus=1,airtime_us=5164|W20_NSS2_MCS7:bytes=65350,ppdus=1,airtime_us=3636|W40_NSS1_MCS11:bytes=196050,ppdus=3,airtime_us=6612|W40_NSS2_MCS11:bytes=196050,ppdus=3,airtime_us=3420|W80_NSS1_MCS6:bytes=65350,ppdus=1,airtime_us=1948|W80_NSS1_MCS11:bytes=196050,ppdus=3,airtime_us=3252|W80_NSS2_MCS6:bytes=17773538.4827075,ppdus=271,airtime_us=275238.27|W80_NSS2_MCS11:bytes=10607169.1974138,ppdus=163,airtime_us=94141.67;;;;;;;;;;;;;;;;;;;;;;;;;;;;;;;;;;;;;;;;;;;;;;;;;;;;;;;;;;;;;;;;;;;;;;;;;;;;;;;;;;;;;;;;;;;;;;;;;;;;;;;;;;;;;;;;;;;;;;;;;;;;;;;;;;;;;;;;;;;;;;;;;;;;;;;;;;;;;;;;;;;;;;;;;;;;;;
5;1;10;1;high;-41.5;ap_only_cochannel;dl;su;0;612.5;274.8652882205514;14.03792;0.0;612.5;0.5205568916192712;274.8652882205514;14.03792;0.948928;W20_NSS1_MCS8:bytes=3166,ppdus=1,airtime_us=348|W20_NSS2_MCS8:bytes=2398,ppdus=1,airtime_us=164|W40_NSS2_MCS7:bytes=2014,ppdus=1,airtime_us=116|W80_NSS1_MCS7:bytes=58672,ppdus=8,airtime_us=1968|W80_NSS2_MCS5:bytes=64308,ppdus=6,airtime_us=1432|W80_NSS2_MCS6:bytes=710740,ppdus=206,airtime_us=22232|W80_NSS2_MCS7:bytes=913442,ppdus=215,airtime_us=24812;;;;;;;;;;;;;;;;;;;;;;;;;;;;;;;;;;;;;;;;;;;;;;;;;;;;;;;;;;;;;;;;;;;;;;;;;;;;;;;;;;;;;;;;;;;;;;;;;;;;;;;;;;;;;;;;;;;;;;;;;;;;;;;;;;;;;;;;;;;;;;;;;;;;;;;;;;;;;;;;;;;;;;;;;;;;;;
5;1;10;1;high;-41.5;ap_only_cochannel;dl;su;1;1020.833334;115.19242451313204;2.578928;0.0;1020.833334;0.8034594218993318;115.19242451313204;2.578928;0.977612;W20_NSS1_MCS0:bytes=6106,ppdus=3,airtime_us=6836|W20_NSS1_MCS11:bytes=102,ppdus=1,airtime_us=60|W20_NSS2_MCS0:bytes=5758,ppdus=1,airtime_us=3204|W20_NSS2_MCS11:bytes=49316,ppdus=14,airtime_us=2440|W80_NSS1_MCS11:bytes=2076,ppdus=2,airtime_us=136|W80_NSS2_MCS11:bytes=259008,ppdus=128,airtime_us=9712;;;;;;;;;;;;;;;;;;;;;;;;;;;;;;;;;;;;;;;;;;;;;;;;;;;;;;;;;;;;;;;;;;;;;;;;;;;;;;;;;;;;;;;;;;;;;;;;;;;;;;;;;;;;;;;;;;;;;;;;;;;;;;;;;;;;;;;;;;;;;;;;;;;;;;;;;;;;;;;;;;;;;;;;;;;;;;
5;1;10;1;high;-41.5;ap_only_cochannel;dl;su;2;612.5;90.11764705882354;0.006128;0.0;612.5;1.0;90.11764705882354;0.006128;0.999932;W80_NSS2_MCS7:bytes=766,ppdus=1,airtime_us=68;;;;;;;;;;;;;;;;;;;;;;;;;;;;;;;;;;;;;;;;;;;;;;;;;;;;;;;;;;;;;;;;;;;;;;;;;;;;;;;;;;;;;;;;;;;;;;;;;;;;;;;;;;;;;;;;;;;;;;;;;;;;;;;;;;;;;;;;;;;;;;;;;;;;;;;;;;;;;;;;;;;;;;;;;;;;;;
6;1;10;1;high;-41.5;ap_only_cochannel;ul_dl;su;0;245.0;236.06155933338863;94.74141126413407;0.0;245.0;0.9864593108453552;236.06155933338863;94.74141126413407;0.59865803;W40_NSS1_MCS2:bytes=29658,ppdus=1,airtime_us=5468|W80_NSS2_MCS3:bytes=11682318.4080168,ppdus=187,airtime_us=392921.97|W80_NSS2_MCS4:bytes=130700,ppdus=2,airtime_us=2952;;;;;;;;;;;;;;;;;;;;;;;;;;;;;;;;;;;;;;;;;;;;;;;;;;;;;;;;;;;;;;;;;;;;;;;;;;;;;;;;;;;;;;;;;;;;;;;;;;;;;;;;;;;;;;;;;;;;;;;;;;;;;;;;;;;;;;;;;;;;;;;;;;;;;;;;;;;;;;;;;;;;;;;;;;;;;;
6;1;10;1;high;-41.5;ap_only_cochannel;ul_dl;su;1;612.5;544.8800527654763;115.65624;0.0;612.5;0.9791222678516956;544.8800527654763;115.65624;0.78774;W20_NSS1_MCS6:bytes=43854,ppdus=1,airtime_us=5388|W80_NSS2_MCS3:bytes=257976,ppdus=4,airtime_us=8656|W80_NSS2_MCS7:bytes=14155200,ppdus=218,airtime_us=198216;;;;;;;;;;;;;;;;;;;;;;;;;;;;;;;;;;;;;;;;;;;;;;;;;;;;;;;;;;;;;;;;;;;;;;;;;;;;;;;;;;;;;;;;;;;;;;;;;;;;;;;;;;;;;;;;;;;;;;;;;;;;;;;;;;;;;;;;;;;;;;;;;;;;;;;;;;;;;;;;;;;;;;;;;;;;;;
6;1;10;1;high;-41.5;ap_only_cochannel;ul_dl;su;2;367.5;334.46445643398135;104.394384;0.0;367.5;0.9644526471845458;334.46445643398135;104.394384;0.687876;W40_NSS1_MCS3:bytes=39430,ppdus=1,airtime_us=5452|W40_NSS2_MCS2:bytes=41942,ppdus=1,airtime_us=3892|W80_NSS1_MCS2:bytes=123316,ppdus=2,airtime_us=10840|W80_NSS1_MCS8:bytes=12585430,ppdus=207,airtime_us=284660|W80_NSS2_MCS2:bytes=129544,ppdus=2,airtime_us=5752|W80_NSS2_MCS8:bytes=129636,ppdus=2,airtime_us=1528;;;;;;;;;;;;;;;;;;;;;;;;;;;;;;;;;;;;;;;;;;;;;;;;;;;;;;;;;;;;;;;;;;;;;;;;;;;;;;;;;;;;;;;;;;;;;;;;;;;;;;;;;;;;;;;;;;;;;;;;;;;;;;;;;;;;;;;;;;;;;;;;;;;;;;;;;;;;;;;;;;;;;;;;;;;;;;
7;1;10;1;medium;-50.0;isolated;ul;su;0;1020.833334;901.3793103448276;487.40501582068964;0.0;1020.833334;1.0;901.3793103448276;487.40501582068964;0.45926758;W80_NSS2_MCS11:bytes=60925626.9775862,ppdus=933,airtime_us=540732.42;;;;;;;;;;;;;;;;;;;;;;;;;;;;;;;;;;;;;;;;;;;;;;;;;;;;;;;;;;;;;;;;;;;;;;;;;;;;;;;;;;;;;;;;;;;;;;;;;;;;;;;;;;;;;;;;;;;;;;;;;;;;;;;;;;;;;;;;;;;;;;;;;;;;;;;;;;;;;;;;;;;;;;;;;;;;;;
7;1;10;1;medium;-50.0;isolated;ul;su;1;1020.833334;901.3793103448276;491.24629783448273;0.0;1020.833334;1.0;901.3793103448276;491.24629783448273;0.45500602;W80_NSS2_MCS11:bytes=61405787.2293103,ppdus=939,airtime_us=544993.98;;;;;;;;;;;;;;;;;;;;;;;;;;;;;;;;;;;;;;;;;;;;;;;;;;;;;;;;;;;;;;;;;;;;;;;;;;;;;;;;;;;;;;;;;;;;;;;;;;;;;;;;;;;;;;;;;;;;;;;;;;;;;;;;;;;;;;;;;;;;;;;;;;;;;;;;;;;;;;;;;;;;;;;;;;;;;;
7;1;10;1;medium;-50.0;isolated;ul;su;2;1020.833334;901.3793103448276;490.63600995862066;0.0;1020.833334;1.0;901.3793103448276;490.63600995862066;0.45568308;W80_NSS2_MCS11:bytes=61329501.2448276,ppdus=939,airtime_us=544316.92;;;;;;;;;;;;;;;;;;;;;;;;;;;;;;;;;;;;;;;;;;;;;;;;;;;;;;;;;;;;;;;;;;;;;;;;;;;;;;;;;;;;;;;;;;;;;;;;;;;;;;;;;;;;;;;;;;;;;;;;;;;;;;;;;;;;;;;;;;;;;;;;;;;;;;;;;;;;;;;;;;;;;;;;;;;;;;
8;1;10;1;medium;-50.0;isolated;dl;su;0;1020.833334;312.1737985516787;15.174144;0.0;1020.833334;1.0;312.1737985516787;15.174144;0.951392;W80_NSS2_MCS11:bytes=1896768,ppdus=608,airtime_us=48608;;;;;;;;;;;;;;;;;;;;;;;;;;;;;;;;;;;;;;;;;;;;;;;;;;;;;;;;;;;;;;;;;;;;;;;;;;;;;;;;;;;;;;;;;;;;;;;;;;;;;;;;;;;;;;;;;;;;;;;;;;;;;;;;;;;;;;;;;;;;;;;;;;;;;;;;;;;;;;;;;;;;;;;;;;;;;;
8;1;10;1;medium;-50.0;isolated;dl;su;1;1020.833334;309.8587832885414;15.219024;0.0;1020.833334;1.0;309.8587832885414;15.219024;0.950884;W80_NSS2_MCS11:bytes=1902378,ppdus=615,airtime_us=49116;;;;;;;;;;;;;;;;;;;;;;;;;;;;;;;;;;;;;;;;;;;;;;;;;;;;;;;;;;;;;;;;;;;;;;;;;;;;;;;;;;;;;;;;;;;;;;;;;;;;;;;;;;;;;;;;;;;;;;;;;;;;;;;;;;;;;;;;;;;;;;;;;;;;;;;;;;;;;;;;;;;;;;;;;;;;;;
8;1;10;1;medium;-50.0;isolated;dl;su;2;1020.833334;313.2732524552282;15.183728;0.0;1020.833334;1.0;313.2732524552282;15.183728;0.951532;W80_NSS2_MCS11:bytes=1897966,ppdus=609,airtime_us=48468;;;;;;;;;;;;;;;;;;;;;;;;;;;;;;;;;;;;;;;;;;;;;;;;;;;;;;;;;;;;;;;;;;;;;;;;;;;;;;;;;;;;;;;;;;;;;;;;;;;;;;;;;;;;;;;;;;;;;;;;;;;;;;;;;;;;;;;;;;;;;;;;;;;;;;;;;;;;;;;;;;;;;;;;;;;;;;
9;1;10;1;medium;-50.0;isolated;ul_dl;su;0;612.5;586.1875399952071;268.4283230984456;0.0;612.5;0.7516655979928089;586.1875399952071;268.4283230984456;0.54207774;W20_NSS1_MCS9:bytes=65446,ppdus=1,airtime_us=5420|W40_NSS2_MCS8:bytes=65214,ppdus=1,airtime_us=1540|W80_NSS1_MCS8:bytes=64922,ppdus=1,airtime_us=1468|W80_NSS2_MCS7:bytes=25221042,ppdus=393,airtime_us=353444|W80_NSS2_MCS8:bytes=8136916.3873057,ppdus=126,airtime_us=96050.26;;;;;;;;;;;;;;;;;;;;;;;;;;;;;;;;;;;;;;;;;;;;;;;;;;;;;;;;;;;;;;;;;;;;;;;;;;;;;;;;;;;;;;;;;;;;;;;;;;;;;;;;;;;;;;;;;;;;;;;;;;;;;;;;;;;;;;;;;;;;;;;;;;;;;;;;;;;;;;;;;;;;;;;;;;;;;;
9;1;10;1;medium;-50.0;isolated;ul_dl;su;1;1020.833334;889.3700150861164;319.9128868275862;0.0;1020.833334;0.9919177497798222;889.3700150861164;319.9128868275862;0.6402927;W20_NSS2_MCS8:bytes=65350,ppdus=1,airtime_us=3044|W40_NSS1_MCS8:bytes=64178,ppdus=1,airtime_us=2972|W40_NSS2_MCS8:bytes=64138,ppdus=1,airtime_us=1524|W80_NSS1_MCS8:bytes=64082,ppdus=1,airtime_us=1452|W80_NSS2_MCS8:bytes=65454,ppdus=1,airtime_us=772|W80_NSS2_MCS11:bytes=39665908.8534483,ppdus=612,airtime_us=349943.3;;;;;;;;;;;;;;;;;;;;;;;;;;;;;;;;;;;;;;;;;;;;;;;;;;;;;;;;;;;;;;;;;;;;;;;;;;;;;;;;;;;;;;;;;;;;;;;;;;;;;;;;;;;;;;;;;;;;;;;;;;;;;;;;;;;;;;;;;;;;;;;;;;;;;;;;;;;;;;;;;;;;;;;;;;;;;;
9;1;10;1;medium;-50.0;isolated;ul_dl;su;2;1020.833334;868.0421292329529;332.83561579964197;0.0;1020.833334;0.9927751481937331;868.0421292329529;332.83561579964197;0.61656744;W20_NSS1_MCS5:bytes=38994,ppdus=1,airtime_us=5388|W20_NSS2_MCS5:bytes=65446,ppdus=1,airtime_us=4532|W40_NSS1_MCS5:bytes=65350,ppdus=1,airtime_us=4524|W40_NSS2_MCS5:bytes=65446,ppdus=1,airtime_us=2292|W80_NSS1_MCS5:bytes=65350,ppdus=1,airtime_us=2188|W80_NSS2_MCS11:bytes=41303865.9749552,ppdus=637,airtime_us=364508.56;;;;;;;;;;;;;;;;;;;;;;;;;;;;;;;;;;;;;;;;;;;;;;;;;;;;;;;;;;;;;;;;;;;;;;;;;;;;;;;;;;;;;;;;;;;;;;;;;;;;;;;;;;;;;;;;;;;;;;;;;;;;;;;;;;;;;;;;;;;;;;;;;;;;;;;;;;;;;;;;;;;;;;;;;;;;;;
10;1;10;1;medium;-50.0;ap_only_cochannel;ul;su;0;551.25;499.5791436372112;150.0436;0.0;551.25;0.9651567944250871;499.5791436372112;150.0436;0.69966;W40_NSS1_MCS7:bytes=65350,ppdus=1,airtime_us=3628|W40_NSS2_MCS7:bytes=261400,ppdus=4,airtime_us=7376|W80_NSS1_MCS5:bytes=130700,ppdus=2,airtime_us=4376|W80_NSS1_MCS7:bytes=130700,ppdus=2,airtime_us=3512|W80_NSS2_MCS5:bytes=65350,ppdus=1,airtime_us=1124|W80_NSS2_MCS6:bytes=18101950,ppdus=277,airtime_us=280324;;;;;;;;;;;;;;;;;;;;;;;;;;;;;;;;;;;;;;;;;;;;;;;;;;;;;;;;;;;;;;;;;;;;;;;;;;;;;;;;;;;;;;;;;;;;;;;;;;;;;;;;;;;;;;;;;;;;;;;;;;;;;;;;;;;;;;;;;;;;;;;;;;;;;;;;;;;;;;;;;;;;;;;;;;;;;;
10;1;10;1;medium;-50.0;ap_only_cochannel;ul;su;1;1020.833334;822.8321557310146;178.61115573265823;0.0;1020.833334;0.973655196880864;822.8321557310146;178.61115573265823;0.78293124;W40_NSS1_MCS3:bytes=34.466582278481,ppdus=0,airtime_us=4.76|W40_NSS1_MCS9:bytes=65350,ppdus=1,airtime_us=2732|W40_NSS2_MCS3:bytes=65350,ppdus=1,airtime_us=4532|W40_NSS2_MCS5:bytes=65350,ppdus=1,airtime_us=2292|W80_NSS1_MCS3:bytes=65350,ppdus=1,airtime_us=4316|W80_NSS1_MCS5:bytes=130700,ppdus=2,airtime_us=4376|W80_NSS2_MCS2:bytes=65350,ppdus=1,airtime_us=2900|W80_NSS2_MCS3:bytes=65350,ppdus=1,airtime_us=2196|W80_NSS2_MCS8:bytes=65350,ppdus=1,airtime_us=772|W80_NSS2_MCS11:bytes=21738210,ppdus=333,airtime_us=192948;;;;;;;;;;;;;;;;;;;;;;;;;;;;;;;;;;;;;;;;;;;;;;;;;;;;;;;;;;;;;;;;;;;;;;;;;;;;;;;;;;;;;;;;;;;;;;;;;;;;;;;;;;;;;;;;;;;;;;;;;;;;;;;;;;;;;;;;;;;;;;;;;;;;;;;;;;;;;;;;;;;;;;;;;;;;;;
10;1;10;1;medium;-50.0;ap_only_cochannel;ul;su;2;918.75;753.8407116215263;201.27207771974523;0.0;918.75;0.9693870303829256;753.8407116215263;201.27207771974523;0.7330045;W20_NSS2_MCS1:bytes=18670,ppdus=1,airtime_us=5172|W20_NSS2_MCS11:bytes=65350,ppdus=1,airtime_us=2212|W40_NSS1_MCS1:bytes=18670,ppdus=1,airtime_us=5164|W40_NSS2_MCS1:bytes=38898,ppdus=1,airtime_us=5380|W40_NSS2_MCS11:bytes=65350,ppdus=1,airtime_us=1140|W80_NSS1_MCS1:bytes=40454,ppdus=1,airtime_us=5340|W80_NSS1_MCS6:bytes=65350,ppdus=1,airtime_us=1948|W80_NSS1_MCS11:bytes=261400,ppdus=4,airtime_us=4336|W80_NSS2_MCS8:bytes=65350,ppdus=1,airtime_us=772|W80_NSS2_MCS10:bytes=24388817.7149682,ppdus=374,airtime_us=234371.5|W80_NSS2_MCS11:bytes=130700,ppdus=2,airtime_us=1160;;;;;;;;;;;;;;;;;;;;;;;;;;;;;;;;;;;;;;;;;;;;;;;;;;;;;;;;;;;;;;;;;;;;;;;;;;;;;;;;;;;;;;;;;;;;;;;;;;;;;;;;;;;;;;;;;;;;;;;;;;;;;;;;;;;;;;;;;;;;;;;;;;;;;;;;;;;;;;;;;;;;;;;;;;;;;;
11;1;10;1;medium;-50.0;ap_only_cochannel;dl;su;0;275.625;256.81536652999563;7.327209495081967;0.0;275.625;0.5597350536725878;256.81536652999563;7.327209495081967;0.97146896;W20_NSS2_MCS6:bytes=5662,ppdus=1,airtime_us=404|W40_NSS2_MCS6:bytes=73988,ppdus=6,airtime_us=2600|W80_NSS1_MCS6:bytes=512662,ppdus=85,airtime_us=19260|W80_NSS2_MCS6:bytes=323589.186885246,ppdus=26,airtime_us=6267.04;;;;;;;;;;;;;;;;;;;;;;;;;;;;;;;;;;;;;;;;;;;;;;;;;;;;;;;;;;;;;;;;;;;;;;;;;;;;;;;;;;;;;;;;;;;;;;;;;;;;;;;;;;;;;;;;;;;;;;;;;;;;;;;;;;;;;;;;;;;;;;;;;;;;;;;;;;;;;;;;;;;;;;;;;;;;;;
11;1;10;1;medium;-50.0;ap_only_cochannel;dl;su;1;510.416667;268.83500850471626;6.954224;0.0;510.416667;0.8809678836919834;268.83500850471626;6.954224;0.974132;W80_NSS1_MCS11:bytes=765806,ppdus=137,airtime_us=18636|W80_NSS2_MCS1:bytes=103472,ppdus=8,airtime_us=7232;;;;;;;;;;;;;;;;;;;;;;;;;;;;;;;;;;;;;;;;;;;;;;;;;;;;;;;;;;;;;;;;;;;;;;;;;;;;;;;;;;;;;;;;;;;;;;;;;;;;;;;;;;;;;;;;;;;;;;;;;;;;;;;;;;;;;;;;;;;;;;;;;;;;;;;;;;;;;;;;;;;;;;;;;;;;;;
11;1;10;1;medium;-50.0;ap_only_cochannel;dl;su;2;735.0;206.48951048951048;2.126016;0.0;735.0;0.8703377585116951;206.48951048951048;2.126016;0.989704;W20_NSS1_MCS2:bytes=14110,ppdus=1,airtime_us=5196|W80_NSS1_MCS8:bytes=20348,ppdus=2,airtime_us=552|W80_NSS2_MCS8:bytes=231294,ppdus=33,airtime_us=4548;;;;;;;;;;;;;;;;;;;;;;;;;;;;;;;;;;;;;;;;;;;;;;;;;;;;;;;;;;;;;;;;;;;;;;;;;;;;;;;;;;;;;;;;;;;;;;;;;;;;;;;;;;;;;;;;;;;;;;;;;;;;;;;;;;;;;;;;;;;;;;;;;;;;;;;;;;;;;;;;;;;;;;;;;;;;;;
12;1;10;1;medium;-50.0;ap_only_cochannel;ul_dl;su;0;551.25;481.34181419838154;54.485968;0.0;551.25;0.9846883146134066;481.34181419838154;54.485968;0.886804;W40_NSS1_MCS3:bytes=38934,ppdus=1,airtime_us=5372|W40_NSS1_MCS6:bytes=65350,ppdus=1,airtime_us=4028|W80_NSS2_MCS6:bytes=6706462,ppdus=105,airtime_us=103796;;;;;;;;;;;;;;;;;;;;;;;;;;;;;;;;;;;;;;;;;;;;;;;;;;;;;;;;;;;;;;;;;;;;;;;;;;;;;;;;;;;;;;;;;;;;;;;;;;;;;;;;;;;;;;;;;;;;;;;;;;;;;;;;;;;;;;;;;;;;;;;;;;;;;;;;;;;;;;;;;;;;;;;;;;;;;;
12;1;10;1;medium;-50.0;ap_only_cochannel;ul_dl;su;1;1020.833334;769.1058936272161;83.466448;0.0;1020.833334;0.9563561156933382;769.1058936272161;83.466448;0.891476;W80_NSS1_MCS4:bytes=455350,ppdus=7,airtime_us=20212|W80_NSS2_MCS11:bytes=9977956,ppdus=158,airtime_us=88312;;;;;;;;;;;;;;;;;;;;;;;;;;;;;;;;;;;;;;;;;;;;;;;;;;;;;;;;;;;;;;;;;;;;;;;;;;;;;;;;;;;;;;;;;;;;;;;;;;;;;;;;;;;;;;;;;;;;;;;;;;;;;;;;;;;;;;;;;;;;;;;;;;;;;;;;;;;;;;;;;;;;;;;;;;;;;;
12;1;10;1;medium;-50.0;ap_only_cochannel;ul_dl;su;2;735.0;623.4476563982541;78.848672;0.0;735.0;0.9689188931425503;623.4476563982541;78.848672;0.873528;W20_NSS2_MCS7:bytes=48206,ppdus=1,airtime_us=2692|W40_NSS2_MCS7:bytes=65350,ppdus=1,airtime_us=1844|W40_NSS2_MCS8:bytes=65446,ppdus=1,airtime_us=1556|W80_NSS1_MCS2:bytes=62334,ppdus=1,airtime_us=5484|W80_NSS1_MCS7:bytes=65002,ppdus=1,airtime_us=1756|W80_NSS2_MCS8:bytes=9549746,ppdus=153,airtime_us=113140;;;;;;;;;;;;;;;;;;;;;;;;;;;;;;;;;;;;;;;;;;;;;;;;;;;;;;;;;;;;;;;;;;;;;;;;;;;;;;;;;;;;;;;;;;;;;;;;;;;;;;;;;;;;;;;;;;;;;;;;;;;;;;;;;;;;;;;;;;;;;;;;;;;;;;;;;;;;;;;;;;;;;;;;;;;;;;
13;1;10;1;low;-60.0;isolated;ul;su;0;816.666668;732.1978413324567;427.6504;0.0;816.666668;0.9902200488997555;732.1978413324567;427.6504;0.415936;W20_NSS2_MCS11:bytes=65350,ppdus=1,airtime_us=2212|W40_NSS1_MCS11:bytes=65350,ppdus=1,airtime_us=2204|W40_NSS2_MCS9:bytes=65350,ppdus=1,airtime_us=1396|W40_NSS2_MCS11:bytes=65350,ppdus=1,airtime_us=1140|W80_NSS1_MCS9:bytes=65350,ppdus=1,airtime_us=1340|W80_NSS1_MCS11:bytes=65350,ppdus=1,airtime_us=1084|W80_NSS2_MCS9:bytes=52933500,ppdus=810,airtime_us=573480|W80_NSS2_MCS10:bytes=65350,ppdus=1,airtime_us=628|W80_NSS2_MCS11:bytes=65350,ppdus=1,airtime_us=580;;;;;;;;;;;;;;;;;;;;;;;;;;;;;;;;;;;;;;;;;;;;;;;;;;;;;;;;;;;;;;;;;;;;;;;;;;;;;;;;;;;;;;;;;;;;;;;;;;;;;;;;;;;;;;;;;;;;;;;;;;;;;;;;;;;;;;;;;;;;;;;;;;;;;;;;;;;;;;;;;;;;;;;;;;;;;;
13;1;10;1;low;-60.0;isolated;ul;su;1;816.666668;732.7675208303114;429.76399031299434;0.0;816.666668;0.9902681469497852;732.7675208303114;429.76399031299434;0.413505678;W20_NSS2_MCS10:bytes=65350,ppdus=1,airtime_us=2436|W40_NSS2_MCS10:bytes=65350,ppdus=1,airtime_us=1252|W80_NSS1_MCS8:bytes=65350,ppdus=1,airtime_us=1468|W80_NSS1_MCS9:bytes=65350,ppdus=1,airtime_us=1340|W80_NSS1_MCS10:bytes=65350,ppdus=1,airtime_us=1196|W80_NSS2_MCS7:bytes=65350,ppdus=1,airtime_us=916|W80_NSS2_MCS8:bytes=130700,ppdus=2,airtime_us=1544|W80_NSS2_MCS9:bytes=53197698.7891243,ppdus=814,airtime_us=576342.322;;;;;;;;;;;;;;;;;;;;;;;;;;;;;;;;;;;;;;;;;;;;;;;;;;;;;;;;;;;;;;;;;;;;;;;;;;;;;;;;;;;;;;;;;;;;;;;;;;;;;;;;;;;;;;;;;;;;;;;;;;;;;;;;;;;;;;;;;;;;;;;;;;;;;;;;;;;;;;;;;;;;;;;;;;;;;;
13;1;10;1;low;-60.0;isolated;ul;su;2;816.666668;732.1812372107944;422.44368263728813;0.0;816.666668;0.9900995087111031;732.1812372107944;422.44368263728813;0.423033996;W20_NSS2_MCS10:bytes=65350,ppdus=1,airtime_us=2436|W40_NSS2_MCS8:bytes=65350,ppdus=1,airtime_us=1556|W40_NSS2_MCS10:bytes=65350,ppdus=1,airtime_us=1252|W80_NSS1_MCS8:bytes=65350,ppdus=1,airtime_us=1468|W80_NSS2_MCS5:bytes=65350,ppdus=1,airtime_us=1124|W80_NSS2_MCS7:bytes=130700,ppdus=2,airtime_us=1832|W80_NSS2_MCS8:bytes=65350,ppdus=1,airtime_us=772|W80_NSS2_MCS9:bytes=52282660.329661,ppdus=802,airtime_us=566526.004;;;;;;;;;;;;;;;;;;;;;;;;;;;;;;;;;;;;;;;;;;;;;;;;;;;;;;;;;;;;;;;;;;;;;;;;;;;;;;;;;;;;;;;;;;;;;;;;;;;;;;;;;;;;;;;;;;;;;;;;;;;;;;;;;;;;;;;;;;;;;;;;;;;;;;;;;;;;;;;;;;;;;;;;;;;;;;
14;1;10;1;low;-60.0;isolated;dl;su;0;816.666668;275.23297152745005;13.997248;0.0;816.666668;0.9815175097276264;275.23297152745005;13.997248;0.949144;W20_NSS1_MCS11:bytes=8734,ppdus=1,airtime_us=620|W20_NSS2_MCS11:bytes=5662,ppdus=1,airtime_us=244|W40_NSS1_MCS11:bytes=1726,ppdus=1,airtime_us=108|W40_NSS2_MCS11:bytes=7294,ppdus=1,airtime_us=180|W80_NSS1_MCS11:bytes=862,ppdus=1,airtime_us=60|W80_NSS2_MCS9:bytes=1717318,ppdus=525,airtime_us=49460|W80_NSS2_MCS10:bytes=4030,ppdus=1,airtime_us=100|W80_NSS2_MCS11:bytes=4030,ppdus=1,airtime_us=84;;;;;;;;;;;;;;;;;;;;;;;;;;;;;;;;;;;;;;;;;;;;;;;;;;;;;;;;;;;;;;;;;;;;;;;;;;;;;;;;;;;;;;;;;;;;;;;;;;;;;;;;;;;;;;;;;;;;;;;;;;;;;;;;;;;;;;;;;;;;;;;;;;;;;;;;;;;;;;;;;;;;;;;;;;;;;;
14;1;10;1;low;-60.0;isolated;dl;su;1;816.666668;271.58821685991853;13.866208;0.0;816.666668;0.9933051631707818;271.58821685991853;13.866208;0.948944;W20_NSS1_MCS7:bytes=2014,ppdus=1,airtime_us=268|W20_NSS2_MCS7:bytes=1726,ppdus=1,airtime_us=148|W40_NSS1_MCS7:bytes=1726,ppdus=1,airtime_us=140|W40_NSS2_MCS7:bytes=3838,ppdus=1,airtime_us=164|W80_NSS1_MCS1:bytes=766,ppdus=1,airtime_us=156|W80_NSS2_MCS1:bytes=1534,ppdus=1,airtime_us=164|W80_NSS2_MCS9:bytes=1721672,ppdus=532,airtime_us=50016;;;;;;;;;;;;;;;;;;;;;;;;;;;;;;;;;;;;;;;;;;;;;;;;;;;;;;;;;;;;;;;;;;;;;;;;;;;;;;;;;;;;;;;;;;;;;;;;;;;;;;;;;;;;;;;;;;;;;;;;;;;;;;;;;;;;;;;;;;;;;;;;;;;;;;;;;;;;;;;;;;;;;;;;;;;;;;
14;1;10;1;low;-60.0;isolated;dl;su;2;816.666668;260.41022491747907;13.569456;0.0;816.666668;0.9890283000291242;260.41022491747907;13.569456;0.947892;W20_NSS1_MCS8:bytes=4030,ppdus=1,airtime_us=412|W20_NSS2_MCS8:bytes=1726,ppdus=1,airtime_us=132|W40_NSS1_MCS8:bytes=3934,ppdus=1,airtime_us=236|W40_NSS2_MCS8:bytes=1534,ppdus=1,airtime_us=100|W40_NSS2_MCS11:bytes=1726,ppdus=1,airtime_us=84|W80_NSS1_MCS11:bytes=2014,ppdus=1,airtime_us=76|W80_NSS2_MCS9:bytes=1677572,ppdus=554,airtime_us=50984|W80_NSS2_MCS11:bytes=3646,ppdus=1,airtime_us=84;;;;;;;;;;;;;;;;;;;;;;;;;;;;;;;;;;;;;;;;;;;;;;;;;;;;;;;;;;;;;;;;;;;;;;;;;;;;;;;;;;;;;;;;;;;;;;;;;;;;;;;;;;;;;;;;;;;;;;;;;;;;;;;;;;;;;;;;;;;;;;;;;;;;;;;;;;;;;;;;;;;;;;;;;;;;;;
15;1;10;1;low;-60.0;isolated;ul_dl;su;0;612.5;566.4976578633398;235.88409968263755;0.0;612.5;0.993382309354042;566.4976578633398;235.88409968263755;0.583609753;W40_NSS1_MCS8:bytes=64330,ppdus=1,airtime_us=2988|W40_NSS2_MCS8:bytes=65350,ppdus=1,airtime_us=1556|W80_NSS1_MCS8:bytes=65446,ppdus=1,airtime_us=1484|W80_NSS2_MCS7:bytes=29290386.4603297,ppdus=453,airtime_us=410362.247;;;;;;;;;;;;;;;;;;;;;;;;;;;;;;;;;;;;;;;;;;;;;;;;;;;;;;;;;;;;;;;;;;;;;;;;;;;;;;;;;;;;;;;;;;;;;;;;;;;;;;;;;;;;;;;;;;;;;;;;;;;;;;;;;;;;;;;;;;;;;;;;;;;;;;;;;;;;;;;;;;;;;;;;;;;;;;
15;1;10;1;low;-60.0;isolated;ul_dl;su;1;816.666668;721.4263231802848;284.3048212728814;0.0;816.666668;0.9926803070356567;721.4263231802848;284.3048212728814;0.605912881;W20_NSS2_MCS5:bytes=64254,ppdus=1,airtime_us=4452|W40_NSS1_MCS5:bytes=65350,ppdus=1,airtime_us=4524|W40_NSS2_MCS5:bytes=65078,ppdus=1,airtime_us=2292|W80_NSS1_MCS5:bytes=65446,ppdus=1,airtime_us=2188|W80_NSS2_MCS9:bytes=35277974.6591102,ppdus=544,airtime_us=380631.119;;;;;;;;;;;;;;;;;;;;;;;;;;;;;;;;;;;;;;;;;;;;;;;;;;;;;;;;;;;;;;;;;;;;;;;;;;;;;;;;;;;;;;;;;;;;;;;;;;;;;;;;;;;;;;;;;;;;;;;;;;;;;;;;;;;;;;;;;;;;;;;;;;;;;;;;;;;;;;;;;;;;;;;;;;;;;;
15;1;10;1;low;-60.0;isolated;ul_dl;su;2;816.666668;725.4736987637516;275.68304599049713;0.0;816.666668;0.992409602148432;725.4736987637516;275.68304599049713;0.619995809;W20_NSS1_MCS10:bytes=65442,ppdus=1,airtime_us=4828|W20_NSS2_MCS10:bytes=65350,ppdus=1,airtime_us=2436|W40_NSS1_MCS10:bytes=65350,ppdus=1,airtime_us=2428|W80_NSS2_MCS4:bytes=65426,ppdus=1,airtime_us=1492|W80_NSS2_MCS9:bytes=34198812.7488121,ppdus=527,airtime_us=368820.191;;;;;;;;;;;;;;;;;;;;;;;;;;;;;;;;;;;;;;;;;;;;;;;;;;;;;;;;;;;;;;;;;;;;;;;;;;;;;;;;;;;;;;;;;;;;;;;;;;;;;;;;;;;;;;;;;;;;;;;;;;;;;;;;;;;;;;;;;;;;;;;;;;;;;;;;;;;;;;;;;;;;;;;;;;;;;;
16;1;10;1;low;-60.0;ap_only_cochannel;ul;su;0;367.5;328.71426818795237;85.7392;0.0;367.5;0.9329268292682927;328.71426818795237;85.7392;0.739168;W20_NSS2_MCS5:bytes=65350,ppdus=1,airtime_us=4532|W40_NSS1_MCS5:bytes=261400,ppdus=4,airtime_us=18096|W40_NSS2_MCS5:bytes=130700,ppdus=2,airtime_us=4584|W80_NSS1_MCS6:bytes=261400,ppdus=4,airtime_us=7792|W80_NSS2_MCS4:bytes=9998550,ppdus=153,airtime_us=225828;;;;;;;;;;;;;;;;;;;;;;;;;;;;;;;;;;;;;;;;;;;;;;;;;;;;;;;;;;;;;;;;;;;;;;;;;;;;;;;;;;;;;;;;;;;;;;;;;;;;;;;;;;;;;;;;;;;;;;;;;;;;;;;;;;;;;;;;;;;;;;;;;;;;;;;;;;;;;;;;;;;;;;;;;;;;;;
16;1;10;1;low;-60.0;ap_only_cochannel;ul;su;1;612.5;545.031239628876;151.0892;0.0;612.5;0.9446366782006921;545.031239628876;151.0892;0.722788;W20_NSS2_MCS9:bytes=196050,ppdus=3,airtime_us=8220|W40_NSS1_MCS9:bytes=65350,ppdus=1,airtime_us=2732|W40_NSS2_MCS9:bytes=130700,ppdus=2,airtime_us=2792|W80_NSS1_MCS9:bytes=653500,ppdus=10,airtime_us=13400|W80_NSS2_MCS7:bytes=17840550,ppdus=273,airtime_us=250068;;;;;;;;;;;;;;;;;;;;;;;;;;;;;;;;;;;;;;;;;;;;;;;;;;;;;;;;;;;;;;;;;;;;;;;;;;;;;;;;;;;;;;;;;;;;;;;;;;;;;;;;;;;;;;;;;;;;;;;;;;;;;;;;;;;;;;;;;;;;;;;;;;;;;;;;;;;;;;;;;;;;;;;;;;;;;;
16;1;10;1;low;-60.0;ap_only_cochannel;ul;su;2;735.0;624.4209656293324;149.64470360518135;0.0;735.0;0.9817834114116578;624.4209656293324;149.64470360518135;0.760346446;W20_NSS2_MCS7:bytes=65350,ppdus=1,airtime_us=3636|W40_NSS2_MCS1:bytes=38898,ppdus=1,airtime_us=5380|W80_NSS1_MCS1:bytes=40454,ppdus=1,airtime_us=5340|W80_NSS2_MCS1:bytes=65350,ppdus=1,airtime_us=4324|W80_NSS2_MCS2:bytes=65350,ppdus=1,airtime_us=2900|W80_NSS2_MCS5:bytes=65350,ppdus=1,airtime_us=1124|W80_NSS2_MCS8:bytes=18364835.9506477,ppdus=281,airtime_us=216949.554;;;;;;;;;;;;;;;;;;;;;;;;;;;;;;;;;;;;;;;;;;;;;;;;;;;;;;;;;;;;;;;;;;;;;;;;;;;;;;;;;;;;;;;;;;;;;;;;;;;;;;;;;;;;;;;;;;;;;;;;;;;;;;;;;;;;;;;;;;;;;;;;;;;;;;;;;;;;;;;;;;;;;;;;;;;;;;
17;1;10;1;low;-60.0;ap_only_cochannel;dl;su;0;367.5;11.058823529411764;0.000752;0.0;367.5;1.0;11.058823529411764;0.000752;0.999932;W80_NSS2_MCS4:bytes=94,ppdus=1,airtime_us=68;;;;;;;;;;;;;;;;;;;;;;;;;;;;;;;;;;;;;;;;;;;;;;;;;;;;;;;;;;;;;;;;;;;;;;;;;;;;;;;;;;;;;;;;;;;;;;;;;;;;;;;;;;;;;;;;;;;;;;;;;;;;;;;;;;;;;;;;;;;;;;;;;;;;;;;;;;;;;;;;;;;;;;;;;;;;;;
17;1;10;1;low;-60.0;ap_only_cochannel;dl;su;1;243.75;156.417888942112;12.592882017878217;0.0;243.75;0.9601832210221499;156.417888942112;12.592882017878217;0.91949206;W20_NSS1_MCS11:bytes=42620,ppdus=2,airtime_us=2904|W20_NSS2_MCS1:bytes=5854,ppdus=1,airtime_us=1668|W40_NSS1_MCS1:bytes=670,ppdus=1,airtime_us=236|W40_NSS1_MCS11:bytes=1511434.25223478,ppdus=444,airtime_us=73779.94|W40_NSS2_MCS1:bytes=5854,ppdus=1,airtime_us=868|W80_NSS1_MCS1:bytes=7678,ppdus=1,airtime_us=1052;;;;;;;;;;;;;;;;;;;;;;;;;;;;;;;;;;;;;;;;;;;;;;;;;;;;;;;;;;;;;;;;;;;;;;;;;;;;;;;;;;;;;;;;;;;;;;;;;;;;;;;;;;;;;;;;;;;;;;;;;;;;;;;;;;;;;;;;;;;;;;;;;;;;;;;;;;;;;;;;;;;;;;;;;;;;;;
17;1;10;1;low;-60.0;ap_only_cochannel;dl;su;2;367.5;279.90139335476954;2.089184;0.0;367.5;0.9209796743608988;279.90139335476954;2.089184;0.992536;W80_NSS1_MCS8:bytes=240512,ppdus=36,airtime_us=7072|W80_NSS2_MCS7:bytes=20636,ppdus=2,airtime_us=392;;;;;;;;;;;;;;;;;;;;;;;;;;;;;;;;;;;;;;;;;;;;;;;;;;;;;;;;;;;;;;;;;;;;;;;;;;;;;;;;;;;;;;;;;;;;;;;;;;;;;;;;;;;;;;;;;;;;;;;;;;;;;;;;;;;;;;;;;;;;;;;;;;;;;;;;;;;;;;;;;;;;;;;;;;;;;;
18;1;10;1;low;-60.0;ap_only_cochannel;ul_dl;su;0;367.5;343.8393353656494;41.055792;0.0;367.5;0.9746109391824667;343.8393353656494;41.055792;0.880596;W40_NSS1_MCS6:bytes=65350,ppdus=1,airtime_us=4028|W80_NSS1_MCS6:bytes=64946,ppdus=1,airtime_us=1932|W80_NSS2_MCS4:bytes=5001678,ppdus=77,airtime_us=113444;;;;;;;;;;;;;;;;;;;;;;;;;;;;;;;;;;;;;;;;;;;;;;;;;;;;;;;;;;;;;;;;;;;;;;;;;;;;;;;;;;;;;;;;;;;;;;;;;;;;;;;;;;;;;;;;;;;;;;;;;;;;;;;;;;;;;;;;;;;;;;;;;;;;;;;;;;;;;;;;;;;;;;;;;;;;;;
18;1;10;1;low;-60.0;ap_only_cochannel;ul_dl;su;1;243.75;232.0289232795522;70.467184;0.0;243.75;0.9915889359222869;232.0289232795522;70.467184;0.6963;W20_NSS1_MCS1:bytes=9334,ppdus=1,airtime_us=5164|W20_NSS1_MCS11:bytes=64754,ppdus=1,airtime_us=4300|W40_NSS1_MCS11:bytes=8734310,ppdus=141,airtime_us=294236;;;;;;;;;;;;;;;;;;;;;;;;;;;;;;;;;;;;;;;;;;;;;;;;;;;;;;;;;;;;;;;;;;;;;;;;;;;;;;;;;;;;;;;;;;;;;;;;;;;;;;;;;;;;;;;;;;;;;;;;;;;;;;;;;;;;;;;;;;;;;;;;;;;;;;;;;;;;;;;;;;;;;;;;;;;;;;
18;1;10;1;low;-60.0;ap_only_cochannel;ul_dl;su;2;735.0;636.0546577322297;58.092144;0.0;735.0;0.9891653508260945;636.0546577322297;58.092144;0.908668;W20_NSS1_MCS2:bytes=14306,ppdus=1,airtime_us=5276|W80_NSS2_MCS7:bytes=64370,ppdus=1,airtime_us=900|W80_NSS2_MCS8:bytes=7182842,ppdus=117,airtime_us=85156;;;;;;;;;;;;;;;;;;;;;;;;;;;;;;;;;;;;;;;;;;;;;;;;;;;;;;;;;;;;;;;;;;;;;;;;;;;;;;;;;;;;;;;;;;;;;;;;;;;;;;;;;;;;;;;;;;;;;;;;;;;;;;;;;;;;;;;;;;;;;;;;;;;;;;;;;;;;;;;;;;;;;;;;;;;;;;
