experiment_id;repetition_attempt;sta_count_per_bss;rssi_range;target_rssi_dbm;interference_mode;traffic_mode;mimo_mode;bss_id;bss_mean_dominant_data_phy_rate_mbps;bss_mean_effective_phy_rate_mbps;bss_aggregate_data_tx_rate_over_interval_mbps;bss_competition_overhead_vs_single_sta;sta_0_dominant_data_phy_rate_mbps;sta_0_dominant_data_profile_share;sta_0_effective_phy_rate_mbps;sta_0_data_tx_rate_over_interval_mbps;sta_0_data_tx_opportunity_gap_fraction;sta_0_tx_profile;sta_1_dominant_data_phy_rate_mbps;sta_1_dominant_data_profile_share;sta_1_effective_phy_rate_mbps;sta_1_data_tx_rate_over_interval_mbps;sta_1_data_tx_opportunity_gap_fraction;sta_1_tx_profile;sta_2_dominant_data_phy_rate_mbps;sta_2_dominant_data_profile_share;sta_2_effective_phy_rate_mbps;sta_2_data_tx_rate_over_interval_mbps;sta_2_data_tx_opportunity_gap_fraction;sta_2_tx_profile;sta_3_dominant_data_phy_rate_mbps;sta_3_dominant_data_profile_share;sta_3_effective_phy_rate_mbps;sta_3_data_tx_rate_over_interval_mbps;sta_3_data_tx_opportunity_gap_fraction;sta_3_tx_profile;sta_4_dominant_data_phy_rate_mbps;sta_4_dominant_data_profile_share;sta_4_effective_phy_rate_mbps;sta_4_data_tx_rate_over_interval_mbps;sta_4_data_tx_opportunity_gap_fraction;sta_4_tx_profile;sta_5_dominant_data_phy_rate_mbps;sta_5_dominant_data_profile_share;sta_5_effective_phy_rate_mbps;sta_5_data_tx_rate_over_interval_mbps;sta_5_data_tx_opportunity_gap_fraction;sta_5_tx_profile;sta_6_dominant_data_phy_rate_mbps;sta_6_dominant_data_profile_share;sta_6_effective_phy_rate_mbps;sta_6_data_tx_rate_over_interval_mbps;sta_6_data_tx_opportunity_gap_fraction;sta_6_tx_profile;sta_7_dominant_data_phy_rate_mbps;sta_7_dominant_data_profile_share;sta_7_effective_phy_rate_mbps;sta_7_data_tx_rate_over_interval_mbps;sta_7_data_tx_opportunity_gap_fraction;sta_7_tx_profile;sta_8_dominant_data_phy_rate_mbps;sta_8_dominant_data_profile_share;sta_8_effective_phy_rate_mbps;sta_8_data_tx_rate_over_interval_mbps;sta_8_data_tx_opportunity_gap_fraction;sta_8_tx_profile;sta_9_dominant_data_phy_rate_mbps;sta_9_dominant_data_profile_share;sta_9_effective_phy_rate_mbps;sta_9_data_tx_rate_over_interval_mbps;sta_9_data_tx_opportunity_gap_fraction;sta_9_tx_profile;sta_10_dominant_data_phy_rate_mbps;sta_10_dominant_data_profile_share;sta_10_effective_phy_rate_mbps;sta_10_data_tx_rate_over_interval_mbps;sta_10_data_tx_opportunity_gap_fraction;sta_10_tx_profile;sta_11_dominant_data_phy_rate_mbps;sta_11_dominant_data_profile_share;sta_11_effective_phy_rate_mbps;sta_11_data_tx_rate_over_interval_mbps;sta_11_data_tx_opportunity_gap_fraction;sta_11_tx_profile;sta_12_dominant_data_phy_rate_mbps;sta_12_dominant_data_profile_share;sta_12_effective_phy_rate_mbps;sta_12_data_tx_rate_over_interval_mbps;sta_12_data_tx_opportunity_gap_fraction;sta_12_tx_profile;sta_13_dominant_data_phy_rate_mbps;sta_13_dominant_data_profile_share;sta_13_effective_phy_rate_mbps;sta_13_data_tx_rate_over_interval_mbps;sta_13_data_tx_opportunity_gap_fraction;sta_13_tx_profile;sta_14_dominant_data_phy_rate_mbps;sta_14_dominant_data_profile_share;sta_14_effective_phy_rate_mbps;sta_14_data_tx_rate_over_interval_mbps;sta_14_data_tx_opportunity_gap_fraction;sta_14_tx_profile;sta_15_dominant_data_phy_rate_mbps;sta_15_dominant_data_profile_share;sta_15_effective_phy_rate_mbps;sta_15_data_tx_rate_over_interval_mbps;sta_15_data_tx_opportunity_gap_fraction;sta_15_tx_profile;sta_16_dominant_data_phy_rate_mbps;sta_16_dominant_data_profile_share;sta_16_effective_phy_rate_mbps;sta_16_data_tx_rate_over_interval_mbps;sta_16_data_tx_opportunity_gap_fraction;sta_16_tx_profile;sta_17_dominant_data_phy_rate_mbps;sta_17_dominant_data_profile_share;sta_17_effective_phy_rate_mbps;sta_17_data_tx_rate_over_interval_mbps;sta_17_data_tx_opportunity_gap_fraction;sta_17_tx_profile;sta_18_dominant_data_phy_rate_mbps;sta_18_dominant_data_profile_share;sta_18_effective_phy_rate_mbps;sta_18_data_tx_rate_over_interval_mbps;sta_18_data_tx_opportunity_gap_fraction;sta_18_tx_profile;sta_19_dominant_data_phy_rate_mbps;sta_19_dominant_data_profile_share;sta_19_effective_phy_rate_mbps;sta_19_data_tx_rate_over_interval_mbps;sta_19_data_tx_opportunity_gap_fraction;sta_19_tx_profile;sta_20_dominant_data_phy_rate_mbps;sta_20_dominant_data_profile_share;sta_20_effective_phy_rate_mbps;sta_20_data_tx_rate_over_interval_mbps;sta_20_data_tx_opportunity_gap_fraction;sta_20_tx_profile;sta_21_dominant_data_phy_rate_mbps;sta_21_dominant_data_profile_share;sta_21_effective_phy_rate_mbps;sta_21_data_tx_rate_over_interval_mbps;sta_21_data_tx_opportunity_gap_fraction;sta_21_tx_profile;sta_22_dominant_data_phy_rate_mbps;sta_22_dominant_data_profile_share;sta_22_effective_phy_rate_mbps;sta_22_data_tx_rate_over_interval_mbps;sta_22_data_tx_opportunity_gap_fraction;sta_22_tx_profile;sta_23_dominant_data_phy_rate_mbps;sta_23_dominant_data_profile_share;sta_23_effective_phy_rate_mbps;sta_23_data_tx_rate_over_interval_mbps;sta_23_data_tx_opportunity_gap_fraction;sta_23_tx_profile;sta_24_dominant_data_phy_rate_mbps;sta_24_dominant_data_profile_share;sta_24_effective_phy_rate_mbps;sta_24_data_tx_rate_over_interval_mbps;sta_24_data_tx_opportunity_gap_fraction;sta_24_tx_profile;sta_25_dominant_data_phy_rate_mbps;sta_25_dominant_data_profile_share;sta_25_effective_phy_rate_mbps;sta_25_data_tx_rate_over_interval_mbps;sta_25_data_tx_opportunity_gap_fraction;sta_25_tx_profile;sta_26_dominant_data_phy_rate_mbps;sta_26_dominant_data_profile_share;sta_26_effective_phy_rate_mbps;sta_26_data_tx_rate_over_interval_mbps;sta_26_data_tx_opportunity_gap_fraction;sta_26_tx_profile;sta_27_dominant_data_phy_rate_mbps;sta_27_dominant_data_profile_share;sta_27_effective_phy_rate_mbps;sta_27_data_tx_rate_over_interval_mbps;sta_27_data_tx_opportunity_gap_fraction;sta_27_tx_profile;sta_28_dominant_data_phy_rate_mbps;sta_28_dominant_data_profile_share;sta_28_effective_phy_rate_mbps;sta_28_data_tx_rate_over_interval_mbps;sta_28_data_tx_opportunity_gap_fraction;sta_28_tx_profile;sta_29_dominant_data_phy_rate_mbps;sta_29_dominant_data_profile_share;sta_29_effective_phy_rate_mbps;sta_29_data_tx_rate_over_interval_mbps;sta_29_data_tx_opportunity_gap_fraction;sta_29_tx_profile
1;1;1;high;-41.5;isolated;ul;su;0;1020.833334;901.3793103448276;483.30291970344825;0.0;1020.833334;1.0;901.3793103448276;483.30291970344825;0.46381849;W80_NSS2_MCS11:bytes=60412864.962931,ppdus=924,airtime_us=536181.51;;;;;;;;;;;;;;;;;;;;;;;;;;;;;;;;;;;;;;;;;;;;;;;;;;;;;;;;;;;;;;;;;;;;;;;;;;;;;;;;;;;;;;;;;;;;;;;;;;;;;;;;;;;;;;;;;;;;;;;;;;;;;;;;;;;;;;;;;;;;;;;;;;;;;;;;;;;;;;;;;;;;;;;;;;;;;;
1;1;1;high;-41.5;isolated;ul;su;1;1020.833334;901.3793103448276;487.70293069655173;0.0;1020.833334;1.0;901.3793103448276;487.70293069655173;0.45893707;W80_NSS2_MCS11:bytes=60962866.337069,ppdus=933,airtime_us=541062.93;;;;;;;;;;;;;;;;;;;;;;;;;;;;;;;;;;;;;;;;;;;;;;;;;;;;;;;;;;;;;;;;;;;;;;;;;;;;;;;;;;;;;;;;;;;;;;;;;;;;;;;;;;;;;;;;;;;;;;;;;;;;;;;;;;;;;;;;;;;;;;;;;;;;;;;;;;;;;;;;;;;;;;;;;;;;;;
1;1;1;high;-41.5;isolated;ul;su;2;1020.833334;901.3793103448276;489.06613169655174;0.0;1020.833334;1.0;901.3793103448276;489.06613169655174;0.45742472;W80_NSS2_MCS11:bytes=61133266.462069,ppdus=935,airtime_us=542575.28;;;;;;;;;;;;;;;;;;;;;;;;;;;;;;;;;;;;;;;;;;;;;;;;;;;;;;;;;;;;;;;;;;;;;;;;;;;;;;;;;;;;;;;;;;;;;;;;;;;;;;;;;;;;;;;;;;;;;;;;;;;;;;;;;;;;;;;;;;;;;;;;;;;;;;;;;;;;;;;;;;;;;;;;;;;;;;
2;1;1;high;-41.5;isolated;dl;su;0;1020.833334;325.2399571063268;15.771536;0.0;1020.833334;1.0;325.2399571063268;15.771536;0.951508;W80_NSS2_MCS11:bytes=1971442,ppdus=611,airtime_us=48492;;;;;;;;;;;;;;;;;;;;;;;;;;;;;;;;;;;;;;;;;;;;;;;;;;;;;;;;;;;;;;;;;;;;;;;;;;;;;;;;;;;;;;;;;;;;;;;;;;;;;;;;;;;;;;;;;;;;;;;;;;;;;;;;;;;;;;;;;;;;;;;;;;;;;;;;;;;;;;;;;;;;;;;;;;;;;;
2;1;1;high;-41.5;isolated;dl;su;1;1020.833334;316.80638332519135;15.564064;0.0;1020.833334;1.0;316.80638332519135;15.564064;0.950872;W80_NSS2_MCS11:bytes=1945508,ppdus=626,airtime_us=49128;;;;;;;;;;;;;;;;;;;;;;;;;;;;;;;;;;;;;;;;;;;;;;;;;;;;;;;;;;;;;;;;;;;;;;;;;;;;;;;;;;;;;;;;;;;;;;;;;;;;;;;;;;;;;;;;;;;;;;;;;;;;;;;;;;;;;;;;;;;;;;;;;;;;;;;;;;;;;;;;;;;;;;;;;;;;;;
2;1;1;high;-41.5;isolated;dl;su;2;1020.833334;315.3208918249381;15.274144;0.0;1020.833334;1.0;315.3208918249381;15.274144;0.95156;W80_NSS2_MCS11:bytes=1909268,ppdus=618,airtime_us=48440;;;;;;;;;;;;;;;;;;;;;;;;;;;;;;;;;;;;;;;;;;;;;;;;;;;;;;;;;;;;;;;;;;;;;;;;;;;;;;;;;;;;;;;;;;;;;;;;;;;;;;;;;;;;;;;;;;;;;;;;;;;;;;;;;;;;;;;;;;;;;;;;;;;;;;;;;;;;;;;;;;;;;;;;;;;;;;
3;1;1;high;-41.5;isolated;ul_dl;su;0;612.5;588.2151728990923;271.86788250259065;0.0;612.5;0.7955073398489397;588.2151728990923;271.86788250259065;0.53780879;W40_NSS2_MCS8:bytes=65350,ppdus=1,airtime_us=1556|W80_NSS1_MCS8:bytes=65446,ppdus=1,airtime_us=1484|W80_NSS2_MCS7:bytes=27034112,ppdus=416,airtime_us=378608|W80_NSS2_MCS8:bytes=6818577.31282383,ppdus=105,airtime_us=80543.21;;;;;;;;;;;;;;;;;;;;;;;;;;;;;;;;;;;;;;;;;;;;;;;;;;;;;;;;;;;;;;;;;;;;;;;;;;;;;;;;;;;;;;;;;;;;;;;;;;;;;;;;;;;;;;;;;;;;;;;;;;;;;;;;;;;;;;;;;;;;;;;;;;;;;;;;;;;;;;;;;;;;;;;;;;;;;;
3;1;1;high;-41.5;isolated;ul_dl;su;1;1020.833334;889.3259920591397;324.333632;0.0;1020.833334;0.9919903218670828;889.3259920591397;324.333632;0.635304;W20_NSS2_MCS8:bytes=65522,ppdus=1,airtime_us=3044|W40_NSS1_MCS8:bytes=65350,ppdus=1,airtime_us=3036|W40_NSS2_MCS8:bytes=64422,ppdus=1,airtime_us=1524|W80_NSS1_MCS8:bytes=65446,ppdus=1,airtime_us=1484|W80_NSS2_MCS8:bytes=63986,ppdus=1,airtime_us=756|W80_NSS2_MCS11:bytes=40216978,ppdus=621,airtime_us=354852;;;;;;;;;;;;;;;;;;;;;;;;;;;;;;;;;;;;;;;;;;;;;;;;;;;;;;;;;;;;;;;;;;;;;;;;;;;;;;;;;;;;;;;;;;;;;;;;;;;;;;;;;;;;;;;;;;;;;;;;;;;;;;;;;;;;;;;;;;;;;;;;;;;;;;;;;;;;;;;;;;;;;;;;;;;;;;
3;1;1;high;-41.5;isolated;ul_dl;su;2;1020.833334;867.1567737802663;321.26199561406895;0.0;1020.833334;0.992515367417164;867.1567737802663;321.26199561406895;0.62952259;W20_NSS1_MCS5:bytes=38898,ppdus=1,airtime_us=5372|W20_NSS2_MCS5:bytes=65446,ppdus=1,airtime_us=4532|W40_NSS1_MCS5:bytes=65350,ppdus=1,airtime_us=4524|W40_NSS2_MCS5:bytes=65522,ppdus=1,airtime_us=2308|W80_NSS1_MCS5:bytes=65350,ppdus=1,airtime_us=2188|W80_NSS2_MCS11:bytes=39857183.4517586,ppdus=613,airtime_us=351553.41;;;;;;;;;;;;;;;;;;;;;;;;;;;;;;;;;;;;;;;;;;;;;;;;;;;;;;;;;;;;;;;;;;;;;;;;;;;;;;;;;;;;;;;;;;;;;;;;;;;;;;;;;;;;;;;;;;;;;;;;;;;;;;;;;;;;;;;;;;;;;;;;;;;;;;;;;;;;;;;;;;;;;;;;;;;;;;
4;1;1;high;-41.5;ap_only_cochannel;ul;su;0;612.5;596.6671172904339;229.5092;0.0;612.5;0.5808656036446469;596.6671172904339;229.5092;0.615348;W20_NSS1_MCS9:bytes=65350,ppdus=1,airtime_us=5420|W40_NSS2_MCS8:bytes=130700,ppdus=2,airtime_us=3112|W80_NSS1_MCS5:bytes=65350,ppdus=1,airtime_us=2188|W80_NSS1_MCS8:bytes=130700,ppdus=2,airtime_us=2936|W80_NSS2_MCS7:bytes=16664250,ppdus=255,airtime_us=233580|W80_NSS2_MCS8:bytes=11632300,ppdus=178,airtime_us=137416;;;;;;;;;;;;;;;;;;;;;;;;;;;;;;;;;;;;;;;;;;;;;;;;;;;;;;;;;;;;;;;;;;;;;;;;;;;;;;;;;;;;;;;;;;;;;;;;;;;;;;;;;;;;;;;;;;;;;;;;;;;;;;;;;;;;;;;;;;;;;;;;;;;;;;;;;;;;;;;;;;;;;;;;;;;;;;
4;1;1;high;-41.5;ap_only_cochannel;ul;su;1;735.0;656.3554312583095;170.40280672020725;0.0;735.0;0.9693197541717484;656.3554312583095;170.40280672020725;0.74038029;W20_NSS2_MCS10:bytes=130700,ppdus=2,airtime_us=4872|W40_NSS1_MCS10:bytes=130700,ppdus=2,airtime_us=4856|W40_NSS2_MCS10:bytes=65350,ppdus=1,airtime_us=1252|W80_NSS1_MCS10:bytes=65350,ppdus=1,airtime_us=1196|W80_NSS2_MCS5:bytes=130700,ppdus=2,airtime_us=2248|W80_NSS2_MCS8:bytes=20646850.8400259,ppdus=316,airtime_us=243907.71|W80_NSS2_MCS9:bytes=65350,ppdus=1,airtime_us=708|W80_NSS2_MCS11:bytes=65350,ppdus=1,airtime_us=580;;;;;;;;;;;;;;;;;;;;;;;;;;;;;;;;;;;;;;;;;;;;;;;;;;;;;;;;;;;;;;;;;;;;;;;;;;;;;;;;;;;;;;;;;;;;;;;;;;;;;;;;;;;;;;;;;;;;;;;;;;;;;;;;;;;;;;;;;;;;;;;;;;;;;;;;;;;;;;;;;;;;;;;;;;;;;;
4;1;1;high;-41.5;ap_only_cochannel;ul;su;2;551.25;591.9269594130021;232.87113344097042;0.0;551.25;0.6105879494836693;591.9269594130021;232.87113344097042;0.60658806;W20_NSS1_MCS1:bytes=9334,ppdus=1,airtime_us=5164|W20_NSS2_MCS7:bytes=65350,ppdus=1,airtime_us=3636|W40_NSS1_MCS11:bytes=196050,ppdus=3,airtime_us=6612|W40_NSS2_MCS11:bytes=196050,ppdus=3,airtime_us=3420|W80_NSS1_MCS6:bytes=65350,ppdus=1,airtime_us=1948|W80_NSS1_MCS11:bytes=196050,ppdus=3,airtime_us=3252|W80_NSS2_MCS6:bytes=17773538.4827075,ppdus=271,airtime_us=275238.27|W80_NSS2_MCS11:bytes=10607169.1974138,ppdus=163,airtime_us=94141.67;;;;;;;;;;;;;;;;;;;;;;;;;;;;;;;;;;;;;;;;;;;;;;;;;;;;;;;;;;;;;;;;;;;;;;;;;;;;;;;;;;;;;;;;;;;;;;;;;;;;;;;;;;;;;;;;;;;;;;;;;;;;;;;;;;;;;;;;;;;;;;;;;;;;;;;;;;;;;;;;;;;;;;;;;;;;;;
5;1;1;high;-41.5;ap_only_cochannel;dl;su;0;612.5;274.8652882205514;14.03792;0.0;612.5;0.5205568916192712;274.8652882205514;14.03792;0.948928;W20_NSS1_MCS8:bytes=3166,ppdus=1,airtime_us=348|W20_NSS2_MCS8:bytes=2398,ppdus=1,airtime_us=164|W40_NSS2_MCS7:bytes=2014,ppdus=1,airtime_us=116|W80_NSS1_MCS7:bytes=58672,ppdus=8,airtime_us=1968|W80_NSS2_MCS5:bytes=64308,ppdus=6,airtime_us=1432|W80_NSS2_MCS6:bytes=710740,ppdus=206,airtime_us=22232|W80_NSS2_MCS7:bytes=913442,ppdus=215,airtime_us=24812;;;;;;;;;;;;;;;;;;;;;;;;;;;;;;;;;;;;;;;;;;;;;;;;;;;;;;;;;;;;;;;;;;;;;;;;;;;;;;;;;;;;;;;;;;;;;;;;;;;;;;;;;;;;;;;;;;;;;;;;;;;;;;;;;;;;;;;;;;;;;;;;;;;;;;;;;;;;;;;;;;;;;;;;;;;;;;
5;1;1;high;-41.5;ap_only_cochannel;dl;su;1;1020.833334;115.19242451313204;2.578928;0.0;1020.833334;0.8034594218993318;115.19242451313204;2.578928;0.977612;W20_NSS1_MCS0:bytes=6106,ppdus=3,airtime_us=6836|W20_NSS1_MCS11:bytes=102,ppdus=1,airtime_us=60|W20_NSS2_MCS0:bytes=5758,ppdus=1,airtime_us=3204|W20_NSS2_MCS11:bytes=49316,ppdus=14,airtime_us=2440|W80_NSS1_MCS11:bytes=2076,ppdus=2,airtime_us=136|W80_NSS2_MCS11:bytes=259008,ppdus=128,airtime_us=9712;;;;;;;;;;;;;;;;;;;;;;;;;;;;;;;;;;;;;;;;;;;;;;;;;;;;;;;;;;;;;;;;;;;;;;;;;;;;;;;;;;;;;;;;;;;;;;;;;;;;;;;;;;;;;;;;;;;;;;;;;;;;;;;;;;;;;;;;;;;;;;;;;;;;;;;;;;;;;;;;;;;;;;;;;;;;;;
5;1;1;high;-41.5;ap_only_cochannel;dl;su;2;612.5;90.11764705882354;0.006128;0.0;612.5;1.0;90.11764705882354;0.006128;0.999932;W80_NSS2_MCS7:bytes=766,ppdus=1,airtime_us=68;;;;;;;;;;;;;;;;;;;;;;;;;;;;;;;;;;;;;;;;;;;;;;;;;;;;;;;;;;;;;;;;;;;;;;;;;;;;;;;;;;;;;;;;;;;;;;;;;;;;;;;;;;;;;;;;;;;;;;;;;;;;;;;;;;;;;;;;;;;;;;;;;;;;;;;;;;;;;;;;;;;;;;;;;;;;;;
6;1;1;high;-41.5;ap_only_cochannel;ul_dl;su;0;245.0;236.06155933338863;94.74141126413407;0.0;245.0;0.9864593108453552;236.06155933338863;94.74141126413407;0.59865803;W40_NSS1_MCS2:bytes=29658,ppdus=1,airtime_us=5468|W80_NSS2_MCS3:bytes=11682318.4080168,ppdus=187,airtime_us=392921.97|W80_NSS2_MCS4:bytes=130700,ppdus=2,airtime_us=2952;;;;;;;;;;;;;;;;;;;;;;;;;;;;;;;;;;;;;;;;;;;;;;;;;;;;;;;;;;;;;;;;;;;;;;;;;;;;;;;;;;;;;;;;;;;;;;;;;;;;;;;;;;;;;;;;;;;;;;;;;;;;;;;;;;;;;;;;;;;;;;;;;;;;;;;;;;;;;;;;;;;;;;;;;;;;;;
6;1;1;high;-41.5;ap_only_cochannel;ul_dl;su;1;612.5;544.8800527654763;115.65624;0.0;612.5;0.9791222678516956;544.8800527654763;115.65624;0.78774;W20_NSS1_MCS6:bytes=43854,ppdus=1,airtime_us=5388|W80_NSS2_MCS3:bytes=257976,ppdus=4,airtime_us=8656|W80_NSS2_MCS7:bytes=14155200,ppdus=218,airtime_us=198216;;;;;;;;;;;;;;;;;;;;;;;;;;;;;;;;;;;;;;;;;;;;;;;;;;;;;;;;;;;;;;;;;;;;;;;;;;;;;;;;;;;;;;;;;;;;;;;;;;;;;;;;;;;;;;;;;;;;;;;;;;;;;;;;;;;;;;;;;;;;;;;;;;;;;;;;;;;;;;;;;;;;;;;;;;;;;;
6;1;1;high;-41.5;ap_only_cochannel;ul_dl;su;2;367.5;334.46445643398135;104.394384;0.0;367.5;0.9644526471845458;334.46445643398135;104.394384;0.687876;W40_NSS1_MCS3:bytes=39430,ppdus=1,airtime_us=5452|W40_NSS2_MCS2:bytes=41942,ppdus=1,airtime_us=3892|W80_NSS1_MCS2:bytes=123316,ppdus=2,airtime_us=10840|W80_NSS1_MCS8:bytes=12585430,ppdus=207,airtime_us=284660|W80_NSS2_MCS2:bytes=129544,ppdus=2,airtime_us=5752|W80_NSS2_MCS8:bytes=129636,ppdus=2,airtime_us=1528;;;;;;;;;;;;;;;;;;;;;;;;;;;;;;;;;;;;;;;;;;;;;;;;;;;;;;;;;;;;;;;;;;;;;;;;;;;;;;;;;;;;;;;;;;;;;;;;;;;;;;;;;;;;;;;;;;;;;;;;;;;;;;;;;;;;;;;;;;;;;;;;;;;;;;;;;;;;;;;;;;;;;;;;;;;;;;
7;1;1;medium;-50.0;isolated;ul;su;0;1020.833334;901.3793103448276;487.40501582068964;0.0;1020.833334;1.0;901.3793103448276;487.40501582068964;0.45926758;W80_NSS2_MCS11:bytes=60925626.9775862,ppdus=933,airtime_us=540732.42;;;;;;;;;;;;;;;;;;;;;;;;;;;;;;;;;;;;;;;;;;;;;;;;;;;;;;;;;;;;;;;;;;;;;;;;;;;;;;;;;;;;;;;;;;;;;;;;;;;;;;;;;;;;;;;;;;;;;;;;;;;;;;;;;;;;;;;;;;;;;;;;;;;;;;;;;;;;;;;;;;;;;;;;;;;;;;
7;1;1;medium;-50.0;isolated;ul;su;1;1020.833334;901.3793103448276;491.24629783448273;0.0;1020.833334;1.0;901.3793103448276;491.24629783448273;0.45500602;W80_NSS2_MCS11:bytes=61405787.2293103,ppdus=939,airtime_us=544993.98;;;;;;;;;;;;;;;;;;;;;;;;;;;;;;;;;;;;;;;;;;;;;;;;;;;;;;;;;;;;;;;;;;;;;;;;;;;;;;;;;;;;;;;;;;;;;;;;;;;;;;;;;;;;;;;;;;;;;;;;;;;;;;;;;;;;;;;;;;;;;;;;;;;;;;;;;;;;;;;;;;;;;;;;;;;;;;
7;1;1;medium;-50.0;isolated;ul;su;2;1020.833334;901.3793103448276;490.63600995862066;0.0;1020.833334;1.0;901.3793103448276;490.63600995862066;0.45568308;W80_NSS2_MCS11:bytes=61329501.2448276,ppdus=939,airtime_us=544316.92;;;;;;;;;;;;;;;;;;;;;;;;;;;;;;;;;;;;;;;;;;;;;;;;;;;;;;;;;;;;;;;;;;;;;;;;;;;;;;;;;;;;;;;;;;;;;;;;;;;;;;;;;;;;;;;;;;;;;;;;;;;;;;;;;;;;;;;;;;;;;;;;;;;;;;;;;;;;;;;;;;;;;;;;;;;;;;
8;1;1;medium;-50.0;isolated;dl;su;0;1020.833334;312.1737985516787;15.174144;0.0;1020.833334;1.0;312.1737985516787;15.174144;0.951392;W80_NSS2_MCS11:bytes=1896768,ppdus=608,airtime_us=48608;;;;;;;;;;;;;;;;;;;;;;;;;;;;;;;;;;;;;;;;;;;;;;;;;;;;;;;;;;;;;;;;;;;;;;;;;;;;;;;;;;;;;;;;;;;;;;;;;;;;;;;;;;;;;;;;;;;;;;;;;;;;;;;;;;;;;;;;;;;;;;;;;;;;;;;;;;;;;;;;;;;;;;;;;;;;;;
8;1;1;medium;-50.0;isolated;dl;su;1;1020.833334;309.8587832885414;15.219024;0.0;1020.833334;1.0;309.8587832885414;15.219024;0.950884;W80_NSS2_MCS11:bytes=1902378,ppdus=615,airtime_us=49116;;;;;;;;;;;;;;;;;;;;;;;;;;;;;;;;;;;;;;;;;;;;;;;;;;;;;;;;;;;;;;;;;;;;;;;;;;;;;;;;;;;;;;;;;;;;;;;;;;;;;;;;;;;;;;;;;;;;;;;;;;;;;;;;;;;;;;;;;;;;;;;;;;;;;;;;;;;;;;;;;;;;;;;;;;;;;;
8;1;1;medium;-50.0;isolated;dl;su;2;1020.833334;313.2732524552282;15.183728;0.0;1020.833334;1.0;313.2732524552282;15.183728;0.951532;W80_NSS2_MCS11:bytes=1897966,ppdus=609,airtime_us=48468;;;;;;;;;;;;;;;;;;;;;;;;;;;;;;;;;;;;;;;;;;;;;;;;;;;;;;;;;;;;;;;;;;;;;;;;;;;;;;;;;;;;;;;;;;;;;;;;;;;;;;;;;;;;;;;;;;;;;;;;;;;;;;;;;;;;;;;;;;;;;;;;;;;;;;;;;;;;;;;;;;;;;;;;;;;;;;
9;1;1;medium;-50.0;isolated;ul_dl;su;0;612.5;586.1875399952071;268.4283230984456;0.0;612.5;0.7516655979928089;586.1875399952071;268.4283230984456;0.54207774;W20_NSS1_MCS9:bytes=65446,ppdus=1,airtime_us=5420|W40_NSS2_MCS8:bytes=65214,ppdus=1,airtime_us=1540|W80_NSS1_MCS8:bytes=64922,ppdus=1,airtime_us=1468|W80_NSS2_MCS7:bytes=25221042,ppdus=393,airtime_us=353444|W80_NSS2_MCS8:bytes=8136916.3873057,ppdus=126,airtime_us=96050.26;;;;;;;;;;;;;;;;;;;;;;;;;;;;;;;;;;;;;;;;;;;;;;;;;;;;;;;;;;;;;;;;;;;;;;;;;;;;;;;;;;;;;;;;;;;;;;;;;;;;;;;;;;;;;;;;;;;;;;;;;;;;;;;;;;;;;;;;;;;;;;;;;;;;;;;;;;;;;;;;;;;;;;;;;;;;;;
9;1;1;medium;-50.0;isolated;ul_dl;su;1;1020.833334;889.3700150861164;319.9128868275862;0.0;1020.833334;0.9919177497798222;889.3700150861164;319.9128868275862;0.6402927;W20_NSS2_MCS8:bytes=65350,ppdus=1,airtime_us=3044|W40_NSS1_MCS8:bytes=64178,ppdus=1,airtime_us=2972|W40_NSS2_MCS8:bytes=64138,ppdus=1,airtime_us=1524|W80_NSS1_MCS8:bytes=64082,ppdus=1,airtime_us=1452|W80_NSS2_MCS8:bytes=65454,ppdus=1,airtime_us=772|W80_NSS2_MCS11:bytes=39665908.8534483,ppdus=612,airtime_us=349943.3;;;;;;;;;;;;;;;;;;;;;;;;;;;;;;;;;;;;;;;;;;;;;;;;;;;;;;;;;;;;;;;;;;;;;;;;;;;;;;;;;;;;;;;;;;;;;;;;;;;;;;;;;;;;;;;;;;;;;;;;;;;;;;;;;;;;;;;;;;;;;;;;;;;;;;;;;;;;;;;;;;;;;;;;;;;;;;
9;1;1;medium;-50.0;isolated;ul_dl;su;2;1020.833334;868.0421292329529;332.83561579964197;0.0;1020.833334;0.9927751481937331;868.0421292329529;332.83561579964197;0.61656744;W20_NSS1_MCS5:bytes=38994,ppdus=1,airtime_us=5388|W20_NSS2_MCS5:bytes=65446,ppdus=1,airtime_us=4532|W40_NSS1_MCS5:bytes=65350,ppdus=1,airtime_us=4524|W40_NSS2_MCS5:bytes=65446,ppdus=1,airtime_us=2292|W80_NSS1_MCS5:bytes=65350,ppdus=1,airtime_us=2188|W80_NSS2_MCS11:bytes=41303865.9749552,ppdus=637,airtime_us=364508.56;;;;;;;;;;;;;;;;;;;;;;;;;;;;;;;;;;;;;;;;;;;;;;;;;;;;;;;;;;;;;;;;;;;;;;;;;;;;;;;;;;;;;;;;;;;;;;;;;;;;;;;;;;;;;;;;;;;;;;;;;;;;;;;;;;;;;;;;;;;;;;;;;;;;;;;;;;;;;;;;;;;;;;;;;;;;;;
10;1;1;medium;-50.0;ap_only_cochannel;ul;su;0;551.25;499.5791436372112;150.0436;0.0;551.25;0.9651567944250871;499.5791436372112;150.0436;0.69966;W40_NSS1_MCS7:bytes=65350,ppdus=1,airtime_us=3628|W40_NSS2_MCS7:bytes=261400,ppdus=4,airtime_us=7376|W80_NSS1_MCS5:bytes=130700,ppdus=2,airtime_us=4376|W80_NSS1_MCS7:bytes=130700,ppdus=2,airtime_us=3512|W80_NSS2_MCS5:bytes=65350,ppdus=1,airtime_us=1124|W80_NSS2_MCS6:bytes=18101950,ppdus=277,airtime_us=280324;;;;;;;;;;;;;;;;;;;;;;;;;;;;;;;;;;;;;;;;;;;;;;;;;;;;;;;;;;;;;;;;;;;;;;;;;;;;;;;;;;;;;;;;;;;;;;;;;;;;;;;;;;;;;;;;;;;;;;;;;;;;;;;;;;;;;;;;;;;;;;;;;;;;;;;;;;;;;;;;;;;;;;;;;;;;;;
10;1;1;medium;-50.0;ap_only_cochannel;ul;su;1;1020.833334;822.8321557310146;178.61115573265823;0.0;1020.833334;0.973655196880864;822.8321557310146;178.61115573265823;0.78293124;W40_NSS1_MCS3:bytes=34.466582278481,ppdus=0,airtime_us=4.76|W40_NSS1_MCS9:bytes=65350,ppdus=1,airtime_us=2732|W40_NSS2_MCS3:bytes=65350,ppdus=1,airtime_us=4532|W40_NSS2_MCS5:bytes=65350,ppdus=1,airtime_us=2292|W80_NSS1_MCS3:bytes=65350,ppdus=1,airtime_us=4316|W80_NSS1_MCS5:bytes=130700,ppdus=2,airtime_us=4376|W80_NSS2_MCS2:bytes=65350,ppdus=1,airtime_us=2900|W80_NSS2_MCS3:bytes=65350,ppdus=1,airtime_us=2196|W80_NSS2_MCS8:bytes=65350,ppdus=1,airtime_us=772|W80_NSS2_MCS11:bytes=21738210,ppdus=333,airtime_us=192948;;;;;;;;;;;;;;;;;;;;;;;;;;;;;;;;;;;;;;;;;;;;;;;;;;;;;;;;;;;;;;;;;;;;;;;;;;;;;;;;;;;;;;;;;;;;;;;;;;;;;;;;;;;;;;;;;;;;;;;;;;;;;;;;;;;;;;;;;;;;;;;;;;;;;;;;;;;;;;;;;;;;;;;;;;;;;;
10;1;1;medium;-50.0;ap_only_cochannel;ul;su;2;918.75;753.8407116215263;201.27207771974523;0.0;918.75;0.9693870303829256;753.8407116215263;201.27207771974523;0.7330045;W20_NSS2_MCS1:bytes=18670,ppdus=1,airtime_us=5172|W20_NSS2_MCS11:bytes=65350,ppdus=1,airtime_us=2212|W40_NSS1_MCS1:bytes=18670,ppdus=1,airtime_us=5164|W40_NSS2_MCS1:bytes=38898,ppdus=1,airtime_us=5380|W40_NSS2_MCS11:bytes=65350,ppdus=1,airtime_us=1140|W80_NSS1_MCS1:bytes=40454,ppdus=1,airtime_us=5340|W80_NSS1_MCS6:bytes=65350,ppdus=1,airtime_us=1948|W80_NSS1_MCS11:bytes=261400,ppdus=4,airtime_us=4336|W80_NSS2_MCS8:bytes=65350,ppdus=1,airtime_us=772|W80_NSS2_MCS10:bytes=24388817.7149682,ppdus=374,airtime_us=234371.5|W80_NSS2_MCS11:bytes=130700,ppdus=2,airtime_us=1160;;;;;;;;;;;;;;;;;;;;;;;;;;;;;;;;;;;;;;;;;;;;;;;;;;;;;;;;;;;;;;;;;;;;;;;;;;;;;;;;;;;;;;;;;;;;;;;;;;;;;;;;;;;;;;;;;;;;;;;;;;;;;;;;;;;;;;;;;;;;;;;;;;;;;;;;;;;;;;;;;;;;;;;;;;;;;;
11;1;1;medium;-50.0;ap_only_cochannel;dl;su;0;275.625;256.81536652999563;7.327209495081967;0.0;275.625;0.5597350536725878;256.81536652999563;7.327209495081967;0.97146896;W20_NSS2_MCS6:bytes=5662,ppdus=1,airtime_us=404|W40_NSS2_MCS6:bytes=73988,ppdus=6,airtime_us=2600|W80_NSS1_MCS6:bytes=512662,ppdus=85,airtime_us=19260|W80_NSS2_MCS6:bytes=323589.186885246,ppdus=26,airtime_us=6267.04;;;;;;;;;;;;;;;;;;;;;;;;;;;;;;;;;;;;;;;;;;;;;;;;;;;;;;;;;;;;;;;;;;;;;;;;;;;;;;;;;;;;;;;;;;;;;;;;;;;;;;;;;;;;;;;;;;;;;;;;;;;;;;;;;;;;;;;;;;;;;;;;;;;;;;;;;;;;;;;;;;;;;;;;;;;;;;
11;1;1;medium;-50.0;ap_only_cochannel;dl;su;1;510.416667;268.83500850471626;6.954224;0.0;510.416667;0.8809678836919834;268.83500850471626;6.954224;0.974132;W80_NSS1_MCS11:bytes=765806,ppdus=137,airtime_us=18636|W80_NSS2_MCS1:bytes=103472,ppdus=8,airtime_us=7232;;;;;;;;;;;;;;;;;;;;;;;;;;;;;;;;;;;;;;;;;;;;;;;;;;;;;;;;;;;;;;;;;;;;;;;;;;;;;;;;;;;;;;;;;;;;;;;;;;;;;;;;;;;;;;;;;;;;;;;;;;;;;;;;;;;;;;;;;;;;;;;;;;;;;;;;;;;;;;;;;;;;;;;;;;;;;;
11;1;1;medium;-50.0;ap_only_cochannel;dl;su;2;735.0;206.48951048951048;2.126016;0.0;735.0;0.8703377585116951;206.48951048951048;2.126016;0.989704;W20_NSS1_MCS2:bytes=14110,ppdus=1,airtime_us=5196|W80_NSS1_MCS8:bytes=20348,ppdus=2,airtime_us=552|W80_NSS2_MCS8:bytes=231294,ppdus=33,airtime_us=4548;;;;;;;;;;;;;;;;;;;;;;;;;;;;;;;;;;;;;;;;;;;;;;;;;;;;;;;;;;;;;;;;;;;;;;;;;;;;;;;;;;;;;;;;;;;;;;;;;;;;;;;;;;;;;;;;;;;;;;;;;;;;;;;;;;;;;;;;;;;;;;;;;;;;;;;;;;;;;;;;;;;;;;;;;;;;;;
12;1;1;medium;-50.0;ap_only_cochannel;ul_dl;su;0;551.25;481.34181419838154;54.485968;0.0;551.25;0.9846883146134066;481.34181419838154;54.485968;0.886804;W40_NSS1_MCS3:bytes=38934,ppdus=1,airtime_us=5372|W40_NSS1_MCS6:bytes=65350,ppdus=1,airtime_us=4028|W80_NSS2_MCS6:bytes=6706462,ppdus=105,airtime_us=103796;;;;;;;;;;;;;;;;;;;;;;;;;;;;;;;;;;;;;;;;;;;;;;;;;;;;;;;;;;;;;;;;;;;;;;;;;;;;;;;;;;;;;;;;;;;;;;;;;;;;;;;;;;;;;;;;;;;;;;;;;;;;;;;;;;;;;;;;;;;;;;;;;;;;;;;;;;;;;;;;;;;;;;;;;;;;;;
12;1;1;medium;-50.0;ap_only_cochannel;ul_dl;su;1;1020.833334;769.1058936272161;83.466448;0.0;1020.833334;0.9563561156933382;769.1058936272161;83.466448;0.891476;W80_NSS1_MCS4:bytes=455350,ppdus=7,airtime_us=20212|W80_NSS2_MCS11:bytes=9977956,ppdus=158,airtime_us=88312;;;;;;;;;;;;;;;;;;;;;;;;;;;;;;;;;;;;;;;;;;;;;;;;;;;;;;;;;;;;;;;;;;;;;;;;;;;;;;;;;;;;;;;;;;;;;;;;;;;;;;;;;;;;;;;;;;;;;;;;;;;;;;;;;;;;;;;;;;;;;;;;;;;;;;;;;;;;;;;;;;;;;;;;;;;;;;
12;1;1;medium;-50.0;ap_only_cochannel;ul_dl;su;2;735.0;623.4476563982541;78.848672;0.0;735.0;0.9689188931425503;623.4476563982541;78.848672;0.873528;W20_NSS2_MCS7:bytes=48206,ppdus=1,airtime_us=2692|W40_NSS2_MCS7:bytes=65350,ppdus=1,airtime_us=1844|W40_NSS2_MCS8:bytes=65446,ppdus=1,airtime_us=1556|W80_NSS1_MCS2:bytes=62334,ppdus=1,airtime_us=5484|W80_NSS1_MCS7:bytes=65002,ppdus=1,airtime_us=1756|W80_NSS2_MCS8:bytes=9549746,ppdus=153,airtime_us=113140;;;;;;;;;;;;;;;;;;;;;;;;;;;;;;;;;;;;;;;;;;;;;;;;;;;;;;;;;;;;;;;;;;;;;;;;;;;;;;;;;;;;;;;;;;;;;;;;;;;;;;;;;;;;;;;;;;;;;;;;;;;;;;;;;;;;;;;;;;;;;;;;;;;;;;;;;;;;;;;;;;;;;;;;;;;;;;
13;1;1;low;-60.0;isolated;ul;su;0;816.666668;732.1978413324567;427.6504;0.0;816.666668;0.9902200488997555;732.1978413324567;427.6504;0.415936;W20_NSS2_MCS11:bytes=65350,ppdus=1,airtime_us=2212|W40_NSS1_MCS11:bytes=65350,ppdus=1,airtime_us=2204|W40_NSS2_MCS9:bytes=65350,ppdus=1,airtime_us=1396|W40_NSS2_MCS11:bytes=65350,ppdus=1,airtime_us=1140|W80_NSS1_MCS9:bytes=65350,ppdus=1,airtime_us=1340|W80_NSS1_MCS11:bytes=65350,ppdus=1,airtime_us=1084|W80_NSS2_MCS9:bytes=52933500,ppdus=810,airtime_us=573480|W80_NSS2_MCS10:bytes=65350,ppdus=1,airtime_us=628|W80_NSS2_MCS11:bytes=65350,ppdus=1,airtime_us=580;;;;;;;;;;;;;;;;;;;;;;;;;;;;;;;;;;;;;;;;;;;;;;;;;;;;;;;;;;;;;;;;;;;;;;;;;;;;;;;;;;;;;;;;;;;;;;;;;;;;;;;;;;;;;;;;;;;;;;;;;;;;;;;;;;;;;;;;;;;;;;;;;;;;;;;;;;;;;;;;;;;;;;;;;;;;;;
13;1;1;low;-60.0;isolated;ul;su;1;816.666668;732.7675208303114;429.76399031299434;0.0;816.666668;0.9902681469497852;732.7675208303114;429.76399031299434;0.413505678;W20_NSS2_MCS10:bytes=65350,ppdus=1,airtime_us=2436|W40_NSS2_MCS10:bytes=65350,ppdus=1,airtime_us=1252|W80_NSS1_MCS8:bytes=65350,ppdus=1,airtime_us=1468|W80_NSS1_MCS9:bytes=65350,ppdus=1,airtime_us=1340|W80_NSS1_MCS10:bytes=65350,ppdus=1,airtime_us=1196|W80_NSS2_MCS7:bytes=65350,ppdus=1,airtime_us=916|W80_NSS2_MCS8:bytes=130700,ppdus=2,airtime_us=1544|W80_NSS2_MCS9:bytes=53197698.7891243,ppdus=814,airtime_us=576342.322;;;;;;;;;;;;;;;;;;;;;;;;;;;;;;;;;;;;;;;;;;;;;;;;;;;;;;;;;;;;;;;;;;;;;;;;;;;;;;;;;;;;;;;;;;;;;;;;;;;;;;;;;;;;;;;;;;;;;;;;;;;;;;;;;;;;;;;;;;;;;;;;;;;;;;;;;;;;;;;;;;;;;;;;;;;;;;
13;1;1;low;-60.0;isolated;ul;su;2;816.666668;732.1812372107944;422.44368263728813;0.0;816.666668;0.9900995087111031;732.1812372107944;422.44368263728813;0.423033996;W20_NSS2_MCS10:bytes=65350,ppdus=1,airtime_us=2436|W40_NSS2_MCS8:bytes=65350,ppdus=1,airtime_us=1556|W40_NSS2_MCS10:bytes=65350,ppdus=1,airtime_us=1252|W80_NSS1_MCS8:bytes=65350,ppdus=1,airtime_us=1468|W80_NSS2_MCS5:bytes=65350,ppdus=1,airtime_us=1124|W80_NSS2_MCS7:bytes=130700,ppdus=2,airtime_us=1832|W80_NSS2_MCS8:bytes=65350,ppdus=1,airtime_us=772|W80_NSS2_MCS9:bytes=52282660.329661,ppdus=802,airtime_us=566526.004;;;;;;;;;;;;;;;;;;;;;;;;;;;;;;;;;;;;;;;;;;;;;;;;;;;;;;;;;;;;;;;;;;;;;;;;;;;;;;;;;;;;;;;;;;;;;;;;;;;;;;;;;;;;;;;;;;;;;;;;;;;;;;;;;;;;;;;;;;;;;;;;;;;;;;;;;;;;;;;;;;;;;;;;;;;;;;
14;1;1;low;-60.0;isolated;dl;su;0;816.666668;275.23297152745005;13.997248;0.0;816.666668;0.9815175097276264;275.23297152745005;13.997248;0.949144;W20_NSS1_MCS11:bytes=8734,ppdus=1,airtime_us=620|W20_NSS2_MCS11:bytes=5662,ppdus=1,airtime_us=244|W40_NSS1_MCS11:bytes=1726,ppdus=1,airtime_us=108|W40_NSS2_MCS11:bytes=7294,ppdus=1,airtime_us=180|W80_NSS1_MCS11:bytes=862,ppdus=1,airtime_us=60|W80_NSS2_MCS9:bytes=1717318,ppdus=525,airtime_us=49460|W80_NSS2_MCS10:bytes=4030,ppdus=1,airtime_us=100|W80_NSS2_MCS11:bytes=4030,ppdus=1,airtime_us=84;;;;;;;;;;;;;;;;;;;;;;;;;;;;;;;;;;;;;;;;;;;;;;;;;;;;;;;;;;;;;;;;;;;;;;;;;;;;;;;;;;;;;;;;;;;;;;;;;;;;;;;;;;;;;;;;;;;;;;;;;;;;;;;;;;;;;;;;;;;;;;;;;;;;;;;;;;;;;;;;;;;;;;;;;;;;;;
14;1;1;low;-60.0;isolated;dl;su;1;816.666668;271.58821685991853;13.866208;0.0;816.666668;0.9933051631707818;271.58821685991853;13.866208;0.948944;W20_NSS1_MCS7:bytes=2014,ppdus=1,airtime_us=268|W20_NSS2_MCS7:bytes=1726,ppdus=1,airtime_us=148|W40_NSS1_MCS7:bytes=1726,ppdus=1,airtime_us=140|W40_NSS2_MCS7:bytes=3838,ppdus=1,airtime_us=164|W80_NSS1_MCS1:bytes=766,ppdus=1,airtime_us=156|W80_NSS2_MCS1:bytes=1534,ppdus=1,airtime_us=164|W80_NSS2_MCS9:bytes=1721672,ppdus=532,airtime_us=50016;;;;;;;;;;;;;;;;;;;;;;;;;;;;;;;;;;;;;;;;;;;;;;;;;;;;;;;;;;;;;;;;;;;;;;;;;;;;;;;;;;;;;;;;;;;;;;;;;;;;;;;;;;;;;;;;;;;;;;;;;;;;;;;;;;;;;;;;;;;;;;;;;;;;;;;;;;;;;;;;;;;;;;;;;;;;;;
14;1;1;low;-60.0;isolated;dl;su;2;816.666668;260.41022491747907;13.569456;0.0;816.666668;0.9890283000291242;260.41022491747907;13.569456;0.947892;W20_NSS1_MCS8:bytes=4030,ppdus=1,airtime_us=412|W20_NSS2_MCS8:bytes=1726,ppdus=1,airtime_us=132|W40_NSS1_MCS8:bytes=3934,ppdus=1,airtime_us=236|W40_NSS2_MCS8:bytes=1534,ppdus=1,airtime_us=100|W40_NSS2_MCS11:bytes=1726,ppdus=1,airtime_us=84|W80_NSS1_MCS11:bytes=2014,ppdus=1,airtime_us=76|W80_NSS2_MCS9:bytes=1677572,ppdus=554,airtime_us=50984|W80_NSS2_MCS11:bytes=3646,ppdus=1,airtime_us=84;;;;;;;;;;;;;;;;;;;;;;;;;;;;;;;;;;;;;;;;;;;;;;;;;;;;;;;;;;;;;;;;;;;;;;;;;;;;;;;;;;;;;;;;;;;;;;;;;;;;;;;;;;;;;;;;;;;;;;;;;;;;;;;;;;;;;;;;;;;;;;;;;;;;;;;;;;;;;;;;;;;;;;;;;;;;;;
15;1;1;low;-60.0;isolated;ul_dl;su;0;612.5;566.4976578633398;235.88409968263755;0.0;612.5;0.993382309354042;566.4976578633398;235.88409968263755;0.583609753;W40_NSS1_MCS8:bytes=64330,ppdus=1,airtime_us=2988|W40_NSS2_MCS8:bytes=65350,ppdus=1,airtime_us=1556|W80_NSS1_MCS8:bytes=65446,ppdus=1,airtime_us=1484|W80_NSS2_MCS7:bytes=29290386.4603297,ppdus=453,airtime_us=410362.247;;;;;;;;;;;;;;;;;;;;;;;;;;;;;;;;;;;;;;;;;;;;;;;;;;;;;;;;;;;;;;;;;;;;;;;;;;;;;;;;;;;;;;;;;;;;;;;;;;;;;;;;;;;;;;;;;;;;;;;;;;;;;;;;;;;;;;;;;;;;;;;;;;;;;;;;;;;;;;;;;;;;;;;;;;;;;;
15;1;1;low;-60.0;isolated;ul_dl;su;1;816.666668;721.4263231802848;284.3048212728814;0.0;816.666668;0.9926803070356567;721.4263231802848;284.3048212728814;0.605912881;W20_NSS2_MCS5:bytes=64254,ppdus=1,airtime_us=4452|W40_NSS1_MCS5:bytes=65350,ppdus=1,airtime_us=4524|W40_NSS2_MCS5:bytes=65078,ppdus=1,airtime_us=2292|W80_NSS1_MCS5:bytes=65446,ppdus=1,airtime_us=2188|W80_NSS2_MCS9:bytes=35277974.6591102,ppdus=544,airtime_us=380631.119;;;;;;;;;;;;;;;;;;;;;;;;;;;;;;;;;;;;;;;;;;;;;;;;;;;;;;;;;;;;;;;;;;;;;;;;;;;;;;;;;;;;;;;;;;;;;;;;;;;;;;;;;;;;;;;;;;;;;;;;;;;;;;;;;;;;;;;;;;;;;;;;;;;;;;;;;;;;;;;;;;;;;;;;;;;;;;
15;1;1;low;-60.0;isolated;ul_dl;su;2;816.666668;725.4736987637516;275.68304599049713;0.0;816.666668;0.992409602148432;725.4736987637516;275.68304599049713;0.619995809;W20_NSS1_MCS10:bytes=65442,ppdus=1,airtime_us=4828|W20_NSS2_MCS10:bytes=65350,ppdus=1,airtime_us=2436|W40_NSS1_MCS10:bytes=65350,ppdus=1,airtime_us=2428|W80_NSS2_MCS4:bytes=65426,ppdus=1,airtime_us=1492|W80_NSS2_MCS9:bytes=34198812.7488121,ppdus=527,airtime_us=368820.191;;;;;;;;;;;;;;;;;;;;;;;;;;;;;;;;;;;;;;;;;;;;;;;;;;;;;;;;;;;;;;;;;;;;;;;;;;;;;;;;;;;;;;;;;;;;;;;;;;;;;;;;;;;;;;;;;;;;;;;;;;;;;;;;;;;;;;;;;;;;;;;;;;;;;;;;;;;;;;;;;;;;;;;;;;;;;;
16;1;1;low;-60.0;ap_only_cochannel;ul;su;0;367.5;328.71426818795237;85.7392;0.0;367.5;0.9329268292682927;328.71426818795237;85.7392;0.739168;W20_NSS2_MCS5:bytes=65350,ppdus=1,airtime_us=4532|W40_NSS1_MCS5:bytes=261400,ppdus=4,airtime_us=18096|W40_NSS2_MCS5:bytes=130700,ppdus=2,airtime_us=4584|W80_NSS1_MCS6:bytes=261400,ppdus=4,airtime_us=7792|W80_NSS2_MCS4:bytes=9998550,ppdus=153,airtime_us=225828;;;;;;;;;;;;;;;;;;;;;;;;;;;;;;;;;;;;;;;;;;;;;;;;;;;;;;;;;;;;;;;;;;;;;;;;;;;;;;;;;;;;;;;;;;;;;;;;;;;;;;;;;;;;;;;;;;;;;;;;;;;;;;;;;;;;;;;;;;;;;;;;;;;;;;;;;;;;;;;;;;;;;;;;;;;;;;
16;1;1;low;-60.0;ap_only_cochannel;ul;su;1;612.5;545.031239628876;151.0892;0.0;612.5;0.9446366782006921;545.031239628876;151.0892;0.722788;W20_NSS2_MCS9:bytes=196050,ppdus=3,airtime_us=8220|W40_NSS1_MCS9:bytes=65350,ppdus=1,airtime_us=2732|W40_NSS2_MCS9:bytes=130700,ppdus=2,airtime_us=2792|W80_NSS1_MCS9:bytes=653500,ppdus=10,airtime_us=13400|W80_NSS2_MCS7:bytes=17840550,ppdus=273,airtime_us=250068;;;;;;;;;;;;;;;;;;;;;;;;;;;;;;;;;;;;;;;;;;;;;;;;;;;;;;;;;;;;;;;;;;;;;;;;;;;;;;;;;;;;;;;;;;;;;;;;;;;;;;;;;;;;;;;;;;;;;;;;;;;;;;;;;;;;;;;;;;;;;;;;;;;;;;;;;;;;;;;;;;;;;;;;;;;;;;
16;1;1;low;-60.0;ap_only_cochannel;ul;su;2;735.0;624.4209656293324;149.64470360518135;0.0;735.0;0.9817834114116578;624.4209656293324;149.64470360518135;0.760346446;W20_NSS2_MCS7:bytes=65350,ppdus=1,airtime_us=3636|W40_NSS2_MCS1:bytes=38898,ppdus=1,airtime_us=5380|W80_NSS1_MCS1:bytes=40454,ppdus=1,airtime_us=5340|W80_NSS2_MCS1:bytes=65350,ppdus=1,airtime_us=4324|W80_NSS2_MCS2:bytes=65350,ppdus=1,airtime_us=2900|W80_NSS2_MCS5:bytes=65350,ppdus=1,airtime_us=1124|W80_NSS2_MCS8:bytes=18364835.9506477,ppdus=281,airtime_us=216949.554;;;;;;;;;;;;;;;;;;;;;;;;;;;;;;;;;;;;;;;;;;;;;;;;;;;;;;;;;;;;;;;;;;;;;;;;;;;;;;;;;;;;;;;;;;;;;;;;;;;;;;;;;;;;;;;;;;;;;;;;;;;;;;;;;;;;;;;;;;;;;;;;;;;;;;;;;;;;;;;;;;;;;;;;;;;;;;
17;1;1;low;-60.0;ap_only_cochannel;dl;su;0;367.5;11.058823529411764;0.000752;0.0;367.5;1.0;11.058823529411764;0.000752;0.999932;W80_NSS2_MCS4:bytes=94,ppdus=1,airtime_us=68;;;;;;;;;;;;;;;;;;;;;;;;;;;;;;;;;;;;;;;;;;;;;;;;;;;;;;;;;;;;;;;;;;;;;;;;;;;;;;;;;;;;;;;;;;;;;;;;;;;;;;;;;;;;;;;;;;;;;;;;;;;;;;;;;;;;;;;;;;;;;;;;;;;;;;;;;;;;;;;;;;;;;;;;;;;;;;
17;1;1;low;-60.0;ap_only_cochannel;dl;su;1;243.75;156.417888942112;12.592882017878217;0.0;243.75;0.9601832210221499;156.417888942112;12.592882017878217;0.91949206;W20_NSS1_MCS11:bytes=42620,ppdus=2,airtime_us=2904|W20_NSS2_MCS1:bytes=5854,ppdus=1,airtime_us=1668|W40_NSS1_MCS1:bytes=670,ppdus=1,airtime_us=236|W40_NSS1_MCS11:bytes=1511434.25223478,ppdus=444,airtime_us=73779.94|W40_NSS2_MCS1:bytes=5854,ppdus=1,airtime_us=868|W80_NSS1_MCS1:bytes=7678,ppdus=1,airtime_us=1052;;;;;;;;;;;;;;;;;;;;;;;;;;;;;;;;;;;;;;;;;;;;;;;;;;;;;;;;;;;;;;;;;;;;;;;;;;;;;;;;;;;;;;;;;;;;;;;;;;;;;;;;;;;;;;;;;;;;;;;;;;;;;;;;;;;;;;;;;;;;;;;;;;;;;;;;;;;;;;;;;;;;;;;;;;;;;;
17;1;1;low;-60.0;ap_only_cochannel;dl;su;2;367.5;279.90139335476954;2.089184;0.0;367.5;0.9209796743608988;279.90139335476954;2.089184;0.992536;W80_NSS1_MCS8:bytes=240512,ppdus=36,airtime_us=7072|W80_NSS2_MCS7:bytes=20636,ppdus=2,airtime_us=392;;;;;;;;;;;;;;;;;;;;;;;;;;;;;;;;;;;;;;;;;;;;;;;;;;;;;;;;;;;;;;;;;;;;;;;;;;;;;;;;;;;;;;;;;;;;;;;;;;;;;;;;;;;;;;;;;;;;;;;;;;;;;;;;;;;;;;;;;;;;;;;;;;;;;;;;;;;;;;;;;;;;;;;;;;;;;;
18;1;1;low;-60.0;ap_only_cochannel;ul_dl;su;0;367.5;343.8393353656494;41.055792;0.0;367.5;0.9746109391824667;343.8393353656494;41.055792;0.880596;W40_NSS1_MCS6:bytes=65350,ppdus=1,airtime_us=4028|W80_NSS1_MCS6:bytes=64946,ppdus=1,airtime_us=1932|W80_NSS2_MCS4:bytes=5001678,ppdus=77,airtime_us=113444;;;;;;;;;;;;;;;;;;;;;;;;;;;;;;;;;;;;;;;;;;;;;;;;;;;;;;;;;;;;;;;;;;;;;;;;;;;;;;;;;;;;;;;;;;;;;;;;;;;;;;;;;;;;;;;;;;;;;;;;;;;;;;;;;;;;;;;;;;;;;;;;;;;;;;;;;;;;;;;;;;;;;;;;;;;;;;
18;1;1;low;-60.0;ap_only_cochannel;ul_dl;su;1;243.75;232.0289232795522;70.467184;0.0;243.75;0.9915889359222869;232.0289232795522;70.467184;0.6963;W20_NSS1_MCS1:bytes=9334,ppdus=1,airtime_us=5164|W20_NSS1_MCS11:bytes=64754,ppdus=1,airtime_us=4300|W40_NSS1_MCS11:bytes=8734310,ppdus=141,airtime_us=294236;;;;;;;;;;;;;;;;;;;;;;;;;;;;;;;;;;;;;;;;;;;;;;;;;;;;;;;;;;;;;;;;;;;;;;;;;;;;;;;;;;;;;;;;;;;;;;;;;;;;;;;;;;;;;;;;;;;;;;;;;;;;;;;;;;;;;;;;;;;;;;;;;;;;;;;;;;;;;;;;;;;;;;;;;;;;;;
18;1;1;low;-60.0;ap_only_cochannel;ul_dl;su;2;735.0;636.0546577322297;58.092144;0.0;735.0;0.9891653508260945;636.0546577322297;58.092144;0.908668;W20_NSS1_MCS2:bytes=14306,ppdus=1,airtime_us=5276|W80_NSS2_MCS7:bytes=64370,ppdus=1,airtime_us=900|W80_NSS2_MCS8:bytes=7182842,ppdus=117,airtime_us=85156;;;;;;;;;;;;;;;;;;;;;;;;;;;;;;;;;;;;;;;;;;;;;;;;;;;;;;;;;;;;;;;;;;;;;;;;;;;;;;;;;;;;;;;;;;;;;;;;;;;;;;;;;;;;;;;;;;;;;;;;;;;;;;;;;;;;;;;;;;;;;;;;;;;;;;;;;;;;;;;;;;;;;;;;;;;;;;
19;1;5;high;-41.5;isolated;ul;su;0;669.6666672;590.6071754054399;402.51685265575134;0.16715410512576;551.25;0.9970734982084007;484.24189059258134;76.552832;0.841912;W20_NSS1_MCS1:bytes=9334,ppdus=1,airtime_us=5164|W20_NSS2_MCS1:bytes=18670,ppdus=1,airtime_us=5172|W80_NSS2_MCS6:bytes=9541100,ppdus=146,airtime_us=147752;816.666668;0.9958347464965394;705.5503977334641;77.698032;0.889876;W80_NSS1_MCS1:bytes=40454,ppdus=1,airtime_us=5340|W80_NSS2_MCS9:bytes=9671800,ppdus=148,airtime_us=104784;816.666668;0.9891733936515992;710.4747156335584;96.57689273559322;0.864067094;W20_NSS1_MCS11:bytes=65350,ppdus=1,airtime_us=4348|W20_NSS2_MCS11:bytes=65350,ppdus=1,airtime_us=2212|W80_NSS2_MCS9:bytes=11941411.5919492,ppdus=183,airtime_us=129372.906;612.5;0.9953606810953396;540.4847006555307;99.269744;0.816332;W40_NSS1_MCS1:bytes=18670,ppdus=1,airtime_us=5164|W40_NSS2_MCS1:bytes=38898,ppdus=1,airtime_us=5380|W80_NSS2_MCS7:bytes=12351150,ppdus=189,airtime_us=173124;551.25;0.9900265840600949;512.2841724120647;52.4193519201581;0.897675246;W80_NSS1_MCS7:bytes=65350,ppdus=1,airtime_us=1756|W80_NSS2_MCS6:bytes=6487068.99001976,ppdus=101,airtime_us=100568.754;;;;;;;;;;;;;;;;;;;;;;;;;;;;;;;;;;;;;;;;;;;;;;;;;;;;;;;;;;;;;;;;;;;;;;;;;;;;;;;;;;;;;;;;;;;;;;;;;;;;;;;;;;;;;;;;;;;;;;;;;;;;;;;;;;;;;;;;;;;;;;;;;;;;;;
19;1;5;high;-41.5;isolated;ul;su;1;628.8333336000001;534.1953130757622;273.0953492667586;0.44003750628130167;551.25;0.9833333333333333;507.8028880398886;62.736;0.876456;W40_NSS1_MCS9:bytes=65350,ppdus=1,airtime_us=2732|W40_NSS2_MCS9:bytes=65350,ppdus=1,airtime_us=1396|W80_NSS2_MCS6:bytes=7711300,ppdus=118,airtime_us=119416;1020.833334;0.9894678827961287;820.3822884699694;44.911008;0.945256;W40_NSS2_MCS2:bytes=59126,ppdus=1,airtime_us=5444|W80_NSS2_MCS11:bytes=5554750,ppdus=85,airtime_us=49300;183.75;0.992919241057611;179.7689425150288;73.83389326675862;0.589284488;W40_NSS1_MCS6:bytes=65350,ppdus=1,airtime_us=4028|W80_NSS2_MCS2:bytes=9163886.65834483,ppdus=140,airtime_us=406687.512;1020.833334;0.9881324470771289;809.7116853567366;39.857248;0.950776;W40_NSS2_MCS2:bytes=59126,ppdus=1,airtime_us=5444|W80_NSS2_MCS11:bytes=4923030,ppdus=77,airtime_us=43780;367.5;0.98989898989899;353.3107609971876;51.7572;0.853508;W40_NSS2_MCS7:bytes=65350,ppdus=1,airtime_us=1844|W80_NSS2_MCS4:bytes=6404300,ppdus=98,airtime_us=144648;;;;;;;;;;;;;;;;;;;;;;;;;;;;;;;;;;;;;;;;;;;;;;;;;;;;;;;;;;;;;;;;;;;;;;;;;;;;;;;;;;;;;;;;;;;;;;;;;;;;;;;;;;;;;;;;;;;;;;;;;;;;;;;;;;;;;;;;;;;;;;;;;;;;;;
19;1;5;high;-41.5;isolated;ul;su;2;824.833334;686.8853366544139;375.37385555081966;0.23246810354938685;1020.833334;0.9857612583366516;797.4464143705852;68.188048;0.914492;W40_NSS2_MCS2:bytes=59126,ppdus=1,airtime_us=5444|W80_NSS1_MCS2:bytes=62238,ppdus=1,airtime_us=5468|W80_NSS2_MCS11:bytes=8402142,ppdus=129,airtime_us=74596;816.666668;0.993421052631579;731.2964735330928;79.4656;0.891336;W80_NSS1_MCS7:bytes=65350,ppdus=1,airtime_us=1756|W80_NSS2_MCS9:bytes=9867850,ppdus=151,airtime_us=106908;1020.833334;0.9937230594809421;806.030766665277;77.33704;0.904052;W80_NSS1_MCS0:bytes=20226,ppdus=1,airtime_us=5340|W80_NSS2_MCS0:bytes=40454,ppdus=1,airtime_us=5348|W80_NSS2_MCS11:bytes=9606450,ppdus=147,airtime_us=85260;1020.833334;0.9932885906040269;861.961669543664;77.8972;0.909628;W40_NSS2_MCS3:bytes=65350,ppdus=1,airtime_us=4532|W80_NSS2_MCS11:bytes=9671800,ppdus=148,airtime_us=85840;245.0;0.9951917866067574;237.69135915945034;72.48596755081967;0.695041638;W80_NSS1_MCS4:bytes=43566,ppdus=1,airtime_us=1948|W80_NSS2_MCS3:bytes=9017179.94385246,ppdus=138,airtime_us=303010.362;;;;;;;;;;;;;;;;;;;;;;;;;;;;;;;;;;;;;;;;;;;;;;;;;;;;;;;;;;;;;;;;;;;;;;;;;;;;;;;;;;;;;;;;;;;;;;;;;;;;;;;;;;;;;;;;;;;;;;;;;;;;;;;;;;;;;;;;;;;;;;;;;;;;;;
20;1;5;high;-41.5;isolated;dl;su;0;681.9166672;190.55615912505593;10.43928;0.3380936390723135;551.25;0.9857189769594403;182.94516241704505;2.095088;0.988548;W20_NSS2_MCS1:bytes=1822,ppdus=1,airtime_us=564|W40_NSS1_MCS1:bytes=1918,ppdus=1,airtime_us=572|W80_NSS2_MCS6:bytes=258146,ppdus=115,airtime_us=10316;816.666668;0.9848966998885424;197.156050955414;1.981024;0.989952;W20_NSS2_MCS10:bytes=2014,ppdus=1,airtime_us=132|W40_NSS1_MCS10:bytes=1726,ppdus=1,airtime_us=108|W80_NSS2_MCS9:bytes=243888,ppdus=116,airtime_us=9808;816.666668;0.945800134528837;202.89412592332044;2.307312;0.988628;W40_NSS1_MCS11:bytes=2014,ppdus=1,airtime_us=124|W40_NSS2_MCS11:bytes=2014,ppdus=1,airtime_us=100|W80_NSS1_MCS11:bytes=11604,ppdus=6,airtime_us=456|W80_NSS2_MCS9:bytes=272782,ppdus=125,airtime_us=10692;612.5;0.9778258893143592;179.33126079447322;2.076656;0.98842;W40_NSS1_MCS1:bytes=1822,ppdus=1,airtime_us=556|W40_NSS2_MCS1:bytes=3934,ppdus=1,airtime_us=596|W80_NSS2_MCS7:bytes=253826,ppdus=119,airtime_us=10428;612.5;0.98410670978173;190.45419553502694;1.9792;0.989608;W40_NSS1_MCS11:bytes=1918,ppdus=1,airtime_us=108|W40_NSS2_MCS11:bytes=2014,ppdus=1,airtime_us=100|W80_NSS2_MCS7:bytes=243468,ppdus=118,airtime_us=10184;;;;;;;;;;;;;;;;;;;;;;;;;;;;;;;;;;;;;;;;;;;;;;;;;;;;;;;;;;;;;;;;;;;;;;;;;;;;;;;;;;;;;;;;;;;;;;;;;;;;;;;;;;;;;;;;;;;;;;;;;;;;;;;;;;;;;;;;;;;;;;;;;;;;;;
20;1;5;high;-41.5;isolated;dl;su;1;628.8333336000001;185.72682329891592;5.275904;0.661020155147139;551.25;0.9828171657708387;182.42801556420233;0.93768;0.99486;W40_NSS1_MCS9:bytes=2014,ppdus=1,airtime_us=140|W80_NSS2_MCS6:bytes=115196,ppdus=58,airtime_us=5000;1020.833334;0.9857204544439315;238.36379769299023;1.074544;0.995492;W80_NSS1_MCS2:bytes=1918,ppdus=1,airtime_us=220|W80_NSS2_MCS11:bytes=132400,ppdus=60,airtime_us=4288;183.75;0.9860065370921614;113.65174129353234;1.096512;0.990352;W20_NSS2_MCS6:bytes=1918,ppdus=1,airtime_us=180|W80_NSS2_MCS2:bytes=135146,ppdus=59,airtime_us=9468;1020.833334;0.9856636718341232;228.4987190435525;1.070288;0.995316;W80_NSS2_MCS2:bytes=1918,ppdus=1,airtime_us=148|W80_NSS2_MCS11:bytes=131868,ppdus=66,airtime_us=4536;367.5;0.9853110641091095;165.6918429003021;1.09688;0.99338;W40_NSS1_MCS7:bytes=2014,ppdus=1,airtime_us=156|W80_NSS2_MCS4:bytes=135096,ppdus=60,airtime_us=6464;;;;;;;;;;;;;;;;;;;;;;;;;;;;;;;;;;;;;;;;;;;;;;;;;;;;;;;;;;;;;;;;;;;;;;;;;;;;;;;;;;;;;;;;;;;;;;;;;;;;;;;;;;;;;;;;;;;;;;;;;;;;;;;;;;;;;;;;;;;;;;;;;;;;;;
20;1;5;high;-41.5;isolated;dl;su;2;824.833334;205.69132623274675;5.238048;0.6570643827896345;1020.833334;0.9871906636670417;232.41830065359477;1.13792;0.995104;W20_NSS2_MCS2:bytes=1822,ppdus=1,airtime_us=388|W80_NSS2_MCS11:bytes=140418,ppdus=63,airtime_us=4508;816.666668;0.9844480863122674;209.95698924731184;0.937248;0.995536;W20_NSS1_MCS7:bytes=1822,ppdus=1,airtime_us=252|W80_NSS2_MCS9:bytes=115334,ppdus=49,airtime_us=4212;1020.833334;0.9797984198907865;216.52830188679246;1.101696;0.994912;W40_NSS2_MCS0:bytes=2782,ppdus=1,airtime_us=820|W80_NSS2_MCS11:bytes=134930,ppdus=59,airtime_us=4268;1020.833334;0.9782724757729206;237.05081495685522;0.988976;0.995828;W40_NSS1_MCS3:bytes=2686,ppdus=1,airtime_us=412|W80_NSS2_MCS11:bytes=120936,ppdus=52,airtime_us=3760;245.0;0.986405622789608;132.50222441917944;1.072208;0.991908;W40_NSS2_MCS4:bytes=1822,ppdus=1,airtime_us=148|W80_NSS2_MCS3:bytes=132204,ppdus=62,airtime_us=7944;;;;;;;;;;;;;;;;;;;;;;;;;;;;;;;;;;;;;;;;;;;;;;;;;;;;;;;;;;;;;;;;;;;;;;;;;;;;;;;;;;;;;;;;;;;;;;;;;;;;;;;;;;;;;;;;;;;;;;;;;;;;;;;;;;;;;;;;;;;;;;;;;;;;;;
21;1;5;high;-41.5;isolated;ul_dl;su;0;669.6666672;511.7016443030346;323.121648;-0.1885245326723024;551.25;0.9901077924951767;491.7590293980401;84.307168;0.82856;W40_NSS1_MCS3:bytes=38898,ppdus=1,airtime_us=5372|W40_NSS2_MCS3:bytes=65350,ppdus=1,airtime_us=4532|W80_NSS2_MCS6:bytes=10434148,ppdus=160,airtime_us=161536;816.666668;0.9659379654779637;283.5527950310559;0.730432;0.997424;W40_NSS2_MCS4:bytes=3110,ppdus=1,airtime_us=196|W80_NSS2_MCS9:bytes=88194,ppdus=27,airtime_us=2380;816.666668;0.9918619183606578;708.4382884869872;64.241184;0.90932;W40_NSS1_MCS5:bytes=65350,ppdus=1,airtime_us=4524|W80_NSS2_MCS9:bytes=7964798,ppdus=123,airtime_us=86156;612.5;0.9938728570782068;565.8856189810082;84.144928;0.851304;W80_NSS1_MCS5:bytes=64446,ppdus=1,airtime_us=2156|W80_NSS2_MCS7:bytes=10453670,ppdus=163,airtime_us=146540;551.25;0.994286423714365;508.87248961808154;89.697936;0.823732;W40_NSS1_MCS7:bytes=64062,ppdus=1,airtime_us=3564|W80_NSS2_MCS6:bytes=11148180,ppdus=172,airtime_us=172704;;;;;;;;;;;;;;;;;;;;;;;;;;;;;;;;;;;;;;;;;;;;;;;;;;;;;;;;;;;;;;;;;;;;;;;;;;;;;;;;;;;;;;;;;;;;;;;;;;;;;;;;;;;;;;;;;;;;;;;;;;;;;;;;;;;;;;;;;;;;;;;;;;;;;;
21;1;5;high;-41.5;isolated;ul_dl;su;1;628.8333336000001;524.6359755942206;206.6111065062069;0.36296737025962544;551.25;0.6091684697988446;379.2144633045827;49.417712;0.869684;W80_NSS1_MCS6:bytes=2414250,ppdus=37,airtime_us=71964|W80_NSS2_MCS6:bytes=3762964,ppdus=60,airtime_us=58352;1020.833334;0.9976971539771258;826.8827025964508;48.642418506206894;0.941173738;W20_NSS1_MCS2:bytes=14002,ppdus=1,airtime_us=5164|W80_NSS2_MCS11:bytes=6066300.31327586,ppdus=95,airtime_us=53662.262;183.75;0.9900658264978789;176.8975838005728;35.083744;0.801672;W20_NSS1_MCS6:bytes=43566,ppdus=1,airtime_us=5356|W80_NSS2_MCS2:bytes=4341902,ppdus=67,airtime_us=192972;1020.833334;1.0;898.978064516129;27.86832;0.969;W80_NSS2_MCS11:bytes=3483540,ppdus=58,airtime_us=31000;367.5;0.9931756266465305;341.20706375336727;45.598912;0.86636;W40_NSS1_MCS3:bytes=38898,ppdus=1,airtime_us=5372|W80_NSS2_MCS4:bytes=5660966,ppdus=87,airtime_us=128268;;;;;;;;;;;;;;;;;;;;;;;;;;;;;;;;;;;;;;;;;;;;;;;;;;;;;;;;;;;;;;;;;;;;;;;;;;;;;;;;;;;;;;;;;;;;;;;;;;;;;;;;;;;;;;;;;;;;;;;;;;;;;;;;;;;;;;;;;;;;;;;;;;;;;;
21;1;5;high;-41.5;isolated;ul_dl;su;2;673.2500004;546.59012867598;187.5300929203343;0.4162705347021076;487.5;0.586610662747014;467.59202955605355;30.881648;0.933956;W40_NSS2_MCS11:bytes=2264438,ppdus=39,airtime_us=39548|W80_NSS1_MCS11:bytes=1595768,ppdus=28,airtime_us=26496;816.666668;0.5336677543735215;523.2215716660762;44.895228920334326;0.914194614;W80_NSS1_MCS9:bytes=2617011.61504179,ppdus=40,airtime_us=53525.386|W80_NSS2_MCS9:bytes=2994892,ppdus=46,airtime_us=32280;918.75;0.9869857490953547;823.1705741032226;39.745968;0.951716;W80_NSS1_MCS11:bytes=64658,ppdus=1,airtime_us=1068|W80_NSS2_MCS10:bytes=4903588,ppdus=76,airtime_us=47216;1020.833334;0.989830955118482;786.4990233371029;30.601104;0.961092;W20_NSS2_MCS3:bytes=38898,ppdus=1,airtime_us=5380|W80_NSS2_MCS11:bytes=3786240,ppdus=58,airtime_us=33528;122.5;0.8239326028523689;132.46744471744472;41.406144;0.687424;W80_NSS1_MCS3:bytes=4264484,ppdus=66,airtime_us=281992|W80_NSS2_MCS3:bytes=911284,ppdus=14,airtime_us=30584;;;;;;;;;;;;;;;;;;;;;;;;;;;;;;;;;;;;;;;;;;;;;;;;;;;;;;;;;;;;;;;;;;;;;;;;;;;;;;;;;;;;;;;;;;;;;;;;;;;;;;;;;;;;;;;;;;;;;;;;;;;;;;;;;;;;;;;;;;;;;;;;;;;;;;
22;1;5;high;-41.5;ap_only_cochannel;ul;su;0;710.5000004;603.5568609214241;235.60959336996046;-0.026580169204373894;551.25;0.9876944205554344;509.26882605802956;42.48479336996047;0.916576882;W80_NSS2_MCS3:bytes=65350,ppdus=1,airtime_us=2196|W80_NSS2_MCS6:bytes=5245249.17124506,ppdus=81,airtime_us=81227.118;1020.833334;0.9567767844230363;812.93735814798;57.308832;0.929504;W20_NSS1_MCS7:bytes=48234,ppdus=1,airtime_us=5324|W80_NSS1_MCS11:bytes=261400,ppdus=4,airtime_us=4336|W80_NSS2_MCS11:bytes=6853970,ppdus=105,airtime_us=60836;816.666668;0.9354838709677419;684.3509838696056;64.8272;0.905272;W20_NSS2_MCS5:bytes=65350,ppdus=1,airtime_us=4532|W80_NSS1_MCS9:bytes=196050,ppdus=3,airtime_us=4020|W80_NSS2_MCS6:bytes=261400,ppdus=4,airtime_us=4048|W80_NSS2_MCS9:bytes=7580600,ppdus=116,airtime_us=82128;612.5;0.9655172413793104;542.6342161775233;30.3224;0.94412;W40_NSS2_MCS5:bytes=130700,ppdus=2,airtime_us=4584|W80_NSS2_MCS7:bytes=3659600,ppdus=56,airtime_us=51296;551.25;0.9485766715139153;468.5929203539823;40.666368;0.913216;W20_NSS2_MCS7:bytes=65350,ppdus=1,airtime_us=3636|W40_NSS1_MCS7:bytes=65350,ppdus=1,airtime_us=3628|W80_NSS1_MCS4:bytes=65350,ppdus=1,airtime_us=2892|W80_NSS1_MCS6:bytes=65350,ppdus=1,airtime_us=1948|W80_NSS2_MCS6:bytes=4821896,ppdus=74,airtime_us=74680;;;;;;;;;;;;;;;;;;;;;;;;;;;;;;;;;;;;;;;;;;;;;;;;;;;;;;;;;;;;;;;;;;;;;;;;;;;;;;;;;;;;;;;;;;;;;;;;;;;;;;;;;;;;;;;;;;;;;;;;;;;;;;;;;;;;;;;;;;;;;;;;;;;;;;
22;1;5;high;-41.5;ap_only_cochannel;ul;su;1;375.66666680000003;326.36861593474146;168.29787028065445;0.012352709911691795;551.25;0.9691629886655698;483.10182370820667;50.86096;0.89472;W20_NSS1_MCS9:bytes=65350,ppdus=1,airtime_us=5420|W80_NSS2_MCS3:bytes=130700,ppdus=2,airtime_us=4392|W80_NSS2_MCS6:bytes=6161570,ppdus=95,airtime_us=95468;510.416667;0.9650116376406709;430.24374512353705;33.085744;0.9231;W20_NSS1_MCS2:bytes=14002,ppdus=1,airtime_us=5164|W20_NSS1_MCS11:bytes=65350,ppdus=1,airtime_us=4348|W40_NSS2_MCS11:bytes=65350,ppdus=1,airtime_us=1140|W80_NSS1_MCS11:bytes=3991016,ppdus=62,airtime_us=66248;122.5;0.9769335484223559;119.99923085397346;43.171269609805734;0.640237114;W80_NSS1_MCS2:bytes=124476,ppdus=2,airtime_us=10936|W80_NSS2_MCS1:bytes=5271932.70122572,ppdus=80,airtime_us=348826.886;510.416667;0.9705354154216534;418.00127848873984;25.769784670848708;0.938349986;W20_NSS1_MCS11:bytes=65350,ppdus=1,airtime_us=4348|W20_NSS2_MCS2:bytes=29562,ppdus=1,airtime_us=5444|W80_NSS1_MCS11:bytes=3126311.08385609,ppdus=48,airtime_us=51858.014;183.75;1.0;180.4970014992504;15.410112;0.914624;W80_NSS1_MCS4:bytes=1926264,ppdus=32,airtime_us=85376;;;;;;;;;;;;;;;;;;;;;;;;;;;;;;;;;;;;;;;;;;;;;;;;;;;;;;;;;;;;;;;;;;;;;;;;;;;;;;;;;;;;;;;;;;;;;;;;;;;;;;;;;;;;;;;;;;;;;;;;;;;;;;;;;;;;;;;;;;;;;;;;;;;;;;
22;1;5;high;-41.5;ap_only_cochannel;ul;su;2;567.3333338;505.9705653670893;226.95916230578368;0.025387307769021317;1020.833334;0.9693382635942777;804.603171131766;58.864768;0.92684;W40_NSS1_MCS2:bytes=29562,ppdus=1,airtime_us=5436|W40_NSS1_MCS11:bytes=65350,ppdus=1,airtime_us=2204|W80_NSS1_MCS11:bytes=130700,ppdus=2,airtime_us=2168|W80_NSS2_MCS11:bytes=7132484,ppdus=110,airtime_us=63352;816.666668;0.9687809622629431;705.0830292483018;50.238576;0.928748;W40_NSS2_MCS6:bytes=65350,ppdus=1,airtime_us=2052|W40_NSS2_MCS7:bytes=65350,ppdus=1,airtime_us=1844|W40_NSS2_MCS9:bytes=65350,ppdus=1,airtime_us=1396|W80_NSS2_MCS9:bytes=6083772,ppdus=94,airtime_us=65960;510.416667;0.8346957081787244;518.6245521973864;41.11448;0.920724;W40_NSS2_MCS11:bytes=65350,ppdus=1,airtime_us=1140|W80_NSS1_MCS11:bytes=4289760,ppdus=66,airtime_us=71176|W80_NSS2_MCS11:bytes=784200,ppdus=12,airtime_us=6960;243.75;0.6260433483569298;274.21625067425094;22.368368;0.918428;W20_NSS1_MCS11:bytes=65350,ppdus=1,airtime_us=4348|W40_NSS1_MCS11:bytes=1750446,ppdus=27,airtime_us=59044|W40_NSS2_MCS11:bytes=130700,ppdus=2,airtime_us=2280|W80_NSS1_MCS4:bytes=65350,ppdus=1,airtime_us=2892|W80_NSS1_MCS11:bytes=784200,ppdus=12,airtime_us=13008;245.0;0.9615071552278056;227.3258235837414;54.37297030578367;0.76081481;W20_NSS1_MCS4:bytes=6445.28822295806,ppdus=0,airtime_us=1185.19|W20_NSS2_MCS4:bytes=59126,ppdus=1,airtime_us=5444|W80_NSS1_MCS3:bytes=130700,ppdus=2,airtime_us=8632|W80_NSS2_MCS1:bytes=65350,ppdus=1,airtime_us=4324|W80_NSS2_MCS3:bytes=6535000,ppdus=100,airtime_us=219600;;;;;;;;;;;;;;;;;;;;;;;;;;;;;;;;;;;;;;;;;;;;;;;;;;;;;;;;;;;;;;;;;;;;;;;;;;;;;;;;;;;;;;;;;;;;;;;;;;;;;;;;;;;;;;;;;;;;;;;;;;;;;;;;;;;;;;;;;;;;;;;;;;;;;;
23;1;5;high;-41.5;ap_only_cochannel;dl;su;0;95.9875;58.15555626376254;3.199456;0.7720847532967847;183.75;0.9437880247116581;91.10968432316747;0.681136;0.992524;W20_NSS2_MCS3:bytes=1918,ppdus=1,airtime_us=324|W40_NSS1_MCS4:bytes=2868,ppdus=6,airtime_us=584|W80_NSS1_MCS4:bytes=80356,ppdus=58,airtime_us=6568;43.875;0.5909614200423015;42.796906330564305;0.597616;0.986036;W20_NSS1_MCS4:bytes=44146,ppdus=35,airtime_us=9876|W40_NSS1_MCS4:bytes=30556,ppdus=26,airtime_us=4088;7.3125;1.0;7.168340820756145;0.568048;0.920756;W20_NSS1_MCS0:bytes=71006,ppdus=29,airtime_us=79244;61.25;0.9726995123285174;52.838049367850694;0.702112;0.986712;W20_NSS2_MCS7:bytes=478,ppdus=1,airtime_us=84|W40_NSS2_MCS7:bytes=1918,ppdus=1,airtime_us=116|W80_NSS2_MCS0:bytes=85368,ppdus=32,airtime_us=13088;183.75;0.9280848028726727;96.86480047647409;0.650544;0.993284;W20_NSS1_MCS7:bytes=1918,ppdus=1,airtime_us=268|W20_NSS2_MCS4:bytes=382,ppdus=1,airtime_us=100|W40_NSS1_MCS4:bytes=94,ppdus=1,airtime_us=60|W40_NSS2_MCS6:bytes=3454,ppdus=1,airtime_us=164|W80_NSS1_MCS4:bytes=75470,ppdus=53,airtime_us=6124;;;;;;;;;;;;;;;;;;;;;;;;;;;;;;;;;;;;;;;;;;;;;;;;;;;;;;;;;;;;;;;;;;;;;;;;;;;;;;;;;;;;;;;;;;;;;;;;;;;;;;;;;;;;;;;;;;;;;;;;;;;;;;;;;;;;;;;;;;;;;;;;;;;;;;
23;1;5;high;-41.5;ap_only_cochannel;dl;su;1;375.41666680000003;83.29075919651206;3.389296;-0.31422668643715523;245.0;0.9990378629237648;132.60037523452158;0.848112;0.993604;W80_NSS1_MCS3:bytes=102,ppdus=1,airtime_us=60|W80_NSS2_MCS3:bytes=105912,ppdus=48,airtime_us=6336;243.75;0.7239741257327673;35.97818181818182;0.316608;0.9912;W20_NSS2_MCS0:bytes=10924,ppdus=10,airtime_us=6584|W40_NSS1_MCS11:bytes=28652,ppdus=26,airtime_us=2216;122.5;0.9028106068129904;84.72023559108119;0.80552;0.990492;W40_NSS1_MCS2:bytes=3838,ppdus=1,airtime_us=748|W40_NSS2_MCS1:bytes=5948,ppdus=2,airtime_us=936|W80_NSS2_MCS1:bytes=90904,ppdus=32,airtime_us=7824;1020.833334;0.5522848258050914;29.703326810176126;0.607136;0.97956;W20_NSS2_MCS0:bytes=33978,ppdus=11,airtime_us=19228|W80_NSS2_MCS11:bytes=41914,ppdus=15,airtime_us=1212;245.0;0.9432653463395408;133.4516765285996;0.81192;0.993916;W80_NSS1_MCS3:bytes=5758,ppdus=1,airtime_us=428|W80_NSS2_MCS3:bytes=95732,ppdus=42,airtime_us=5656;;;;;;;;;;;;;;;;;;;;;;;;;;;;;;;;;;;;;;;;;;;;;;;;;;;;;;;;;;;;;;;;;;;;;;;;;;;;;;;;;;;;;;;;;;;;;;;;;;;;;;;;;;;;;;;;;;;;;;;;;;;;;;;;;;;;;;;;;;;;;;;;;;;;;;
23;1;5;high;-41.5;ap_only_cochannel;dl;su;2;54.85;40.06543749287306;2.3345099774545455;-379.95789449323524;122.5;0.6371862052156958;103.70932069510269;0.525184;0.994936;W40_NSS1_MCS11:bytes=23818,ppdus=11,airtime_us=1316|W80_NSS2_MCS1:bytes=41830,ppdus=17,airtime_us=3748;7.3125;1.0;7.161990967203899;0.5479339774545454;0.923494182;W20_NSS1_MCS0:bytes=68491.7471818182,ppdus=29,airtime_us=76505.818;7.3125;0.9622294737631747;7.398126951092612;0.426576;0.94234;W20_NSS1_MCS0:bytes=51308,ppdus=26,airtime_us=57528|W20_NSS2_MCS11:bytes=2014,ppdus=1,airtime_us=132;14.625;0.970751839224834;13.624251314020292;0.44584;0.967276;W20_NSS1_MCS0:bytes=1630,ppdus=1,airtime_us=1836|W20_NSS2_MCS0:bytes=54100,ppdus=22,airtime_us=30888;122.5;0.8421290773723829;68.43349753694581;0.388976;0.994316;W20_NSS1_MCS3:bytes=3646,ppdus=1,airtime_us=1052|W80_NSS1_MCS1:bytes=4030,ppdus=1,airtime_us=572|W80_NSS2_MCS1:bytes=40946,ppdus=23,airtime_us=4060;;;;;;;;;;;;;;;;;;;;;;;;;;;;;;;;;;;;;;;;;;;;;;;;;;;;;;;;;;;;;;;;;;;;;;;;;;;;;;;;;;;;;;;;;;;;;;;;;;;;;;;;;;;;;;;;;;;;;;;;;;;;;;;;;;;;;;;;;;;;;;;;;;;;;;
24;1;5;high;-41.5;ap_only_cochannel;ul_dl;su;0;506.3333336;157.73406237973435;58.65422070501251;0.38090197388460223;275.625;0.7496487835576566;237.65783466109178;26.643196705012517;0.887892622;W80_NSS1_MCS4:bytes=833769.588126565,ppdus=15,airtime_us=37087.378|W80_NSS1_MCS6:bytes=2496630,ppdus=49,airtime_us=75020;816.666668;0.8976034858387799;57.375;0.014688;0.999744;W40_NSS1_MCS9:bytes=188,ppdus=2,airtime_us=120|W80_NSS2_MCS9:bytes=1648,ppdus=2,airtime_us=136;551.25;0.5770056691290156;101.08827785817655;3.352896;0.966832;W20_NSS1_MCS0:bytes=9272,ppdus=2,airtime_us=10248|W20_NSS1_MCS6:bytes=101804,ppdus=8,airtime_us=12800|W20_NSS1_MCS9:bytes=66206,ppdus=3,airtime_us=5588|W80_NSS2_MCS6:bytes=241830,ppdus=17,airtime_us=4532;612.5;0.7510899783831495;181.08475439043013;11.383712;0.937136;W80_NSS2_MCS0:bytes=354190,ppdus=11,airtime_us=46924|W80_NSS2_MCS7:bytes=1068774,ppdus=33,airtime_us=15940;275.625;0.5356941893869939;211.4644449889733;17.259728;0.91838;W40_NSS1_MCS6:bytes=51458,ppdus=1,airtime_us=3180|W40_NSS2_MCS6:bytes=52512,ppdus=2,airtime_us=1720|W80_NSS1_MCS4:bytes=897754,ppdus=43,airtime_us=41268|W80_NSS1_MCS6:bytes=1155742,ppdus=37,airtime_us=35452;;;;;;;;;;;;;;;;;;;;;;;;;;;;;;;;;;;;;;;;;;;;;;;;;;;;;;;;;;;;;;;;;;;;;;;;;;;;;;;;;;;;;;;;;;;;;;;;;;;;;;;;;;;;;;;;;;;;;;;;;;;;;;;;;;;;;;;;;;;;;;;;;;;;;;
24;1;5;high;-41.5;ap_only_cochannel;ul_dl;su;1;280.75;192.836113851022;67.99853374375579;0.4120634239557175;122.5;0.9258649792707125;125.67740757644911;27.53592;0.7809;W40_NSS2_MCS6:bytes=255172,ppdus=4,airtime_us=8000|W80_NSS1_MCS3:bytes=3186818,ppdus=57,airtime_us=211100;487.5;0.7772309729087427;258.580147316731;5.897696;0.977192;W20_NSS2_MCS0:bytes=13000,ppdus=2,airtime_us=7240|W20_NSS2_MCS11:bytes=151228,ppdus=4,airtime_us=5216|W40_NSS2_MCS11:bytes=572984,ppdus=16,airtime_us=10352;122.5;0.9809654037025686;119.82834415845686;24.84990974375578;0.79262077;W40_NSS2_MCS2:bytes=59126,ppdus=1,airtime_us=5444|W80_NSS2_MCS1:bytes=3047112.71796947,ppdus=49,airtime_us=201935.23;487.5;0.6764316375924742;290.03973509933775;0.700736;0.997584;W40_NSS2_MCS11:bytes=59250,ppdus=13,airtime_us=1716|W80_NSS1_MCS11:bytes=28342,ppdus=5,airtime_us=700;183.75;0.9845436214926729;170.0549351041352;9.014272;0.946992;W40_NSS1_MCS3:bytes=17416,ppdus=2,airtime_us=2488|W80_NSS1_MCS4:bytes=1109368,ppdus=42,airtime_us=50520;;;;;;;;;;;;;;;;;;;;;;;;;;;;;;;;;;;;;;;;;;;;;;;;;;;;;;;;;;;;;;;;;;;;;;;;;;;;;;;;;;;;;;;;;;;;;;;;;;;;;;;;;;;;;;;;;;;;;;;;;;;;;;;;;;;;;;;;;;;;;;;;;;;;;;
24;1;5;high;-41.5;ap_only_cochannel;ul_dl;su;2;289.375;203.91713018000982;64.66687606327474;0.38055215629918615;122.5;1.0;120.10932911678337;21.26896;0.82292;W80_NSS2_MCS1:bytes=2658620,ppdus=58,airtime_us=177080;275.625;0.7452496179995421;247.05951989477146;3.005232;0.987836;W40_NSS2_MCS6:bytes=95698,ppdus=5,airtime_us=3204|W80_NSS1_MCS6:bytes=279956,ppdus=16,airtime_us=8960;438.75;0.8513865022937588;309.80708180708183;1.014928;0.996724;W40_NSS2_MCS10:bytes=108012,ppdus=12,airtime_us=2688|W80_NSS1_MCS10:bytes=18854,ppdus=5,airtime_us=588;487.5;0.7959616850792793;225.73478301273116;19.433056;0.913912;W20_NSS2_MCS11:bytes=164774,ppdus=3,airtime_us=5580|W40_NSS1_MCS0:bytes=9334,ppdus=1,airtime_us=5164|W40_NSS1_MCS11:bytes=65350,ppdus=1,airtime_us=2204|W40_NSS2_MCS0:bytes=18670,ppdus=1,airtime_us=5172|W40_NSS2_MCS11:bytes=1933496,ppdus=34,airtime_us=33800|W80_NSS1_MCS0:bytes=20226,ppdus=1,airtime_us=5340|W80_NSS2_MCS0:bytes=217282,ppdus=7,airtime_us=28828;122.5;0.9681711934505889;116.87493706868132;19.944700063274745;0.829350068;W40_NSS2_MCS1:bytes=38898,ppdus=1,airtime_us=5380|W80_NSS1_MCS1:bytes=40454,ppdus=1,airtime_us=5340|W80_NSS2_MCS1:bytes=2413735.50790934,ppdus=38,airtime_us=159929.932;;;;;;;;;;;;;;;;;;;;;;;;;;;;;;;;;;;;;;;;;;;;;;;;;;;;;;;;;;;;;;;;;;;;;;;;;;;;;;;;;;;;;;;;;;;;;;;;;;;;;;;;;;;;;;;;;;;;;;;;;;;;;;;;;;;;;;;;;;;;;;;;;;;;;;
25;1;5;medium;-50.0;isolated;ul;su;0;669.6666672;594.286201619337;408.26473926666915;0.16237066502232145;551.25;0.994991550318765;486.46179412610655;121.775008;0.749672;W20_NSS2_MCS1:bytes=18670,ppdus=1,airtime_us=5172|W40_NSS1_MCS1:bytes=18670,ppdus=1,airtime_us=5164|W40_NSS2_MCS1:bytes=38898,ppdus=1,airtime_us=5380|W80_NSS2_MCS6:bytes=15145638,ppdus=233,airtime_us=234612;816.666668;0.9883349502561938;704.082068683822;89.63528;0.872692;W20_NSS1_MCS10:bytes=65350,ppdus=1,airtime_us=4812|W20_NSS2_MCS10:bytes=65350,ppdus=1,airtime_us=2436|W80_NSS2_MCS9:bytes=11073710,ppdus=171,airtime_us=120060;816.666668;0.9885958504855743;719.7086377632115;91.68592525706215;0.872606885;W40_NSS2_MCS5:bytes=65350,ppdus=1,airtime_us=2292|W80_NSS1_MCS5:bytes=65350,ppdus=1,airtime_us=2188|W80_NSS2_MCS9:bytes=11330040.6571328,ppdus=177,airtime_us=122913.115;612.5;0.9931138407976128;526.9550450835404;66.87966200960699;0.873082794;W40_NSS1_MCS1:bytes=18670,ppdus=1,airtime_us=5164|W40_NSS2_MCS1:bytes=38898,ppdus=1,airtime_us=5380|W80_NSS2_MCS7:bytes=8302389.75120087,ppdus=127,airtime_us=116373.206;551.25;0.6472691380971762;534.2234624400045;38.288864;0.928328;W80_NSS2_MCS6:bytes=3097900,ppdus=48,airtime_us=48000|W80_NSS2_MCS7:bytes=1688208,ppdus=26,airtime_us=23672;;;;;;;;;;;;;;;;;;;;;;;;;;;;;;;;;;;;;;;;;;;;;;;;;;;;;;;;;;;;;;;;;;;;;;;;;;;;;;;;;;;;;;;;;;;;;;;;;;;;;;;;;;;;;;;;;;;;;;;;;;;;;;;;;;;;;;;;;;;;;;;;;;;;;;
25;1;5;medium;-50.0;isolated;ul;su;1;644.7333336;547.2619341059344;316.1054140398654;0.35652356988067957;551.25;0.9871794871794872;514.0998487140696;40.7784;0.92068;W40_NSS2_MCS9:bytes=65350,ppdus=1,airtime_us=1396|W80_NSS2_MCS6:bytes=5031950,ppdus=77,airtime_us=77924;1020.833334;0.9953455872350502;823.6794190118013;50.811136;0.938312;W40_NSS1_MCS2:bytes=29562,ppdus=1,airtime_us=5436|W80_NSS2_MCS11:bytes=6321830,ppdus=99,airtime_us=56252;263.25;0.5617283950617284;260.56362293871524;84.6936;0.67496;W40_NSS2_MCS6:bytes=5946850,ppdus=91,airtime_us=186732|W80_NSS1_MCS6:bytes=4639850,ppdus=71,airtime_us=138308;1020.833334;0.9852433402587725;794.3514940347657;65.79483548620689;0.917171635;W40_NSS2_MCS2:bytes=59126,ppdus=1,airtime_us=5444|W80_NSS1_MCS2:bytes=62238,ppdus=1,airtime_us=5468|W80_NSS2_MCS11:bytes=8102990.43577586,ppdus=124,airtime_us=71916.365;367.5;0.9877252007005193;343.61528583032015;74.02744255365853;0.784563011;W20_NSS1_MCS7:bytes=48234,ppdus=1,airtime_us=5324|W20_NSS2_MCS7:bytes=65350,ppdus=1,airtime_us=3636|W80_NSS2_MCS4:bytes=9139846.31920732,ppdus=140,airtime_us=206476.989;;;;;;;;;;;;;;;;;;;;;;;;;;;;;;;;;;;;;;;;;;;;;;;;;;;;;;;;;;;;;;;;;;;;;;;;;;;;;;;;;;;;;;;;;;;;;;;;;;;;;;;;;;;;;;;;;;;;;;;;;;;;;;;;;;;;;;;;;;;;;;;;;;;;;;
25;1;5;medium;-50.0;isolated;ul;su;2;824.833334;690.0286449204975;452.943216;0.07682435286761691;1020.833334;0.990288968417912;848.2993285123966;105.10768;0.876096;W80_NSS1_MCS2:bytes=62238,ppdus=1,airtime_us=5468|W80_NSS2_MCS2:bytes=65350,ppdus=1,airtime_us=2900|W80_NSS2_MCS11:bytes=13010872,ppdus=200,airtime_us=115536;816.666668;0.9864559810056274;713.8641810918775;115.800192;0.837784;W20_NSS1_MCS10:bytes=65350,ppdus=1,airtime_us=4812|W80_NSS1_MCS7:bytes=65350,ppdus=1,airtime_us=1756|W80_NSS2_MCS7:bytes=65350,ppdus=1,airtime_us=916|W80_NSS2_MCS9:bytes=14278974,ppdus=219,airtime_us=154732;1020.833334;0.9949905383256015;821.8664043152288;96.904624;0.882092;W80_NSS1_MCS0:bytes=20226,ppdus=1,airtime_us=5340|W80_NSS2_MCS0:bytes=40454,ppdus=1,airtime_us=5348|W80_NSS2_MCS11:bytes=12052398,ppdus=189,airtime_us=107220;1020.833334;0.9937828120213362;834.8678781494162;114.11976;0.863308;W20_NSS1_MCS4:bytes=29562,ppdus=1,airtime_us=5436|W20_NSS2_MCS4:bytes=59126,ppdus=1,airtime_us=5444|W80_NSS2_MCS11:bytes=14176282,ppdus=217,airtime_us=125812;245.0;0.9863743493871769;231.24543253356813;21.01096;0.90914;W40_NSS2_MCS4:bytes=35786,ppdus=1,airtime_us=1684|W80_NSS2_MCS3:bytes=2590584,ppdus=78,airtime_us=89176;;;;;;;;;;;;;;;;;;;;;;;;;;;;;;;;;;;;;;;;;;;;;;;;;;;;;;;;;;;;;;;;;;;;;;;;;;;;;;;;;;;;;;;;;;;;;;;;;;;;;;;;;;;;;;;;;;;;;;;;;;;;;;;;;;;;;;;;;;;;;;;;;;;;;;
26;1;5;medium;-50.0;isolated;dl;su;0;681.9166672;184.67869051632408;10.270432;0.3231623477409995;551.25;0.9779781542065017;160.05267993874426;2.090288;0.98694;W20_NSS1_MCS1:bytes=1726,ppdus=1,airtime_us=1004|W20_NSS2_MCS1:bytes=2014,ppdus=1,airtime_us=612|W40_NSS1_MCS1:bytes=2014,ppdus=1,airtime_us=604|W80_NSS2_MCS6:bytes=255532,ppdus=126,airtime_us=10840;816.666668;0.98511541984964;202.97041874759893;2.113328;0.989588;W20_NSS2_MCS10:bytes=1918,ppdus=1,airtime_us=132|W40_NSS1_MCS10:bytes=2014,ppdus=1,airtime_us=124|W80_NSS2_MCS9:bytes=260234,ppdus=119,airtime_us=10156;816.666668;0.9691233027234911;201.27962085308056;2.03856;0.989872;W40_NSS1_MCS11:bytes=5854,ppdus=1,airtime_us=252|W40_NSS2_MCS11:bytes=2014,ppdus=1,airtime_us=100|W80_NSS2_MCS9:bytes=246952,ppdus=116,airtime_us=9776;612.5;0.9806181368853797;172.6628648104663;2.058832;0.988076;W20_NSS2_MCS1:bytes=3262,ppdus=1,airtime_us=948|W40_NSS1_MCS1:bytes=1726,ppdus=1,airtime_us=524|W80_NSS2_MCS7:bytes=252366,ppdus=121,airtime_us=10452;612.5;0.9883173963554827;186.4278682317304;1.969424;0.989436;W20_NSS2_MCS11:bytes=2014,ppdus=1,airtime_us=132|W40_NSS1_MCS11:bytes=862,ppdus=1,airtime_us=76|W80_NSS2_MCS7:bytes=243302,ppdus=121,airtime_us=10356;;;;;;;;;;;;;;;;;;;;;;;;;;;;;;;;;;;;;;;;;;;;;;;;;;;;;;;;;;;;;;;;;;;;;;;;;;;;;;;;;;;;;;;;;;;;;;;;;;;;;;;;;;;;;;;;;;;;;;;;;;;;;;;;;;;;;;;;;;;;;;;;;;;;;;
26;1;5;medium;-50.0;isolated;dl;su;1;628.8333336000001;185.67021270594967;5.409152000000001;0.6445795735652956;551.25;0.9839931900120176;184.6286594761171;0.958592;0.994808;W40_NSS1_MCS9:bytes=1918,ppdus=1,airtime_us=124|W80_NSS2_MCS6:bytes=117906,ppdus=59,airtime_us=5068;1020.833334;0.9757959274124048;234.757225433526;1.299616;0.994464;W80_NSS1_MCS2:bytes=1918,ppdus=1,airtime_us=220|W80_NSS2_MCS2:bytes=2014,ppdus=1,airtime_us=148|W80_NSS2_MCS11:bytes=158520,ppdus=72,airtime_us=5168;183.75;0.9723992374727669;114.3035019455253;1.17504;0.98972;W40_NSS1_MCS6:bytes=4054,ppdus=1,airtime_us=300|W80_NSS2_MCS2:bytes=142826,ppdus=63,airtime_us=9980;1020.833334;0.9838758746577426;230.24147465437787;0.999248;0.99566;W80_NSS1_MCS2:bytes=2014,ppdus=1,airtime_us=220|W80_NSS2_MCS11:bytes=122892,ppdus=58,airtime_us=4120;367.5;0.9842892482102193;164.42020202020203;0.976656;0.99406;W40_NSS1_MCS7:bytes=1918,ppdus=1,airtime_us=156|W80_NSS2_MCS4:bytes=120164,ppdus=54,airtime_us=5784;;;;;;;;;;;;;;;;;;;;;;;;;;;;;;;;;;;;;;;;;;;;;;;;;;;;;;;;;;;;;;;;;;;;;;;;;;;;;;;;;;;;;;;;;;;;;;;;;;;;;;;;;;;;;;;;;;;;;;;;;;;;;;;;;;;;;;;;;;;;;;;;;;;;;;
26;1;5;medium;-50.0;isolated;dl;su;2;824.833334;190.6396406798595;5.13584;0.6617536878953574;1020.833334;0.9749398048409581;210.7779632721202;1.010048;0.995208;W20_NSS2_MCS2:bytes=1246,ppdus=1,airtime_us=292|W40_NSS1_MCS2:bytes=1918,ppdus=1,airtime_us=396|W80_NSS2_MCS11:bytes=123092,ppdus=58,airtime_us=4104;816.666668;0.9857696131530916;192.13399857448326;1.078256;0.994388;W20_NSS1_MCS7:bytes=1918,ppdus=1,airtime_us=268|W80_NSS2_MCS9:bytes=132864,ppdus=64,airtime_us=5344;1020.833334;0.9829641340841667;198.7396293027361;0.900688;0.995468;W80_NSS1_MCS0:bytes=1918,ppdus=1,airtime_us=556|W80_NSS2_MCS11:bytes=110668,ppdus=58,airtime_us=3976;1020.833334;0.9838969674581053;219.35174953959483;0.952864;0.995656;W20_NSS2_MCS3:bytes=1918,ppdus=1,airtime_us=324|W80_NSS2_MCS11:bytes=117190,ppdus=57,airtime_us=4020;245.0;0.9877921312178388;132.19486271036314;1.193984;0.990968;W40_NSS1_MCS4:bytes=1822,ppdus=1,airtime_us=220|W80_NSS2_MCS3:bytes=147426,ppdus=67,airtime_us=8812;;;;;;;;;;;;;;;;;;;;;;;;;;;;;;;;;;;;;;;;;;;;;;;;;;;;;;;;;;;;;;;;;;;;;;;;;;;;;;;;;;;;;;;;;;;;;;;;;;;;;;;;;;;;;;;;;;;;;;;;;;;;;;;;;;;;;;;;;;;;;;;;;;;;;;
27;1;5;medium;-50.0;isolated;ul_dl;su;0;669.6666672;601.0872844957405;317.36875826528063;-0.18232217301780862;551.25;0.994970278365998;496.4314131322653;61.869030265280635;0.875372451;W40_NSS1_MCS3:bytes=38898,ppdus=1,airtime_us=5372|W80_NSS2_MCS6:bytes=7694730.78316008,ppdus=120,airtime_us=119255.549;816.666668;0.9969128291291527;729.4356548069644;61.669408;0.915456;W80_NSS1_MCS4:bytes=23798,ppdus=1,airtime_us=1084|W80_NSS2_MCS9:bytes=7684878,ppdus=129,airtime_us=83460;816.666668;0.9929796808934012;711.8769040439187;73.653632;0.896536;W40_NSS1_MCS5:bytes=64634,ppdus=1,airtime_us=4476|W80_NSS2_MCS9:bytes=9142070,ppdus=143,airtime_us=98988;612.5;0.9926727262104938;564.7075198144211;70.109568;0.875848;W80_NSS1_MCS5:bytes=64214,ppdus=1,airtime_us=2156|W80_NSS2_MCS7:bytes=8699482,ppdus=135,airtime_us=121996;551.25;0.9897606253365482;502.9849306811332;50.06712;0.90046;W20_NSS2_MCS7:bytes=64082,ppdus=1,airtime_us=3572|W80_NSS2_MCS6:bytes=6194308,ppdus=96,airtime_us=95968;;;;;;;;;;;;;;;;;;;;;;;;;;;;;;;;;;;;;;;;;;;;;;;;;;;;;;;;;;;;;;;;;;;;;;;;;;;;;;;;;;;;;;;;;;;;;;;;;;;;;;;;;;;;;;;;;;;;;;;;;;;;;;;;;;;;;;;;;;;;;;;;;;;;;;
27;1;5;medium;-50.0;isolated;ul_dl;su;1;573.7083336000001;496.32535952128165;202.640603324101;0.366575678355489;275.625;0.9888157352826075;268.0844805864162;46.812912;0.82538;W40_NSS2_MCS6:bytes=65446,ppdus=1,airtime_us=2052|W80_NSS1_MCS6:bytes=5786168,ppdus=90,airtime_us=172568;1020.833334;0.9946463897523318;840.2848901708453;60.594624;0.927888;W80_NSS2_MCS0:bytes=40550,ppdus=1,airtime_us=5364|W80_NSS2_MCS11:bytes=7533778,ppdus=119,airtime_us=66748;183.75;0.9935808613328133;177.98936246943055;54.424747324100984;0.694224719;W20_NSS1_MCS6:bytes=43670,ppdus=1,airtime_us=5356|W80_NSS2_MCS2:bytes=6759423.41551262,ppdus=104,airtime_us=300419.281;1020.833334;1.0;843.8578567462521;6.079152;0.992796;W80_NSS2_MCS11:bytes=759894,ppdus=21,airtime_us=7204;367.5;1.0;351.4102076334642;34.729168;0.901172;W80_NSS2_MCS4:bytes=4341146,ppdus=71,airtime_us=98828;;;;;;;;;;;;;;;;;;;;;;;;;;;;;;;;;;;;;;;;;;;;;;;;;;;;;;;;;;;;;;;;;;;;;;;;;;;;;;;;;;;;;;;;;;;;;;;;;;;;;;;;;;;;;;;;;;;;;;;;;;;;;;;;;;;;;;;;;;;;;;;;;;;;;;
27;1;5;medium;-50.0;isolated;ul_dl;su;2;743.1666672;606.1653812486968;207.742736;0.3758398256121259;1020.833334;0.9945025736059144;721.4303922957088;20.37608;0.971756;W20_NSS1_MCS2:bytes=14002,ppdus=1,airtime_us=5164|W80_NSS2_MCS11:bytes=2533008,ppdus=50,airtime_us=23080;408.333334;1.0;390.6721959437569;48.233952;0.876536;W80_NSS1_MCS9:bytes=6029244,ppdus=94,airtime_us=123464;1020.833334;0.9498543589491745;901.2475795297372;10.425632;0.988432;W80_NSS2_MCS10:bytes=65350,ppdus=1,airtime_us=628|W80_NSS2_MCS11:bytes=1237854,ppdus=19,airtime_us=10940;1020.833334;0.9978147262403272;850.1892725644343;68.348416;0.919608;W20_NSS1_MCS3:bytes=18670,ppdus=1,airtime_us=5164|W80_NSS2_MCS11:bytes=8524882,ppdus=131,airtime_us=75228;245.0;0.5621800458910152;167.2874659098468;60.358656;0.639192;W80_NSS1_MCS3:bytes=3303278,ppdus=51,airtime_us=218356|W80_NSS2_MCS3:bytes=4241554,ppdus=65,airtime_us=142452;;;;;;;;;;;;;;;;;;;;;;;;;;;;;;;;;;;;;;;;;;;;;;;;;;;;;;;;;;;;;;;;;;;;;;;;;;;;;;;;;;;;;;;;;;;;;;;;;;;;;;;;;;;;;;;;;;;;;;;;;;;;;;;;;;;;;;;;;;;;;;;;;;;;;;
28;1;5;medium;-50.0;ap_only_cochannel;ul;su;0;442.6083336;401.5290853050287;157.4778099854772;-0.049546998242358864;275.625;0.7664719467949124;265.87292463361916;44.774064;0.831596;W40_NSS2_MCS6:bytes=1241650,ppdus=19,airtime_us=38988|W80_NSS1_MCS6:bytes=4289758,ppdus=67,airtime_us=127940|W80_NSS2_MCS4:bytes=65350,ppdus=1,airtime_us=1476;816.666668;0.9767441860465116;688.9910506313596;22.4804;0.967372;W80_NSS1_MCS4:bytes=65350,ppdus=1,airtime_us=2892|W80_NSS2_MCS9:bytes=2744700,ppdus=42,airtime_us=29736;551.25;1.0;516.600790513834;23.0032;0.955472;W80_NSS2_MCS6:bytes=2875400,ppdus=44,airtime_us=44528;306.25;0.9873608142304661;297.4074201898188;41.363424;0.86092;W40_NSS2_MCS7:bytes=65350,ppdus=1,airtime_us=1844|W80_NSS1_MCS7:bytes=5105078,ppdus=79,airtime_us=137236;263.25;0.9045644692756037;238.77324055651172;25.85672198547718;0.891710135;W20_NSS2_MCS4:bytes=59126,ppdus=1,airtime_us=5444|W40_NSS2_MCS6:bytes=2923634,ppdus=45,airtime_us=91812|W80_NSS1_MCS4:bytes=249330.248184647,ppdus=3,airtime_us=11033.865;;;;;;;;;;;;;;;;;;;;;;;;;;;;;;;;;;;;;;;;;;;;;;;;;;;;;;;;;;;;;;;;;;;;;;;;;;;;;;;;;;;;;;;;;;;;;;;;;;;;;;;;;;;;;;;;;;;;;;;;;;;;;;;;;;;;;;;;;;;;;;;;;;;;;;
28;1;5;medium;-50.0;ap_only_cochannel;ul;su;1;604.3333336000001;500.5071789189679;170.42171387431694;0.04585067391086761;551.25;0.9178082191780822;455.96654719235363;38.1644;0.9163;W20_NSS2_MCS9:bytes=326750,ppdus=5,airtime_us=13700|W80_NSS2_MCS3:bytes=65350,ppdus=1,airtime_us=2196|W80_NSS2_MCS6:bytes=4378450,ppdus=67,airtime_us=67804;1020.833334;0.96;867.8618857901727;13.07;0.98494;W40_NSS2_MCS11:bytes=65350,ppdus=1,airtime_us=1140|W80_NSS2_MCS11:bytes=1568400,ppdus=24,airtime_us=13920;183.75;0.9550561797752809;176.57604323208403;46.5292;0.736492;W20_NSS2_MCS6:bytes=65350,ppdus=1,airtime_us=4036|W80_NSS2_MCS1:bytes=196050,ppdus=3,airtime_us=12972|W80_NSS2_MCS2:bytes=5554750,ppdus=85,airtime_us=246500;1020.833334;0.9412478682319161;764.262402380067;41.102032;0.94622;W40_NSS1_MCS11:bytes=65350,ppdus=1,airtime_us=2204|W40_NSS2_MCS11:bytes=65350,ppdus=1,airtime_us=1140|W80_NSS1_MCS11:bytes=130700,ppdus=2,airtime_us=2168|W80_NSS2_MCS0:bytes=40454,ppdus=1,airtime_us=5348|W80_NSS2_MCS11:bytes=4835900,ppdus=74,airtime_us=42920;245.0;1.0;237.86901600016208;31.55608187431694;0.86733841;W80_NSS2_MCS3:bytes=3944510.23428962,ppdus=63,airtime_us=132661.59;;;;;;;;;;;;;;;;;;;;;;;;;;;;;;;;;;;;;;;;;;;;;;;;;;;;;;;;;;;;;;;;;;;;;;;;;;;;;;;;;;;;;;;;;;;;;;;;;;;;;;;;;;;;;;;;;;;;;;;;;;;;;;;;;;;;;;;;;;;;;;;;;;;;;;
28;1;5;medium;-50.0;ap_only_cochannel;ul;su;2;509.916667;474.83364939137397;153.73206154317344;0.2361977712714196;510.416667;0.9625505802118565;454.4346063358794;30.911453543173433;0.931978214;W20_NSS1_MCS2:bytes=14002,ppdus=1,airtime_us=5164|W80_NSS1_MCS11:bytes=3719229.69289668,ppdus=58,airtime_us=61697.786|W80_NSS2_MCS11:bytes=130700,ppdus=2,airtime_us=1160;408.333334;0.855072463768116;404.49876653958285;36.0732;0.91082;W80_NSS1_MCS9:bytes=3855650,ppdus=59,airtime_us=79060|W80_NSS2_MCS6:bytes=653500,ppdus=10,airtime_us=10120;487.5;0.9821428571428571;462.3041940373926;29.2768;0.936672;W40_NSS2_MCS11:bytes=3594250,ppdus=55,airtime_us=62700|W80_NSS2_MCS10:bytes=65350,ppdus=1,airtime_us=628;1020.833334;1.0;899.2542072630647;16.244128;0.981936;W80_NSS2_MCS11:bytes=2030516,ppdus=32,airtime_us=18064;122.5;0.5540458462619171;153.6764727809504;41.22648;0.731732;W40_NSS2_MCS3:bytes=65350,ppdus=1,airtime_us=4532|W80_NSS1_MCS3:bytes=2855170,ppdus=45,airtime_us=188652|W80_NSS2_MCS3:bytes=2232790,ppdus=35,airtime_us=75084;;;;;;;;;;;;;;;;;;;;;;;;;;;;;;;;;;;;;;;;;;;;;;;;;;;;;;;;;;;;;;;;;;;;;;;;;;;;;;;;;;;;;;;;;;;;;;;;;;;;;;;;;;;;;;;;;;;;;;;;;;;;;;;;;;;;;;;;;;;;;;;;;;;;;;
29;1;5;medium;-50.0;ap_only_cochannel;dl;su;0;356.0333336;109.65345742211052;2.18216;0.7021840304327768;175.5;0.8067683675258636;77.8566552901024;0.091248;0.998828;W20_NSS2_MCS4:bytes=2204,ppdus=2,airtime_us=328|W40_NSS2_MCS4:bytes=9202,ppdus=7,airtime_us=844;816.666668;0.714884287454324;192.27166276346605;0.3284;0.998292;W40_NSS2_MCS9:bytes=11704,ppdus=4,airtime_us=480|W80_NSS2_MCS9:bytes=29346,ppdus=15,airtime_us=1228;551.25;0.7798296813702038;140.75420875420875;0.167216;0.998812;W40_NSS2_MCS6:bytes=4602,ppdus=3,airtime_us=332|W80_NSS2_MCS6:bytes=16300,ppdus=10,airtime_us=856;61.25;0.8756395897841316;51.06476030277544;1.457184;0.971464;W80_NSS1_MCS0:bytes=22652,ppdus=2,airtime_us=6024|W80_NSS2_MCS0:bytes=159496,ppdus=28,airtime_us=22512;175.5;0.7333178869323448;86.32;0.138112;0.9984;W20_NSS1_MCS4:bytes=1630,ppdus=1,airtime_us=348|W40_NSS1_MCS4:bytes=2974,ppdus=1,airtime_us=316|W40_NSS2_MCS4:bytes=12660,ppdus=6,airtime_us=936;;;;;;;;;;;;;;;;;;;;;;;;;;;;;;;;;;;;;;;;;;;;;;;;;;;;;;;;;;;;;;;;;;;;;;;;;;;;;;;;;;;;;;;;;;;;;;;;;;;;;;;;;;;;;;;;;;;;;;;;;;;;;;;;;;;;;;;;;;;;;;;;;;;;;;
29;1;5;medium;-50.0;ap_only_cochannel;dl;su;1;234.9333334;110.0561082574305;2.908048;0.5818299784418793;122.5;0.7389969635289799;72.74029126213593;0.959008;0.986816;W20_NSS1_MCS0:bytes=4894,ppdus=1,airtime_us=5404|W40_NSS2_MCS3:bytes=12478,ppdus=1,airtime_us=916|W80_NSS1_MCS3:bytes=88588,ppdus=10,airtime_us=6296|W80_NSS2_MCS3:bytes=13916,ppdus=2,airtime_us=568;510.416667;0.47431716265796986;204.41666666666666;0.313984;0.998464;W20_NSS1_MCS11:bytes=5182,ppdus=1,airtime_us=396|W40_NSS1_MCS11:bytes=15450,ppdus=3,airtime_us=660|W80_NSS1_MCS11:bytes=18616,ppdus=4,airtime_us=480;122.5;0.8349902250322366;73.65126372223641;1.153968;0.984332;W20_NSS2_MCS1:bytes=23802,ppdus=3,airtime_us=6700|W80_NSS2_MCS1:bytes=120444,ppdus=18,airtime_us=8968;243.75;0.7607361963190185;111.89931350114416;0.1956;0.998252;W20_NSS1_MCS11:bytes=5850,ppdus=3,airtime_us=532|W40_NSS1_MCS11:bytes=18600,ppdus=12,airtime_us=1216;175.5;0.8978310822171159;87.57300613496932;0.285488;0.99674;W20_NSS1_MCS3:bytes=3646,ppdus=1,airtime_us=1052|W40_NSS2_MCS4:bytes=32040,ppdus=12,airtime_us=2208;;;;;;;;;;;;;;;;;;;;;;;;;;;;;;;;;;;;;;;;;;;;;;;;;;;;;;;;;;;;;;;;;;;;;;;;;;;;;;;;;;;;;;;;;;;;;;;;;;;;;;;;;;;;;;;;;;;;;;;;;;;;;;;;;;;;;;;;;;;;;;;;;;;;;;
29;1;5;medium;-50.0;ap_only_cochannel;dl;su;2;379.375;125.22137204247336;2.7173439999999998;-0.2781390168277189;121.875;1.0;111.91588107324148;0.617328;0.994484;W20_NSS1_MCS11:bytes=77166,ppdus=9,airtime_us=5516;551.25;0.6605115007238218;166.4524765729585;0.49736;0.997012;W20_NSS2_MCS6:bytes=4222,ppdus=1,airtime_us=324|W40_NSS1_MCS6:bytes=16884,ppdus=6,airtime_us=1336|W80_NSS2_MCS6:bytes=41064,ppdus=12,airtime_us=1328;918.75;0.6680769230769231;109.47368421052632;0.1664;0.99848;W20_NSS1_MCS11:bytes=6904,ppdus=4,airtime_us=656|W80_NSS2_MCS10:bytes=13896,ppdus=12,airtime_us=864;243.75;1.0;185.5;0.332416;0.998208;W40_NSS1_MCS11:bytes=41552,ppdus=8,airtime_us=1792;61.25;0.9450500072474272;52.764818355640536;1.10384;0.97908;W40_NSS1_MCS1:bytes=7582,ppdus=1,airtime_us=2124|W80_NSS1_MCS1:bytes=130398,ppdus=33,airtime_us=18796;;;;;;;;;;;;;;;;;;;;;;;;;;;;;;;;;;;;;;;;;;;;;;;;;;;;;;;;;;;;;;;;;;;;;;;;;;;;;;;;;;;;;;;;;;;;;;;;;;;;;;;;;;;;;;;;;;;;;;;;;;;;;;;;;;;;;;;;;;;;;;;;;;;;;;
30;1;5;medium;-50.0;ap_only_cochannel;ul_dl;su;0;273.7583336;222.25596970791415;22.01867246762603;0.5958836141513347;175.5;0.8195522736559454;123.95055773289117;3.289152;0.973464;W20_NSS1_MCS0:bytes=3454,ppdus=1,airtime_us=3836|W40_NSS1_MCS4:bytes=70736,ppdus=2,airtime_us=6552|W40_NSS2_MCS4:bytes=336954,ppdus=13,airtime_us=16148;816.666668;1.0;614.8956406869221;1.861904;0.996972;W80_NSS2_MCS9:bytes=232738,ppdus=13,airtime_us=3028;131.625;0.49332050111279413;153.96590191538624;5.851936;0.961992;W20_NSS2_MCS6:bytes=360860,ppdus=6,airtime_us=22312|W40_NSS1_MCS6:bytes=131404,ppdus=4,airtime_us=8192|W40_NSS2_MCS6:bytes=239228,ppdus=4,airtime_us=7504;61.25;1.0;60.55069751312693;8.41131246762603;0.861086448;W80_NSS2_MCS0:bytes=1051414.05845325,ppdus=25,airtime_us=138913.552;183.75;0.8060857758964939;157.91705069124424;2.604368;0.983508;W40_NSS1_MCS4:bytes=30786,ppdus=1,airtime_us=2860|W40_NSS2_MCS4:bytes=32342,ppdus=1,airtime_us=1540|W80_NSS1_MCS4:bytes=262418,ppdus=13,airtime_us=12092;;;;;;;;;;;;;;;;;;;;;;;;;;;;;;;;;;;;;;;;;;;;;;;;;;;;;;;;;;;;;;;;;;;;;;;;;;;;;;;;;;;;;;;;;;;;;;;;;;;;;;;;;;;;;;;;;;;;;;;;;;;;;;;;;;;;;;;;;;;;;;;;;;;;;;
30;1;5;medium;-50.0;ap_only_cochannel;ul_dl;su;1;268.5083334;234.56529924224407;22.394175999999998;0.7316984664304871;117.0;1.0;40.583333333333336;0.015584;0.999616;W40_NSS2_MCS3:bytes=1948,ppdus=4,airtime_us=384;510.416667;1.0;481.48670756646214;7.534304;0.984352;W80_NSS1_MCS11:bytes=941788,ppdus=16,airtime_us=15648;43.875;0.8879985276004134;44.486222642103606;1.130128;0.974596;W40_NSS1_MCS2:bytes=125444,ppdus=6,airtime_us=23192|W80_NSS1_MCS1:bytes=15822,ppdus=3,airtime_us=2212;487.5;1.0;456.1225422953818;7.98032;0.982504;W40_NSS2_MCS11:bytes=997540,ppdus=18,airtime_us=17496;183.75;0.831147014914961;150.14769037393947;5.73384;0.961812;W20_NSS2_MCS4:bytes=121022,ppdus=3,airtime_us=11212|W80_NSS1_MCS4:bytes=595708,ppdus=20,airtime_us=26976;;;;;;;;;;;;;;;;;;;;;;;;;;;;;;;;;;;;;;;;;;;;;;;;;;;;;;;;;;;;;;;;;;;;;;;;;;;;;;;;;;;;;;;;;;;;;;;;;;;;;;;;;;;;;;;;;;;;;;;;;;;;;;;;;;;;;;;;;;;;;;;;;;;;;;
30;1;5;medium;-50.0;ap_only_cochannel;ul_dl;su;2;204.45;164.44864690400976;24.37070254894118;0.6909180341180485;61.25;1.0;60.209464879110804;4.203584;0.930184;W80_NSS1_MCS1:bytes=525448,ppdus=22,airtime_us=69816;131.625;0.7516306025258078;119.14991262062154;6.272528;0.947356;W20_NSS1_MCS9:bytes=194738,ppdus=3,airtime_us=16116|W20_NSS2_MCS6:bytes=589328,ppdus=12,airtime_us=36528;219.375;1.0;211.32425626863454;5.471150548941177;0.974110163;W40_NSS1_MCS10:bytes=683893.818617647,ppdus=17,airtime_us=25889.837;487.5;0.9953817431463103;315.5658914728682;0.162832;0.999484;W40_NSS2_MCS11:bytes=20260,ppdus=2,airtime_us=456|W80_NSS1_MCS11:bytes=94,ppdus=1,airtime_us=60;122.5;0.9596717336060493;115.99370927881375;8.260608;0.928784;W80_NSS1_MCS1:bytes=41642,ppdus=1,airtime_us=5484|W80_NSS2_MCS1:bytes=990934,ppdus=17,airtime_us=65732;;;;;;;;;;;;;;;;;;;;;;;;;;;;;;;;;;;;;;;;;;;;;;;;;;;;;;;;;;;;;;;;;;;;;;;;;;;;;;;;;;;;;;;;;;;;;;;;;;;;;;;;;;;;;;;;;;;;;;;;;;;;;;;;;;;;;;;;;;;;;;;;;;;;;;
31;1;5;low;-60.0;isolated;ul;su;0;669.6666672;594.047476841107;402.082864;0.059786068246399426;551.25;0.9941734760063518;500.9451489985344;102.543472;0.7953;W20_NSS1_MCS1:bytes=9334,ppdus=1,airtime_us=5164|W80_NSS2_MCS3:bytes=65350,ppdus=1,airtime_us=2196|W80_NSS2_MCS6:bytes=12743250,ppdus=195,airtime_us=197340;816.666668;0.9864864864864865;687.7479911825358;77.3744;0.887496;W20_NSS1_MCS10:bytes=65350,ppdus=1,airtime_us=4812|W80_NSS2_MCS1:bytes=65350,ppdus=1,airtime_us=4324|W80_NSS2_MCS9:bytes=9541100,ppdus=146,airtime_us=103368;816.666668;0.9888888888888889;715.6415404270853;94.104;0.868504;W20_NSS1_MCS11:bytes=65350,ppdus=1,airtime_us=4348|W80_NSS2_MCS5:bytes=65350,ppdus=1,airtime_us=1124|W80_NSS2_MCS9:bytes=11632300,ppdus=178,airtime_us=126024;612.5;0.9962385216483455;530.5974664599925;39.707792;0.925164;W40_NSS1_MCS1:bytes=18670,ppdus=1,airtime_us=5164|W80_NSS2_MCS7:bytes=4944804,ppdus=82,airtime_us=69672;551.25;0.5798816568047337;535.305237137387;88.3532;0.834948;W80_NSS1_MCS7:bytes=65350,ppdus=1,airtime_us=1756|W80_NSS2_MCS6:bytes=6404300,ppdus=98,airtime_us=99176|W80_NSS2_MCS7:bytes=4574500,ppdus=70,airtime_us=64120;;;;;;;;;;;;;;;;;;;;;;;;;;;;;;;;;;;;;;;;;;;;;;;;;;;;;;;;;;;;;;;;;;;;;;;;;;;;;;;;;;;;;;;;;;;;;;;;;;;;;;;;;;;;;;;;;;;;;;;;;;;;;;;;;;;;;;;;;;;;;;;;;;;;;;
31;1;5;low;-60.0;isolated;ul;su;1;305.75;288.18925307400866;185.133264;0.5692210883811633;551.25;0.9861111111111112;504.6873324037327;37.6416;0.925416;W40_NSS1_MCS9:bytes=65350,ppdus=1,airtime_us=2732|W80_NSS2_MCS6:bytes=4639850,ppdus=71,airtime_us=71852;243.75;0.9897075084392651;233.05513408251855;45.956608;0.802808;W40_NSS1_MCS11:bytes=5685450,ppdus=87,airtime_us=191748|W40_NSS2_MCS2:bytes=59126,ppdus=1,airtime_us=5444;122.5;0.9877451105869973;120.3965151425354;40.629008;0.66254;W80_NSS1_MCS2:bytes=62238,ppdus=1,airtime_us=5468|W80_NSS2_MCS1:bytes=5016388,ppdus=78,airtime_us=331992;243.75;0.9915876075486546;234.02791836734693;45.869472;0.804;W40_NSS1_MCS11:bytes=5685450,ppdus=87,airtime_us=191748|W80_NSS1_MCS2:bytes=48234,ppdus=1,airtime_us=4252;367.5;1.0;348.7793653739098;15.036576;0.956888;W80_NSS2_MCS4:bytes=1879572,ppdus=38,airtime_us=43112;;;;;;;;;;;;;;;;;;;;;;;;;;;;;;;;;;;;;;;;;;;;;;;;;;;;;;;;;;;;;;;;;;;;;;;;;;;;;;;;;;;;;;;;;;;;;;;;;;;;;;;;;;;;;;;;;;;;;;;;;;;;;;;;;;;;;;;;;;;;;;;;;;;;;;
31;1;5;low;-60.0;isolated;ul;su;2;252.4166668;248.05573453394433;193.8304217894737;0.5411686107378785;243.75;0.9958748476176353;232.9270479086332;57.330245789473686;0.75387038;W40_NSS1_MCS2:bytes=29562,ppdus=1,airtime_us=5436|W40_NSS1_MCS11:bytes=7136718.72368421,ppdus=109,airtime_us=240693.62;408.333334;0.8947368421052632;400.46766650540235;49.666;0.87598;W80_NSS1_MCS9:bytes=5554750,ppdus=85,airtime_us=113900|W80_NSS2_MCS6:bytes=653500,ppdus=10,airtime_us=10120;243.75;0.9984498966542412;231.67320085412538;48.172272;0.792068;W40_NSS1_MCS0:bytes=9334,ppdus=1,airtime_us=5164|W40_NSS1_MCS11:bytes=6012200,ppdus=92,airtime_us=202768;243.75;0.983146594835835;219.10363924050634;8.862304;0.959552;W40_NSS1_MCS11:bytes=1089118,ppdus=41,airtime_us=37948|W80_NSS2_MCS0:bytes=18670,ppdus=1,airtime_us=2500;122.5;0.543859649122807;156.10711816105442;29.7996;0.809108;W80_NSS1_MCS3:bytes=2025850,ppdus=31,airtime_us=133796|W80_NSS2_MCS3:bytes=1699100,ppdus=26,airtime_us=57096;;;;;;;;;;;;;;;;;;;;;;;;;;;;;;;;;;;;;;;;;;;;;;;;;;;;;;;;;;;;;;;;;;;;;;;;;;;;;;;;;;;;;;;;;;;;;;;;;;;;;;;;;;;;;;;;;;;;;;;;;;;;;;;;;;;;;;;;;;;;;;;;;;;;;;
32;1;5;low;-60.0;isolated;dl;su;0;669.6666672;183.74276036963465;6.556096;0.5316153575331379;551.25;0.9880027640106748;190.3310657596372;1.342976;0.992944;W40_NSS2_MCS3:bytes=2014,ppdus=1,airtime_us=196|W80_NSS2_MCS6:bytes=165858,ppdus=79,airtime_us=6860;816.666668;0.9873259227312567;190.03040317250495;1.150064;0.993948;W40_NSS2_MCS1:bytes=1822,ppdus=1,airtime_us=308|W80_NSS2_MCS9:bytes=141936,ppdus=68,airtime_us=5744;816.666668;0.9750898146606076;201.10526315789474;1.344992;0.993312;W80_NSS1_MCS5:bytes=382,ppdus=1,airtime_us=60|W80_NSS2_MCS5:bytes=3806,ppdus=1,airtime_us=116|W80_NSS2_MCS9:bytes=163936,ppdus=76,airtime_us=6512;612.5;0.9799112644811437;147.1260199456029;1.29824;0.991176;W20_NSS1_MCS1:bytes=3070,ppdus=1,airtime_us=1740|W80_NSS2_MCS5:bytes=190,ppdus=1,airtime_us=68|W80_NSS2_MCS7:bytes=159020,ppdus=82,airtime_us=7016;551.25;0.9810906140479383;190.12104981253347;1.419824;0.992532;W40_NSS1_MCS7:bytes=1534,ppdus=1,airtime_us=140|W40_NSS2_MCS7:bytes=1822,ppdus=1,airtime_us=116|W80_NSS2_MCS6:bytes=174122,ppdus=83,airtime_us=7212;;;;;;;;;;;;;;;;;;;;;;;;;;;;;;;;;;;;;;;;;;;;;;;;;;;;;;;;;;;;;;;;;;;;;;;;;;;;;;;;;;;;;;;;;;;;;;;;;;;;;;;;;;;;;;;;;;;;;;;;;;;;;;;;;;;;;;;;;;;;;;;;;;;;;;
32;1;5;low;-60.0;isolated;dl;su;1;318.0;148.29258872836974;5.620336;0.5946739007521018;551.25;0.9862970636564978;206.5977859778598;1.11976;0.99458;W40_NSS2_MCS9:bytes=1918,ppdus=1,airtime_us=100|W80_NSS2_MCS6:bytes=138052,ppdus=58,airtime_us=5320;243.75;0.9867904516591137;133.14809720311783;1.161584;0.991276;W40_NSS1_MCS11:bytes=143280,ppdus=76,airtime_us=8576|W80_NSS2_MCS2:bytes=1918,ppdus=1,airtime_us=148;183.75;0.9854153359491438;113.76124567474048;1.052064;0.990752;W40_NSS1_MCS6:bytes=1918,ppdus=1,airtime_us=172|W80_NSS2_MCS2:bytes=129590,ppdus=57,airtime_us=9076;243.75;0.97215813676099;129.04708860759493;1.019472;0.9921;W20_NSS1_MCS4:bytes=1534,ppdus=1,airtime_us=332|W40_NSS1_MCS11:bytes=123886,ppdus=65,airtime_us=7420|W80_NSS2_MCS2:bytes=2014,ppdus=1,airtime_us=148;367.5;0.9751817814582913;158.9087261785356;1.267456;0.992024;W40_NSS1_MCS7:bytes=1918,ppdus=1,airtime_us=156|W40_NSS2_MCS7:bytes=2014,ppdus=1,airtime_us=116|W80_NSS2_MCS4:bytes=154500,ppdus=74,airtime_us=7704;;;;;;;;;;;;;;;;;;;;;;;;;;;;;;;;;;;;;;;;;;;;;;;;;;;;;;;;;;;;;;;;;;;;;;;;;;;;;;;;;;;;;;;;;;;;;;;;;;;;;;;;;;;;;;;;;;;;;;;;;;;;;;;;;;;;;;;;;;;;;;;;;;;;;;
32;1;5;low;-60.0;isolated;dl;su;2;401.7083336;139.9983765144415;4.564912;0.6635891667285705;243.75;0.9366672250224611;117.31844573470299;1.050704;0.991044;W20_NSS2_MCS2:bytes=8318,ppdus=1,airtime_us=1572|W40_NSS1_MCS11:bytes=123020,ppdus=66,airtime_us=7384;816.666668;0.9836837769101264;196.59859154929578;0.893344;0.995456;W20_NSS1_MCS7:bytes=1822,ppdus=1,airtime_us=252|W80_NSS2_MCS9:bytes=109846,ppdus=53,airtime_us=4292;459.375;0.9791770708934969;124.55713319810683;0.73688;0.994084;W40_NSS1_MCS3:bytes=1918,ppdus=1,airtime_us=316|W80_NSS1_MCS10:bytes=90192,ppdus=72,airtime_us=5600;243.75;0.982958987845618;134.31026252983293;0.900416;0.993296;W40_NSS1_MCS3:bytes=1918,ppdus=1,airtime_us=316|W40_NSS1_MCS11:bytes=110634,ppdus=55,airtime_us=6388;245.0;0.9843996551331479;127.20744956026901;0.983568;0.992268;W40_NSS1_MCS4:bytes=1918,ppdus=1,airtime_us=220|W80_NSS2_MCS3:bytes=121028,ppdus=62,airtime_us=7512;;;;;;;;;;;;;;;;;;;;;;;;;;;;;;;;;;;;;;;;;;;;;;;;;;;;;;;;;;;;;;;;;;;;;;;;;;;;;;;;;;;;;;;;;;;;;;;;;;;;;;;;;;;;;;;;;;;;;;;;;;;;;;;;;;;;;;;;;;;;;;;;;;;;;;
33;1;5;low;-60.0;isolated;ul_dl;su;0;669.6666672;577.4243156200466;328.9921386387352;-0.39471943671221066;551.25;1.0;514.8663008844578;41.55380263873518;0.919292052;W80_NSS2_MCS6:bytes=5194225.3298419,ppdus=84,airtime_us=80707.948;816.666668;0.9945090341306336;678.5625060677648;83.87304;0.876396;W40_NSS1_MCS1:bytes=18670,ppdus=1,airtime_us=5164|W40_NSS2_MCS1:bytes=38898,ppdus=1,airtime_us=5380|W80_NSS2_MCS9:bytes=10426562,ppdus=165,airtime_us=113060;816.666668;0.8507767961512859;622.7264657068972;64.53688;0.896364;W20_NSS1_MCS5:bytes=38898,ppdus=1,airtime_us=5372|W80_NSS1_MCS9:bytes=1164902,ppdus=19,airtime_us=23892|W80_NSS2_MCS9:bytes=6863310,ppdus=109,airtime_us=74372;612.5;0.9928807654933681;564.7919648616273;73.551728;0.869772;W80_NSS1_MCS5:bytes=65454,ppdus=1,airtime_us=2188|W80_NSS2_MCS7:bytes=9128512,ppdus=142,airtime_us=128040;551.25;0.9921469454899735;506.17434057948606;65.476688;0.870644;W20_NSS2_MCS7:bytes=64274,ppdus=1,airtime_us=3572|W80_NSS2_MCS6:bytes=8120312,ppdus=126,airtime_us=125784;;;;;;;;;;;;;;;;;;;;;;;;;;;;;;;;;;;;;;;;;;;;;;;;;;;;;;;;;;;;;;;;;;;;;;;;;;;;;;;;;;;;;;;;;;;;;;;;;;;;;;;;;;;;;;;;;;;;;;;;;;;;;;;;;;;;;;;;;;;;;;;;;;;;;;
33;1;5;low;-60.0;isolated;ul_dl;su;1;250.625;245.61451331284803;153.86635438846554;0.458797941942808;275.625;0.8439457190958787;290.0811808118081;43.393824;0.850408;W80_NSS1_MCS6:bytes=4577754,ppdus=71,airtime_us=136484|W80_NSS2_MCS6:bytes=846474,ppdus=13,airtime_us=13108;243.75;1.0;235.8667874943362;16.657856;0.929376;W40_NSS1_MCS11:bytes=2082232,ppdus=40,airtime_us=70624;122.5;0.9837926699958337;119.97026456317369;30.701170388465545;0.744093501;W80_NSS1_MCS2:bytes=62198,ppdus=1,airtime_us=5468|W80_NSS2_MCS1:bytes=3775448.29855819,ppdus=65,airtime_us=250438.499;243.75;0.9974464533933064;231.52633690121814;43.866832;0.810532;W20_NSS1_MCS2:bytes=14002,ppdus=1,airtime_us=5164|W40_NSS1_MCS11:bytes=5469352,ppdus=84,airtime_us=184304;367.5;1.0;350.627996793704;19.246672;0.945108;W80_NSS2_MCS4:bytes=2405834,ppdus=43,airtime_us=54892;;;;;;;;;;;;;;;;;;;;;;;;;;;;;;;;;;;;;;;;;;;;;;;;;;;;;;;;;;;;;;;;;;;;;;;;;;;;;;;;;;;;;;;;;;;;;;;;;;;;;;;;;;;;;;;;;;;;;;;;;;;;;;;;;;;;;;;;;;;;;;;;;;;;;;
33;1;5;low;-60.0;isolated;ul_dl;su;2;252.4166668;244.24475168629198;130.6921410605648;0.5259333391685255;243.75;0.9862276077566714;239.99303742384683;37.502272;0.843736;W40_NSS1_MCS11:bytes=4623222,ppdus=71,airtime_us=155700|W80_NSS2_MCS11:bytes=64562,ppdus=1,airtime_us=564;408.333334;1.0;390.63972719522593;36.657632;0.90616;W80_NSS1_MCS9:bytes=4582204,ppdus=72,airtime_us=93840;243.75;1.0;233.5667937558449;12.987248;0.944396;W40_NSS1_MCS11:bytes=1623406,ppdus=43,airtime_us=55604;243.75;1.0;236.33022556341868;11.78837876445009;0.950119039;W40_NSS1_MCS11:bytes=1473547.34555626,ppdus=27,airtime_us=49880.961;122.5;0.9871427083623608;120.69397449312349;31.756610296114708;0.736883217;W40_NSS2_MCS3:bytes=51038,ppdus=1,airtime_us=3556|W80_NSS2_MCS1:bytes=3918538.28701434,ppdus=62,airtime_us=259560.783;;;;;;;;;;;;;;;;;;;;;;;;;;;;;;;;;;;;;;;;;;;;;;;;;;;;;;;;;;;;;;;;;;;;;;;;;;;;;;;;;;;;;;;;;;;;;;;;;;;;;;;;;;;;;;;;;;;;;;;;;;;;;;;;;;;;;;;;;;;;;;;;;;;;;;
34;1;5;low;-60.0;ap_only_cochannel;ul;su;0;343.4;325.44941993415455;116.982624;-0.36440069419821985;263.25;0.9044367103416003;261.4567004396865;10.94144;0.958152;W40_NSS2_MCS6:bytes=1236980,ppdus=20,airtime_us=38896|W80_NSS2_MCS4:bytes=130700,ppdus=2,airtime_us=2952;390.0;1.0;371.70447518307566;9.136496;0.97542;W40_NSS2_MCS9:bytes=1142062,ppdus=21,airtime_us=24580;390.0;0.8125;339.1501783976646;25.0944;0.926008;W20_NSS2_MCS6:bytes=65350,ppdus=1,airtime_us=4036|W40_NSS1_MCS6:bytes=65350,ppdus=1,airtime_us=4028|W40_NSS1_MCS9:bytes=65350,ppdus=1,airtime_us=2732|W40_NSS2_MCS6:bytes=65350,ppdus=1,airtime_us=2052|W40_NSS2_MCS9:bytes=2548650,ppdus=39,airtime_us=54444|W80_NSS1_MCS9:bytes=326750,ppdus=5,airtime_us=6700;306.25;0.6892740311979864;349.6322255790534;41.662176;0.88084;W80_NSS1_MCS7:bytes=3589582,ppdus=55,airtime_us=96468|W80_NSS2_MCS7:bytes=1618190,ppdus=25,airtime_us=22692;367.5;0.591659736437227;305.3035200712926;30.148112;0.901252;W40_NSS2_MCS6:bytes=1538836,ppdus=24,airtime_us=48336|W80_NSS2_MCS4:bytes=2229678,ppdus=35,airtime_us=50412;;;;;;;;;;;;;;;;;;;;;;;;;;;;;;;;;;;;;;;;;;;;;;;;;;;;;;;;;;;;;;;;;;;;;;;;;;;;;;;;;;;;;;;;;;;;;;;;;;;;;;;;;;;;;;;;;;;;;;;;;;;;;;;;;;;;;;;;;;;;;;;;;;;;;;
34;1;5;low;-60.0;ap_only_cochannel;ul;su;1;248.15;228.2455950233739;115.76464392046783;0.23379934554906756;263.25;0.9843410436447164;254.49616920346747;33.38664392046783;0.868812784;W40_NSS2_MCS6:bytes=4107980.49005848,ppdus=63,airtime_us=128991.216|W80_NSS2_MCS3:bytes=65350,ppdus=1,airtime_us=2196;243.75;0.9849821708525414;212.46554155095066;19.891024;0.90638;W40_NSS1_MCS11:bytes=2449038,ppdus=53,airtime_us=83276|W40_NSS2_MCS0:bytes=37340,ppdus=2,airtime_us=10344;122.5;0.98030594545508;115.56004341056008;19.592512;0.830456;W20_NSS2_MCS2:bytes=29562,ppdus=1,airtime_us=5444|W40_NSS1_MCS1:bytes=18670,ppdus=1,airtime_us=5164|W80_NSS2_MCS1:bytes=2400832,ppdus=38,airtime_us=158936;243.75;0.9705882352941176;230.60716139076285;17.7752;0.92292;W20_NSS1_MCS11:bytes=65350,ppdus=1,airtime_us=4348|W40_NSS1_MCS11:bytes=2156550,ppdus=33,airtime_us=72732;367.5;0.9603568002629377;328.0990595611285;25.119264;0.92344;W20_NSS2_MCS4:bytes=59126,ppdus=1,airtime_us=5444|W80_NSS1_MCS4:bytes=65350,ppdus=1,airtime_us=2892|W80_NSS2_MCS4:bytes=3015432,ppdus=48,airtime_us=68224;;;;;;;;;;;;;;;;;;;;;;;;;;;;;;;;;;;;;;;;;;;;;;;;;;;;;;;;;;;;;;;;;;;;;;;;;;;;;;;;;;;;;;;;;;;;;;;;;;;;;;;;;;;;;;;;;;;;;;;;;;;;;;;;;;;;;;;;;;;;;;;;;;;;;;
34;1;5;low;-60.0;ap_only_cochannel;ul;su;2;225.875;217.1339037219272;91.21592;0.3904500606940178;243.75;0.9377291662497779;214.03212193739373;13.592752;0.936492;W40_NSS1_MCS11:bytes=1593290,ppdus=27,airtime_us=53844|W80_NSS1_MCS1:bytes=40454,ppdus=1,airtime_us=5340|W80_NSS2_MCS1:bytes=65350,ppdus=1,airtime_us=4324;275.625;0.7288135593220338;287.1030194720578;30.8452;0.892564;W40_NSS1_MCS9:bytes=65350,ppdus=1,airtime_us=2732|W40_NSS2_MCS9:bytes=980250,ppdus=15,airtime_us=20940|W80_NSS1_MCS6:bytes=2810050,ppdus=43,airtime_us=83764;243.75;0.9767221897690563;237.39603119450234;12.298064;0.948196;W40_NSS1_MCS11:bytes=1501474,ppdus=33,airtime_us=51116|W80_NSS1_MCS10:bytes=29562,ppdus=1,airtime_us=572|W80_NSS2_MCS11:bytes=6222,ppdus=1,airtime_us=116;243.75;0.9511627889597263;226.4639729215147;21.409904;0.90546;W20_NSS1_MCS11:bytes=130700,ppdus=2,airtime_us=8696|W40_NSS1_MCS11:bytes=2545538,ppdus=39,airtime_us=85844;122.5;0.96;120.67437308416737;13.07;0.891692;W40_NSS2_MCS3:bytes=65350,ppdus=1,airtime_us=4532|W80_NSS2_MCS1:bytes=1568400,ppdus=24,airtime_us=103776;;;;;;;;;;;;;;;;;;;;;;;;;;;;;;;;;;;;;;;;;;;;;;;;;;;;;;;;;;;;;;;;;;;;;;;;;;;;;;;;;;;;;;;;;;;;;;;;;;;;;;;;;;;;;;;;;;;;;;;;;;;;;;;;;;;;;;;;;;;;;;;;;;;;;;
35;1;5;low;-60.0;ap_only_cochannel;dl;su;0;250.35;152.51963081325295;1.904416;-2531.468085106383;183.75;0.803072295627887;151.98367346938775;0.74472;0.9951;W40_NSS2_MCS4:bytes=18332,ppdus=2,airtime_us=952|W80_NSS1_MCS4:bytes=74758,ppdus=13,airtime_us=3948;195.0;0.889066016504126;133.85774058577405;0.511872;0.996176;W20_NSS1_MCS4:bytes=94,ppdus=1,airtime_us=76|W20_NSS2_MCS9:bytes=3070,ppdus=1,airtime_us=180|W40_NSS1_MCS9:bytes=56886,ppdus=21,airtime_us=3420|W40_NSS2_MCS9:bytes=3934,ppdus=1,airtime_us=148;551.25;0.9669617941916147;278.43645083932853;0.464432;0.998332;W20_NSS2_MCS9:bytes=1918,ppdus=1,airtime_us=132|W80_NSS2_MCS6:bytes=56136,ppdus=12,airtime_us=1536;146.25;1.0;115.74603174603175;0.116672;0.998992;W40_NSS1_MCS7:bytes=14584,ppdus=4,airtime_us=1008;175.5;0.8390887290167865;82.57425742574257;0.06672;0.999192;W20_NSS2_MCS4:bytes=1342,ppdus=1,airtime_us=180|W40_NSS2_MCS4:bytes=6998,ppdus=5,airtime_us=628;;;;;;;;;;;;;;;;;;;;;;;;;;;;;;;;;;;;;;;;;;;;;;;;;;;;;;;;;;;;;;;;;;;;;;;;;;;;;;;;;;;;;;;;;;;;;;;;;;;;;;;;;;;;;;;;;;;;;;;;;;;;;;;;;;;;;;;;;;;;;;;;;;;;;;
35;1;5;low;-60.0;ap_only_cochannel;dl;su;1;196.4125;78.52750711623817;1.51376;0.8797924098827494;65.8125;0.6459176115321065;72.37525773195877;1.123264;0.98448;W20_NSS1_MCS6:bytes=90692,ppdus=14,airtime_us=11768|W40_NSS2_MCS3:bytes=49716,ppdus=6,airtime_us=3752;243.75;1.0;135.97883597883597;0.1028;0.999244;W40_NSS1_MCS11:bytes=12850,ppdus=7,airtime_us=756;61.25;0.6666666666666666;37.26315789473684;0.036816;0.999012;W20_NSS2_MCS1:bytes=1534,ppdus=1,airtime_us=484|W80_NSS1_MCS1:bytes=3068,ppdus=2,airtime_us=504;243.75;0.7701372701372702;133.13793103448276;0.247104;0.998144;W20_NSS1_MCS11:bytes=7100,ppdus=2,airtime_us=568|W40_NSS1_MCS11:bytes=23788,ppdus=10,airtime_us=1288;367.5;1.0;13.882352941176471;0.003776;0.999728;W80_NSS2_MCS4:bytes=472,ppdus=4,airtime_us=272;;;;;;;;;;;;;;;;;;;;;;;;;;;;;;;;;;;;;;;;;;;;;;;;;;;;;;;;;;;;;;;;;;;;;;;;;;;;;;;;;;;;;;;;;;;;;;;;;;;;;;;;;;;;;;;;;;;;;;;;;;;;;;;;;;;;;;;;;;;;;;;;;;;;;;
35;1;5;low;-60.0;ap_only_cochannel;dl;su;2;223.175;105.42178703082493;1.648704;0.2108382985893057;14.625;0.47490860751080094;19.372729363071972;0.674016;0.965208;W20_NSS1_MCS1:bytes=40012,ppdus=6,airtime_us=22200|W20_NSS2_MCS1:bytes=28788,ppdus=6,airtime_us=8264|W40_NSS1_MCS1:bytes=15452,ppdus=2,airtime_us=4328;275.625;0.7819048675019403;186.9222797927461;0.144304;0.999228;W40_NSS2_MCS6:bytes=3934,ppdus=1,airtime_us=180|W80_NSS1_MCS6:bytes=14104,ppdus=4,airtime_us=592;459.375;0.8758207524562664;204.05867970660148;0.33384;0.998364;W40_NSS1_MCS10:bytes=5182,ppdus=1,airtime_us=236|W80_NSS1_MCS10:bytes=36548,ppdus=14,airtime_us=1400;243.75;0.7267348631462538;41.36077758719268;0.28936;0.993004;W20_NSS1_MCS0:bytes=4798,ppdus=1,airtime_us=5308|W20_NSS1_MCS11:bytes=5086,ppdus=1,airtime_us=380|W40_NSS1_MCS11:bytes=26286,ppdus=9,airtime_us=1308;122.5;0.7888640049424666;75.39446870451238;0.207184;0.997252;W40_NSS2_MCS1:bytes=5468,ppdus=2,airtime_us=872|W80_NSS2_MCS1:bytes=20430,ppdus=9,airtime_us=1876;;;;;;;;;;;;;;;;;;;;;;;;;;;;;;;;;;;;;;;;;;;;;;;;;;;;;;;;;;;;;;;;;;;;;;;;;;;;;;;;;;;;;;;;;;;;;;;;;;;;;;;;;;;;;;;;;;;;;;;;;;;;;;;;;;;;;;;;;;;;;;;;;;;;;;
36;1;5;low;-60.0;ap_only_cochannel;ul_dl;su;0;332.0833336;203.030538204904;22.522992;0.4514052487405431;367.5;0.6268329458345803;252.01450326323422;5.560448;0.977936;W40_NSS2_MCS4:bytes=259372,ppdus=4,airtime_us=12080|W80_NSS2_MCS4:bytes=435684,ppdus=8,airtime_us=9984;816.666668;0.4650936296427465;370.5012813941568;5.782784;0.984392;W20_NSS1_MCS9:bytes=55514,ppdus=1,airtime_us=4604|W40_NSS2_MCS9:bytes=331142,ppdus=7,airtime_us=7244|W80_NSS2_MCS9:bytes=336192,ppdus=8,airtime_us=3760;263.25;0.8427167814726175;219.18550368550368;5.709344;0.973952;W20_NSS2_MCS6:bytes=112248,ppdus=2,airtime_us=6936|W40_NSS2_MCS6:bytes=601420,ppdus=14,airtime_us=19112;29.25;1.0;26.363256784968684;0.050512;0.998084;W40_NSS2_MCS0:bytes=6314,ppdus=3,airtime_us=1916;183.75;0.8806355241716458;147.08814589665653;5.419904;0.963152;W20_NSS1_MCS4:bytes=29350,ppdus=1,airtime_us=5404|W40_NSS1_MCS4:bytes=51518,ppdus=1,airtime_us=4748|W80_NSS1_MCS4:bytes=596620,ppdus=14,airtime_us=26696;;;;;;;;;;;;;;;;;;;;;;;;;;;;;;;;;;;;;;;;;;;;;;;;;;;;;;;;;;;;;;;;;;;;;;;;;;;;;;;;;;;;;;;;;;;;;;;;;;;;;;;;;;;;;;;;;;;;;;;;;;;;;;;;;;;;;;;;;;;;;;;;;;;;;;
36;1;5;low;-60.0;ap_only_cochannel;ul_dl;su;1;145.8875;120.65365618349888;8.720736;0.8762440116806711;65.8125;0.7166488852116356;69.3056682071112;5.878784;0.915176;W20_NSS1_MCS6:bytes=526628,ppdus=16,airtime_us=64848|W40_NSS1_MCS3:bytes=84796,ppdus=4,airtime_us=11808|W80_NSS1_MCS3:bytes=123424,ppdus=2,airtime_us=8168;243.75;1.0;169.80882352941177;0.369504;0.997824;W40_NSS1_MCS11:bytes=46188,ppdus=12,airtime_us=2176;122.5;1.0;120.24099378881988;1.548704;0.98712;W80_NSS2_MCS1:bytes=193588,ppdus=4,airtime_us=12880;121.875;1.0;84.61538461538461;0.0132;0.999844;W20_NSS1_MCS11:bytes=1650,ppdus=1,airtime_us=156;175.5;1.0;159.29741077676698;0.910544;0.994284;W40_NSS2_MCS4:bytes=113818,ppdus=9,airtime_us=5716;;;;;;;;;;;;;;;;;;;;;;;;;;;;;;;;;;;;;;;;;;;;;;;;;;;;;;;;;;;;;;;;;;;;;;;;;;;;;;;;;;;;;;;;;;;;;;;;;;;;;;;;;;;;;;;;;;;;;;;;;;;;;;;;;;;;;;;;;;;;;;;;;;;;;;
36;1;5;low;-60.0;ap_only_cochannel;ul_dl;su;2;169.775;135.27014794076706;6.21464;0.8930209909277922;61.25;0.5;12.382470119521912;0.049728;0.995984;W20_NSS1_MCS0:bytes=3108,ppdus=2,airtime_us=3512|W80_NSS1_MCS1:bytes=3108,ppdus=2,airtime_us=504;263.25;1.0;222.10752688172042;0.660992;0.997024;W40_NSS2_MCS6:bytes=82624,ppdus=8,airtime_us=2976;219.375;0.8862785201973439;181.92583280955375;1.157776;0.993636;W20_NSS1_MCS10:bytes=16458,ppdus=1,airtime_us=1260|W40_NSS1_MCS10:bytes=128264,ppdus=8,airtime_us=5104;243.75;0.8496790871813158;199.78628673196795;1.79488;0.991016;W20_NSS1_MCS11:bytes=33726,ppdus=1,airtime_us=2268|W40_NSS1_MCS11:bytes=190634,ppdus=9,airtime_us=6716;61.25;0.8789556862794285;60.14862316107129;2.551264;0.957584;W40_NSS2_MCS1:bytes=38602,ppdus=1,airtime_us=5332|W80_NSS1_MCS1:bytes=280306,ppdus=9,airtime_us=37084;;;;;;;;;;;;;;;;;;;;;;;;;;;;;;;;;;;;;;;;;;;;;;;;;;;;;;;;;;;;;;;;;;;;;;;;;;;;;;;;;;;;;;;;;;;;;;;;;;;;;;;;;;;;;;;;;;;;;;;;;;;;;;;;;;;;;;;;;;;;;;;;;;;;;;
37;1;10;high;-41.5;isolated;ul;su;0;488.86574088888887;448.0631501884802;271.22922206226445;0.43880077896345204;367.5;0.9858059898875697;351.36162953006254;27.185552;0.922628;W40_NSS2_MCS6:bytes=48234,ppdus=1,airtime_us=1524|W80_NSS2_MCS4:bytes=3349960,ppdus=54,airtime_us=75848;816.666668;1.0;731.0795824447188;26.052752;0.964364;W80_NSS2_MCS9:bytes=3256594,ppdus=57,airtime_us=35636;551.25;1.0;513.4045458473771;23.762416;0.953716;W80_NSS2_MCS6:bytes=2970302,ppdus=51,airtime_us=46284;612.5;0.9901040768070566;549.3301807544406;52.829836065502185;0.90382863;W40_NSS1_MCS5:bytes=65350,ppdus=1,airtime_us=4524|W80_NSS2_MCS7:bytes=6538379.50818777,ppdus=101,airtime_us=91647.37;367.5;0.9718118489442923;333.83972928216576;18.5468;0.944444;W20_NSS2_MCS6:bytes=65350,ppdus=1,airtime_us=4036|W80_NSS2_MCS4:bytes=2253000,ppdus=44,airtime_us=51520;551.25;0.9860742516215453;513.5700136798905;37.541968;0.9269;W40_NSS2_MCS10:bytes=65350,ppdus=1,airtime_us=1252|W80_NSS2_MCS6:bytes=4627396,ppdus=74,airtime_us=71848;;;;0.0;;;122.5;0.58774398388893;121.03610089160046;30.179561996762256;0.750656525;W80_NSS1_MCS3:bytes=2217232,ppdus=34,airtime_us=146440|W80_NSS2_MCS1:bytes=1555213.24959528,ppdus=23,airtime_us=102903.475;551.25;0.9967170763375583;489.4572682674929;45.496032;0.907048;W20_NSS1_MCS3:bytes=18670,ppdus=1,airtime_us=5164|W80_NSS2_MCS6:bytes=5668334,ppdus=87,airtime_us=87788;459.375;1.0;429.48930099857347;9.634304;0.977568;W80_NSS1_MCS10:bytes=1204288,ppdus=28,airtime_us=22432;;;;;;;;;;;;;;;;;;;;;;;;;;;;;;;;;;;;;;;;;;;;;;;;;;;;;;;;;;;;;;;;;;;;;;;;;;;;;;;;;;;;;;;;;;;;;;;;;;;;;;;;;;;;;;;;;;;;;;;;
37;1;10;high;-41.5;isolated;ul;su;1;614.5416669;542.4445269121782;281.066624;0.4236929772011574;551.25;0.9959290098192911;494.12248230811105;58.092992;0.882432;W20_NSS1_MCS4:bytes=29562,ppdus=1,airtime_us=5436|W80_NSS2_MCS6:bytes=7232062,ppdus=113,airtime_us=112132;816.666668;1.0;719.764982373678;14.70048;0.979576;W80_NSS2_MCS9:bytes=1837560,ppdus=38,airtime_us=20424;551.25;0.9146340826201002;445.07441860465116;6.124224;0.98624;W80_NSS2_MCS2:bytes=65350,ppdus=1,airtime_us=2900|W80_NSS2_MCS6:bytes=700178,ppdus=11,airtime_us=10860;1020.833334;0.8809523809523809;892.5853658536586;21.9576;0.9754;W80_NSS2_MCS10:bytes=326750,ppdus=5,airtime_us=3140|W80_NSS2_MCS11:bytes=2417950,ppdus=37,airtime_us=21460;122.5;0.9861009571782728;120.10226005448976;34.031696;0.716644;W40_NSS2_MCS2:bytes=59126,ppdus=1,airtime_us=5444|W80_NSS2_MCS1:bytes=4194836,ppdus=70,airtime_us=277912;551.25;1.0;502.77629063097515;6.310848;0.987448;W80_NSS2_MCS6:bytes=788856,ppdus=18,airtime_us=12552;510.416667;0.8364135849853404;521.3565735909639;36.37192;0.930236;W80_NSS1_MCS11:bytes=3802746,ppdus=59,airtime_us=63124|W80_NSS2_MCS11:bytes=743744,ppdus=12,airtime_us=6640;735.0;0.9630927329675928;616.845148928758;14.165232;0.977036;W20_NSS2_MCS11:bytes=65350,ppdus=1,airtime_us=2212|W80_NSS2_MCS8:bytes=1705304,ppdus=36,airtime_us=20752;918.75;0.9933302571416587;771.2245114823779;52.255088;0.932244;W20_NSS1_MCS6:bytes=43566,ppdus=1,airtime_us=5356|W80_NSS2_MCS10:bytes=6488320,ppdus=100,airtime_us=62400;367.5;0.987235506905339;340.5932352941176;37.056544;0.8912;W40_NSS2_MCS2:bytes=59126,ppdus=1,airtime_us=5444|W80_NSS2_MCS4:bytes=4572942,ppdus=71,airtime_us=103356;;;;;;;;;;;;;;;;;;;;;;;;;;;;;;;;;;;;;;;;;;;;;;;;;;;;;;;;;;;;;;;;;;;;;;;;;;;;;;;;;;;;;;;;;;;;;;;;;;;;;;;;;;;;;;;;;;;;;;;;
37;1;10;high;-41.5;isolated;ul;su;2;660.1157411111111;557.1096617215312;285.19931222738853;0.4168491871681177;1020.833334;1.0;899.0134918388527;38.114576;0.957604;W80_NSS2_MCS11:bytes=4764322,ppdus=75,airtime_us=42396;816.666668;1.0;476.6127659574468;0.448016;0.99906;W80_NSS2_MCS9:bytes=56002,ppdus=7,airtime_us=940;918.75;0.9972883386473;772.6767243691008;55.08062422738853;0.928714529;W20_NSS2_MCS1:bytes=18670,ppdus=1,airtime_us=5172|W80_NSS2_MCS10:bytes=6866408.02842357,ppdus=108,airtime_us=66113.471;918.75;1.0;828.1644003680606;32.401104;0.960876;W80_NSS2_MCS10:bytes=4050138,ppdus=65,airtime_us=39124;367.5;0.978298903619862;315.79351656095844;14.339552;0.954592;W20_NSS1_MCS5:bytes=38898,ppdus=1,airtime_us=5372|W80_NSS2_MCS4:bytes=1753546,ppdus=33,airtime_us=40036;816.666668;1.0;737.1737853486616;35.1396;0.952332;W80_NSS2_MCS9:bytes=4392450,ppdus=69,airtime_us=47668;183.75;0.6407766990291263;153.2448461529705;53.8484;0.648612;W80_NSS2_MCS1:bytes=2417950,ppdus=37,airtime_us=159988|W80_NSS2_MCS2:bytes=4313100,ppdus=66,airtime_us=191400;;;;0.0;;;459.375;0.5018671223277111;427.10537105371054;50.00208;0.882928;W40_NSS2_MCS10:bytes=3113460,ppdus=48,airtime_us=59664|W80_NSS1_MCS10:bytes=3136800,ppdus=48,airtime_us=57408;438.75;1.0;404.20205384401885;5.82536;0.985588;W40_NSS2_MCS10:bytes=728170,ppdus=19,airtime_us=14412;;;;;;;;;;;;;;;;;;;;;;;;;;;;;;;;;;;;;;;;;;;;;;;;;;;;;;;;;;;;;;;;;;;;;;;;;;;;;;;;;;;;;;;;;;;;;;;;;;;;;;;;;;;;;;;;;;;;;;;;
38;1;10;high;-41.5;isolated;dl;su;0;503.1625002;159.40539029938162;5.17544;0.6718493366784313;367.5;0.9716983916187103;152.12121212121212;0.54216;0.996436;W40_NSS2_MCS6:bytes=1918,ppdus=1,airtime_us=116|W80_NSS2_MCS4:bytes=65852,ppdus=34,airtime_us=3448;816.666668;0.9339139832798246;181.5815295815296;0.503344;0.997228;W40_NSS2_MCS4:bytes=4158,ppdus=1,airtime_us=244|W80_NSS2_MCS9:bytes=58760,ppdus=32,airtime_us=2528;408.333334;0.939312707100041;169.19055118110236;0.429744;0.99746;W80_NSS1_MCS9:bytes=50458,ppdus=27,airtime_us=2372|W80_NSS2_MCS6:bytes=3260,ppdus=2,airtime_us=168;306.25;0.5197936857321199;157.51099611901682;0.487024;0.996908;W80_NSS1_MCS7:bytes=31644,ppdus=18,airtime_us=1800|W80_NSS2_MCS7:bytes=29234,ppdus=15,airtime_us=1292;367.5;0.9726327138961122;148.39529411764707;0.504544;0.9966;W40_NSS2_MCS6:bytes=1726,ppdus=1,airtime_us=116|W80_NSS2_MCS4:bytes=61342,ppdus=33,airtime_us=3284;551.25;1.0;173.18134715025906;0.534784;0.996912;W80_NSS2_MCS6:bytes=66848,ppdus=36,airtime_us=3088;918.75;0.9714897285727027;194.15295815295815;0.538192;0.997228;W80_NSS1_MCS6:bytes=1918,ppdus=1,airtime_us=108|W80_NSS2_MCS10:bytes=65356,ppdus=34,airtime_us=2664;245.0;0.9684111545355705;113.72096908939014;0.544496;0.995212;W20_NSS2_MCS4:bytes=2150,ppdus=1,airtime_us=260|W80_NSS2_MCS3:bytes=65912,ppdus=40,airtime_us=4528;131.625;0.5173664067221088;105.706463878327;0.556016;0.99474;W40_NSS1_MCS6:bytes=35958,ppdus=21,airtime_us=3308|W40_NSS2_MCS6:bytes=33544,ppdus=16,airtime_us=1952;918.75;0.9856784069843928;198.4925816023739;0.535136;0.997304;W40_NSS2_MCS4:bytes=958,ppdus=1,airtime_us=100|W80_NSS2_MCS10:bytes=65934,ppdus=33,airtime_us=2596;;;;;;;;;;;;;;;;;;;;;;;;;;;;;;;;;;;;;;;;;;;;;;;;;;;;;;;;;;;;;;;;;;;;;;;;;;;;;;;;;;;;;;;;;;;;;;;;;;;;;;;;;;;;;;;;;;;;;;;;
38;1;10;high;-41.5;isolated;dl;su;1;549.8708336;140.6399028093711;3.887552;0.7502225639781487;131.625;0.9419681002563373;91.1948051948052;0.449408;0.995072;W20_NSS2_MCS6:bytes=3260,ppdus=2,airtime_us=328|W40_NSS1_MCS6:bytes=52916,ppdus=26,airtime_us=4600;816.666668;1.0;194.40585009140767;0.42536;0.997812;W80_NSS2_MCS9:bytes=53170,ppdus=27,airtime_us=2188;551.25;0.9778163580246914;122.8436018957346;0.41472;0.996624;W80_NSS2_MCS2:bytes=1150,ppdus=1,airtime_us=116|W80_NSS2_MCS6:bytes=50690,ppdus=39,airtime_us=3260;918.75;1.0;132.02025316455695;0.208592;0.99842;W80_NSS2_MCS10:bytes=26074,ppdus=23,airtime_us=1580;122.5;1.0;85.47280334728033;0.490272;0.994264;W80_NSS2_MCS1:bytes=61284,ppdus=30,airtime_us=5736;551.25;1.0;170.41975308641975;0.386512;0.997732;W80_NSS2_MCS6:bytes=48314,ppdus=27,airtime_us=2268;487.5;0.803088803088803;168.48442906574394;0.389536;0.997688;W40_NSS2_MCS11:bytes=39104,ppdus=20,airtime_us=1744|W80_NSS2_MCS4:bytes=9588,ppdus=6,airtime_us=568;735.0;1.0;174.18803418803418;0.4076;0.99766;W80_NSS2_MCS8:bytes=50950,ppdus=29,airtime_us=2340;816.666668;0.9593486741674676;150.208067940552;0.282992;0.998116;W40_NSS1_MCS10:bytes=1438,ppdus=1,airtime_us=108|W80_NSS2_MCS9:bytes=33936,ppdus=24,airtime_us=1776;367.5;0.9787312742740891;117.1614301191766;0.43256;0.996308;W20_NSS1_MCS5:bytes=1150,ppdus=1,airtime_us=204|W80_NSS2_MCS4:bytes=52920,ppdus=40,airtime_us=3488;;;;;;;;;;;;;;;;;;;;;;;;;;;;;;;;;;;;;;;;;;;;;;;;;;;;;;;;;;;;;;;;;;;;;;;;;;;;;;;;;;;;;;;;;;;;;;;;;;;;;;;;;;;;;;;;;;;;;;;;
38;1;10;high;-41.5;isolated;dl;su;2;638.0000004;163.65677882362405;3.946016;0.7416538694410633;1020.833334;0.9591828048520962;202.98056155507558;0.37592;0.998148;W40_NSS1_MCS7:bytes=1918,ppdus=1,airtime_us=156|W80_NSS2_MCS11:bytes=45072,ppdus=24,airtime_us=1696;816.666668;0.9279122746051971;178.30636833046472;0.414384;0.997676;W40_NSS2_MCS10:bytes=3734,ppdus=1,airtime_us=132|W80_NSS2_MCS9:bytes=48064,ppdus=28,airtime_us=2192;612.5;0.9637880904731337;170.03531300160515;0.423728;0.997508;W40_NSS1_MCS10:bytes=1918,ppdus=1,airtime_us=124|W80_NSS2_MCS7:bytes=51048,ppdus=28,airtime_us=2368;918.75;0.9583749294674248;190.7991718426501;0.368624;0.998068;W40_NSS1_MCS8:bytes=1918,ppdus=1,airtime_us=140|W80_NSS2_MCS10:bytes=44160,ppdus=24,airtime_us=1792;367.5;0.6610316920051433;126.21479713603819;0.423072;0.996648;W80_NSS2_MCS4:bytes=34958,ppdus=25,airtime_us=2228|W80_NSS2_MCS5:bytes=17926,ppdus=13,airtime_us=1124;816.666668;0.9674862229758372;182.16216216216216;0.37744;0.997928;W40_NSS2_MCS5:bytes=1534,ppdus=1,airtime_us=116|W80_NSS2_MCS9:bytes=45646,ppdus=25,airtime_us=1956;122.5;0.9680230134244976;81.446519524618;0.383776;0.995288;W40_NSS2_MCS2:bytes=1534,ppdus=1,airtime_us=196|W80_NSS2_MCS1:bytes=46438,ppdus=25,airtime_us=4516;1020.833334;0.9790523889021385;212.30379746835442;0.402528;0.998104;W40_NSS2_MCS7:bytes=1054,ppdus=1,airtime_us=84|W80_NSS2_MCS11:bytes=49262,ppdus=25,airtime_us=1812;438.75;0.8883575267679547;166.69488536155202;0.378064;0.997732;W40_NSS1_MCS10:bytes=5276,ppdus=2,airtime_us=296|W40_NSS2_MCS10:bytes=41982,ppdus=21,airtime_us=1972;245.0;0.8402328849628589;125.62421185372006;0.39848;0.996828;W40_NSS1_MCS10:bytes=7958,ppdus=5,airtime_us=556|W80_NSS2_MCS3:bytes=41852,ppdus=22,airtime_us=2616;;;;;;;;;;;;;;;;;;;;;;;;;;;;;;;;;;;;;;;;;;;;;;;;;;;;;;;;;;;;;;;;;;;;;;;;;;;;;;;;;;;;;;;;;;;;;;;;;;;;;;;;;;;;;;;;;;;;;;;;
39;1;10;high;-41.5;isolated;ul_dl;su;0;469.06944444444446;429.76228911550174;159.83238802701203;0.4120953657499834;367.5;1.0;351.3393907001603;13.14712;0.96258;W80_NSS2_MCS4:bytes=1643390,ppdus=27,airtime_us=37420;;;;0.0;;;551.25;1.0;516.1417368573918;21.324912;0.958684;W80_NSS2_MCS6:bytes=2665614,ppdus=41,airtime_us=41316;292.5;1.0;282.9686824596347;26.708848;0.905612;W40_NSS2_MCS7:bytes=3338606,ppdus=53,airtime_us=94388;367.5;1.0;353.79808148922024;14.90056;0.957884;W80_NSS2_MCS4:bytes=1862570,ppdus=29,airtime_us=42116;551.25;1.0;516.1820590006021;17.147568;0.96678;W80_NSS2_MCS6:bytes=2143446,ppdus=33,airtime_us=33220;918.75;0.9821092618995995;800.3347940403155;29.221824;0.963488;W40_NSS2_MCS6:bytes=65350,ppdus=1,airtime_us=2052|W80_NSS2_MCS10:bytes=3587378,ppdus=55,airtime_us=34460;122.5;0.9844341896760507;118.39253113758;20.287540027012025;0.828641724;W40_NSS1_MCS3:bytes=39474,ppdus=1,airtime_us=5452|W80_NSS2_MCS1:bytes=2496468.5033765,ppdus=48,airtime_us=165906.276;131.625;1.0;128.91224743734077;8.702608;0.932492;W40_NSS1_MCS6:bytes=1087826,ppdus=27,airtime_us=67508;918.75;1.0;799.7910789172703;8.391408;0.989508;W80_NSS2_MCS10:bytes=1048926,ppdus=23,airtime_us=10492;;;;;;;;;;;;;;;;;;;;;;;;;;;;;;;;;;;;;;;;;;;;;;;;;;;;;;;;;;;;;;;;;;;;;;;;;;;;;;;;;;;;;;;;;;;;;;;;;;;;;;;;;;;;;;;;;;;;;;;;
39;1;10;high;-41.5;isolated;ul_dl;su;1;536.3842595555556;475.1154606174003;193.906192;0.4021397324591981;131.625;1.0;129.6482786742005;17.805376;0.862664;W40_NSS1_MCS6:bytes=2225672,ppdus=38,airtime_us=137336;816.666668;0.9902857109057535;636.175603637504;24.345168;0.961732;W40_NSS1_MCS2:bytes=29562,ppdus=1,airtime_us=5436|W80_NSS2_MCS9:bytes=3013584,ppdus=52,airtime_us=32832;;;;0.0;;;918.75;0.9819038180991682;820.4546279491833;28.932512;0.964736;W40_NSS2_MCS11:bytes=65446,ppdus=1,airtime_us=1140|W80_NSS2_MCS10:bytes=3551118,ppdus=55,airtime_us=34124;122.5;1.0;120.63852575208695;24.509888;0.796832;W80_NSS2_MCS1:bytes=3063736,ppdus=52,airtime_us=203168;551.25;0.9851092974145311;472.476404494382;8.41008;0.9822;W20_NSS1_MCS9:bytes=15654,ppdus=1,airtime_us=1340|W80_NSS2_MCS6:bytes=1035606,ppdus=23,airtime_us=16460;367.5;1.0;352.21478743068394;30.487712;0.91344;W80_NSS2_MCS4:bytes=3810964,ppdus=60,airtime_us=86560;735.0;1.0;665.8982831227729;8.222512;0.987652;W80_NSS2_MCS8:bytes=1027814,ppdus=19,airtime_us=12348;816.666668;0.9853663998208587;730.1152619962397;35.726;0.951068;W80_NSS1_MCS10:bytes=65350,ppdus=1,airtime_us=1196|W80_NSS2_MCS9:bytes=4400400,ppdus=70,airtime_us=47736;367.5;1.0;348.41737249954946;15.466944;0.955608;W80_NSS2_MCS4:bytes=1933368,ppdus=38,airtime_us=44392;;;;;;;;;;;;;;;;;;;;;;;;;;;;;;;;;;;;;;;;;;;;;;;;;;;;;;;;;;;;;;;;;;;;;;;;;;;;;;;;;;;;;;;;;;;;;;;;;;;;;;;;;;;;;;;;;;;;;;;;
39;1;10;high;-41.5;isolated;ul_dl;su;2;638.0000004;546.108865297933;200.9175882187773;0.374598953621209;1020.833334;0.974713346735556;785.0484423421954;19.252528;0.975476;W40_NSS1_MCS7:bytes=60854,ppdus=1,airtime_us=3388|W80_NSS2_MCS11:bytes=2345712,ppdus=44,airtime_us=21136;816.666668;1.0;735.5865237366003;30.741632;0.958208;W80_NSS2_MCS9:bytes=3842704,ppdus=64,airtime_us=41792;612.5;0.9904532905157313;568.8115698631418;54.762324218777295;0.903725017;W40_NSS2_MCS10:bytes=65350,ppdus=1,airtime_us=1252|W80_NSS2_MCS7:bytes=6779940.52734716,ppdus=105,airtime_us=95022.983;918.75;1.0;802.1564918314704;14.926528;0.981392;W80_NSS2_MCS10:bytes=1865816,ppdus=40,airtime_us=18608;367.5;1.0;283.76354679802955;0.691248;0.997564;W80_NSS2_MCS4:bytes=86406,ppdus=9,airtime_us=2436;816.666668;0.9837977679411386;711.2731114632858;32.31456;0.954568;W40_NSS2_MCS5:bytes=65446,ppdus=1,airtime_us=2292|W80_NSS2_MCS9:bytes=3973874,ppdus=65,airtime_us=43140;122.5;0.9658437336081579;118.85773139247459;13.848352;0.883488;W40_NSS2_MCS2:bytes=59126,ppdus=1,airtime_us=5444|W80_NSS2_MCS1:bytes=1671918,ppdus=31,airtime_us=111068;1020.833334;1.0;809.4535418583257;3.519504;0.995652;W80_NSS2_MCS11:bytes=439938,ppdus=15,airtime_us=4348;438.75;1.0;417.10845010615714;19.645808;0.9529;W40_NSS2_MCS10:bytes=2455726,ppdus=39,airtime_us=47100;245.0;0.7791321417973476;229.02924358764906;11.215104;0.951032;W40_NSS1_MCS10:bytes=309632,ppdus=6,airtime_us=11592|W80_NSS2_MCS3:bytes=1092256,ppdus=28,airtime_us=37376;;;;;;;;;;;;;;;;;;;;;;;;;;;;;;;;;;;;;;;;;;;;;;;;;;;;;;;;;;;;;;;;;;;;;;;;;;;;;;;;;;;;;;;;;;;;;;;;;;;;;;;;;;;;;;;;;;;;;;;;
40;1;10;high;-41.5;ap_only_cochannel;ul;su;0;272.0208334;249.7668947511709;144.88356898776522;0.3687243518439992;367.5;1.0;320.28709900761595;5.551216;0.982668;W80_NSS2_MCS4:bytes=693902,ppdus=37,airtime_us=17332;408.333334;0.9100790440148394;332.0396162178892;17.16512;0.948304;W20_NSS1_MCS9:bytes=65350,ppdus=1,airtime_us=5420|W40_NSS2_MCS4:bytes=65350,ppdus=1,airtime_us=3044|W80_NSS1_MCS4:bytes=62238,ppdus=1,airtime_us=2764|W80_NSS1_MCS9:bytes=1952702,ppdus=39,airtime_us=40468;275.625;0.9395995157148239;246.48520290625555;5.563664;0.977428;W20_NSS2_MCS9:bytes=31116,ppdus=2,airtime_us=1384|W40_NSS1_MCS9:bytes=10890,ppdus=1,airtime_us=492|W80_NSS1_MCS6:bytes=653452,ppdus=34,airtime_us=20696;306.25;0.6927359578559744;329.91186922530204;22.280928;0.932464;W40_NSS2_MCS7:bytes=121362,ppdus=3,airtime_us=3500|W80_NSS1_MCS7:bytes=1929350,ppdus=45,airtime_us=52684|W80_NSS2_MCS0:bytes=7778,ppdus=1,airtime_us=1076|W80_NSS2_MCS7:bytes=726626,ppdus=13,airtime_us=10276;263.25;0.4558001796706984;192.64185145072108;13.518064;0.929828;W20_NSS2_MCS6:bytes=130700,ppdus=2,airtime_us=8072|W40_NSS1_MCS4:bytes=59126,ppdus=1,airtime_us=5436|W40_NSS2_MCS6:bytes=770192,ppdus=14,airtime_us=24312|W80_NSS1_MCS4:bytes=729740,ppdus=12,airtime_us=32352;131.625;0.6818689340036344;149.34736842105264;11.463904;0.92324;W20_NSS2_MCS6:bytes=48232,ppdus=2,airtime_us=3064|W40_NSS1_MCS6:bytes=977110,ppdus=29,airtime_us=60892|W40_NSS2_MCS6:bytes=390532,ppdus=12,airtime_us=12592|W80_NSS2_MCS10:bytes=17114,ppdus=1,airtime_us=212;263.25;1.0;254.27905901927255;22.007344;0.913452;W40_NSS2_MCS6:bytes=2750918,ppdus=45,airtime_us=86548;122.5;1.0;118.29629780921343;3.0484641277282125;0.974230266;W80_NSS2_MCS1:bytes=381058.015966027,ppdus=15,airtime_us=25769.734;122.5;0.9634942620959629;120.61018871754433;23.186272860037004;0.807758589;W40_NSS2_MCS6:bytes=65350,ppdus=1,airtime_us=2052|W80_NSS1_MCS1:bytes=40454,ppdus=1,airtime_us=5340|W80_NSS2_MCS1:bytes=2792480.10750463,ppdus=43,airtime_us=184849.411;459.375;1.0;433.7703947368421;21.098592;0.95136;W80_NSS1_MCS10:bytes=2637324,ppdus=48,airtime_us=48640;;;;;;;;;;;;;;;;;;;;;;;;;;;;;;;;;;;;;;;;;;;;;;;;;;;;;;;;;;;;;;;;;;;;;;;;;;;;;;;;;;;;;;;;;;;;;;;;;;;;;;;;;;;;;;;;;;;;;;;;
40;1;10;high;-41.5;ap_only_cochannel;ul;su;1;462.07500039999996;398.28325082722483;173.84596739792747;-0.020206009184893903;263.25;0.9798076489305624;248.75093193958725;25.890992;0.895916;W40_NSS2_MCS6:bytes=3171024,ppdus=52,airtime_us=99760|W80_NSS2_MCS1:bytes=65350,ppdus=1,airtime_us=4324;816.666668;1.0;738.4180790960452;14.1156;0.980884;W80_NSS2_MCS9:bytes=1764450,ppdus=27,airtime_us=19116;551.25;0.9265293059031549;350.8384721583065;3.049488;0.991308;W40_NSS2_MCS2:bytes=28006,ppdus=1,airtime_us=2612|W80_NSS2_MCS6:bytes=353180,ppdus=16,airtime_us=6080;438.75;0.5137329821058351;423.47698484114346;24.471888;0.942212;W40_NSS2_MCS10:bytes=1571502,ppdus=29,airtime_us=30420|W80_NSS1_MCS10:bytes=1487484,ppdus=26,airtime_us=27368;122.5;0.9481245103002556;110.51649656978013;18.235664;0.834996;W20_NSS2_MCS2:bytes=88686,ppdus=3,airtime_us=16332|W40_NSS1_MCS2:bytes=29562,ppdus=1,airtime_us=5436|W80_NSS2_MCS1:bytes=2161210,ppdus=37,airtime_us=143236;816.666668;0.9279098454379061;597.3294401421861;18.820656;0.968492;W20_NSS2_MCS3:bytes=38898,ppdus=1,airtime_us=5380|W80_NSS2_MCS6:bytes=130700,ppdus=2,airtime_us=2024|W80_NSS2_MCS9:bytes=2182984,ppdus=42,airtime_us=24104;367.5;1.0;351.79088471849866;12.596928;0.964192;W80_NSS2_MCS4:bytes=1574616,ppdus=28,airtime_us=35808;243.75;0.6360960216532274;304.7779102504907;7.944863397927461;0.973932286;W40_NSS1_MCS11:bytes=631712,ppdus=12,airtime_us=21424|W80_NSS2_MCS8:bytes=361395.924740933,ppdus=12,airtime_us=4643.714;816.666668;0.970149240096034;679.2503878374185;17.513792;0.974216;W20_NSS2_MCS9:bytes=65350,ppdus=1,airtime_us=2740|W80_NSS2_MCS9:bytes=2123874,ppdus=33,airtime_us=23044;183.75;0.9840446558903106;177.682920718792;31.206096;0.824372;W80_NSS1_MCS2:bytes=62238,ppdus=1,airtime_us=5468|W80_NSS1_MCS4:bytes=3838524,ppdus=64,airtime_us=170160;;;;;;;;;;;;;;;;;;;;;;;;;;;;;;;;;;;;;;;;;;;;;;;;;;;;;;;;;;;;;;;;;;;;;;;;;;;;;;;;;;;;;;;;;;;;;;;;;;;;;;;;;;;;;;;;;;;;;;;;
40;1;10;high;-41.5;ap_only_cochannel;ul;su;2;418.6416669;367.1691942102005;223.384528;0.04073757576043735;510.416667;0.9209039502435215;457.90356549048585;19.829056;0.956696;W40_NSS2_MCS7:bytes=130700,ppdus=2,airtime_us=3688|W80_NSS1_MCS7:bytes=65350,ppdus=1,airtime_us=1756|W80_NSS1_MCS11:bytes=2282582,ppdus=35,airtime_us=37860;816.666668;0.7489539427484376;592.8280573901161;20.824864;0.964872;W40_NSS1_MCS9:bytes=65350,ppdus=1,airtime_us=2732|W40_NSS2_MCS10:bytes=588150,ppdus=9,airtime_us=11268|W80_NSS2_MCS9:bytes=1949608,ppdus=30,airtime_us=21128;438.75;0.9588466783737909;420.0934306569343;41.438016;0.90136;W40_NSS2_MCS10:bytes=4966588,ppdus=82,airtime_us=95544|W80_NSS1_MCS10:bytes=17114,ppdus=1,airtime_us=348|W80_NSS2_MCS7:bytes=196050,ppdus=3,airtime_us=2748;351.0;0.9611470739317377;338.4954719259408;13.455872;0.960248;W40_NSS2_MCS8:bytes=1616634,ppdus=25,airtime_us=38500|W40_NSS2_MCS10:bytes=65350,ppdus=1,airtime_us=1252;367.5;0.8927657786911025;336.0273859302486;29.251856;0.912948;W80_NSS1_MCS5:bytes=392100,ppdus=6,airtime_us=13128|W80_NSS2_MCS4:bytes=3264382,ppdus=53,airtime_us=73924;408.333334;0.9738804985847107;393.4211809104489;20.015696;0.949124;W80_NSS1_MCS9:bytes=2436612,ppdus=42,airtime_us=50168|W80_NSS2_MCS9:bytes=65350,ppdus=1,airtime_us=708;122.5;1.0;120.90656799259945;1.0456;0.991352;W80_NSS2_MCS1:bytes=130700,ppdus=2,airtime_us=8648;487.5;0.5703137378295207;361.0175226586103;14.339616;0.96028;W40_NSS2_MCS7:bytes=770192,ppdus=14,airtime_us=21864|W40_NSS2_MCS11:bytes=1022260,ppdus=16,airtime_us=17856;438.75;0.9704328878585267;419.7561485139113;35.363616;0.915752;W40_NSS2_MCS10:bytes=4289752,ppdus=70,airtime_us=82424|W80_NSS1_MCS10:bytes=65350,ppdus=1,airtime_us=1196|W80_NSS2_MCS10:bytes=65350,ppdus=1,airtime_us=628;245.0;0.9440714159598935;231.2426106327094;27.820336;0.879692;W20_NSS1_MCS10:bytes=65350,ppdus=1,airtime_us=4812|W20_NSS2_MCS10:bytes=129144,ppdus=2,airtime_us=4824|W80_NSS2_MCS3:bytes=3283048,ppdus=56,airtime_us=110672;;;;;;;;;;;;;;;;;;;;;;;;;;;;;;;;;;;;;;;;;;;;;;;;;;;;;;;;;;;;;;;;;;;;;;;;;;;;;;;;;;;;;;;;;;;;;;;;;;;;;;;;;;;;;;;;;;;;;;;;
41;1;10;high;-41.5;ap_only_cochannel;dl;su;0;192.37291679999998;38.10824392701694;1.42376;0.8985775670469699;43.875;1.0;30.384516129032257;0.094192;0.9969;W20_NSS1_MCS4:bytes=11774,ppdus=17,airtime_us=3100;816.666668;0.48256167213513185;29.258666666666667;0.131664;0.9955;W20_NSS1_MCS0:bytes=2394,ppdus=3,airtime_us=2788|W20_NSS2_MCS9:bytes=1724,ppdus=2,airtime_us=200|W40_NSS1_MCS9:bytes=1532,ppdus=2,airtime_us=152|W40_NSS2_MCS9:bytes=1334,ppdus=5,airtime_us=356|W80_NSS1_MCS9:bytes=1532,ppdus=2,airtime_us=120|W80_NSS2_MCS9:bytes=7942,ppdus=13,airtime_us=884;551.25;0.5870145631067961;15.3874883286648;0.13184;0.991432;W20_NSS1_MCS0:bytes=6806,ppdus=5,airtime_us=7708|W80_NSS2_MCS6:bytes=9674,ppdus=11,airtime_us=860;61.25;1.0;45.62903225806452;0.181056;0.996032;W80_NSS2_MCS0:bytes=22632,ppdus=16,airtime_us=3968;183.75;1.0;74.85346215780999;0.185936;0.997516;W80_NSS1_MCS4:bytes=23242,ppdus=27,airtime_us=2484;7.3125;1.0;7.126314033038545;0.170832;0.976028;W20_NSS1_MCS0:bytes=21354,ppdus=11,airtime_us=23972;7.3125;1.0;7.072;0.120224;0.983;W20_NSS1_MCS0:bytes=15028,ppdus=10,airtime_us=17000;122.5;1.0;82.36990595611286;0.210208;0.997448;W80_NSS2_MCS1:bytes=26276,ppdus=14,airtime_us=2552;122.5;1.0;82.0;0.11808;0.99856;W80_NSS2_MCS1:bytes=14760,ppdus=8,airtime_us=1440;7.3125;1.0;7.001053740779768;0.079728;0.988612;W20_NSS1_MCS0:bytes=9966,ppdus=9,airtime_us=11388;;;;;;;;;;;;;;;;;;;;;;;;;;;;;;;;;;;;;;;;;;;;;;;;;;;;;;;;;;;;;;;;;;;;;;;;;;;;;;;;;;;;;;;;;;;;;;;;;;;;;;;;;;;;;;;;;;;;;;;;
41;1;10;high;-41.5;ap_only_cochannel;dl;su;1;159.70625;34.25723430502214;1.211192655012987;0.5303503412995683;122.5;0.7861695347355003;58.38139534883721;0.100416;0.99828;W20_NSS1_MCS6:bytes=1342,ppdus=1,airtime_us=220|W40_NSS2_MCS1:bytes=1342,ppdus=1,airtime_us=244|W80_NSS2_MCS1:bytes=9868,ppdus=10,airtime_us=1256;21.9375;0.5293685756240822;10.654498044328554;0.065376;0.993864;W20_NSS1_MCS0:bytes=3846,ppdus=1,airtime_us=4268|W20_NSS1_MCS2:bytes=4326,ppdus=5,airtime_us=1868;21.9375;0.6638988836608544;23.65302782324059;0.173424;0.992668;W20_NSS1_MCS2:bytes=14392,ppdus=8,airtime_us=5680|W20_NSS2_MCS2:bytes=7286,ppdus=5,airtime_us=1652;918.75;0.50285351934052;29.782813975448537;0.12616;0.995764;W20_NSS1_MCS0:bytes=2536,ppdus=4,airtime_us=2976|W80_NSS1_MCS10:bytes=5304,ppdus=8,airtime_us=512|W80_NSS2_MCS10:bytes=7930,ppdus=11,airtime_us=748;122.5;0.763139838067792;65.50112359550562;0.116592;0.99822;W40_NSS2_MCS1:bytes=3452,ppdus=2,airtime_us=584|W80_NSS2_MCS1:bytes=11122,ppdus=7,airtime_us=1196;7.3125;1.0;6.960598503740648;0.055824;0.99198;W20_NSS1_MCS0:bytes=6978,ppdus=7,airtime_us=8020;183.75;0.8744448930157449;62.70886075949367;0.158528;0.997472;W20_NSS2_MCS4:bytes=1244,ppdus=2,airtime_us=232|W40_NSS1_MCS4:bytes=1150,ppdus=1,airtime_us=156|W40_NSS1_MCS11:bytes=94,ppdus=1,airtime_us=60|W80_NSS1_MCS4:bytes=17328,ppdus=24,airtime_us=2080;7.3125;1.0;7.118538670812281;0.146528;0.979416;W20_NSS1_MCS0:bytes=18316,ppdus=10,airtime_us=20584;7.3125;1.0;7.118219495896609;0.15495265501298702;0.978231543;W20_NSS1_MCS0:bytes=19369.0818766234,ppdus=10,airtime_us=21768.457;183.75;0.9595033159305771;70.6932668329177;0.113392;0.998396;W20_NSS2_MCS2:bytes=574,ppdus=1,airtime_us=164|W80_NSS1_MCS4:bytes=13600,ppdus=16,airtime_us=1440;;;;;;;;;;;;;;;;;;;;;;;;;;;;;;;;;;;;;;;;;;;;;;;;;;;;;;;;;;;;;;;;;;;;;;;;;;;;;;;;;;;;;;;;;;;;;;;;;;;;;;;;;;;;;;;;;;;;;;;;
41;1;10;high;-41.5;ap_only_cochannel;dl;su;2;105.21875;40.87531906735313;1.4745959448459958;-239.63249752708808;7.3125;1.0;7.045938993017273;0.076688;0.989116;W20_NSS1_MCS0:bytes=9586,ppdus=7,airtime_us=10884;7.3125;0.884949215143121;7.890710382513661;0.08664;0.98902;W20_NSS1_MCS0:bytes=9584,ppdus=8,airtime_us=10912|W80_NSS2_MCS9:bytes=1246,ppdus=1,airtime_us=68;7.3125;1.0;7.112591605596269;0.128112;0.981988;W20_NSS1_MCS0:bytes=16014,ppdus=9,airtime_us=18012;219.375;0.7751380945397663;24.360821673116998;0.327312;0.986564;W20_NSS1_MCS0:bytes=9200,ppdus=8,airtime_us=10496|W20_NSS2_MCS10:bytes=31714,ppdus=31,airtime_us=2940;183.75;0.7497331277428537;77.88452655889145;0.134896;0.998268;W40_NSS1_MCS4:bytes=2110,ppdus=1,airtime_us=252|W40_NSS2_MCS5:bytes=2110,ppdus=1,airtime_us=132|W80_NSS1_MCS4:bytes=12642,ppdus=15,airtime_us=1348;7.3125;1.0;7.139727080530463;0.148592;0.979188;W20_NSS1_MCS0:bytes=18574,ppdus=9,airtime_us=20812;122.5;1.0;82.87224669603525;0.150496;0.998184;W80_NSS2_MCS1:bytes=18812,ppdus=10,airtime_us=1816;7.3125;0.9128405248416973;7.722117893342306;0.13198794484599588;0.982907805;W20_NSS1_MCS0:bytes=15060.4931057495,ppdus=10,airtime_us=17024.195|W80_NSS2_MCS11:bytes=1438,ppdus=1,airtime_us=68;245.0;1.0;98.07780320366133;0.17144;0.998252;W80_NSS2_MCS3:bytes=21430,ppdus=17,airtime_us=1748;245.0;1.0;88.64670658682634;0.118432;0.998664;W80_NSS2_MCS3:bytes=14804,ppdus=14,airtime_us=1336;;;;;;;;;;;;;;;;;;;;;;;;;;;;;;;;;;;;;;;;;;;;;;;;;;;;;;;;;;;;;;;;;;;;;;;;;;;;;;;;;;;;;;;;;;;;;;;;;;;;;;;;;;;;;;;;;;;;;;;;
42;1;10;high;-41.5;ap_only_cochannel;ul_dl;su;0;283.72708339999997;122.57400711553909;64.93417628074825;0.31461675085549257;183.75;0.9628574908866352;159.46656065807716;16.583305578582202;0.89600763;W20_NSS1_MCS4:bytes=76993.1973227753,ppdus=4,airtime_us=14272.37|W80_NSS1_MCS4:bytes=1995920,ppdus=54,airtime_us=89720;408.333334;0.8078025126735728;137.4848484848485;0.145184;0.998944;W40_NSS1_MCS9:bytes=3488,ppdus=4,airtime_us=368|W80_NSS1_MCS9:bytes=14660,ppdus=8,airtime_us=688;65.8125;0.7975392598124963;24.417036592681463;0.814064;0.96666;W20_NSS1_MCS0:bytes=20602,ppdus=5,airtime_us=22828|W20_NSS1_MCS6:bytes=81156,ppdus=12,airtime_us=10512;61.25;1.0;60.51185309613679;8.355926702166043;0.861912563;W80_NSS2_MCS0:bytes=1044490.83777076,ppdus=27,airtime_us=138087.437;183.75;0.9084308681672025;93.28134373125376;2.488;0.973328;W20_NSS1_MCS0:bytes=9428,ppdus=2,airtime_us=10424|W20_NSS1_MCS6:bytes=6222,ppdus=1,airtime_us=812|W20_NSS2_MCS4:bytes=6414,ppdus=1,airtime_us=644|W20_NSS2_MCS6:bytes=6414,ppdus=1,airtime_us=452|W80_NSS1_MCS4:bytes=282522,ppdus=39,airtime_us=14340;551.25;0.7812455261274159;65.80310880829016;0.5588;0.991508;W20_NSS1_MCS0:bytes=6084,ppdus=2,airtime_us=6776|W40_NSS2_MCS6:bytes=7662,ppdus=1,airtime_us=292|W80_NSS1_MCS6:bytes=1534,ppdus=1,airtime_us=92|W80_NSS2_MCS6:bytes=54570,ppdus=9,airtime_us=1332;918.75;0.8878498948528961;468.69856459330146;1.567328;0.996656;W20_NSS1_MCS10:bytes=9334,ppdus=1,airtime_us=732|W40_NSS1_MCS10:bytes=12638,ppdus=1,airtime_us=508|W80_NSS2_MCS10:bytes=173944,ppdus=10,airtime_us=2104;122.5;0.9756826710806479;119.50447411702395;34.295872;0.713016;W40_NSS1_MCS3:bytes=38898,ppdus=1,airtime_us=5372|W40_NSS2_MCS3:bytes=65350,ppdus=1,airtime_us=4532|W80_NSS2_MCS1:bytes=4182736,ppdus=66,airtime_us=277080;122.5;0.7588057698758806;60.52791878172589;0.047696;0.999212;W40_NSS2_MCS1:bytes=1438,ppdus=1,airtime_us=260|W80_NSS2_MCS1:bytes=4524,ppdus=4,airtime_us=528;219.375;0.8406153846153847;36.04436229205176;0.078;0.997836;W20_NSS1_MCS0:bytes=1554,ppdus=1,airtime_us=1756|W40_NSS1_MCS10:bytes=8196,ppdus=2,airtime_us=408;;;;;;;;;;;;;;;;;;;;;;;;;;;;;;;;;;;;;;;;;;;;;;;;;;;;;;;;;;;;;;;;;;;;;;;;;;;;;;;;;;;;;;;;;;;;;;;;;;;;;;;;;;;;;;;;;;;;;;;;
42;1;10;high;-41.5;ap_only_cochannel;ul_dl;su;1;348.3416668;115.77877787225472;53.94999975448659;0.5335314397693839;122.5;0.8273877804582459;132.78832817377068;24.109903754486588;0.818433562;W40_NSS2_MCS6:bytes=520208,ppdus=8,airtime_us=16320|W80_NSS2_MCS1:bytes=2493529.96931082,ppdus=40,airtime_us=165246.438;816.666668;0.6699814471243043;101.98675496688742;0.8624;0.991544;W20_NSS1_MCS2:bytes=16258,ppdus=3,airtime_us=6084|W20_NSS2_MCS9:bytes=14794,ppdus=1,airtime_us=660|W40_NSS1_MCS9:bytes=2034,ppdus=1,airtime_us=140|W40_NSS2_MCS9:bytes=2490,ppdus=1,airtime_us=116|W80_NSS2_MCS9:bytes=72224,ppdus=12,airtime_us=1456;551.25;0.7127538265865532;102.13213885778275;1.459264;0.985712;W20_NSS1_MCS2:bytes=28004,ppdus=2,airtime_us=10328|W40_NSS1_MCS6:bytes=24392,ppdus=2,airtime_us=1592|W80_NSS2_MCS6:bytes=130012,ppdus=8,airtime_us=2368;918.75;0.6665266106442577;192.97297297297297;0.11424;0.999408;W40_NSS1_MCS10:bytes=4762,ppdus=1,airtime_us=220|W80_NSS2_MCS10:bytes=9518,ppdus=5,airtime_us=372;122.5;1.0;120.59646665110125;12.396352;0.897208;W80_NSS2_MCS1:bytes=1549544,ppdus=26,airtime_us=102792;275.625;0.6734054152280574;150.25255972696246;0.352192;0.997656;W20_NSS2_MCS6:bytes=6412,ppdus=2,airtime_us=520|W40_NSS1_MCS6:bytes=6412,ppdus=2,airtime_us=504|W40_NSS2_MCS6:bytes=1554,ppdus=1,airtime_us=100|W80_NSS1_MCS6:bytes=29646,ppdus=7,airtime_us=1220;183.75;0.8947351448963797;148.08117787504975;2.977024;0.979896;W20_NSS2_MCS4:bytes=10890,ppdus=1,airtime_us=1060|W40_NSS1_MCS4:bytes=20506,ppdus=5,airtime_us=2108|W40_NSS2_MCS4:bytes=3110,ppdus=1,airtime_us=196|W80_NSS1_MCS4:bytes=332956,ppdus=40,airtime_us=16576|W80_NSS2_MCS4:bytes=4666,ppdus=1,airtime_us=164;351.0;0.6320300181043041;69.28882144663632;1.095872;0.984184;W20_NSS1_MCS0:bytes=9524,ppdus=2,airtime_us=10536|W20_NSS2_MCS8:bytes=40882,ppdus=7,airtime_us=2284|W40_NSS2_MCS8:bytes=86578,ppdus=17,airtime_us=2996;97.5;1.0;88.50343249427918;0.154704;0.998252;W20_NSS1_MCS9:bytes=19338,ppdus=3,airtime_us=1748;43.875;0.6965460841760606;51.185125557104435;10.428048;0.796268;W40_NSS1_MCS2:bytes=907952,ppdus=34,airtime_us=167256|W40_NSS2_MCS2:bytes=395554,ppdus=7,airtime_us=36476;;;;;;;;;;;;;;;;;;;;;;;;;;;;;;;;;;;;;;;;;;;;;;;;;;;;;;;;;;;;;;;;;;;;;;;;;;;;;;;;;;;;;;;;;;;;;;;;;;;;;;;;;;;;;;;;;;;;;;;;
42;1;10;high;-41.5;ap_only_cochannel;ul_dl;su;2;436.2583334;101.43418273147283;52.403514836213546;0.4980236213069321;487.5;0.6103310546984259;136.19961904761905;1.430096;0.9895;W20_NSS1_MCS7:bytes=69658,ppdus=7,airtime_us=7988|W40_NSS2_MCS11:bytes=109104,ppdus=12,airtime_us=2512;390.0;0.9501573976915005;32.03361344537815;0.030496;0.999048;W40_NSS2_MCS9:bytes=3622,ppdus=13,airtime_us=884|W80_NSS2_MCS9:bytes=190,ppdus=1,airtime_us=68;612.5;0.8237036447466415;45.20902139690291;2.814352;0.937748;W20_NSS1_MCS0:bytes=51554,ppdus=11,airtime_us=57012|W20_NSS2_MCS10:bytes=10466,ppdus=1,airtime_us=436|W80_NSS2_MCS7:bytes=289774,ppdus=17,airtime_us=4804;918.75;0.5381053801277896;132.09785932721712;0.172784;0.998692;W20_NSS2_MCS10:bytes=6412,ppdus=2,airtime_us=360|W40_NSS2_MCS10:bytes=3564,ppdus=4,airtime_us=304|W80_NSS2_MCS10:bytes=11622,ppdus=9,airtime_us=644;175.5;0.8020384044563481;142.4790346086737;3.535770836213546;0.975183922;W40_NSS1_MCS4:bytes=87493.3545266932,ppdus=3,airtime_us=8124.078|W40_NSS2_MCS4:bytes=354478,ppdus=9,airtime_us=16692;390.0;0.4651752423564504;143.8272650296359;4.07664;0.971656;W20_NSS1_MCS5:bytes=103608,ppdus=4,airtime_us=14368|W20_NSS1_MCS9:bytes=24298,ppdus=1,airtime_us=2044|W20_NSS2_MCS9:bytes=144630,ppdus=9,airtime_us=6452|W40_NSS2_MCS9:bytes=237044,ppdus=10,airtime_us=5480;122.5;0.9845502786270887;112.16622952730664;7.697744;0.931372;W20_NSS1_MCS2:bytes=14866,ppdus=1,airtime_us=5468|W80_NSS2_MCS1:bytes=947352,ppdus=22,airtime_us=63160;1020.833334;0.6500262743037309;27.48014440433213;0.030448;0.998892;W40_NSS1_MCS11:bytes=1332,ppdus=6,airtime_us=360|W80_NSS2_MCS11:bytes=2474,ppdus=11,airtime_us=748;122.5;0.9832570704231443;122.31140495867768;23.679488;0.8064;W40_NSS2_MCS10:bytes=49558,ppdus=1,airtime_us=964|W80_NSS1_MCS3:bytes=2910378,ppdus=49,airtime_us=192636;122.5;1.0;120.53763556898505;8.935696;0.925868;W80_NSS1_MCS3:bytes=1116962,ppdus=23,airtime_us=74132;;;;;;;;;;;;;;;;;;;;;;;;;;;;;;;;;;;;;;;;;;;;;;;;;;;;;;;;;;;;;;;;;;;;;;;;;;;;;;;;;;;;;;;;;;;;;;;;;;;;;;;;;;;;;;;;;;;;;;;;
43;1;10;medium;-50.0;isolated;ul;su;0;483.07407422222224;435.37655658755807;224.43979074497165;0.539520966219313;367.5;0.9852472147546962;352.31994059326183;35.4373761501355;0.899417058;W80_NSS1_MCS6:bytes=65350,ppdus=1,airtime_us=1948|W80_NSS2_MCS4:bytes=4364322.01876694,ppdus=67,airtime_us=98634.942;816.666668;0.9941703517977798;723.513315260724;36.297216;0.949832;W80_NSS1_MCS4:bytes=26450,ppdus=1,airtime_us=1196|W80_NSS2_MCS9:bytes=4510702,ppdus=71,airtime_us=48972;;;;0.0;;;612.5;0.9852527877534275;537.9479210925645;35.450768;0.9341;W20_NSS2_MCS5:bytes=65350,ppdus=1,airtime_us=4532|W80_NSS2_MCS7:bytes=4365996,ppdus=70,airtime_us=61368;367.5;1.0;349.47255520504734;17.725248;0.94928;W80_NSS2_MCS4:bytes=2215656,ppdus=44,airtime_us=50720;551.25;1.0;516.600790513834;6.2736;0.987856;W80_NSS2_MCS6:bytes=784200,ppdus=12,airtime_us=12144;918.75;0.9795719455135179;745.868967125204;25.592256;0.965688;W40_NSS1_MCS6:bytes=65350,ppdus=1,airtime_us=4028|W80_NSS2_MCS10:bytes=3133682,ppdus=51,airtime_us=30284;122.5;0.8098884416290046;133.56922525107603;35.749536;0.732352;W80_NSS1_MCS3:bytes=3619142,ppdus=57,airtime_us=239100|W80_NSS2_MCS3:bytes=849550,ppdus=13,airtime_us=28548;131.625;0.6444546695493133;129.40610416547213;24.047022594836147;0.81417397;W20_NSS2_MCS6:bytes=1937152,ppdus=34,airtime_us=119864|W40_NSS1_MCS6:bytes=1068725.82435452,ppdus=19,airtime_us=65962.03;459.375;1.0;429.690190080839;7.866768;0.981692;W80_NSS1_MCS10:bytes=983346,ppdus=23,airtime_us=18308;;;;;;;;;;;;;;;;;;;;;;;;;;;;;;;;;;;;;;;;;;;;;;;;;;;;;;;;;;;;;;;;;;;;;;;;;;;;;;;;;;;;;;;;;;;;;;;;;;;;;;;;;;;;;;;;;;;;;;;;
43;1;10;medium;-50.0;isolated;ul;su;1;617.0370373333334;452.6534603938897;237.06531671680216;0.5174206548490319;122.5;0.9800994706713174;117.93287722889619;17.513504;0.851496;W20_NSS1_MCS6:bytes=43566,ppdus=1,airtime_us=5356|W80_NSS2_MCS1:bytes=2145622,ppdus=51,airtime_us=143148;816.666668;0.9867044218748735;603.9511068857803;17.787568;0.970548;W20_NSS2_MCS2:bytes=29562,ppdus=1,airtime_us=5444|W80_NSS2_MCS9:bytes=2193884,ppdus=38,airtime_us=24008;551.25;0.9888596045636318;489.38238819732595;42.458816;0.91324;W40_NSS2_MCS2:bytes=59126,ppdus=1,airtime_us=5444|W80_NSS2_MCS6:bytes=5248226,ppdus=81,airtime_us=81316;1020.833334;0.9907565854624678;561.9365609348915;8.0784;0.985624;W20_NSS2_MCS0:bytes=9334,ppdus=1,airtime_us=5172|W80_NSS2_MCS11:bytes=1000466,ppdus=21,airtime_us=9204;183.75;0.5747468653873538;149.12912432926134;41.799104;0.719712;W80_NSS2_MCS1:bytes=2221900,ppdus=34,airtime_us=147016|W80_NSS2_MCS2:bytes=3002988,ppdus=46,airtime_us=133272;551.25;1.0;236.20253164556962;0.07464;0.999684;W80_NSS2_MCS6:bytes=9330,ppdus=3,airtime_us=316;1020.833334;0.9977439251062414;790.6878165312947;33.098192;0.95814;W20_NSS2_MCS0:bytes=9334,ppdus=1,airtime_us=5172|W80_NSS2_MCS11:bytes=4127940,ppdus=64,airtime_us=36688;;;;0.0;;;918.75;0.9932122234198391;770.4581957865674;51.346416;0.933356;W20_NSS1_MCS6:bytes=43566,ppdus=1,airtime_us=5356|W80_NSS2_MCS10:bytes=6374736,ppdus=98,airtime_us=61288;367.5;1.0;354.20054200542006;24.90867671680217;0.929676345;W80_NSS2_MCS4:bytes=3113584.58960027,ppdus=47,airtime_us=70323.655;;;;;;;;;;;;;;;;;;;;;;;;;;;;;;;;;;;;;;;;;;;;;;;;;;;;;;;;;;;;;;;;;;;;;;;;;;;;;;;;;;;;;;;;;;;;;;;;;;;;;;;;;;;;;;;;;;;;;;;;
43;1;10;medium;-50.0;isolated;ul;su;2;650.2708336000001;563.634938238451;278.93752958906725;0.4314776658717073;1020.833334;1.0;901.3793103448276;35.5504;0.96056;W80_NSS2_MCS11:bytes=4443800,ppdus=68,airtime_us=39440;918.75;0.9979342629076478;745.3784229627186;36.147872;0.951504;W20_NSS1_MCS1:bytes=9334,ppdus=1,airtime_us=5164|W80_NSS2_MCS10:bytes=4509150,ppdus=69,airtime_us=43332;612.5;1.0;561.8885085574572;18.384992;0.96728;W80_NSS2_MCS7:bytes=2298124,ppdus=44,airtime_us=32720;918.75;1.0;748.8270944741533;3.360736;0.995512;W80_NSS2_MCS10:bytes=420092,ppdus=14,airtime_us=4488;367.5;0.986689535620037;351.2890429831696;30.617890338743454;0.912841317;W40_NSS2_MCS5:bytes=50942.2923429319,ppdus=0,airtime_us=1786.683|W80_NSS2_MCS4:bytes=3776294,ppdus=59,airtime_us=85372;816.666668;1.0;738.4180790960452;35.0276;0.952564;W80_NSS2_MCS9:bytes=4378450,ppdus=67,airtime_us=47436;122.5;1.0;120.74226516562211;25.632183250323774;0.787711592;W80_NSS2_MCS1:bytes=3204022.90629047,ppdus=55,airtime_us=212288.408;1020.833334;0.9802666352230792;804.909366809215;23.339152;0.971004;W20_NSS2_MCS7:bytes=57570,ppdus=1,airtime_us=3204|W80_NSS2_MCS11:bytes=2859824,ppdus=52,airtime_us=25792;459.375;0.6972241365646973;430.7142027431533;38.562704;0.910468;W40_NSS2_MCS10:bytes=1459482,ppdus=23,airtime_us=27996|W80_NSS1_MCS10:bytes=3360856,ppdus=52,airtime_us=61536;245.0;0.7896763012935569;232.80308924814847;32.314;0.861196;W40_NSS1_MCS10:bytes=849550,ppdus=13,airtime_us=31564|W80_NSS2_MCS3:bytes=3189700,ppdus=50,airtime_us=107240;;;;;;;;;;;;;;;;;;;;;;;;;;;;;;;;;;;;;;;;;;;;;;;;;;;;;;;;;;;;;;;;;;;;;;;;;;;;;;;;;;;;;;;;;;;;;;;;;;;;;;;;;;;;;;;;;;;;;;;;
44;1;10;medium;-50.0;isolated;dl;su;0;546.9500002;158.6763742920629;4.966652876;0.672689749352583;367.5;0.9874393283484193;139.87155963302752;0.487872;0.996512;W40_NSS2_MCS6:bytes=766,ppdus=1,airtime_us=84|W80_NSS2_MCS4:bytes=60218,ppdus=35,airtime_us=3404;816.666668;0.9729050121489518;182.91472868217053;0.566304;0.996904;W40_NSS2_MCS4:bytes=1918,ppdus=1,airtime_us=148|W80_NSS2_MCS9:bytes=68870,ppdus=37,airtime_us=2948;408.333334;0.7969160922404008;173.04431137724552;0.577968;0.99666;W80_NSS1_MCS9:bytes=57574,ppdus=29,airtime_us=2668|W80_NSS2_MCS6:bytes=14672,ppdus=8,airtime_us=672;612.5;1.0;163.63855421686748;0.434624;0.997344;W80_NSS2_MCS7:bytes=54328,ppdus=32,airtime_us=2656;367.5;0.9738746102382466;148.2962962962963;0.528528;0.996436;W40_NSS2_MCS6:bytes=1726,ppdus=1,airtime_us=116|W80_NSS2_MCS4:bytes=64340,ppdus=34,airtime_us=3448;551.25;1.0;159.90760000122825;0.364540876;0.997720303;W80_NSS2_MCS6:bytes=45567.6095,ppdus=28,airtime_us=2279.697;918.75;0.9795769289301476;206.96062992125985;0.52568;0.99746;W80_NSS1_MCS6:bytes=1342,ppdus=1,airtime_us=92|W80_NSS2_MCS10:bytes=64368,ppdus=32,airtime_us=2448;245.0;0.9722931873479319;120.21937842778793;0.52608;0.995624;W40_NSS1_MCS4:bytes=1822,ppdus=1,airtime_us=220|W80_NSS2_MCS3:bytes=63938,ppdus=35,airtime_us=4156;263.25;0.6553188574559902;107.94085027726433;0.467168;0.995672;W40_NSS1_MCS6:bytes=20128,ppdus=12,airtime_us=1840|W40_NSS2_MCS6:bytes=38268,ppdus=22,airtime_us=2488;918.75;0.989013872036205;183.96983408748113;0.487888;0.997348;W40_NSS2_MCS4:bytes=670,ppdus=1,airtime_us=84|W80_NSS2_MCS10:bytes=60316,ppdus=34,airtime_us=2568;;;;;;;;;;;;;;;;;;;;;;;;;;;;;;;;;;;;;;;;;;;;;;;;;;;;;;;;;;;;;;;;;;;;;;;;;;;;;;;;;;;;;;;;;;;;;;;;;;;;;;;;;;;;;;;;;;;;;;;;
44;1;10;medium;-50.0;isolated;dl;su;1;549.8708336;137.00325356481648;3.693616;0.7573027021969345;131.625;0.9600416666666667;91.42857142857143;0.384;0.9958;W20_NSS2_MCS6:bytes=1918,ppdus=1,airtime_us=180|W40_NSS1_MCS6:bytes=46082,ppdus=23,airtime_us=4020;816.666668;1.0;176.10894941634243;0.36208;0.997944;W80_NSS2_MCS9:bytes=45260,ppdus=26,airtime_us=2056;551.25;0.9622350547936216;121.912;0.487648;0.996;W20_NSS1_MCS10:bytes=2302,ppdus=1,airtime_us=220|W80_NSS2_MCS6:bytes=58654,ppdus=45,airtime_us=3780;918.75;0.9176806555748697;85.22751322751323;0.128864;0.998488;W40_NSS2_MCS11:bytes=1326,ppdus=1,airtime_us=84|W80_NSS2_MCS10:bytes=14782,ppdus=21,airtime_us=1428;122.5;0.9649206233082157;82.3433734939759;0.437408;0.994688;W40_NSS1_MCS2:bytes=1918,ppdus=1,airtime_us=396|W80_NSS2_MCS1:bytes=52758,ppdus=25,airtime_us=4916;551.25;0.9556162354792428;159.16758747697975;0.345712;0.997828;W40_NSS1_MCS9:bytes=1918,ppdus=1,airtime_us=124|W80_NSS2_MCS6:bytes=41296,ppdus=24,airtime_us=2048;487.5;1.0;179.07096774193548;0.444096;0.99752;W40_NSS2_MCS11:bytes=55512,ppdus=28,airtime_us=2480;735.0;0.9709800633501025;173.82995951417004;0.343488;0.998024;W40_NSS1_MCS11:bytes=1246,ppdus=1,airtime_us=92|W80_NSS2_MCS8:bytes=41690,ppdus=23,airtime_us=1884;816.666668;1.0;188.0;0.367728;0.998044;W80_NSS2_MCS9:bytes=45966,ppdus=25,airtime_us=1956;367.5;0.9765660023637771;112.94361334867664;0.392592;0.996524;W20_NSS1_MCS5:bytes=1150,ppdus=1,airtime_us=204|W80_NSS2_MCS4:bytes=47924,ppdus=38,airtime_us=3272;;;;;;;;;;;;;;;;;;;;;;;;;;;;;;;;;;;;;;;;;;;;;;;;;;;;;;;;;;;;;;;;;;;;;;;;;;;;;;;;;;;;;;;;;;;;;;;;;;;;;;;;;;;;;;;;;;;;;;;;
44;1;10;medium;-50.0;isolated;dl;su;2;650.2500004;161.5064970483944;4.02064;0.735200735945744;1020.833334;0.96030136192408;196.0;0.386512;0.998028;W40_NSS1_MCS7:bytes=1918,ppdus=1,airtime_us=156|W80_NSS2_MCS11:bytes=46396,ppdus=26,airtime_us=1816;816.666668;0.9658791717071088;185.5181518151815;0.449696;0.997576;W40_NSS2_MCS10:bytes=1918,ppdus=1,airtime_us=100|W80_NSS2_MCS9:bytes=54294,ppdus=29,airtime_us=2324;612.5;0.9606040452251476;173.58913412563666;0.408976;0.997644;W40_NSS1_MCS10:bytes=2014,ppdus=1,airtime_us=124|W80_NSS2_MCS7:bytes=49108,ppdus=26,airtime_us=2232;918.75;0.9629042240445613;193.64794007490636;0.413632;0.997864;W40_NSS1_MCS8:bytes=1918,ppdus=1,airtime_us=140|W80_NSS2_MCS10:bytes=49786,ppdus=27,airtime_us=1996;490.0;0.941728683301717;119.355587808418;0.328944;0.997244;W80_NSS2_MCS4:bytes=2396,ppdus=2,airtime_us=168|W80_NSS2_MCS5:bytes=38722,ppdus=31,airtime_us=2588;816.666668;0.9625463776606131;184.54054054054055;0.40968;0.99778;W40_NSS2_MCS5:bytes=1918,ppdus=1,airtime_us=132|W80_NSS2_MCS9:bytes=49292,ppdus=26,airtime_us=2088;122.5;0.9666443508053401;81.71520514883346;0.406288;0.995028;W40_NSS2_MCS2:bytes=1694,ppdus=1,airtime_us=212|W80_NSS2_MCS1:bytes=49092,ppdus=26,airtime_us=4760;1020.833334;0.9647609469286709;203.55905511811022;0.413632;0.997968;W40_NSS2_MCS7:bytes=1822,ppdus=1,airtime_us=116|W80_NSS2_MCS11:bytes=49882,ppdus=27,airtime_us=1916;438.75;0.8943107969444761;158.2736842105263;0.421008;0.99734;W40_NSS1_MCS10:bytes=5562,ppdus=3,airtime_us=356|W40_NSS2_MCS10:bytes=47064,ppdus=24,airtime_us=2304;245.0;0.6562029131089905;118.86567164179104;0.382272;0.996784;W40_NSS1_MCS10:bytes=16428,ppdus=10,airtime_us=1112|W80_NSS2_MCS3:bytes=31356,ppdus=18,airtime_us=2104;;;;;;;;;;;;;;;;;;;;;;;;;;;;;;;;;;;;;;;;;;;;;;;;;;;;;;;;;;;;;;;;;;;;;;;;;;;;;;;;;;;;;;;;;;;;;;;;;;;;;;;;;;;;;;;;;;;;;;;;
45;1;10;medium;-50.0;isolated;ul_dl;su;0;503.8291668;392.7288988138081;150.98980225977084;0.4375042077642619;367.5;1.0;352.43462425640405;23.224032;0.934104;W80_NSS2_MCS4:bytes=2903004,ppdus=46,airtime_us=65896;816.666668;0.965842600038823;471.3856209150327;6.923712;0.985312;W20_NSS1_MCS4:bytes=29562,ppdus=1,airtime_us=5436|W80_NSS2_MCS9:bytes=835902,ppdus=17,airtime_us=9252;551.25;1.0;512.7708769994484;18.593072;0.96374;W80_NSS2_MCS6:bytes=2324134,ppdus=41,airtime_us=36260;292.5;1.0;11.058823529411764;0.000752;0.999932;W40_NSS2_MCS7:bytes=94,ppdus=1,airtime_us=68;367.5;1.0;350.21840724845015;11.750528;0.966448;W80_NSS2_MCS4:bytes=1468816,ppdus=28,airtime_us=33552;551.25;0.9381268819636248;470.7683284457478;8.347664;0.982268;W40_NSS1_MCS10:bytes=64562,ppdus=1,airtime_us=2412|W80_NSS2_MCS6:bytes=978896,ppdus=18,airtime_us=15320;918.75;1.0;814.0851788756388;5.734416;0.992956;W80_NSS2_MCS10:bytes=716802,ppdus=13,airtime_us=7044;122.5;1.0;120.82414168717473;23.958944;0.801704;W80_NSS2_MCS1:bytes=2994868,ppdus=46,airtime_us=198296;131.625;1.0;129.80075858437294;31.796634259770855;0.755035066;W40_NSS1_MCS6:bytes=3974579.28247136,ppdus=62,airtime_us=244964.934;918.75;0.9770246419563013;693.9422275963993;20.660048;0.970228;W40_NSS1_MCS4:bytes=59334,ppdus=1,airtime_us=5468|W80_NSS2_MCS10:bytes=2523172,ppdus=40,airtime_us=24304;;;;;;;;;;;;;;;;;;;;;;;;;;;;;;;;;;;;;;;;;;;;;;;;;;;;;;;;;;;;;;;;;;;;;;;;;;;;;;;;;;;;;;;;;;;;;;;;;;;;;;;;;;;;;;;;;;;;;;;;
45;1;10;medium;-50.0;isolated;ul_dl;su;1;536.9583336;486.20367002616024;232.64228025361285;0.27279490813699836;122.5;1.0;114.33369204781938;1.1723126223875648;0.989746569;W80_NSS2_MCS1:bytes=146539.077798446,ppdus=12,airtime_us=10253.431;816.666668;1.0;734.0864992769817;22.336784;0.969572;W80_NSS2_MCS9:bytes=2792098,ppdus=47,airtime_us=30428;551.25;0.9912681604579502;496.04563698542984;57.109615631225296;0.884870239;W80_NSS1_MCS2:bytes=62334,ppdus=1,airtime_us=5484|W80_NSS2_MCS6:bytes=7076367.95390316,ppdus=109,airtime_us=109645.761;918.75;0.9806391480869642;785.7001862197393;27.002944;0.965632;W40_NSS1_MCS11:bytes=65350,ppdus=1,airtime_us=2204|W80_NSS2_MCS10:bytes=3310018,ppdus=57,airtime_us=32164;122.5;0.9599858692444918;118.65638801895126;11.821024;0.900376;W40_NSS2_MCS2:bytes=59126,ppdus=1,airtime_us=5444|W80_NSS2_MCS1:bytes=1418502,ppdus=25,airtime_us=94180;551.25;0.9847657563108466;513.4571787659345;34.317424;0.933164;W80_NSS1_MCS9:bytes=65350,ppdus=1,airtime_us=1340|W80_NSS2_MCS6:bytes=4224328,ppdus=66,airtime_us=65496;367.5;0.9830064491438567;348.32017043293007;18.311888;0.947428;W20_NSS2_MCS11:bytes=38898,ppdus=1,airtime_us=1332|W80_NSS2_MCS4:bytes=2250088,ppdus=38,airtime_us=51240;735.0;1.0;666.6741293532339;17.152192;0.974272;W80_NSS2_MCS8:bytes=2144024,ppdus=40,airtime_us=25728;816.666668;1.0;738.8646131805158;33.00656;0.955328;W80_NSS2_MCS9:bytes=4125820,ppdus=64,airtime_us=44672;367.5;1.0;345.89820598006645;10.411536;0.9699;W80_NSS2_MCS4:bytes=1301442,ppdus=29,airtime_us=30100;;;;;;;;;;;;;;;;;;;;;;;;;;;;;;;;;;;;;;;;;;;;;;;;;;;;;;;;;;;;;;;;;;;;;;;;;;;;;;;;;;;;;;;;;;;;;;;;;;;;;;;;;;;;;;;;;;;;;;;;
45;1;10;medium;-50.0;isolated;ul_dl;su;2;616.0625004;525.2797232025475;174.9319945374144;0.47441924411503267;1020.833334;1.0;882.2281368821293;11.137248;0.987376;W80_NSS2_MCS11:bytes=1392156,ppdus=28,airtime_us=12624;816.666668;0.9808711178760647;726.8723404255319;27.3304;0.9624;W40_NSS2_MCS10:bytes=65350,ppdus=1,airtime_us=1252|W80_NSS2_MCS9:bytes=3350950,ppdus=55,airtime_us=36348;612.5;0.9753724284255313;565.7243364246882;21.22824;0.962476;W40_NSS2_MCS10:bytes=65350,ppdus=1,airtime_us=1252|W80_NSS2_MCS7:bytes=2588180,ppdus=40,airtime_us=36272;918.75;1.0;830.0762527233115;12.19216;0.985312;W80_NSS2_MCS10:bytes=1524020,ppdus=24,airtime_us=14688;367.5;1.0;132.0;0.0132;0.9999;W80_NSS2_MCS4:bytes=1650,ppdus=1,airtime_us=100;816.666668;0.9725016473764425;641.3455673998111;19.012048;0.970356;W20_NSS2_MCS5:bytes=65350,ppdus=1,airtime_us=4532|W80_NSS2_MCS9:bytes=2311156,ppdus=38,airtime_us=25112;122.5;0.9861518999855587;120.22325575494727;36.010138537414406;0.700472772;W80_NSS1_MCS2:bytes=62334,ppdus=1,airtime_us=5484|W80_NSS2_MCS1:bytes=4438933.3171768,ppdus=71,airtime_us=294043.228;1020.833334;1.0;903.0909090909091;21.45744;0.97624;W80_NSS2_MCS11:bytes=2682180,ppdus=44,airtime_us=23760;245.0;1.0;236.40809146877749;5.37592;0.97726;W80_NSS2_MCS3:bytes=671990,ppdus=13,airtime_us=22740;219.375;1.0;214.82834185536888;21.1752;0.901432;W40_NSS1_MCS10:bytes=2646900,ppdus=42,airtime_us=98568;;;;;;;;;;;;;;;;;;;;;;;;;;;;;;;;;;;;;;;;;;;;;;;;;;;;;;;;;;;;;;;;;;;;;;;;;;;;;;;;;;;;;;;;;;;;;;;;;;;;;;;;;;;;;;;;;;;;;;;;
46;1;10;medium;-50.0;ap_only_cochannel;ul;su;0;333.13333339999997;267.7381683923742;110.07620602877793;0.2663718677185969;175.5;0.809734776959449;161.45152502365002;8.243230028777925;0.948943003;W40_NSS1_MCS6:bytes=196050,ppdus=3,airtime_us=12084|W40_NSS2_MCS4:bytes=834353.75359724,ppdus=14,airtime_us=38972.997;408.333334;1.0;382.97250589159466;5.850288;0.984724;W80_NSS1_MCS9:bytes=731286,ppdus=17,airtime_us=15276;275.625;0.39212313503055596;183.1700851685733;14.538576;0.920628;W20_NSS2_MCS6:bytes=191378,ppdus=5,airtime_us=11940|W40_NSS1_MCS6:bytes=373422,ppdus=9,airtime_us=23164|W40_NSS1_MCS9:bytes=539908,ppdus=12,airtime_us=22736|W80_NSS1_MCS6:bytes=712614,ppdus=17,airtime_us=21532;292.5;0.8296634675893275;265.04475697014556;21.484528;0.91894;W20_NSS2_MCS7:bytes=196050,ppdus=3,airtime_us=10908|W40_NSS2_MCS7:bytes=2228116,ppdus=38,airtime_us=63128|W80_NSS1_MCS7:bytes=261400,ppdus=4,airtime_us=7024;367.5;0.907639610537131;314.01357726383617;10.916368;0.965236;W20_NSS1_MCS4:bytes=3110,ppdus=1,airtime_us=620|W80_NSS1_MCS4:bytes=122920,ppdus=2,airtime_us=5448|W80_NSS2_MCS4:bytes=1238516,ppdus=30,airtime_us=28696;275.625;0.9626334417830739;265.84935775632744;13.99112;0.947372;W40_NSS1_MCS10:bytes=65350,ppdus=1,airtime_us=2428|W80_NSS1_MCS6:bytes=1683540,ppdus=26,airtime_us=50200;219.375;0.9024411655891593;201.80069598228408;2.551568;0.987356;W20_NSS2_MCS10:bytes=287830,ppdus=15,airtime_us=11404|W40_NSS1_MCS10:bytes=31116,ppdus=2,airtime_us=1240;122.5;0.8707620928215956;114.66738719265064;13.580288;0.881568;W20_NSS2_MCS3:bytes=38898,ppdus=1,airtime_us=5380|W40_NSS2_MCS3:bytes=140034,ppdus=3,airtime_us=9756|W80_NSS1_MCS1:bytes=40454,ppdus=1,airtime_us=5340|W80_NSS2_MCS1:bytes=1478150,ppdus=25,airtime_us=97956;275.625;0.96;257.3442545483185;13.07;0.949212;W20_NSS2_MCS6:bytes=65350,ppdus=1,airtime_us=4036|W80_NSS1_MCS6:bytes=1568400,ppdus=24,airtime_us=46752;918.75;0.9425527841592823;531.0675381263617;5.85024;0.988984;W40_NSS1_MCS4:bytes=42010,ppdus=1,airtime_us=3884|W80_NSS2_MCS10:bytes=689270,ppdus=19,airtime_us=7132;;;;;;;;;;;;;;;;;;;;;;;;;;;;;;;;;;;;;;;;;;;;;;;;;;;;;;;;;;;;;;;;;;;;;;;;;;;;;;;;;;;;;;;;;;;;;;;;;;;;;;;;;;;;;;;;;;;;;;;;
46;1;10;medium;-50.0;ap_only_cochannel;ul;su;1;435.5375002;375.4909867991572;137.23671571673145;0.23164532946562;131.625;0.9289357930939667;124.97668576101937;8.582661040690763;0.931325903;W20_NSS2_MCS1:bytes=18670,ppdus=1,airtime_us=5172|W40_NSS1_MCS6:bytes=996592.630086345,ppdus=20,airtime_us=61690.097|W40_NSS2_MCS6:bytes=57570,ppdus=1,airtime_us=1812;816.666668;0.9950153226737104;653.310994764398;4.991296;0.99236;W40_NSS2_MCS2:bytes=3110,ppdus=1,airtime_us=340|W80_NSS2_MCS9:bytes=620802,ppdus=21,airtime_us=7300;551.25;1.0;512.8564135290363;12.858336;0.974928;W80_NSS2_MCS6:bytes=1607292,ppdus=28,airtime_us=25072;918.75;0.9606556863821715;754.2181859461914;26.575632;0.964764;W20_NSS2_MCS11:bytes=130700,ppdus=2,airtime_us=4424|W80_NSS2_MCS10:bytes=3191254,ppdus=51,airtime_us=30812;122.5;0.9182915090769276;117.33813187175448;24.069958676040702;0.794866696;W40_NSS2_MCS2:bytes=59126,ppdus=1,airtime_us=5444|W80_NSS1_MCS2:bytes=186714,ppdus=3,airtime_us=16404|W80_NSS2_MCS1:bytes=2762904.83450509,ppdus=50,airtime_us=183285.304;551.25;0.911702473591811;417.630772124518;17.762672;0.957468;W20_NSS1_MCS9:bytes=65350,ppdus=1,airtime_us=5420|W40_NSS1_MCS9:bytes=130700,ppdus=2,airtime_us=5464|W80_NSS2_MCS6:bytes=2024284,ppdus=36,airtime_us=31648;243.75;0.47565413400907536;219.57460574201374;8.688128;0.960432;W20_NSS2_MCS4:bytes=4664,ppdus=2,airtime_us=536|W20_NSS2_MCS11:bytes=516568,ppdus=12,airtime_us=17728|W40_NSS1_MCS4:bytes=112016,ppdus=8,airtime_us=10608|W80_NSS2_MCS4:bytes=452768,ppdus=14,airtime_us=10696;243.75;0.9086953848905183;251.75378121702428;5.725888;0.977256;W40_NSS1_MCS11:bytes=650386,ppdus=11,airtime_us=21972|W80_NSS2_MCS8:bytes=65350,ppdus=1,airtime_us=772;408.333334;1.0;390.14925373134326;10.456;0.9732;W80_NSS1_MCS9:bytes=1307000,ppdus=20,airtime_us=26800;367.5;0.9609378994033143;313.1010433042733;17.526144;0.944024;W40_NSS1_MCS2:bytes=29562,ppdus=1,airtime_us=5436|W40_NSS2_MCS4:bytes=56014,ppdus=1,airtime_us=2612|W80_NSS2_MCS4:bytes=2105192,ppdus=38,airtime_us=47928;;;;;;;;;;;;;;;;;;;;;;;;;;;;;;;;;;;;;;;;;;;;;;;;;;;;;;;;;;;;;;;;;;;;;;;;;;;;;;;;;;;;;;;;;;;;;;;;;;;;;;;;;;;;;;;;;;;;;;;;
46;1;10;medium;-50.0;ap_only_cochannel;ul;su;2;431.7708335;357.25073301407275;143.72631735793357;0.28591030118911664;510.416667;0.9040622459821104;372.0562613740774;10.89873335793358;0.97070676;W20_NSS1_MCS11:bytes=130700,ppdus=2,airtime_us=8696|W80_NSS1_MCS11:bytes=1231641.6697417,ppdus=23,airtime_us=20597.24;390.0;1.0;363.3096446700508;6.012048;0.983452;W40_NSS2_MCS9:bytes=751506,ppdus=21,airtime_us=16548;612.5;0.8424089294363118;509.27362250879247;8.688208;0.98294;W40_NSS1_MCS10:bytes=9334,ppdus=1,airtime_us=396|W40_NSS2_MCS10:bytes=161814,ppdus=5,airtime_us=3252|W80_NSS2_MCS7:bytes=914878,ppdus=25,airtime_us=13412;459.375;0.9629300623296825;429.4479902557856;14.103072;0.96716;W40_NSS2_MCS8:bytes=65350,ppdus=1,airtime_us=1556|W80_NSS1_MCS10:bytes=1697534,ppdus=31,airtime_us=31284;367.5;0.9397389209948678;310.10078714598717;15.285488;0.950708;W20_NSS2_MCS5:bytes=65350,ppdus=1,airtime_us=4532|W40_NSS1_MCS5:bytes=49790,ppdus=1,airtime_us=3452|W80_NSS2_MCS4:bytes=1795546,ppdus=39,airtime_us=41308;816.666668;0.875;504.6332046332046;12.5472;0.975136;W20_NSS2_MCS9:bytes=65350,ppdus=1,airtime_us=2740|W40_NSS1_MCS5:bytes=65350,ppdus=1,airtime_us=4524|W40_NSS1_MCS9:bytes=65350,ppdus=1,airtime_us=2732|W80_NSS2_MCS9:bytes=1372350,ppdus=21,airtime_us=14868;183.75;0.992523931827228;173.46591185357553;19.978416;0.884828;W20_NSS1_MCS3:bytes=18670,ppdus=1,airtime_us=5164|W80_NSS2_MCS2:bytes=2478632,ppdus=38,airtime_us=110008;487.5;0.9751918220705091;447.9952380952381;21.073696;0.95296;W40_NSS2_MCS7:bytes=65350,ppdus=1,airtime_us=1844|W40_NSS2_MCS11:bytes=2568862,ppdus=47,airtime_us=45196;245.0;0.5692899148981722;226.87486955696804;19.131904;0.915672;W20_NSS2_MCS10:bytes=65350,ppdus=1,airtime_us=2436|W40_NSS1_MCS10:bytes=964688,ppdus=16,airtime_us=35904|W80_NSS2_MCS3:bytes=1361450,ppdus=25,airtime_us=45988;245.0;0.9370137295196668;235.34980004704775;16.007552;0.931984;W20_NSS2_MCS10:bytes=126032,ppdus=2,airtime_us=4712|W80_NSS2_MCS3:bytes=1874912,ppdus=34,airtime_us=63304;;;;;;;;;;;;;;;;;;;;;;;;;;;;;;;;;;;;;;;;;;;;;;;;;;;;;;;;;;;;;;;;;;;;;;;;;;;;;;;;;;;;;;;;;;;;;;;;;;;;;;;;;;;;;;;;;;;;;;;;
47;1;10;medium;-50.0;ap_only_cochannel;dl;su;0;278.4291668;60.80562258514456;1.705968;0.7671735739035375;175.5;1.0;41.8;0.026752;0.99936;W40_NSS2_MCS4:bytes=3344,ppdus=8,airtime_us=640;816.666668;1.0;11.058823529411764;0.000752;0.999932;W80_NSS2_MCS9:bytes=94,ppdus=1,airtime_us=68;131.625;1.0;42.73684210526316;0.012992;0.999696;W40_NSS1_MCS6:bytes=1624,ppdus=4,airtime_us=304;30.625;0.8477555336761113;28.573065902578797;0.877536;0.969288;W20_NSS1_MCS7:bytes=8446,ppdus=1,airtime_us=972|W40_NSS1_MCS0:bytes=8254,ppdus=1,airtime_us=4572|W80_NSS1_MCS0:bytes=92992,ppdus=16,airtime_us=25168;175.5;0.8836899206012485;94.95827338129496;0.263984;0.99722;W20_NSS1_MCS4:bytes=3838,ppdus=1,airtime_us=748|W40_NSS2_MCS4:bytes=29160,ppdus=12,airtime_us=2032;551.25;1.0;165.68707482993196;0.097424;0.999412;W80_NSS2_MCS6:bytes=12178,ppdus=7,airtime_us=588;219.375;1.0;11.058823529411764;0.001504;0.999864;W20_NSS2_MCS10:bytes=188,ppdus=2,airtime_us=136;122.5;1.0;11.058823529411764;0.001504;0.999864;W80_NSS2_MCS1:bytes=188,ppdus=2,airtime_us=136;122.5;0.8643898652769307;88.30844553243574;0.288592;0.996732;W20_NSS1_MCS6:bytes=4798,ppdus=1,airtime_us=636|W20_NSS2_MCS1:bytes=94,ppdus=1,airtime_us=84|W80_NSS2_MCS1:bytes=31182,ppdus=9,airtime_us=2548;438.75;1.0;112.81605351170569;0.134928;0.998804;W40_NSS2_MCS10:bytes=16866,ppdus=15,airtime_us=1196;;;;;;;;;;;;;;;;;;;;;;;;;;;;;;;;;;;;;;;;;;;;;;;;;;;;;;;;;;;;;;;;;;;;;;;;;;;;;;;;;;;;;;;;;;;;;;;;;;;;;;;;;;;;;;;;;;;;;;;;
47;1;10;medium;-50.0;ap_only_cochannel;dl;su;1;345.1791668;68.60552729157257;0.940032;0.8648257519458677;29.25;0.8334547978483429;24.44538706256628;0.46104;0.98114;W20_NSS1_MCS1:bytes=9598,ppdus=1,airtime_us=5308|W40_NSS1_MCS1:bytes=48032,ppdus=8,airtime_us=13552;195.0;0.585030549898167;91.34883720930233;0.031424;0.999656;W40_NSS1_MCS9:bytes=2298,ppdus=3,airtime_us=244|W40_NSS2_MCS9:bytes=1630,ppdus=1,airtime_us=100;263.25;1.0;48.705882352941174;0.019872;0.999592;W40_NSS2_MCS6:bytes=2484,ppdus=6,airtime_us=408;918.75;1.0;188.0;0.114304;0.999392;W80_NSS2_MCS10:bytes=14288,ppdus=8,airtime_us=608;29.25;1.0;25.060070671378092;0.113472;0.995472;W40_NSS1_MCS1:bytes=14184,ppdus=12,airtime_us=4528;551.25;1.0;11.058823529411764;0.003008;0.999728;W80_NSS2_MCS6:bytes=376,ppdus=4,airtime_us=272;121.875;0.7085689430187038;72.40944881889764;0.036784;0.999492;W20_NSS1_MCS11:bytes=3258,ppdus=3,airtime_us=356|W80_NSS1_MCS4:bytes=1340,ppdus=2,airtime_us=152;351.0;0.8420473307649973;60.06611570247934;0.029072;0.999516;W40_NSS1_MCS8:bytes=574,ppdus=1,airtime_us=76|W40_NSS2_MCS8:bytes=3060,ppdus=6,airtime_us=408;816.666668;0.7407789527985555;81.19371727748691;0.062032;0.999236;W20_NSS2_MCS9:bytes=670,ppdus=1,airtime_us=84|W40_NSS2_MCS9:bytes=1340,ppdus=2,airtime_us=136|W80_NSS2_MCS9:bytes=5744,ppdus=8,airtime_us=544;175.5;0.811080203987019;83.76699029126213;0.069024;0.999176;W20_NSS2_MCS4:bytes=1630,ppdus=1,airtime_us=212|W40_NSS2_MCS4:bytes=6998,ppdus=5,airtime_us=612;;;;;;;;;;;;;;;;;;;;;;;;;;;;;;;;;;;;;;;;;;;;;;;;;;;;;;;;;;;;;;;;;;;;;;;;;;;;;;;;;;;;;;;;;;;;;;;;;;;;;;;;;;;;;;;;;;;;;;;;
47;1;10;medium;-50.0;ap_only_cochannel;dl;su;2;286.725;81.38205374125076;1.2829439999999999;0.3965501670730607;243.75;1.0;34.9873417721519;0.022112;0.999368;W40_NSS1_MCS11:bytes=2764,ppdus=10,airtime_us=632;390.0;1.0;170.86338797814207;0.125072;0.999268;W40_NSS2_MCS9:bytes=15634,ppdus=7,airtime_us=732;612.5;1.0;26.870588235294118;0.018272;0.99932;W80_NSS2_MCS7:bytes=2284,ppdus=10,airtime_us=680;438.75;0.9782104775150672;132.73846153846154;0.034512;0.99974;W20_NSS1_MCS10:bytes=94,ppdus=1,airtime_us=60|W40_NSS2_MCS10:bytes=4220,ppdus=2,airtime_us=200;58.5;0.8364344861178763;54.24042272126816;0.16424;0.996972;W20_NSS1_MCS5:bytes=17172,ppdus=6,airtime_us=2664|W40_NSS1_MCS4:bytes=3358,ppdus=1,airtime_us=364;390.0;0.8144164543824889;155.2967032967033;0.169584;0.998908;W20_NSS2_MCS9:bytes=3934,ppdus=1,airtime_us=228|W40_NSS2_MCS9:bytes=17264,ppdus=8,airtime_us=864;122.5;1.0;65.125;0.066688;0.998976;W80_NSS2_MCS1:bytes=8336,ppdus=8,airtime_us=1024;243.75;1.0;49.02654867256637;0.02216;0.999548;W40_NSS1_MCS11:bytes=2770,ppdus=7,airtime_us=452;122.5;1.0;113.61325966850829;0.658048;0.994208;W80_NSS1_MCS3:bytes=82256,ppdus=8,airtime_us=5792;245.0;0.6666666666666666;11.058823529411764;0.002256;0.999796;W40_NSS2_MCS3:bytes=94,ppdus=1,airtime_us=68|W80_NSS2_MCS3:bytes=188,ppdus=2,airtime_us=136;;;;;;;;;;;;;;;;;;;;;;;;;;;;;;;;;;;;;;;;;;;;;;;;;;;;;;;;;;;;;;;;;;;;;;;;;;;;;;;;;;;;;;;;;;;;;;;;;;;;;;;;;;;;;;;;;;;;;;;;
48;1;10;medium;-50.0;ap_only_cochannel;ul_dl;su;0;251.3;154.73602801084854;7.525792;0.8618765110312439;175.5;1.0;49.36363636363637;0.034752;0.999296;W40_NSS2_MCS4:bytes=4344,ppdus=8,airtime_us=704;390.0;0.7062760903987333;308.75555555555553;0.222304;0.99928;W40_NSS2_MCS9:bytes=19626,ppdus=3,airtime_us=588|W80_NSS2_MCS9:bytes=8162,ppdus=1,airtime_us=132;275.625;0.3424261100243844;148.53333333333333;0.597104;0.99598;W20_NSS1_MCS6:bytes=12790,ppdus=1,airtime_us=1612|W40_NSS1_MCS6:bytes=15380,ppdus=2,airtime_us=1032|W80_NSS1_MCS6:bytes=25558,ppdus=3,airtime_us=900|W80_NSS2_MCS6:bytes=20910,ppdus=3,airtime_us=476;146.25;0.505821798011094;48.405902273826804;3.20176;0.933856;W20_NSS2_MCS7:bytes=202440,ppdus=4,airtime_us=11312|W40_NSS2_MCS0:bytes=197780,ppdus=12,airtime_us=54832;183.75;1.0;152.78807947019868;0.738272;0.995168;W80_NSS1_MCS4:bytes=92284,ppdus=16,airtime_us=4832;219.375;1.0;196.83679899180845;1.24952;0.993652;W20_NSS2_MCS10:bytes=156190,ppdus=11,airtime_us=6348;438.75;0.6502025004402183;237.86387434554973;0.363456;0.998472;W20_NSS2_MCS10:bytes=13118,ppdus=1,airtime_us=532|W40_NSS1_MCS10:bytes=2774,ppdus=5,airtime_us=348|W40_NSS2_MCS10:bytes=29540,ppdus=2,airtime_us=648;122.5;1.0;101.05179282868527;0.202912;0.997992;W80_NSS2_MCS1:bytes=25364,ppdus=6,airtime_us=2008;122.5;0.9272293523689759;85.96820349761526;0.865184;0.989936;W20_NSS1_MCS1:bytes=3110,ppdus=1,airtime_us=1756|W40_NSS2_MCS1:bytes=3110,ppdus=1,airtime_us=484|W80_NSS1_MCS1:bytes=1650,ppdus=1,airtime_us=268|W80_NSS2_MCS1:bytes=100278,ppdus=17,airtime_us=7556;438.75;1.0;217.79310344827587;0.050528;0.999768;W40_NSS2_MCS10:bytes=6316,ppdus=2,airtime_us=232;;;;;;;;;;;;;;;;;;;;;;;;;;;;;;;;;;;;;;;;;;;;;;;;;;;;;;;;;;;;;;;;;;;;;;;;;;;;;;;;;;;;;;;;;;;;;;;;;;;;;;;;;;;;;;;;;;;;;;;;
48;1;10;medium;-50.0;ap_only_cochannel;ul_dl;su;1;359.65;232.07826783967332;9.908784;0.8812842257286425;122.5;1.0;106.78947368421052;0.389568;0.996352;W80_NSS2_MCS1:bytes=48696,ppdus=8,airtime_us=3648;390.0;1.0;187.60591133004925;0.152336;0.999188;W40_NSS2_MCS9:bytes=19042,ppdus=7,airtime_us=812;551.25;1.0;387.04247104247105;1.603904;0.995856;W80_NSS2_MCS6:bytes=200488,ppdus=20,airtime_us=4144;918.75;0.8691568849018748;570.5657894736842;2.775232;0.995136;W40_NSS1_MCS10:bytes=45390,ppdus=1,airtime_us=1708|W80_NSS2_MCS10:bytes=301514,ppdus=9,airtime_us=3156;58.5;0.8674669790880932;49.34389229855474;0.996944;0.979796;W40_NSS1_MCS1:bytes=16516,ppdus=2,airtime_us=4616|W40_NSS2_MCS1:bytes=108102,ppdus=13,airtime_us=15588;551.25;0.798730124076702;367.6655518394649;0.879456;0.997608;W80_NSS1_MCS6:bytes=22126,ppdus=1,airtime_us=700|W80_NSS2_MCS6:bytes=87806,ppdus=7,airtime_us=1692;87.75;0.5418632075471698;50.62686567164179;0.027136;0.999464;W20_NSS2_MCS4:bytes=1838,ppdus=3,airtime_us=348|W40_NSS1_MCS4:bytes=1554,ppdus=1,airtime_us=188;351.0;0.5713341743257043;173.40625;0.532704;0.996928;W20_NSS1_MCS8:bytes=188,ppdus=2,airtime_us=120|W20_NSS1_MCS11:bytes=15590,ppdus=1,airtime_us=1068|W20_NSS2_MCS8:bytes=12766,ppdus=1,airtime_us=644|W40_NSS2_MCS8:bytes=38044,ppdus=6,airtime_us=1240;390.0;1.0;311.61204013377926;1.118064;0.996412;W40_NSS2_MCS9:bytes=139758,ppdus=13,airtime_us=3588;175.5;0.5875655765152361;116.12443292287752;1.43344;0.987656;W20_NSS2_MCS4:bytes=73900,ppdus=8,airtime_us=7200|W40_NSS2_MCS4:bytes=105280,ppdus=6,airtime_us=5144;;;;;;;;;;;;;;;;;;;;;;;;;;;;;;;;;;;;;;;;;;;;;;;;;;;;;;;;;;;;;;;;;;;;;;;;;;;;;;;;;;;;;;;;;;;;;;;;;;;;;;;;;;;;;;;;;;;;;;;;
48;1;10;medium;-50.0;ap_only_cochannel;ul_dl;su;2;378.0520835;208.6909344793467;9.359712;0.8812952487012083;487.5;0.760478808437634;257.97485331098073;1.231056;0.995228;W20_NSS1_MCS11:bytes=36858,ppdus=1,airtime_us=2476|W40_NSS2_MCS11:bytes=117024,ppdus=6,airtime_us=2296;390.0;1.0;262.1766784452297;0.296784;0.998868;W40_NSS2_MCS9:bytes=37098,ppdus=7,airtime_us=1132;292.5;1.0;259.20260021668474;1.913952;0.992616;W40_NSS2_MCS7:bytes=239244,ppdus=14,airtime_us=7384;438.75;1.0;335.2126537785589;1.525888;0.995448;W40_NSS2_MCS10:bytes=190736,ppdus=18,airtime_us=4552;367.5;1.0;218.45945945945945;0.258656;0.998816;W80_NSS2_MCS4:bytes=32332,ppdus=8,airtime_us=1184;816.666668;0.8523093447905478;242.8695652173913;0.089376;0.999632;W40_NSS2_MCS9:bytes=1650,ppdus=1,airtime_us=100|W80_NSS2_MCS9:bytes=9522,ppdus=3,airtime_us=268;122.5;0.8628592680403984;81.30687455705174;1.376688;0.983068;W40_NSS1_MCS1:bytes=23600,ppdus=2,airtime_us=6568|W80_NSS2_MCS1:bytes=148486,ppdus=11,airtime_us=10364;510.416667;0.7416109592649917;274.81447963800906;0.971744;0.996464;W20_NSS1_MCS11:bytes=6450,ppdus=1,airtime_us=476|W20_NSS2_MCS11:bytes=12036,ppdus=2,airtime_us=520|W40_NSS2_MCS11:bytes=12900,ppdus=2,airtime_us=328|W80_NSS1_MCS11:bytes=90082,ppdus=15,airtime_us=2212;245.0;0.5;64.70588235294117;0.0264;0.999592;W20_NSS2_MCS3:bytes=1650,ppdus=1,airtime_us=292|W80_NSS2_MCS3:bytes=1650,ppdus=1,airtime_us=116;109.6875;0.6909118794513195;90.18629781716015;1.669168;0.981492;W20_NSS1_MCS3:bytes=6222,ppdus=1,airtime_us=1756|W20_NSS1_MCS10:bytes=144156,ppdus=10,airtime_us=11080|W40_NSS1_MCS3:bytes=21202,ppdus=1,airtime_us=2956|W40_NSS2_MCS3:bytes=37066,ppdus=3,airtime_us=2716;;;;;;;;;;;;;;;;;;;;;;;;;;;;;;;;;;;;;;;;;;;;;;;;;;;;;;;;;;;;;;;;;;;;;;;;;;;;;;;;;;;;;;;;;;;;;;;;;;;;;;;;;;;;;;;;;;;;;;;;
49;1;10;low;-60.0;isolated;ul;su;0;359.29629644444447;289.01316526983766;184.61449157480905;0.5683051118979217;367.5;0.9802135621480484;351.0685829116664;26.42213843197832;0.924737958;W40_NSS2_MCS6:bytes=65350,ppdus=1,airtime_us=2052|W80_NSS2_MCS4:bytes=3237417.30399729,ppdus=51,airtime_us=73210.042;816.666668;0.9857891098713363;665.69792;33.284896;0.95;W40_NSS1_MCS4:bytes=59126,ppdus=1,airtime_us=5436|W80_NSS2_MCS9:bytes=4101486,ppdus=65,airtime_us=44564;;;;0.0;;;306.25;1.0;291.36259284267385;5.178096;0.982228;W80_NSS1_MCS7:bytes=647262,ppdus=17,airtime_us=17772;367.5;0.9981155458974925;342.9577874818049;6.597136;0.980764;W20_NSS1_MCS6:bytes=1554,ppdus=1,airtime_us=236|W80_NSS2_MCS4:bytes=823088,ppdus=18,airtime_us=19000;551.25;1.0;148.0;0.012432;0.999916;W80_NSS2_MCS6:bytes=1554,ppdus=1,airtime_us=84;219.375;1.0;214.15527426160338;20.30192;0.9052;W40_NSS1_MCS10:bytes=2537740,ppdus=48,airtime_us=94800;122.5;1.0;120.8921037340281;39.342945142830715;0.674561498;W80_NSS2_MCS1:bytes=4917868.14285384,ppdus=75,airtime_us=325438.502;263.25;0.7388058906099618;258.1125171939477;30.023648;0.88368;W40_NSS2_MCS6:bytes=2772706,ppdus=43,airtime_us=87100|W80_NSS1_MCS6:bytes=980250,ppdus=15,airtime_us=29220;219.375;0.9798301841093535;208.8717090028145;23.45128;0.887724;W40_NSS1_MCS4:bytes=59126,ppdus=1,airtime_us=5436|W40_NSS1_MCS10:bytes=2872284,ppdus=46,airtime_us=106840;;;;;;;;;;;;;;;;;;;;;;;;;;;;;;;;;;;;;;;;;;;;;;;;;;;;;;;;;;;;;;;;;;;;;;;;;;;;;;;;;;;;;;;;;;;;;;;;;;;;;;;;;;;;;;;;;;;;;;;;
49;1;10;low;-60.0;isolated;ul;su;1;512.1064817777777;444.8172424304238;270.3435272452414;0.37094886184309683;;;;0.0;;;816.666668;0.9871274031343944;672.3021077283372;36.745344;0.945344;W40_NSS2_MCS2:bytes=59126,ppdus=1,airtime_us=5444|W80_NSS2_MCS9:bytes=4534042,ppdus=71,airtime_us=49212;551.25;0.9927065898755764;477.18954556157286;32.425984;0.932048;W40_NSS1_MCS2:bytes=29562,ppdus=1,airtime_us=5436|W80_NSS2_MCS6:bytes=4023686,ppdus=65,airtime_us=62516;219.375;0.9638730793235653;206.89930822444273;8.613632;0.958368;W20_NSS1_MCS11:bytes=38898,ppdus=1,airtime_us=2604|W40_NSS1_MCS10:bytes=1037806,ppdus=23,airtime_us=39028;183.75;0.996040620145853;176.57484247384014;37.72307924524138;0.786362096;W20_NSS1_MCS3:bytes=18670,ppdus=1,airtime_us=5164|W80_NSS2_MCS2:bytes=4696714.90565517,ppdus=72,airtime_us=208473.904;551.25;1.0;507.08196721311475;12.3728;0.9756;W80_NSS2_MCS6:bytes=1546600,ppdus=32,airtime_us=24400;367.5;0.9815140645862093;357.73325237806114;28.28096;0.920944;W80_NSS2_MCS4:bytes=3469770,ppdus=55,airtime_us=78476|W80_NSS2_MCS11:bytes=65350,ppdus=1,airtime_us=580;735.0;1.0;535.472602739726;2.501728;0.995328;W80_NSS2_MCS8:bytes=312716,ppdus=20,airtime_us=4672;816.666668;0.9906542056074766;733.6918314883794;55.9396;0.923756;W80_NSS1_MCS10:bytes=65350,ppdus=1,airtime_us=1196|W80_NSS2_MCS9:bytes=6927100,ppdus=106,airtime_us=75048;367.5;0.9825815387044227;336.40972406633995;55.7404;0.834308;W40_NSS2_MCS2:bytes=59126,ppdus=1,airtime_us=5444|W80_NSS1_MCS2:bytes=62238,ppdus=1,airtime_us=5468|W80_NSS2_MCS4:bytes=6846186,ppdus=107,airtime_us=154780;;;;;;;;;;;;;;;;;;;;;;;;;;;;;;;;;;;;;;;;;;;;;;;;;;;;;;;;;;;;;;;;;;;;;;;;;;;;;;;;;;;;;;;;;;;;;;;;;;;;;;;;;;;;;;;;;;;;;;;;
49;1;10;low;-60.0;isolated;ul;su;2;335.0625002;315.99551648181244;193.74386781139071;0.5413734995352268;243.75;1.0;237.03684036095538;17.501289182395645;0.926166375;W40_NSS1_MCS11:bytes=2187661.14779946,ppdus=34,airtime_us=73833.625;816.666668;1.0;715.6485788113695;8.862592;0.987616;W80_NSS2_MCS9:bytes=1107824,ppdus=24,airtime_us=12384;612.5;0.9850213963680038;568.0476531475815;34.90312;0.938556;W80_NSS1_MCS10:bytes=65350,ppdus=1,airtime_us=1196|W80_NSS2_MCS7:bytes=4297540,ppdus=66,airtime_us=60248;219.375;1.0;215.130921106741;38.57225862899506;0.820703326;W40_NSS1_MCS10:bytes=4821532.32862438,ppdus=77,airtime_us=179296.674;183.75;0.9321816034309176;185.7100230140465;9.360528;0.949596;W80_NSS1_MCS4:bytes=1090714,ppdus=21,airtime_us=48556|W80_NSS2_MCS4:bytes=79352,ppdus=2,airtime_us=1848;408.333334;0.9298236217720135;393.40060992514555;5.675984;0.985572;W80_NSS1_MCS9:bytes=659708,ppdus=18,airtime_us=13880|W80_NSS2_MCS9:bytes=49790,ppdus=1,airtime_us=548;183.75;0.9661016949152542;177.32425782417735;30.8452;0.826052;W80_NSS2_MCS1:bytes=130700,ppdus=2,airtime_us=8648|W80_NSS2_MCS2:bytes=3724950,ppdus=57,airtime_us=165300;243.75;1.0;237.20508166969148;11.5016;0.951512;W40_NSS1_MCS11:bytes=1437700,ppdus=22,airtime_us=48488;219.375;1.0;215.12994689910832;17.177696;0.920152;W40_NSS1_MCS10:bytes=2147212,ppdus=34,airtime_us=79848;219.375;1.0;215.32125205930808;19.3436;0.910164;W40_NSS1_MCS10:bytes=2417950,ppdus=37,airtime_us=89836;;;;;;;;;;;;;;;;;;;;;;;;;;;;;;;;;;;;;;;;;;;;;;;;;;;;;;;;;;;;;;;;;;;;;;;;;;;;;;;;;;;;;;;;;;;;;;;;;;;;;;;;;;;;;;;;;;;;;;;;
50;1;10;low;-60.0;isolated;dl;su;0;416.3916668;138.61975478292044;4.23096;0.6977291536164824;367.5;1.0;155.37841726618706;0.431952;0.99722;W80_NSS2_MCS4:bytes=53994,ppdus=27,airtime_us=2780;816.666668;0.9558474666288992;184.2936378466558;0.451888;0.997548;W40_NSS2_MCS4:bytes=2494,ppdus=1,airtime_us=180|W80_NSS2_MCS9:bytes=53992,ppdus=28,airtime_us=2272;551.25;1.0;182.78362573099415;0.500096;0.997264;W80_NSS2_MCS6:bytes=62512,ppdus=32,airtime_us=2736;306.25;0.7484582726455732;161.54693366708386;0.516304;0.996804;W80_NSS1_MCS7:bytes=48304,ppdus=24,airtime_us=2560|W80_NSS2_MCS7:bytes=16234,ppdus=7,airtime_us=636;367.5;0.967316474677936;154.0262467191601;0.469472;0.996952;W40_NSS2_MCS6:bytes=1918,ppdus=1,airtime_us=116|W80_NSS2_MCS4:bytes=56766,ppdus=29,airtime_us=2932;459.375;0.996909262452419;121.85133795837463;0.491792;0.995964;W20_NSS1_MCS11:bytes=190,ppdus=1,airtime_us=60|W80_NSS1_MCS10:bytes=61284,ppdus=54,airtime_us=3976;551.25;1.0;180.8476821192053;0.436928;0.997584;W80_NSS2_MCS6:bytes=54616,ppdus=28,airtime_us=2416;245.0;0.9534158149542765;109.03225806451613;0.44616;0.995908;W20_NSS2_MCS4:bytes=2598,ppdus=1,airtime_us=292|W80_NSS2_MCS3:bytes=53172,ppdus=34,airtime_us=3800;131.625;0.6492447441764443;102.42466960352422;0.465008;0.99546;W40_NSS1_MCS6:bytes=37738,ppdus=19,airtime_us=3316|W40_NSS2_MCS6:bytes=20388,ppdus=10,airtime_us=1224;367.5;1.0;34.01273885350319;0.02136;0.999372;W80_NSS2_MCS4:bytes=2670,ppdus=9,airtime_us=628;;;;;;;;;;;;;;;;;;;;;;;;;;;;;;;;;;;;;;;;;;;;;;;;;;;;;;;;;;;;;;;;;;;;;;;;;;;;;;;;;;;;;;;;;;;;;;;;;;;;;;;;;;;;;;;;;;;;;;;;
50;1;10;low;-60.0;isolated;dl;su;1;491.93333359999997;132.68748684664578;3.878784;0.72027074741703;131.625;0.9434302769487055;89.90327613104525;0.461024;0.994872;W20_NSS2_MCS6:bytes=3260,ppdus=2,airtime_us=312|W40_NSS1_MCS6:bytes=54368,ppdus=28,airtime_us=4816;816.666668;1.0;175.4;0.336768;0.99808;W80_NSS2_MCS9:bytes=42096,ppdus=24,airtime_us=1920;551.25;0.9778590681555641;118.04545454545455;0.41552;0.99648;W20_NSS1_MCS10:bytes=1150,ppdus=1,airtime_us=140|W80_NSS2_MCS6:bytes=50790,ppdus=41,airtime_us=3380;459.375;0.7724648288200374;91.25788497217069;0.196752;0.997844;W40_NSS1_MCS10:bytes=2798,ppdus=1,airtime_us=156|W80_NSS1_MCS10:bytes=18998,ppdus=29,airtime_us=1916|W80_NSS2_MCS11:bytes=2798,ppdus=1,airtime_us=84;122.5;0.9691222873333762;82.38196286472149;0.496928;0.993968;W40_NSS1_MCS2:bytes=1918,ppdus=1,airtime_us=396|W80_NSS2_MCS1:bytes=60198,ppdus=29,airtime_us=5636;551.25;0.9665317233196064;175.7914110429448;0.458464;0.997392;W40_NSS1_MCS9:bytes=1918,ppdus=1,airtime_us=124|W80_NSS2_MCS6:bytes=55390,ppdus=29,airtime_us=2484;367.5;0.9955735543416839;130.68307692307692;0.339776;0.9974;W40_NSS1_MCS11:bytes=94,ppdus=1,airtime_us=60|W40_NSS2_MCS11:bytes=94,ppdus=1,airtime_us=68|W80_NSS2_MCS4:bytes=42284,ppdus=26,airtime_us=2472;735.0;0.9644485634847081;178.93864013266997;0.4316;0.997588;W40_NSS1_MCS11:bytes=1918,ppdus=1,airtime_us=108|W80_NSS2_MCS8:bytes=52032,ppdus=28,airtime_us=2304;816.666668;1.0;171.08256880733944;0.298368;0.998256;W80_NSS2_MCS9:bytes=37296,ppdus=24,airtime_us=1744;367.5;0.9775284951666426;113.39059304703477;0.443584;0.996088;W20_NSS1_MCS5:bytes=1246,ppdus=1,airtime_us=220|W80_NSS2_MCS4:bytes=54202,ppdus=43,airtime_us=3692;;;;;;;;;;;;;;;;;;;;;;;;;;;;;;;;;;;;;;;;;;;;;;;;;;;;;;;;;;;;;;;;;;;;;;;;;;;;;;;;;;;;;;;;;;;;;;;;;;;;;;;;;;;;;;;;;;;;;;;;
50;1;10;low;-60.0;isolated;dl;su;2;424.3958336;138.30518486287826;4.258672;0.686157499607943;243.75;0.9655135212888377;129.33953488372094;0.444928;0.99656;W40_NSS1_MCS7:bytes=1918,ppdus=1,airtime_us=156|W40_NSS1_MCS11:bytes=53698,ppdus=31,airtime_us=3284;816.666668;0.9596889449348466;182.29885057471265;0.38064;0.997912;W40_NSS2_MCS10:bytes=1918,ppdus=1,airtime_us=100|W80_NSS2_MCS9:bytes=45662,ppdus=25,airtime_us=1988;612.5;0.9323087943216227;177.27561327561327;0.491408;0.997228;W40_NSS1_MCS10:bytes=4158,ppdus=1,airtime_us=204|W80_NSS2_MCS7:bytes=57268,ppdus=30,airtime_us=2568;459.375;0.7808641975308642;114.70344827586207;0.399168;0.99652;W80_NSS1_MCS10:bytes=38962,ppdus=39,airtime_us=2804|W80_NSS2_MCS8:bytes=10934,ppdus=9,airtime_us=676;490.0;1.0;133.7391304347826;0.356816;0.997332;W80_NSS2_MCS5:bytes=44602,ppdus=31,airtime_us=2668;816.666668;0.9653665583243048;180.39087947882737;0.44304;0.997544;W40_NSS2_MCS5:bytes=1918,ppdus=1,airtime_us=132|W80_NSS2_MCS9:bytes=53462,ppdus=29,airtime_us=2324;122.5;0.961065048294726;80.54388984509467;0.374368;0.995352;W40_NSS2_MCS2:bytes=1822,ppdus=1,airtime_us=228|W80_NSS2_MCS1:bytes=44974,ppdus=25,airtime_us=4420;243.75;1.0;132.80402010050253;0.422848;0.996816;W40_NSS1_MCS11:bytes=52856,ppdus=28,airtime_us=3184;219.375;0.9644959983076543;127.04591265397536;0.453808;0.996428;W40_NSS1_MCS10:bytes=54712,ppdus=28,airtime_us=3472|W40_NSS2_MCS10:bytes=2014,ppdus=1,airtime_us=100;219.375;1.0;124.91056910569105;0.491648;0.996064;W40_NSS1_MCS10:bytes=61456,ppdus=32,airtime_us=3936;;;;;;;;;;;;;;;;;;;;;;;;;;;;;;;;;;;;;;;;;;;;;;;;;;;;;;;;;;;;;;;;;;;;;;;;;;;;;;;;;;;;;;;;;;;;;;;;;;;;;;;;;;;;;;;;;;;;;;;;
51;1;10;low;-60.0;isolated;ul_dl;su;0;378.3541668;350.72091641866126;211.88893009682212;0.10172440456181209;367.5;1.0;352.09635881954284;22.859504;0.935076;W80_NSS2_MCS4:bytes=2857438,ppdus=47,airtime_us=64924;816.666668;1.0;728.1359906213364;14.9064;0.979528;W80_NSS2_MCS9:bytes=1863300,ppdus=34,airtime_us=20472;551.25;1.0;515.9263803680982;27.583488;0.946536;W80_NSS2_MCS6:bytes=3447936,ppdus=54,airtime_us=53464;292.5;0.8607417069435784;249.12160024493545;19.528144;0.921612;W40_NSS1_MCS7:bytes=339932,ppdus=6,airtime_us=18904|W40_NSS2_MCS7:bytes=2101086,ppdus=35,airtime_us=59484;367.5;0.9916795464876862;344.57753616511565;14.9588;0.956588;W40_NSS1_MCS6:bytes=15558,ppdus=1,airtime_us=1004|W80_NSS2_MCS4:bytes=1854292,ppdus=34,airtime_us=42408;551.25;0.9882608697505241;504.23705121776385;20.211378096822134;0.959916912;W20_NSS2_MCS10:bytes=29658,ppdus=1,airtime_us=1140|W80_NSS2_MCS6:bytes=2496764.26210277,ppdus=42,airtime_us=38943.088;219.375;1.0;213.8456878418174;10.166224;0.95246;W40_NSS1_MCS10:bytes=1270778,ppdus=23,airtime_us=47540;122.5;1.0;120.61236493407792;14.600368;0.878948;W80_NSS2_MCS1:bytes=1825046,ppdus=31,airtime_us=121052;275.625;0.6977643392061865;263.9321702721563;30.257184;0.88536;W40_NSS2_MCS6:bytes=1143100,ppdus=18,airtime_us=35896|W80_NSS1_MCS6:bytes=2639048,ppdus=42,airtime_us=78744;219.375;1.0;214.7240237017683;36.81744;0.828536;W40_NSS1_MCS10:bytes=4602180,ppdus=74,airtime_us=171464;;;;;;;;;;;;;;;;;;;;;;;;;;;;;;;;;;;;;;;;;;;;;;;;;;;;;;;;;;;;;;;;;;;;;;;;;;;;;;;;;;;;;;;;;;;;;;;;;;;;;;;;;;;;;;;;;;;;;;;;
51;1;10;low;-60.0;isolated;ul_dl;su;1;481.0958336;385.5558759805935;173.20290000168364;0.390784513515372;263.25;1.0;251.10065721203736;5.807456;0.976872;W40_NSS2_MCS6:bytes=725932,ppdus=18,airtime_us=23128;816.666668;1.0;738.6842781998831;25.277776;0.96578;W80_NSS2_MCS9:bytes=3159722,ppdus=51,airtime_us=34220;551.25;1.0;512.2454156900593;14.861264;0.970988;W80_NSS2_MCS6:bytes=1857658,ppdus=33,airtime_us=29012;219.375;1.0;213.01394040158587;6.662224;0.968724;W40_NSS1_MCS10:bytes=832778,ppdus=17,airtime_us=31276;122.5;0.9423732206850988;123.1399887691233;35.96328;0.707948;W80_NSS2_MCS1:bytes=4236354,ppdus=65,airtime_us=280532|W80_NSS2_MCS2:bytes=259056,ppdus=4,airtime_us=11520;551.25;1.0;86.73684210526316;0.013184;0.999848;W80_NSS2_MCS6:bytes=1648,ppdus=2,airtime_us=152;367.5;1.0;352.5198856610558;35.693188001683644;0.898748441;W80_NSS2_MCS4:bytes=4461648.50021046,ppdus=70,airtime_us=101251.559;735.0;1.0;673.0363166691992;17.717008;0.973676;W80_NSS2_MCS8:bytes=2214626,ppdus=37,airtime_us=26324;816.666668;1.0;737.9141199226306;30.520128;0.95864;W80_NSS2_MCS9:bytes=3815016,ppdus=60,airtime_us=41360;367.5;0.9445789302174015;167.1673151750973;0.687392;0.995888;W20_NSS1_MCS2:bytes=4762,ppdus=1,airtime_us=1788|W80_NSS2_MCS4:bytes=81162,ppdus=9,airtime_us=2324;;;;;;;;;;;;;;;;;;;;;;;;;;;;;;;;;;;;;;;;;;;;;;;;;;;;;;;;;;;;;;;;;;;;;;;;;;;;;;;;;;;;;;;;;;;;;;;;;;;;;;;;;;;;;;;;;;;;;;;;
51;1;10;low;-60.0;isolated;ul_dl;su;2;406.43333359999997;377.7620700682315;184.34763391647445;0.3313058724589507;243.75;0.950594487683725;239.08852991607256;10.59736;0.955676;W40_NSS1_MCS11:bytes=1259224,ppdus=20,airtime_us=42480|W40_NSS2_MCS7:bytes=65446,ppdus=1,airtime_us=1844;816.666668;1.0;735.2660791792713;22.360912;0.969588;W80_NSS2_MCS9:bytes=2795114,ppdus=47,airtime_us=30412;612.5;0.9792180135946541;565.3726384959386;24.779152;0.956172;W40_NSS2_MCS10:bytes=64370,ppdus=1,airtime_us=1236|W80_NSS2_MCS7:bytes=3033024,ppdus=48,airtime_us=42592;351.0;0.8904337663120794;316.4068697939104;33.166001916474464;0.895179261;W40_NSS1_MCS10:bytes=454234.239559308,ppdus=7,airtime_us=16956.739|W40_NSS2_MCS8:bytes=3691516,ppdus=58,airtime_us=87864;367.5;1.0;353.3097826086956;2.080288;0.994112;W80_NSS2_MCS4:bytes=260036,ppdus=4,airtime_us=5888;816.666668;1.0;735.9117647058823;8.00672;0.98912;W80_NSS2_MCS9:bytes=1000840,ppdus=16,airtime_us=10880;122.5;1.0;120.61175057551796;19.280512;0.840144;W80_NSS2_MCS1:bytes=2410064,ppdus=40,airtime_us=159856;243.75;0.9864454174334243;237.60868472634064;37.8216;0.840824;W40_NSS1_MCS11:bytes=4663618,ppdus=75,airtime_us=157364|W40_NSS2_MCS7:bytes=64082,ppdus=1,airtime_us=1812;245.0;1.0;236.17095677513356;3.890208;0.983528;W80_NSS2_MCS3:bytes=486276,ppdus=10,airtime_us=16472;245.0;1.0;237.873643905552;22.36488;0.90598;W80_NSS2_MCS3:bytes=2795610,ppdus=45,airtime_us=94020;;;;;;;;;;;;;;;;;;;;;;;;;;;;;;;;;;;;;;;;;;;;;;;;;;;;;;;;;;;;;;;;;;;;;;;;;;;;;;;;;;;;;;;;;;;;;;;;;;;;;;;;;;;;;;;;;;;;;;;;
52;1;10;low;-60.0;ap_only_cochannel;ul;su;0;303.8333334;221.87737224628117;81.76754507206086;0.04632250974978935;367.5;1.0;316.0812641083522;2.240384;0.992912;W80_NSS2_MCS4:bytes=280048,ppdus=16,airtime_us=7088;408.333334;1.0;222.9922480620155;0.460256;0.997936;W80_NSS1_MCS9:bytes=57532,ppdus=20,airtime_us=2064;551.25;1.0;148.0;0.012432;0.999916;W80_NSS2_MCS6:bytes=1554,ppdus=1,airtime_us=84;292.5;0.7822670436957664;233.818898569007;23.725136;0.898532;W20_NSS2_MCS7:bytes=645718,ppdus=11,airtime_us=35980|W40_NSS2_MCS7:bytes=2319924,ppdus=36,airtime_us=65488;183.75;0.9496404759214864;184.2142647271573;10.381353072060858;0.943645227;W80_NSS1_MCS4:bytes=1232319.13400761,ppdus=25,airtime_us=54878.773|W80_NSS2_MCS4:bytes=65350,ppdus=1,airtime_us=1476;551.25;0.9669316240042847;486.17069642488116;9.41032;0.980644;W20_NSS2_MCS10:bytes=38898,ppdus=1,airtime_us=1476|W80_NSS2_MCS6:bytes=1137392,ppdus=22,airtime_us=17880;219.375;0.7887887511603551;187.80820708927783;15.322896;0.918412;W20_NSS2_MCS6:bytes=404546,ppdus=7,airtime_us=25036|W40_NSS1_MCS10:bytes=1510816,ppdus=30,airtime_us=56552;122.5;0.8890543176917548;107.47031776846838;8.414496;0.921704;W20_NSS2_MCS3:bytes=116694,ppdus=3,airtime_us=16140|W80_NSS2_MCS1:bytes=935118,ppdus=19,airtime_us=62156;122.5;0.5237029944289694;117.3841961852861;5.51424;0.953024;W20_NSS1_MCS6:bytes=43566,ppdus=1,airtime_us=5356|W40_NSS1_MCS6:bytes=284736,ppdus=6,airtime_us=17640|W80_NSS2_MCS1:bytes=360978,ppdus=7,airtime_us=23980;219.375;1.0;214.83362952836637;6.286032;0.97074;W40_NSS1_MCS10:bytes=785754,ppdus=13,airtime_us=29260;;;;;;;;;;;;;;;;;;;;;;;;;;;;;;;;;;;;;;;;;;;;;;;;;;;;;;;;;;;;;;;;;;;;;;;;;;;;;;;;;;;;;;;;;;;;;;;;;;;;;;;;;;;;;;;;;;;;;;;;
52;1;10;low;-60.0;ap_only_cochannel;ul;su;1;319.35625;277.35952042839784;102.679632;0.32040389385872725;263.25;0.8904461863178699;248.63470737913485;19.542688;0.9214;W20_NSS2_MCS6:bytes=65350,ppdus=1,airtime_us=4036|W40_NSS2_MCS6:bytes=2175214,ppdus=37,airtime_us=68484|W80_NSS1_MCS6:bytes=202272,ppdus=4,airtime_us=6080;195.0;1.0;185.6522440204246;2.763248;0.985116;W20_NSS2_MCS9:bytes=345406,ppdus=13,airtime_us=14884;275.625;1.0;258.0157255182273;2.887712;0.988808;W80_NSS1_MCS6:bytes=360964,ppdus=14,airtime_us=11192;109.6875;1.0;108.33068843043905;17.20248;0.841204;W20_NSS1_MCS10:bytes=2150310,ppdus=41,airtime_us=158796;122.5;1.0;120.73631239935588;9.597088;0.920512;W80_NSS2_MCS1:bytes=1199636,ppdus=20,airtime_us=79488;551.25;0.8935357376173184;369.60469667318984;9.821136;0.973428;W20_NSS1_MCS9:bytes=65350,ppdus=1,airtime_us=5420|W20_NSS2_MCS6:bytes=65350,ppdus=1,airtime_us=4036|W80_NSS2_MCS6:bytes=1096942,ppdus=19,airtime_us=17116;183.75;0.9219699789108051;164.95787525851748;6.061872;0.963252;W20_NSS2_MCS4:bytes=59126,ppdus=1,airtime_us=5444|W80_NSS1_MCS4:bytes=698608,ppdus=18,airtime_us=31304;735.0;0.9218602404337085;585.0451206715635;13.381152;0.977128;W20_NSS2_MCS8:bytes=65350,ppdus=1,airtime_us=3044|W80_NSS1_MCS8:bytes=65350,ppdus=1,airtime_us=1468|W80_NSS2_MCS8:bytes=1541944,ppdus=26,airtime_us=18360;390.0;0.9560208085172249;381.3499294238419;11.88744;0.968828;W40_NSS2_MCS9:bytes=1420580,ppdus=24,airtime_us=30464|W80_NSS2_MCS9:bytes=65350,ppdus=1,airtime_us=708;367.5;1.0;351.2679045092838;9.534816;0.972856;W80_NSS2_MCS4:bytes=1191852,ppdus=22,airtime_us=27144;;;;;;;;;;;;;;;;;;;;;;;;;;;;;;;;;;;;;;;;;;;;;;;;;;;;;;;;;;;;;;;;;;;;;;;;;;;;;;;;;;;;;;;;;;;;;;;;;;;;;;;;;;;;;;;;;;;;;;;;
52;1;10;low;-60.0;ap_only_cochannel;ul;su;2;300.2291668;248.2020456526737;102.41373603693414;0.315620709790439;243.75;0.953846132115182;230.26768580256953;11.327328;0.950808;W40_NSS1_MCS7:bytes=65350,ppdus=1,airtime_us=3628|W40_NSS1_MCS11:bytes=1350566,ppdus=21,airtime_us=45564;390.0;0.8849313814220967;355.17323327079424;9.086752;0.974416;W20_NSS2_MCS9:bytes=65350,ppdus=1,airtime_us=2740|W40_NSS2_MCS9:bytes=1005144,ppdus=16,airtime_us=21504|W80_NSS1_MCS9:bytes=65350,ppdus=1,airtime_us=1340;292.5;0.9890584907082417;281.94209151439577;12.513081728416486;0.955618256;W40_NSS1_MCS10:bytes=17114,ppdus=1,airtime_us=684|W40_NSS2_MCS7:bytes=1547021.21605206,ppdus=25,airtime_us=43697.744;219.375;1.0;115.11111111111111;0.024864;0.999784;W40_NSS1_MCS10:bytes=3108,ppdus=2,airtime_us=216;183.75;1.0;179.8321608040201;11.451712;0.93632;W80_NSS1_MCS4:bytes=1431464,ppdus=28,airtime_us=63680;816.666668;0.6287886533939031;540.4815789473685;6.572256;0.98784;W80_NSS1_MCS9:bytes=304962,ppdus=7,airtime_us=6388|W80_NSS2_MCS9:bytes=516570,ppdus=11,airtime_us=5772;122.5;0.9392503439971137;104.87154498177797;10.244272;0.902316;W20_NSS2_MCS1:bytes=18670,ppdus=1,airtime_us=5172|W40_NSS1_MCS1:bytes=18670,ppdus=1,airtime_us=5164|W40_NSS1_MCS2:bytes=40452,ppdus=2,airtime_us=7480|W80_NSS2_MCS1:bytes=1202742,ppdus=23,airtime_us=79868;243.75;0.9873238612499745;226.16458378797293;4.908750308517647;0.978295672;W20_NSS2_MCS7:bytes=7778,ppdus=1,airtime_us=484|W40_NSS1_MCS11:bytes=605815.788564706,ppdus=25,airtime_us=21220.328;245.0;0.7685021305215464;215.9331183566225;14.464064;0.933016;W20_NSS1_MCS10:bytes=65350,ppdus=1,airtime_us=4812|W20_NSS2_MCS10:bytes=65350,ppdus=1,airtime_us=2436|W40_NSS1_MCS10:bytes=222500,ppdus=4,airtime_us=8304|W40_NSS2_MCS3:bytes=65350,ppdus=1,airtime_us=4532|W80_NSS2_MCS3:bytes=1389458,ppdus=25,airtime_us=46900;245.0;0.771819875626104;232.2433479501043;21.820656;0.906044;W20_NSS2_MCS10:bytes=65350,ppdus=1,airtime_us=2436|W40_NSS1_MCS10:bytes=557030,ppdus=9,airtime_us=20732|W80_NSS2_MCS3:bytes=2105202,ppdus=33,airtime_us=70788;;;;;;;;;;;;;;;;;;;;;;;;;;;;;;;;;;;;;;;;;;;;;;;;;;;;;;;;;;;;;;;;;;;;;;;;;;;;;;;;;;;;;;;;;;;;;;;;;;;;;;;;;;;;;;;;;;;;;;;;
53;1;10;low;-60.0;ap_only_cochannel;dl;su;0;201.4;77.4648049248381;1.1480160000000001;-1525.617021276596;43.875;0.6691741106409653;48.067796610169495;0.102096;0.997876;W20_NSS1_MCS4:bytes=8540,ppdus=2,airtime_us=1672|W20_NSS2_MCS4:bytes=4222,ppdus=1,airtime_us=452;390.0;0.7755832755832756;170.60098522167488;0.277056;0.998376;W20_NSS1_MCS9:bytes=3742,ppdus=1,airtime_us=364|W40_NSS2_MCS9:bytes=26860,ppdus=10,airtime_us=1160|W80_NSS2_MCS9:bytes=4030,ppdus=1,airtime_us=100;131.625;0.9179755671902269;37.57377049180328;0.009168;0.999756;W20_NSS2_MCS6:bytes=1052,ppdus=2,airtime_us=184|W80_NSS1_MCS6:bytes=94,ppdus=1,airtime_us=60;29.25;0.6559157754010695;23.88822355289421;0.095744;0.995992;W20_NSS1_MCS7:bytes=3064,ppdus=4,airtime_us=544|W40_NSS1_MCS0:bytes=1054,ppdus=1,airtime_us=636|W40_NSS2_MCS0:bytes=7850,ppdus=11,airtime_us=2828;87.75;0.5827105409927495;73.63449691991786;0.14344;0.998052;W20_NSS2_MCS4:bytes=10448,ppdus=8,airtime_us=1424|W40_NSS2_MCS4:bytes=7482,ppdus=3,airtime_us=524;275.625;1.0;68.2112211221122;0.082672;0.998788;W80_NSS1_MCS6:bytes=10334,ppdus=17,airtime_us=1212;459.375;0.8461126961483595;143.7948717948718;0.089728;0.999376;W40_NSS1_MCS10:bytes=1726,ppdus=1,airtime_us=108|W80_NSS1_MCS10:bytes=9490,ppdus=7,airtime_us=516;122.5;0.8079812990482551;55.07126436781609;0.095824;0.99826;W20_NSS1_MCS3:bytes=1150,ppdus=1,airtime_us=364|W80_NSS1_MCS1:bytes=1150,ppdus=1,airtime_us=204|W80_NSS2_MCS1:bytes=9678,ppdus=9,airtime_us=1172;14.625;0.7764705882352941;8.717948717948717;0.0068;0.99922;W20_NSS1_MCS1:bytes=660,ppdus=6,airtime_us=696|W40_NSS2_MCS1:bytes=190,ppdus=1,airtime_us=84;459.375;0.8686697516782897;145.08747044917257;0.245488;0.998308;W20_NSS1_MCS10:bytes=4030,ppdus=1,airtime_us=348|W80_NSS1_MCS10:bytes=26656,ppdus=16,airtime_us=1344;;;;;;;;;;;;;;;;;;;;;;;;;;;;;;;;;;;;;;;;;;;;;;;;;;;;;;;;;;;;;;;;;;;;;;;;;;;;;;;;;;;;;;;;;;;;;;;;;;;;;;;;;;;;;;;;;;;;;;;;
53;1;10;low;-60.0;ap_only_cochannel;dl;su;1;263.8458334;113.89861080407795;2.164032;0.8281543496613637;122.5;0.7700910688608404;77.99376947040498;0.200288;0.997432;W80_NSS1_MCS1:bytes=5756,ppdus=2,airtime_us=856|W80_NSS2_MCS1:bytes=19280,ppdus=8,airtime_us=1712;408.333334;1.0;237.76100628930817;0.151216;0.999364;W80_NSS1_MCS9:bytes=18902,ppdus=5,airtime_us=636;263.25;0.39172029918246654;62.31978319783198;0.091984;0.998524;W20_NSS1_MCS2:bytes=958,ppdus=1,airtime_us=396|W20_NSS2_MCS6:bytes=4024,ppdus=4,airtime_us=496|W40_NSS1_MCS6:bytes=958,ppdus=1,airtime_us=108|W40_NSS2_MCS6:bytes=4504,ppdus=4,airtime_us=400|W80_NSS1_MCS6:bytes=1054,ppdus=1,airtime_us=76;219.375;0.5205479452054794;32.44444444444444;0.01752;0.99946;W20_NSS1_MCS10:bytes=94,ppdus=1,airtime_us=60|W40_NSS1_MCS10:bytes=1140,ppdus=6,airtime_us=360|W80_NSS1_MCS10:bytes=956,ppdus=2,airtime_us=120;61.25;1.0;12.533333333333333;0.000752;0.99994;W80_NSS1_MCS1:bytes=94,ppdus=1,airtime_us=60;263.25;0.9088116052198151;161.49360613810742;0.505152;0.996872;W20_NSS1_MCS6:bytes=5758,ppdus=1,airtime_us=748|W40_NSS2_MCS6:bytes=57386,ppdus=11,airtime_us=2380;367.5;0.9299864456261078;146.42748091603053;0.306912;0.997904;W40_NSS1_MCS4:bytes=2686,ppdus=1,airtime_us=300|W80_NSS2_MCS4:bytes=35678,ppdus=17,airtime_us=1796;175.5;0.7690874509956138;113.61852260198457;0.412208;0.996372;W20_NSS1_MCS8:bytes=11898,ppdus=3,airtime_us=1236|W20_NSS2_MCS8:bytes=39628,ppdus=10,airtime_us=2392;390.0;0.43734455710732734;144.19310344827585;0.250896;0.99826;W20_NSS2_MCS9:bytes=2302,ppdus=1,airtime_us=148|W40_NSS1_MCS9:bytes=10740,ppdus=6,airtime_us=744|W40_NSS2_MCS9:bytes=13716,ppdus=6,airtime_us=648|W80_NSS1_MCS9:bytes=4604,ppdus=2,airtime_us=200;367.5;0.8986895871494998;150.2010582010582;0.227104;0.998488;W40_NSS2_MCS4:bytes=2876,ppdus=2,airtime_us=248|W80_NSS2_MCS4:bytes=25512,ppdus=12,airtime_us=1264;;;;;;;;;;;;;;;;;;;;;;;;;;;;;;;;;;;;;;;;;;;;;;;;;;;;;;;;;;;;;;;;;;;;;;;;;;;;;;;;;;;;;;;;;;;;;;;;;;;;;;;;;;;;;;;;;;;;;;;;
53;1;10;low;-60.0;ap_only_cochannel;dl;su;2;235.1875;91.51319905880254;1.376928;0.3409254522339823;243.75;0.6652366094643786;197.23076923076923;0.369216;0.998128;W40_NSS1_MCS11:bytes=30702,ppdus=9,airtime_us=1468|W80_NSS1_MCS11:bytes=15450,ppdus=3,airtime_us=404;390.0;1.0;138.62172284644194;0.148048;0.998932;W40_NSS2_MCS9:bytes=18506,ppdus=11,airtime_us=1068;146.25;0.7775175644028103;21.620253164556964;0.006832;0.999684;W20_NSS1_MCS7:bytes=190,ppdus=1,airtime_us=76|W40_NSS1_MCS7:bytes=664,ppdus=4,airtime_us=240;459.375;0.6305120910384068;111.0;0.134976;0.998784;W20_NSS1_MCS8:bytes=1822,ppdus=1,airtime_us=220|W20_NSS2_MCS10:bytes=4412,ppdus=2,airtime_us=296|W80_NSS1_MCS10:bytes=10638,ppdus=9,airtime_us=700;183.75;0.9319826338639653;32.51764705882353;0.022112;0.99932;W80_NSS1_MCS4:bytes=2576,ppdus=8,airtime_us=544|W80_NSS2_MCS4:bytes=188,ppdus=2,airtime_us=136;195.0;1.0;79.3972602739726;0.092736;0.998832;W20_NSS2_MCS9:bytes=11592,ppdus=12,airtime_us=1168;122.5;0.7694070306823898;80.50843644544432;0.286288;0.996444;W40_NSS2_MCS1:bytes=4030,ppdus=1,airtime_us=612|W80_NSS1_MCS1:bytes=4222,ppdus=1,airtime_us=604|W80_NSS2_MCS1:bytes=27534,ppdus=9,airtime_us=2340;243.75;0.5378199597354041;114.94214876033058;0.111264;0.999032;W20_NSS1_MCS11:bytes=6428,ppdus=2,airtime_us=520|W40_NSS1_MCS11:bytes=7480,ppdus=4,airtime_us=448;122.5;0.4895666131621188;59.98249452954048;0.109648;0.998172;W40_NSS1_MCS3:bytes=4696,ppdus=4,airtime_us=864|W40_NSS2_MCS3:bytes=2300,ppdus=2,airtime_us=264|W80_NSS1_MCS3:bytes=6710,ppdus=5,airtime_us=700;245.0;0.7919171676686707;79.3112582781457;0.095808;0.998792;W20_NSS1_MCS10:bytes=1246,ppdus=1,airtime_us=140|W40_NSS2_MCS3:bytes=1246,ppdus=1,airtime_us=148|W80_NSS2_MCS3:bytes=9484,ppdus=10,airtime_us=920;;;;;;;;;;;;;;;;;;;;;;;;;;;;;;;;;;;;;;;;;;;;;;;;;;;;;;;;;;;;;;;;;;;;;;;;;;;;;;;;;;;;;;;;;;;;;;;;;;;;;;;;;;;;;;;;;;;;;;;;
54;1;10;low;-60.0;ap_only_cochannel;ul_dl;su;0;162.6015625;133.63691440556465;13.947984;0.6602675695551068;175.5;0.9955578873732074;169.48016415868673;5.94672;0.964912;W40_NSS1_MCS4:bytes=3302,ppdus=1,airtime_us=348|W40_NSS2_MCS4:bytes=740038,ppdus=17,airtime_us=34740;;;;0.0;;;275.625;1.0;262.49626865671644;2.251168;0.991424;W80_NSS1_MCS6:bytes=281396,ppdus=8,airtime_us=8576;61.25;1.0;55.07398568019093;0.184608;0.996648;W80_NSS2_MCS0:bytes=23076,ppdus=6,airtime_us=3352;;;;0.0;;;275.625;0.7775618487502397;210.25537634408602;2.50288;0.988096;W40_NSS1_MCS6:bytes=69592,ppdus=2,airtime_us=4328|W80_NSS1_MCS6:bytes=243268,ppdus=10,airtime_us=7576;109.6875;0.5671744113803372;130.65640307907628;0.746832;0.994284;W20_NSS1_MCS10:bytes=52948,ppdus=4,airtime_us=4080|W40_NSS1_MCS10:bytes=40406,ppdus=3,airtime_us=1636;122.5;0.7319560415132612;89.7748674773932;1.151632;0.987172;W40_NSS2_MCS1:bytes=38586,ppdus=3,airtime_us=5452|W80_NSS2_MCS1:bytes=105368,ppdus=8,airtime_us=7376;61.25;0.7884979190314038;60.58452722063037;1.014912;0.983248;W20_NSS1_MCS6:bytes=26832,ppdus=2,airtime_us=3368|W80_NSS1_MCS1:bytes=100032,ppdus=6,airtime_us=13384;219.375;0.6110217647689503;90.77372262773723;0.149232;0.998356;W20_NSS1_MCS4:bytes=2802,ppdus=1,airtime_us=556|W20_NSS1_MCS10:bytes=4454,ppdus=1,airtime_us=380|W20_NSS2_MCS10:bytes=11398,ppdus=5,airtime_us=708;;;;;;;;;;;;;;;;;;;;;;;;;;;;;;;;;;;;;;;;;;;;;;;;;;;;;;;;;;;;;;;;;;;;;;;;;;;;;;;;;;;;;;;;;;;;;;;;;;;;;;;;;;;;;;;;;;;;;;;;
54;1;10;low;-60.0;ap_only_cochannel;ul_dl;su;1;194.7;148.82845237735842;9.965952;0.8585731480344099;58.5;0.9448505926609412;50.272970561998214;0.225424;0.995516;W20_NSS1_MCS6:bytes=1554,ppdus=1,airtime_us=236|W40_NSS2_MCS1:bytes=26624,ppdus=10,airtime_us=4248;390.0;0.7838417610165826;255.06224375698844;2.737328;0.989268;W20_NSS1_MCS9:bytes=29250,ppdus=1,airtime_us=2460|W40_NSS1_MCS9:bytes=44712,ppdus=2,airtime_us=1944|W40_NSS2_MCS9:bytes=268204,ppdus=14,airtime_us=6328;131.625;1.0;126.53219373219373;1.776512;0.98596;W40_NSS1_MCS6:bytes=222064,ppdus=10,airtime_us=14040;219.375;0.8344502907781778;204.2998585572843;1.15552;0.994344;W20_NSS2_MCS10:bytes=120528,ppdus=6,airtime_us=4744|W20_NSS2_MCS11:bytes=16038,ppdus=1,airtime_us=580|W40_NSS1_MCS10:bytes=7874,ppdus=1,airtime_us=332;58.5;0.6233194817892935;40.91;0.523648;0.9872;W20_NSS2_MCS1:bytes=24656,ppdus=2,airtime_us=6872|W40_NSS2_MCS1:bytes=40800,ppdus=6,airtime_us=5928;263.25;0.9135711357113571;133.64383561643837;0.19512;0.99854;W20_NSS1_MCS6:bytes=2014,ppdus=1,airtime_us=300|W40_NSS1_MCS6:bytes=94,ppdus=1,airtime_us=60|W40_NSS2_MCS6:bytes=22282,ppdus=7,airtime_us=1100;175.5;0.5049862083598557;108.97109826589596;0.075408;0.999308;W20_NSS1_MCS11:bytes=4666,ppdus=1,airtime_us=364|W40_NSS2_MCS4:bytes=4760,ppdus=2,airtime_us=328;367.5;0.9289504462911665;303.9289055191768;1.2996;0.995724;W20_NSS2_MCS8:bytes=11542,ppdus=1,airtime_us=580|W80_NSS1_MCS8:bytes=150908,ppdus=8,airtime_us=3696;195.0;1.0;186.95441860465115;1.607808;0.9914;W20_NSS2_MCS9:bytes=200976,ppdus=6,airtime_us=8600;87.75;1.0;77.70899915895711;0.369584;0.995244;W20_NSS2_MCS4:bytes=46198,ppdus=9,airtime_us=4756;;;;;;;;;;;;;;;;;;;;;;;;;;;;;;;;;;;;;;;;;;;;;;;;;;;;;;;;;;;;;;;;;;;;;;;;;;;;;;;;;;;;;;;;;;;;;;;;;;;;;;;;;;;;;;;;;;;;;;;;
54;1;10;low;-60.0;ap_only_cochannel;ul_dl;su;2;301.99074088888887;192.8826265156244;11.804447999999999;0.7967978596210875;243.75;1.0;219.97779319916725;1.267952;0.994236;W40_NSS1_MCS11:bytes=158494,ppdus=11,airtime_us=5764;390.0;0.42315024686802666;305.5731543624161;3.642432;0.98808;W40_NSS1_MCS9:bytes=103132,ppdus=2,airtime_us=4344|W40_NSS2_MCS9:bytes=192662,ppdus=5,airtime_us=4276|W80_NSS1_MCS9:bytes=159510,ppdus=3,airtime_us=3300;292.5;1.0;62.30508474576271;0.014704;0.999764;W40_NSS2_MCS7:bytes=1838,ppdus=3,airtime_us=236;219.375;0.61489791339466;173.76218323586744;0.35656;0.997948;W20_NSS2_MCS10:bytes=17164,ppdus=4,airtime_us=880|W40_NSS1_MCS10:bytes=27406,ppdus=3,airtime_us=1172;175.5;1.0;162.26395939086294;1.022912;0.993696;W40_NSS2_MCS4:bytes=127864,ppdus=8,airtime_us=6304;816.666668;0.910185720181593;511.1814345991561;1.9384;0.996208;W20_NSS2_MCS9:bytes=21762,ppdus=1,airtime_us=948|W80_NSS2_MCS9:bytes=220538,ppdus=11,airtime_us=2844;;;;0.0;;;243.75;0.9047144754316069;57.92307692307692;0.048192;0.999168;W20_NSS1_MCS7:bytes=574,ppdus=1,airtime_us=108|W40_NSS1_MCS11:bytes=5450,ppdus=11,airtime_us=724;219.375;0.5148434792653344;121.92957746478874;0.277024;0.997728;W20_NSS2_MCS10:bytes=17828,ppdus=6,airtime_us=1016|W40_NSS2_MCS3:bytes=16800,ppdus=2,airtime_us=1256;117.0;0.8988614059634048;121.02737471952132;3.236272;0.97326;W40_NSS2_MCS3:bytes=363620,ppdus=8,airtime_us=25344|W80_NSS2_MCS3:bytes=40914,ppdus=1,airtime_us=1396;;;;;;;;;;;;;;;;;;;;;;;;;;;;;;;;;;;;;;;;;;;;;;;;;;;;;;;;;;;;;;;;;;;;;;;;;;;;;;;;;;;;;;;;;;;;;;;;;;;;;;;;;;;;;;;;;;;;;;;;
55;1;15;high;-41.5;isolated;ul;su;0;515.7944445333334;445.9797972454291;245.82739903252676;0.4913595821366754;367.5;1.0;350.49530127142066;20.289472;0.942112;W80_NSS2_MCS4:bytes=2536184,ppdus=48,airtime_us=57888;408.333334;1.0;371.31492746841366;3.174;0.991452;W80_NSS1_MCS9:bytes=396750,ppdus=15,airtime_us=8548;551.25;1.0;514.4455183164458;26.401344;0.94868;W80_NSS2_MCS6:bytes=3300168,ppdus=54,airtime_us=51320;292.5;0.5378454772970631;288.9221611343061;27.957264;0.903236;W40_NSS2_MCS7:bytes=1879586,ppdus=31,airtime_us=53196|W80_NSS1_MCS7:bytes=1615072,ppdus=28,airtime_us=43568;367.5;1.0;199.94285714285715;0.111968;0.99944;W80_NSS2_MCS4:bytes=13996,ppdus=4,airtime_us=560;551.25;1.0;516.600790513834;18.060453008300396;0.965039827;W80_NSS2_MCS6:bytes=2257556.62603755,ppdus=35,airtime_us=34960.173;918.75;1.0;823.6648394675019;16.82912;0.979568;W80_NSS2_MCS10:bytes=2103640,ppdus=36,airtime_us=20432;122.5;0.6710218519997718;90.65459800714991;4.767344;0.947412;W80_NSS1_MCS1:bytes=196044,ppdus=6,airtime_us=25928|W80_NSS2_MCS1:bytes=399874,ppdus=9,airtime_us=26660;263.25;1.0;157.99538106235565;0.273648;0.998268;W40_NSS2_MCS6:bytes=34206,ppdus=13,airtime_us=1732;918.75;0.9875222727908026;792.6944150143787;41.898656;0.947144;W40_NSS2_MCS4:bytes=65350,ppdus=1,airtime_us=3044|W80_NSS2_MCS10:bytes=5171982,ppdus=81,airtime_us=49812;551.25;1.0;489.97288842544316;5.638608;0.988492;W80_NSS2_MCS6:bytes=704826,ppdus=21,airtime_us=11508;735.0;0.9827367704734259;640.3936842105263;19.467968;0.9696;W20_NSS2_MCS9:bytes=42010,ppdus=1,airtime_us=1780|W80_NSS2_MCS8:bytes=2391486,ppdus=43,airtime_us=28620;551.25;1.0;444.0;1.51848;0.99658;W80_NSS2_MCS6:bytes=189810,ppdus=11,airtime_us=3420;1020.833334;1.0;893.0586336740183;26.563136;0.970256;W80_NSS2_MCS11:bytes=3320392,ppdus=56,airtime_us=29744;117.0;1.0;115.54096297278514;32.87593802422635;0.715460758;W40_NSS1_MCS5:bytes=4109492.25302829,ppdus=64,airtime_us=284539.242;;;;;;;;;;;;;;;;;;;;;;;;;;;;;;;;;;;;;;;;;;;;;;;;;;;;;;;;;;;;;;;;;;;;;;;;;;;;;;;;;;;;;;;;;;
55;1;15;high;-41.5;isolated;ul;su;1;540.1111114666667;477.2221916525982;243.23404704051805;0.5012659721090378;408.333334;0.707968349675554;418.2965779467681;31.243408;0.925308;W80_NSS1_MCS9:bytes=2764918,ppdus=47,airtime_us=56884|W80_NSS2_MCS6:bytes=1140508,ppdus=20,airtime_us=17808;487.5;1.0;456.82065101765835;25.766512;0.943596;W40_NSS2_MCS11:bytes=3220814,ppdus=53,airtime_us=56404;735.0;0.7235631995902994;605.0168913154752;28.368032;0.953112;W80_NSS1_MCS11:bytes=980246,ppdus=17,airtime_us=16364|W80_NSS2_MCS8:bytes=2565758,ppdus=43,airtime_us=30524;816.666668;1.0;707.0222222222222;7.381312;0.98956;W80_NSS2_MCS9:bytes=922664,ppdus=22,airtime_us=10440;367.5;1.0;287.6986301369863;0.672064;0.997664;W80_NSS2_MCS4:bytes=84008,ppdus=8,airtime_us=2336;122.5;0.7815104265121278;121.0348096094133;2.962448;0.975524;W20_NSS2_MCS6:bytes=80908,ppdus=2,airtime_us=5032|W80_NSS2_MCS1:bytes=289398,ppdus=9,airtime_us=19444;551.25;1.0;452.0581113801453;1.4936;0.996696;W80_NSS2_MCS6:bytes=186700,ppdus=10,airtime_us=3304;612.5;1.0;562.8693234476367;14.576064;0.974104;W80_NSS2_MCS7:bytes=1822008,ppdus=34,airtime_us=25896;122.5;0.9976286231115462;120.70368714676255;31.48887904051804;0.739122476;W80_NSS1_MCS2:bytes=9334,ppdus=1,airtime_us=860|W80_NSS2_MCS1:bytes=3926775.88006475,ppdus=64,airtime_us=260017.524;816.666668;1.0;732.3603013429414;17.887168;0.975576;W80_NSS2_MCS9:bytes=2235896,ppdus=38,airtime_us=24424;243.75;1.0;235.90833229542906;22.729296;0.903652;W20_NSS2_MCS11:bytes=2841162,ppdus=47,airtime_us=96348;490.0;0.9750960661215635;399.06694509274047;12.995216;0.967436;W20_NSS1_MCS6:bytes=40454,ppdus=1,airtime_us=4972|W80_NSS2_MCS5:bytes=1583948,ppdus=30,airtime_us=27592;490.0;0.9748200219164064;445.08935002572457;20.762528;0.953352;W20_NSS2_MCS9:bytes=65350,ppdus=1,airtime_us=2740|W80_NSS2_MCS5:bytes=2529966,ppdus=45,airtime_us=43908;816.666668;1.0;723.0559965672602;13.480656;0.981356;W80_NSS2_MCS9:bytes=1685082,ppdus=33,airtime_us=18644;1020.833334;1.0;891.3310452418096;11.426864;0.98718;W80_NSS2_MCS11:bytes=1428358,ppdus=25,airtime_us=12820;;;;;;;;;;;;;;;;;;;;;;;;;;;;;;;;;;;;;;;;;;;;;;;;;;;;;;;;;;;;;;;;;;;;;;;;;;;;;;;;;;;;;;;;;;
55;1;15;high;-41.5;isolated;ul;su;2;430.4090910909091;382.65615233669195;208.67878582368178;0.5733117214643692;263.25;0.9062151087196748;233.67113793874358;33.446752;0.856864;W40_NSS1_MCS6:bytes=392100,ppdus=6,airtime_us=24168|W40_NSS2_MCS6:bytes=3788744,ppdus=58,airtime_us=118968;816.666668;1.0;728.4937238493724;13.9288;0.98088;W80_NSS2_MCS9:bytes=1741100,ppdus=32,airtime_us=19120;735.0;0.9952123463401173;550.0347016504444;15.596784;0.971644;W20_NSS1_MCS1:bytes=9334,ppdus=1,airtime_us=5164|W80_NSS2_MCS8:bytes=1940264,ppdus=34,airtime_us=23192;122.5;1.0;120.85674982918397;26.508673823681775;0.780660378;W80_NSS2_MCS1:bytes=3313584.22796022,ppdus=53,airtime_us=219339.622;918.75;1.0;813.9905213270142;17.862208;0.978056;W80_NSS2_MCS10:bytes=2232776,ppdus=42,airtime_us=21944;367.5;1.0;354.01089918256133;10.39376;0.97064;W80_NSS2_MCS4:bytes=1299220,ppdus=20,airtime_us=29360;;;;0.0;;;408.333334;0.8799222473037371;398.50840941854875;6.634368;0.983352;W80_NSS1_MCS9:bytes=729716,ppdus=24,airtime_us=15552|W80_NSS2_MCS9:bytes=99580,ppdus=2,airtime_us=1096;;;;0.0;;;122.5;1.0;118.06256933658753;2.128432;0.981972;W80_NSS2_MCS1:bytes=266054,ppdus=11,airtime_us=18028;367.5;0.9921909918248702;335.10029211295034;30.285024;0.909624;W40_NSS1_MCS2:bytes=29562,ppdus=1,airtime_us=5436|W80_NSS2_MCS4:bytes=3756066,ppdus=59,airtime_us=84940;;;;0.0;;;490.0;0.9934620285890836;435.75251770828316;36.172688;0.916988;W40_NSS1_MCS2:bytes=29562,ppdus=1,airtime_us=5436|W80_NSS2_MCS5:bytes=4492024,ppdus=74,airtime_us=77576;;;;0.0;;;122.5;1.0;120.73615334992166;15.721296;0.869788;W80_NSS2_MCS1:bytes=1965162,ppdus=33,airtime_us=130212;;;;;;;;;;;;;;;;;;;;;;;;;;;;;;;;;;;;;;;;;;;;;;;;;;;;;;;;;;;;;;;;;;;;;;;;;;;;;;;;;;;;;;;;;;
56;1;15;high;-41.5;isolated;dl;su;0;572.9750001333333;125.98876391990387;4.30664;0.7269359179727326;367.5;0.9720809493536766;121.38906752411576;0.302016;0.997512;W80_NSS1_MCS6:bytes=1054,ppdus=1,airtime_us=76|W80_NSS2_MCS4:bytes=36698,ppdus=27,airtime_us=2412;816.666668;0.9621100337268128;150.0079051383399;0.303616;0.997976;W80_NSS1_MCS4:bytes=1438,ppdus=1,airtime_us=108|W80_NSS2_MCS9:bytes=36514,ppdus=27,airtime_us=1916;551.25;0.5820409514873889;130.5873873873874;0.289904;0.99778;W80_NSS1_MCS9:bytes=15146,ppdus=11,airtime_us=852|W80_NSS2_MCS6:bytes=21092,ppdus=18,airtime_us=1368;612.5;0.8161090742438131;128.35294117647058;0.279296;0.997824;W80_NSS1_MCS7:bytes=6420,ppdus=6,airtime_us=472|W80_NSS2_MCS7:bytes=28492,ppdus=22,airtime_us=1704;367.5;1.0;118.26224328593997;0.29944;0.997468;W80_NSS2_MCS4:bytes=37430,ppdus=29,airtime_us=2532;551.25;1.0;131.85611510791367;0.293248;0.997776;W80_NSS2_MCS6:bytes=36656,ppdus=28,airtime_us=2224;918.75;0.9684152705300741;134.10681399631676;0.29128;0.997828;W80_NSS2_MCS6:bytes=1150,ppdus=1,airtime_us=84|W80_NSS2_MCS10:bytes=35260,ppdus=30,airtime_us=2088;122.5;1.0;72.64994547437296;0.26648;0.996332;W80_NSS2_MCS1:bytes=33310,ppdus=25,airtime_us=3668;275.625;0.6372276187975847;114.2128935532234;0.30472;0.997332;W80_NSS1_MCS6:bytes=24272,ppdus=20,airtime_us=1792|W80_NSS2_MCS6:bytes=13818,ppdus=11,airtime_us=876;918.75;0.967092607859302;139.29186602870814;0.232896;0.998328;W80_NSS1_MCS4:bytes=958,ppdus=1,airtime_us=92|W80_NSS2_MCS10:bytes=28154,ppdus=23,airtime_us=1580;551.25;0.9651451779111354;123.8048780487805;0.263952;0.997868;W80_NSS1_MCS4:bytes=1150,ppdus=1,airtime_us=108|W80_NSS2_MCS6:bytes=31844,ppdus=26,airtime_us=2024;735.0;0.9553104745975329;151.2411067193676;0.306112;0.997976;W80_NSS1_MCS9:bytes=1710,ppdus=1,airtime_us=92|W80_NSS2_MCS8:bytes=36554,ppdus=27,airtime_us=1932;551.25;0.6716529917950771;141.25795053003534;0.319808;0.997736;W80_NSS1_MCS10:bytes=13126,ppdus=9,airtime_us=716|W80_NSS2_MCS6:bytes=26850,ppdus=19,airtime_us=1548;1020.833334;0.9712778077591893;135.31034482758622;0.266832;0.998028;W80_NSS1_MCS1:bytes=958,ppdus=1,airtime_us=172|W80_NSS2_MCS11:bytes=32396,ppdus=26,airtime_us=1800;234.0;1.0;97.5;0.28704;0.997056;W40_NSS2_MCS5:bytes=35880,ppdus=28,airtime_us=2944;;;;;;;;;;;;;;;;;;;;;;;;;;;;;;;;;;;;;;;;;;;;;;;;;;;;;;;;;;;;;;;;;;;;;;;;;;;;;;;;;;;;;;;;;;
56;1;15;high;-41.5;isolated;dl;su;1;551.0222225333333;127.24651707159218;4.169168;0.732128575158776;551.25;0.9686699722116275;132.27387387387387;0.293648;0.99778;W40_NSS2_MCS9:bytes=1150,ppdus=1,airtime_us=84|W80_NSS2_MCS6:bytes=35556,ppdus=26,airtime_us=2136;367.5;0.9781184952023151;128.94926350245498;0.315152;0.997556;W40_NSS2_MCS11:bytes=862,ppdus=1,airtime_us=68|W80_NSS2_MCS4:bytes=38532,ppdus=26,airtime_us=2376;735.0;0.9065137555569873;131.8131634819533;0.248336;0.998116;W40_NSS2_MCS11:bytes=2902,ppdus=1,airtime_us=100|W80_NSS2_MCS8:bytes=28140,ppdus=26,airtime_us=1784;816.666668;1.0;144.01777777777778;0.259232;0.9982;W80_NSS2_MCS9:bytes=32404,ppdus=26,airtime_us=1800;367.5;1.0;130.168039538715;0.316048;0.997572;W80_NSS2_MCS4:bytes=39506,ppdus=27,airtime_us=2428;263.25;0.6015304112980363;92.6883963494133;0.284368;0.996932;W40_NSS1_MCS6:bytes=14164,ppdus=10,airtime_us=1368|W40_NSS2_MCS6:bytes=21382,ppdus=17,airtime_us=1700;551.25;0.9626113531438976;123.77464788732394;0.246064;0.998012;W40_NSS2_MCS7:bytes=1150,ppdus=1,airtime_us=84|W80_NSS2_MCS6:bytes=29608,ppdus=24,airtime_us=1904;612.5;0.9548536983548914;130.0081632653061;0.254816;0.99804;W40_NSS2_MCS5:bytes=1438,ppdus=1,airtime_us=116|W80_NSS2_MCS7:bytes=30414,ppdus=25,airtime_us=1844;122.5;0.9606035697510569;69.23577235772358;0.272512;0.996064;W40_NSS2_MCS2:bytes=1342,ppdus=1,airtime_us=180|W80_NSS2_MCS1:bytes=32722,ppdus=27,airtime_us=3756;816.666668;0.9662261380323054;144.5859872611465;0.2724;0.998116;W40_NSS2_MCS11:bytes=1150,ppdus=1,airtime_us=84|W80_NSS2_MCS9:bytes=32900,ppdus=26,airtime_us=1800;243.75;1.0;112.8;0.291024;0.99742;W40_NSS1_MCS11:bytes=36378,ppdus=27,airtime_us=2580;490.0;0.9557837771354776;119.78637200736648;0.260176;0.997828;W40_NSS2_MCS6:bytes=1438,ppdus=1,airtime_us=100|W80_NSS2_MCS5:bytes=31084,ppdus=26,airtime_us=2072;490.0;1.0;129.10344827586206;0.29952;0.99768;W80_NSS2_MCS5:bytes=37440,ppdus=28,airtime_us=2320;816.666668;1.0;160.26415094339623;0.271808;0.998304;W80_NSS2_MCS9:bytes=33976,ppdus=24,airtime_us=1696;1020.833334;1.0;159.22869955156952;0.284064;0.998216;W80_NSS2_MCS11:bytes=35508,ppdus=26,airtime_us=1784;;;;;;;;;;;;;;;;;;;;;;;;;;;;;;;;;;;;;;;;;;;;;;;;;;;;;;;;;;;;;;;;;;;;;;;;;;;;;;;;;;;;;;;;;;
56;1;15;high;-41.5;isolated;dl;su;2;594.8055557333333;120.34857675670459;7.216001747058823;0.5275675188698743;551.25;0.9839288709947995;126.42629904559915;0.47688;0.996228;W20_NSS2_MCS7:bytes=958,ppdus=1,airtime_us=116|W80_NSS2_MCS6:bytes=58652,ppdus=46,airtime_us=3656;816.666668;0.9756004453634484;143.3751425313569;0.50296;0.996492;W20_NSS2_MCS4:bytes=1534,ppdus=1,airtime_us=196|W80_NSS2_MCS9:bytes=61336,ppdus=48,airtime_us=3312;735.0;0.9838720538720539;139.43661971830986;0.4752;0.996592;W20_NSS2_MCS10:bytes=958,ppdus=1,airtime_us=100|W80_NSS2_MCS8:bytes=58442,ppdus=47,airtime_us=3308;183.75;0.97856159669649;83.74639769452449;0.46496;0.994448;W20_NSS2_MCS3:bytes=1246,ppdus=1,airtime_us=228|W80_NSS2_MCS2:bytes=56874,ppdus=47,airtime_us=5324;1020.833334;0.9779196419757149;135.21245828698554;0.486224;0.996404;W20_NSS2_MCS1:bytes=1342,ppdus=1,airtime_us=420|W80_NSS2_MCS11:bytes=59436,ppdus=46,airtime_us=3176;551.25;0.9861361296963459;128.46280991735537;0.497408;0.996128;W20_NSS2_MCS7:bytes=862,ppdus=1,airtime_us=100|W80_NSS2_MCS6:bytes=61314,ppdus=47,airtime_us=3772;918.75;0.9764424494610269;149.06471306471306;0.488336;0.996724;W20_NSS2_MCS11:bytes=1438,ppdus=1,airtime_us=100|W80_NSS2_MCS10:bytes=59604,ppdus=46,airtime_us=3176;918.75;0.9775944971283558;139.61771561771562;0.479168;0.996568;W40_NSS1_MCS4:bytes=1342,ppdus=1,airtime_us=172|W80_NSS2_MCS10:bytes=58554,ppdus=47,airtime_us=3260;367.5;0.9858167697775437;103.89059829059829;0.486208;0.99532;W40_NSS1_MCS0:bytes=862,ppdus=1,airtime_us=524|W80_NSS2_MCS4:bytes=59914,ppdus=47,airtime_us=4156;183.75;0.9787806539509537;86.3529411764706;0.46976;0.99456;W20_NSS2_MCS8:bytes=1246,ppdus=1,airtime_us=116|W80_NSS2_MCS2:bytes=57474,ppdus=47,airtime_us=5324;367.5;0.9787154082678511;109.01303538175047;0.46832;0.995704;W20_NSS2_MCS1:bytes=1246,ppdus=1,airtime_us=404|W80_NSS2_MCS4:bytes=57294,ppdus=45,airtime_us=3892;1020.833334;0.9781505172833189;120.78233595560634;0.4913617470588235;0.995931841;W40_NSS1_MCS0:bytes=1342,ppdus=1,airtime_us=780|W80_NSS2_MCS11:bytes=60078.2183823529,ppdus=47,airtime_us=3288.159;490.0;0.9806299477850766;123.30218068535825;0.47496;0.996148;W20_NSS2_MCS10:bytes=1150,ppdus=1,airtime_us=100|W80_NSS2_MCS5:bytes=58220,ppdus=46,airtime_us=3752;612.5;0.9729932739253645;130.31813125695217;0.468624;0.996404;W40_NSS2_MCS10:bytes=1582,ppdus=1,airtime_us=84|W80_NSS2_MCS7:bytes=56996,ppdus=46,airtime_us=3512;183.75;0.9778927253558249;86.22727272727273;0.485632;0.994368;W20_NSS2_MCS3:bytes=1342,ppdus=1,airtime_us=244|W80_NSS2_MCS2:bytes=59362,ppdus=47,airtime_us=5388;;;;;;;;;;;;;;;;;;;;;;;;;;;;;;;;;;;;;;;;;;;;;;;;;;;;;;;;;;;;;;;;;;;;;;;;;;;;;;;;;;;;;;;;;;
57;1;15;high;-41.5;isolated;ul_dl;su;0;524.4916668;427.3407055759714;211.128496;0.22341508656143616;367.5;0.9615344544136578;298.32688002107204;9.060784;0.969628;W20_NSS1_MCS6:bytes=43566,ppdus=1,airtime_us=5356|W80_NSS2_MCS4:bytes=1089032,ppdus=22,airtime_us=25016;816.666668;1.0;12.941176470588236;0.00088;0.999932;W80_NSS2_MCS9:bytes=110,ppdus=1,airtime_us=68;551.25;1.0;514.0118724217729;20.435056;0.960244;W80_NSS2_MCS6:bytes=2554382,ppdus=43,airtime_us=39756;146.25;0.6372516953074012;174.92558170193132;10.615184;0.939316;W40_NSS1_MCS7:bytes=845568,ppdus=14,airtime_us=46984|W40_NSS2_MCS7:bytes=481330,ppdus=9,airtime_us=13700;367.5;1.0;352.86091800561667;30.657968;0.913116;W80_NSS2_MCS4:bytes=3832246,ppdus=61,airtime_us=86884;551.25;1.0;508.7214854111406;10.740128;0.978888;W80_NSS2_MCS6:bytes=1342516,ppdus=26,airtime_us=21112;918.75;1.0;818.7507163323783;11.42976;0.98604;W80_NSS2_MCS10:bytes=1428720,ppdus=26,airtime_us=13960;122.5;0.9655756167827032;116.05982380659701;9.063808;0.921904;W40_NSS1_MCS3:bytes=39002,ppdus=1,airtime_us=5388|W80_NSS2_MCS1:bytes=1093974,ppdus=21,airtime_us=72708;131.625;1.0;129.55203848323782;17.451696;0.865292;W40_NSS1_MCS6:bytes=2181462,ppdus=39,airtime_us=134708;918.75;1.0;824.9543250829294;12.931984;0.984324;W80_NSS2_MCS10:bytes=1616498,ppdus=27,airtime_us=15676;551.25;1.0;512.7444592790387;7.680912;0.98502;W80_NSS2_MCS6:bytes=960114,ppdus=17,airtime_us=14980;735.0;0.9839895847777823;648.767066677263;32.653744;0.949668;W40_NSS1_MCS9:bytes=65350,ppdus=1,airtime_us=2732|W80_NSS2_MCS8:bytes=4016368,ppdus=64,airtime_us=47600;551.25;1.0;508.50280583613915;5.436912;0.989308;W80_NSS2_MCS6:bytes=679614,ppdus=13,airtime_us=10692;1020.833334;1.0;872.2066783831283;9.925712;0.98862;W80_NSS2_MCS11:bytes=1240714,ppdus=25,airtime_us=11380;117.0;0.9773129349945288;116.7847557267383;23.043968;0.80268;W40_NSS1_MCS5:bytes=2815146,ppdus=47,airtime_us=195028|W40_NSS2_MCS5:bytes=65350,ppdus=1,airtime_us=2292;;;;;;;;;;;;;;;;;;;;;;;;;;;;;;;;;;;;;;;;;;;;;;;;;;;;;;;;;;;;;;;;;;;;;;;;;;;;;;;;;;;;;;;;;;
57;1;15;high;-41.5;isolated;ul_dl;su;1;545.979167;450.4650226393425;228.53790985258013;0.2953616668018564;551.25;0.9692855061428988;488.3314207023181;17.02128;0.965144;W40_NSS1_MCS9:bytes=65350,ppdus=1,airtime_us=2732|W80_NSS2_MCS6:bytes=2062310,ppdus=35,airtime_us=32124;367.5;0.9688291791318151;347.4497845541929;16.772096;0.951728;W40_NSS1_MCS11:bytes=65350,ppdus=1,airtime_us=2204|W80_NSS2_MCS4:bytes=2031162,ppdus=33,airtime_us=46068;735.0;0.9390387241695833;588.6831411312465;8.575936;0.985432;W40_NSS1_MCS11:bytes=65350,ppdus=1,airtime_us=2204|W80_NSS2_MCS8:bytes=1006642,ppdus=23,airtime_us=12364;816.666668;1.0;731.3672793009943;19.419264;0.973448;W80_NSS2_MCS9:bytes=2427408,ppdus=42,airtime_us=26552;367.5;0.990686315011864;331.76204972575084;25.392312527345844;0.923462275;W40_NSS1_MCS2:bytes=29562,ppdus=1,airtime_us=5436|W80_NSS2_MCS4:bytes=3144477.06591823,ppdus=49,airtime_us=71101.725;131.625;1.0;129.689473303952;14.360256;0.889272;W40_NSS1_MCS6:bytes=1795032,ppdus=30,airtime_us=110728;551.25;1.0;515.3775656324582;21.59432;0.9581;W80_NSS2_MCS6:bytes=2699290,ppdus=43,airtime_us=41900;612.5;1.0;561.5328310010764;4.173312;0.992568;W80_NSS2_MCS7:bytes=521664,ppdus=10,airtime_us=7432;122.5;1.0;120.68463869835699;18.157728;0.849544;W80_NSS2_MCS1:bytes=2269716,ppdus=38,airtime_us=150456;816.666668;1.0;734.5129351644841;18.39808;0.974952;W80_NSS2_MCS9:bytes=2299760,ppdus=38,airtime_us=25048;243.75;0.7286441687956321;236.78375017596645;26.519501325234284;0.888001177;W20_NSS2_MCS11:bytes=899527.665654286,ppdus=14,airtime_us=30458.823|W40_NSS1_MCS11:bytes=2415410,ppdus=39,airtime_us=81540;490.0;0.9634596190460215;375.8140267927502;9.53816;0.97462;W20_NSS1_MCS6:bytes=43566,ppdus=1,airtime_us=5356|W80_NSS2_MCS5:bytes=1148704,ppdus=22,airtime_us=20024;;;;0.0;;;816.666668;0.9376221202824118;365.25472061657035;3.791344;0.98962;W20_NSS2_MCS2:bytes=29562,ppdus=1,airtime_us=5444|W80_NSS2_MCS9:bytes=444356,ppdus=10,airtime_us=4936;1020.833334;0.9789400072187274;779.266700150678;24.82432;0.968144;W40_NSS1_MCS5:bytes=65350,ppdus=1,airtime_us=4524|W80_NSS2_MCS11:bytes=3037690,ppdus=53,airtime_us=27332;;;;;;;;;;;;;;;;;;;;;;;;;;;;;;;;;;;;;;;;;;;;;;;;;;;;;;;;;;;;;;;;;;;;;;;;;;;;;;;;;;;;;;;;;;
57;1;15;high;-41.5;isolated;ul_dl;su;2;425.9555557333333;382.6740533850431;194.3470473251619;0.3950512355073882;131.625;0.9740910662348907;129.52785908694088;20.178368;0.844216;W20_NSS2_MCS6:bytes=2456946,ppdus=39,airtime_us=151756|W40_NSS1_MCS6:bytes=65350,ppdus=1,airtime_us=4028;816.666668;0.9886621732637155;624.7461363364083;20.859024;0.966612;W40_NSS1_MCS2:bytes=29562,ppdus=1,airtime_us=5436|W80_NSS2_MCS9:bytes=2577816,ppdus=40,airtime_us=27952;735.0;1.0;675.803094233474;19.21984;0.97156;W80_NSS2_MCS8:bytes=2402480,ppdus=38,airtime_us=28440;122.5;1.0;120.82056133711762;18.389856;0.847792;W80_NSS2_MCS1:bytes=2298732,ppdus=36,airtime_us=152208;459.375;1.0;390.63280423280423;1.476592;0.99622;W80_NSS1_MCS10:bytes=184574,ppdus=11,airtime_us=3780;367.5;1.0;352.73403971151276;15.846224;0.955076;W80_NSS2_MCS4:bytes=1980778,ppdus=31,airtime_us=44924;490.0;0.9703005574496746;447.18585509602684;17.603024;0.960636;W20_NSS2_MCS10:bytes=65350,ppdus=1,airtime_us=2436|W80_NSS2_MCS5:bytes=2135028,ppdus=36,airtime_us=36928;816.666668;1.0;736.4103165298945;20.101056;0.972704;W80_NSS2_MCS9:bytes=2512632,ppdus=40,airtime_us=27296;183.75;1.0;179.5643879173291;7.228544;0.959744;W80_NSS2_MCS2:bytes=903568,ppdus=16,airtime_us=40256;122.5;1.0;120.65847886406515;18.387719325161886;0.847605245;W80_NSS2_MCS1:bytes=2298464.91564524,ppdus=38,airtime_us=152394.755;367.5;1.0;350.9653592128319;10.415248;0.970324;W80_NSS2_MCS4:bytes=1301906,ppdus=23,airtime_us=29676;918.75;1.0;817.4621212121212;3.45296;0.995776;W80_NSS2_MCS10:bytes=431620,ppdus=8,airtime_us=4224;490.0;1.0;450.70169293636894;3.088208;0.993148;W80_NSS2_MCS5:bytes=386026,ppdus=9,airtime_us=6852;245.0;0.9764317315934155;224.99895781909933;16.407824;0.927076;W20_NSS1_MCS7:bytes=48338,ppdus=1,airtime_us=5340|W80_NSS2_MCS3:bytes=2002640,ppdus=36,airtime_us=67584;122.5;1.0;117.89913624965172;1.69256;0.985644;W80_NSS2_MCS1:bytes=211570,ppdus=9,airtime_us=14356;;;;;;;;;;;;;;;;;;;;;;;;;;;;;;;;;;;;;;;;;;;;;;;;;;;;;;;;;;;;;;;;;;;;;;;;;;;;;;;;;;;;;;;;;;
58;1;15;high;-41.5;ap_only_cochannel;ul;su;0;310.9305556;238.24828325256317;120.65561476056466;0.4742885480818866;183.75;0.8896759367000233;170.83895014753844;8.800256;0.948488;W20_NSS2_MCS6:bytes=121360,ppdus=4,airtime_us=7616|W80_NSS1_MCS4:bytes=978672,ppdus=26,airtime_us=43896;408.333334;1.0;389.13949983393434;8.741145634731707;0.977537244;W80_NSS1_MCS9:bytes=1092643.20434146,ppdus=18,airtime_us=22462.756;275.625;0.8321130672204516;245.33972760406675;5.115824;0.979148;W20_NSS2_MCS9:bytes=107360,ppdus=2,airtime_us=4520|W80_NSS1_MCS6:bytes=532118,ppdus=17,airtime_us=16332;306.25;0.9525421020907618;302.87253931595734;11.01608;0.963628;W80_NSS1_MCS7:bytes=1311660,ppdus=24,airtime_us=35456|W80_NSS2_MCS7:bytes=65350,ppdus=1,airtime_us=916;183.75;0.9950508910305156;179.26650506202768;10.057568;0.943896;W40_NSS1_MCS6:bytes=6222,ppdus=1,airtime_us=428|W80_NSS1_MCS4:bytes=1250974,ppdus=25,airtime_us=55676;275.625;1.0;265.4500537056928;11.862432;0.955312;W80_NSS1_MCS6:bytes=1482804,ppdus=32,airtime_us=44688;459.375;0.9426423682902982;412.2299306243806;4.99128;0.987892;W40_NSS2_MCS10:bytes=35786,ppdus=1,airtime_us=708|W80_NSS1_MCS10:bytes=588124,ppdus=22,airtime_us=11400;122.5;0.9485894359298631;114.51116551672973;12.347968;0.892168;W20_NSS2_MCS3:bytes=38898,ppdus=1,airtime_us=5380|W80_NSS1_MCS1:bytes=40454,ppdus=1,airtime_us=5340|W80_NSS2_MCS1:bytes=1464144,ppdus=26,airtime_us=97112;61.25;0.8809050849063824;64.67346337438859;13.169328;0.796372;W20_NSS2_MCS6:bytes=130700,ppdus=2,airtime_us=8072|W40_NSS1_MCS6:bytes=65350,ppdus=1,airtime_us=4028|W80_NSS1_MCS1:bytes=1450116,ppdus=38,airtime_us=191528;459.375;0.7620948096240165;295.68429118773946;3.086944;0.98956;W40_NSS1_MCS4:bytes=26450,ppdus=1,airtime_us=2460|W40_NSS1_MCS10:bytes=65350,ppdus=1,airtime_us=2428|W80_NSS1_MCS10:bytes=294068,ppdus=8,airtime_us=5552;551.25;0.9268283943899156;416.85227537922987;7.144848;0.98286;W40_NSS1_MCS6:bytes=65350,ppdus=1,airtime_us=4028|W80_NSS2_MCS6:bytes=827756,ppdus=18,airtime_us=13112;735.0;1.0;148.0;0.024864;0.999832;W80_NSS2_MCS8:bytes=3108,ppdus=2,airtime_us=168;275.625;0.5711398666765749;238.04080259848433;12.683557125832957;0.946716878;W20_NSS2_MCS10:bytes=679934,ppdus=19,airtime_us=25932|W80_NSS1_MCS6:bytes=905510.64072912,ppdus=21,airtime_us=27351.122;243.75;0.9130799329234209;210.47058823529412;0.28624;0.99864;W20_NSS2_MCS11:bytes=32670,ppdus=3,airtime_us=1244|W40_NSS2_MCS11:bytes=3110,ppdus=1,airtime_us=116;122.5;0.9538459365355143;120.35445620298356;11.32728;0.905884;W20_NSS2_MCS5:bytes=65350,ppdus=1,airtime_us=4532|W80_NSS2_MCS1:bytes=1350560,ppdus=24,airtime_us=89584;;;;;;;;;;;;;;;;;;;;;;;;;;;;;;;;;;;;;;;;;;;;;;;;;;;;;;;;;;;;;;;;;;;;;;;;;;;;;;;;;;;;;;;;;;
58;1;15;high;-41.5;ap_only_cochannel;ul;su;1;414.72619071428574;332.5842420181393;150.25145807446808;0.1182571404403372;195.0;0.9381024788712472;184.43828468938528;9.04928;0.950936;W40_NSS1_MCS6:bytes=70016,ppdus=2,airtime_us=4360|W40_NSS1_MCS9:bytes=1061144,ppdus=24,airtime_us=44704;;;;0.0;;;367.5;0.7888749471104043;372.4945652173913;10.96624;0.97056;W40_NSS1_MCS11:bytes=62238,ppdus=1,airtime_us=2092|W80_NSS1_MCS8:bytes=1081374,ppdus=23,airtime_us=24644|W80_NSS2_MCS8:bytes=227168,ppdus=4,airtime_us=2704;816.666668;0.9620592398378562;651.076167076167;13.779376;0.978836;W20_NSS2_MCS9:bytes=65350,ppdus=1,airtime_us=2740|W80_NSS2_MCS9:bytes=1657072,ppdus=34,airtime_us=18424;367.5;1.0;124.32;0.012432;0.9999;W80_NSS2_MCS4:bytes=1554,ppdus=1,airtime_us=100;122.5;1.0;120.76886170772906;0.810561953746531;0.99328832;W80_NSS2_MCS1:bytes=101320.244218316,ppdus=1,airtime_us=6711.68;263.25;0.9636435902831357;184.15931108719053;0.684336;0.996284;W40_NSS1_MCS6:bytes=3110,ppdus=1,airtime_us=236|W40_NSS2_MCS6:bytes=82432,ppdus=18,airtime_us=3480;306.25;0.8456845822653852;233.31488203266787;8.227616;0.964736;W20_NSS2_MCS5:bytes=98024,ppdus=2,airtime_us=6824|W40_NSS1_MCS5:bytes=60682,ppdus=1,airtime_us=4204|W80_NSS1_MCS7:bytes=869746,ppdus=29,airtime_us=24236;122.5;0.9555649308720338;111.94072350852608;15.966848120721554;0.857363365;W20_NSS2_MCS2:bytes=29562,ppdus=1,airtime_us=5444|W40_NSS1_MCS2:bytes=59124,ppdus=2,airtime_us=10872|W80_NSS2_MCS1:bytes=1907170.01509019,ppdus=32,airtime_us=126320.635;243.75;0.9632223419067204;240.331913166971;14.215152;0.940852;W40_NSS1_MCS11:bytes=1711544,ppdus=28,airtime_us=57808|W80_NSS1_MCS9:bytes=65350,ppdus=1,airtime_us=1340;183.75;0.7953220385485973;188.9762507213566;17.028272;0.909892;W20_NSS2_MCS11:bytes=65350,ppdus=1,airtime_us=2212|W40_NSS1_MCS11:bytes=370314,ppdus=7,airtime_us=12548|W80_NSS2_MCS2:bytes=1692870,ppdus=29,airtime_us=75348;490.0;0.9040080467058798;415.3499837820305;10.244192;0.975336;W40_NSS2_MCS6:bytes=57570,ppdus=1,airtime_us=1812|W80_NSS1_MCS5:bytes=65350,ppdus=1,airtime_us=2188|W80_NSS2_MCS5:bytes=1157604,ppdus=30,airtime_us=20664;490.0;0.9544012191474053;407.8911788953009;7.916352;0.980592;W20_NSS2_MCS9:bytes=45122,ppdus=1,airtime_us=1908|W80_NSS2_MCS5:bytes=944422,ppdus=35,airtime_us=17500;816.666668;0.9687498348327873;588.5898273448437;15.136176;0.974284;W40_NSS2_MCS2:bytes=59126,ppdus=1,airtime_us=5444|W80_NSS2_MCS9:bytes=1832896,ppdus=36,airtime_us=20272;1020.833334;0.9601138662145221;832.5274390243902;26.214624;0.968512;W40_NSS2_MCS5:bytes=65350,ppdus=1,airtime_us=2292|W80_NSS1_MCS11:bytes=65350,ppdus=1,airtime_us=1084|W80_NSS2_MCS11:bytes=3146128,ppdus=52,airtime_us=28112;;;;;;;;;;;;;;;;;;;;;;;;;;;;;;;;;;;;;;;;;;;;;;;;;;;;;;;;;;;;;;;;;;;;;;;;;;;;;;;;;;;;;;;;;;
58;1;15;high;-41.5;ap_only_cochannel;ul;su;2;369.8222224;264.8472080968469;118.4201275495287;0.49147785816249934;122.5;0.8835483970604657;121.54588116381488;13.468256;0.889192;W20_NSS2_MCS6:bytes=196050,ppdus=3,airtime_us=12108|W80_NSS2_MCS1:bytes=1487482,ppdus=27,airtime_us=98700;816.666668;0.8695781785661052;141.2421052631579;0.858752;0.99392;W20_NSS1_MCS2:bytes=12446,ppdus=1,airtime_us=4588|W20_NSS2_MCS9:bytes=1554,ppdus=1,airtime_us=116|W80_NSS2_MCS9:bytes=93344,ppdus=8,airtime_us=1376;735.0;0.926244562377495;587.3136937520233;7.256848;0.987644;W20_NSS2_MCS1:bytes=1554,ppdus=1,airtime_us=484|W40_NSS2_MCS8:bytes=65350,ppdus=1,airtime_us=1556|W80_NSS2_MCS8:bytes=840202,ppdus=19,airtime_us=10316;122.5;0.9704059200172988;114.60715924736118;7.991328;0.930272;W40_NSS1_MCS2:bytes=29562,ppdus=1,airtime_us=5436|W80_NSS2_MCS1:bytes=969354,ppdus=17,airtime_us=64292;459.375;0.707874133914882;335.8048884796843;13.31122518616145;0.96036024;W20_NSS2_MCS11:bytes=65350,ppdus=1,airtime_us=2212|W40_NSS1_MCS10:bytes=398937.148270181,ppdus=8,airtime_us=14899.76|W40_NSS2_MCS10:bytes=21782,ppdus=1,airtime_us=452|W80_NSS1_MCS10:bytes=1177834,ppdus=29,airtime_us=22076;183.75;0.8743169015073824;169.62468723936612;11.38928;0.932856;W20_NSS2_MCS6:bytes=34230,ppdus=1,airtime_us=2148|W40_NSS1_MCS6:bytes=144700,ppdus=4,airtime_us=9008|W80_NSS1_MCS4:bytes=1244730,ppdus=35,airtime_us=55988;219.375;0.5042294640863214;212.30760335357039;2.937488;0.986164;W20_NSS2_MCS10:bytes=185146,ppdus=9,airtime_us=7268|W40_NSS2_MCS5:bytes=182040,ppdus=6,airtime_us=6568;816.666668;0.9448088197786272;685.4217076700434;9.472528;0.98618;W80_NSS1_MCS9:bytes=65350,ppdus=1,airtime_us=1340|W80_NSS2_MCS9:bytes=1118716,ppdus=24,airtime_us=12480;183.75;0.9413273085587431;168.88439706493148;4.879408;0.971108;W80_NSS1_MCS2:bytes=35786,ppdus=1,airtime_us=3164|W80_NSS2_MCS2:bytes=574140,ppdus=12,airtime_us=25728;122.5;0.9709182833020467;117.04801935266339;21.400662363367253;0.817163396;W40_NSS2_MCS1:bytes=77796,ppdus=2,airtime_us=10760|W80_NSS2_MCS1:bytes=2597286.79542091,ppdus=43,airtime_us=172076.604;367.5;0.964291042920376;305.6311020169541;4.182256;0.986316;W40_NSS2_MCS2:bytes=18668,ppdus=2,airtime_us=1816|W80_NSS2_MCS4:bytes=504114,ppdus=15,airtime_us=11868;918.75;0.832013982538124;597.9269183922046;7.854368;0.986864;W20_NSS2_MCS10:bytes=99578,ppdus=3,airtime_us=3820|W40_NSS2_MCS10:bytes=65350,ppdus=1,airtime_us=1252|W80_NSS2_MCS10:bytes=816868,ppdus=16,airtime_us=8064;234.0;0.8694499806233738;205.5168;9.248256;0.955;W40_NSS1_MCS2:bytes=23338,ppdus=1,airtime_us=4300|W40_NSS2_MCS5:bytes=1005112,ppdus=32,airtime_us=36288|W80_NSS1_MCS5:bytes=127582,ppdus=5,airtime_us=4412;122.5;1.0;117.17766497461929;3.970448;0.966116;W80_NSS1_MCS3:bytes=496306,ppdus=29,airtime_us=33884;122.5;1.0;92.65549348230913;0.199024;0.997852;W80_NSS2_MCS1:bytes=24878,ppdus=9,airtime_us=2148;;;;;;;;;;;;;;;;;;;;;;;;;;;;;;;;;;;;;;;;;;;;;;;;;;;;;;;;;;;;;;;;;;;;;;;;;;;;;;;;;;;;;;;;;;
59;1;15;high;-41.5;ap_only_cochannel;dl;su;0;181.03888893333334;34.92838249455928;1.590384;0.8867080023251308;87.75;0.9063377701795091;53.78653530377668;0.131024;0.997564;W40_NSS1_MCS4:bytes=14844,ppdus=18,airtime_us=2296|W40_NSS1_MCS6:bytes=1534,ppdus=1,airtime_us=140;43.875;0.9671621154510889;25.21132897603486;0.092576;0.996328;W20_NSS1_MCS0:bytes=380,ppdus=2,airtime_us=520|W20_NSS1_MCS4:bytes=11192,ppdus=20,airtime_us=3152;7.3125;1.0;7.053751077895947;0.09816;0.986084;W20_NSS1_MCS0:bytes=12270,ppdus=9,airtime_us=13916;61.25;1.0;45.12676056338028;0.089712;0.998012;W80_NSS2_MCS0:bytes=11214,ppdus=9,airtime_us=1988;183.75;0.8349414197105445;59.52820512820513;0.092864;0.99844;W40_NSS1_MCS6:bytes=958,ppdus=1,airtime_us=108|W80_NSS1_MCS4:bytes=9692,ppdus=18,airtime_us=1368|W80_NSS2_MCS4:bytes=958,ppdus=1,airtime_us=84;7.3125;1.0;6.904038211029093;0.0636;0.990788;W20_NSS1_MCS0:bytes=7950,ppdus=9,airtime_us=9212;438.75;0.4771048744460857;47.7272030651341;0.249136;0.99478;W20_NSS1_MCS0:bytes=2780,ppdus=2,airtime_us=3160|W20_NSS2_MCS10:bytes=2492,ppdus=2,airtime_us=200|W40_NSS2_MCS10:bytes=14858,ppdus=11,airtime_us=908|W80_NSS1_MCS10:bytes=11012,ppdus=14,airtime_us=952;122.5;1.0;76.7013698630137;0.111984;0.99854;W80_NSS2_MCS1:bytes=13998,ppdus=9,airtime_us=1460;122.5;0.8767162471395881;57.78512396694215;0.055936;0.999032;W20_NSS1_MCS6:bytes=862,ppdus=1,airtime_us=156|W80_NSS2_MCS1:bytes=6130,ppdus=7,airtime_us=812;438.75;0.7393428063943162;22.747474747474747;0.144128;0.993664;W20_NSS1_MCS0:bytes=4696,ppdus=4,airtime_us=5344|W40_NSS2_MCS10:bytes=13320,ppdus=12,airtime_us=992;43.875;1.0;29.968051118210862;0.11256;0.996244;W20_NSS1_MCS4:bytes=14070,ppdus=21,airtime_us=3756;7.3125;1.0;6.913219789132198;0.068192;0.990136;W20_NSS1_MCS0:bytes=8524,ppdus=10,airtime_us=9864;7.3125;1.0;7.026392961876833;0.076672;0.989088;W20_NSS1_MCS0:bytes=9584,ppdus=8,airtime_us=10912;1020.833334;0.7287363979569176;22.127764127764127;0.144096;0.993488;W20_NSS1_MCS0:bytes=4886,ppdus=5,airtime_us=5628|W80_NSS2_MCS11:bytes=13126,ppdus=13,airtime_us=884;122.5;0.9748259239421532;55.318518518518516;0.059744;0.99892;W20_NSS1_MCS5:bytes=94,ppdus=1,airtime_us=60|W80_NSS1_MCS1:bytes=94,ppdus=1,airtime_us=60|W80_NSS2_MCS1:bytes=7280,ppdus=8,airtime_us=960;;;;;;;;;;;;;;;;;;;;;;;;;;;;;;;;;;;;;;;;;;;;;;;;;;;;;;;;;;;;;;;;;;;;;;;;;;;;;;;;;;;;;;;;;;
59;1;15;high;-41.5;ap_only_cochannel;dl;su;1;201.07638893333333;34.940993948132665;1.724608;0.3312694266765106;551.25;0.7298502439845196;22.770114942528735;0.190176;0.991648;W20_NSS1_MCS0:bytes=6422,ppdus=5,airtime_us=7292|W80_NSS2_MCS6:bytes=17350,ppdus=13,airtime_us=1060;183.75;1.0;75.9809976247031;0.127952;0.998316;W80_NSS1_MCS4:bytes=15994,ppdus=19,airtime_us=1684;7.3125;0.9713083971759051;7.110280373831776;0.106512;0.98502;W20_NSS1_MCS0:bytes=12932,ppdus=14,airtime_us=14904|W20_NSS1_MCS11:bytes=382,ppdus=1,airtime_us=76;7.3125;0.9299667774086379;7.557117750439367;0.1204;0.984068;W20_NSS1_MCS0:bytes=13996,ppdus=10,airtime_us=15864|W80_NSS2_MCS9:bytes=1054,ppdus=1,airtime_us=68;183.75;1.0;77.30563798219585;0.104208;0.998652;W80_NSS1_MCS4:bytes=13026,ppdus=15,airtime_us=1348;122.5;0.6887261674495717;62.93913043478261;0.115808;0.99816;W20_NSS1_MCS6:bytes=1534,ppdus=1,airtime_us=236|W40_NSS2_MCS1:bytes=2972,ppdus=2,airtime_us=536|W80_NSS2_MCS1:bytes=9970,ppdus=7,airtime_us=1068;7.3125;1.0;6.942028985507246;0.061312;0.991168;W20_NSS1_MCS0:bytes=7664,ppdus=8,airtime_us=8832;7.3125;1.0;7.012195121951219;0.0736;0.989504;W20_NSS1_MCS0:bytes=9200,ppdus=8,airtime_us=10496;122.5;0.9084103217585219;67.14438502673796;0.100448;0.998504;W40_NSS2_MCS1:bytes=1150,ppdus=1,airtime_us=212|W80_NSS2_MCS1:bytes=11406,ppdus=9,airtime_us=1284;7.3125;1.0;7.102880658436214;0.110464;0.984448;W20_NSS1_MCS0:bytes=13808,ppdus=8,airtime_us=15552;183.75;0.7899457861015279;93.71824480369516;0.16232;0.998268;W80_NSS1_MCS2:bytes=4262,ppdus=1,airtime_us=428|W80_NSS2_MCS2:bytes=16028,ppdus=10,airtime_us=1304;490.0;0.6310138762280968;25.828646173969915;0.157968;0.993884;W20_NSS1_MCS0:bytes=4506,ppdus=3,airtime_us=5092|W40_NSS2_MCS5:bytes=2780,ppdus=2,airtime_us=216|W80_NSS2_MCS5:bytes=12460,ppdus=10,airtime_us=808;490.0;0.46413293846660086;22.636871508379887;0.097248;0.995704;W20_NSS1_MCS0:bytes=2492,ppdus=2,airtime_us=2840|W20_NSS1_MCS5:bytes=1530,ppdus=3,airtime_us=356|W20_NSS2_MCS5:bytes=1246,ppdus=1,airtime_us=148|W40_NSS1_MCS5:bytes=1246,ppdus=1,airtime_us=140|W80_NSS2_MCS5:bytes=5642,ppdus=11,airtime_us=812;408.333334;0.6829206241519674;30.274711168164313;0.188672;0.993768;W20_NSS1_MCS0:bytes=4506,ppdus=3,airtime_us=5108|W20_NSS1_MCS9:bytes=1438,ppdus=1,airtime_us=172|W20_NSS2_MCS9:bytes=1534,ppdus=1,airtime_us=116|W80_NSS1_MCS9:bytes=16106,ppdus=11,airtime_us=836;243.75;0.5;9.791666666666666;0.00752;0.999232;W20_NSS1_MCS0:bytes=94,ppdus=1,airtime_us=156|W20_NSS2_MCS11:bytes=470,ppdus=5,airtime_us=340|W40_NSS2_MCS11:bytes=376,ppdus=4,airtime_us=272;;;;;;;;;;;;;;;;;;;;;;;;;;;;;;;;;;;;;;;;;;;;;;;;;;;;;;;;;;;;;;;;;;;;;;;;;;;;;;;;;;;;;;;;;;
59;1;15;high;-41.5;ap_only_cochannel;dl;su;2;95.94583333333334;44.94071077049238;1.741216;-283.14099216710184;122.5;1.0;62.9134328358209;0.084304;0.99866;W80_NSS2_MCS1:bytes=10538,ppdus=11,airtime_us=1340;21.9375;0.7311586051743532;13.121771217712178;0.085344;0.993496;W20_NSS1_MCS0:bytes=2868,ppdus=2,airtime_us=3256|W20_NSS1_MCS2:bytes=7800,ppdus=8,airtime_us=3248;87.75;0.7432402234636871;18.90179514255544;0.1432;0.992424;W20_NSS1_MCS0:bytes=4596,ppdus=6,airtime_us=5336|W20_NSS1_MCS8:bytes=13304,ppdus=20,airtime_us=2240;122.5;0.9054628224582701;68.29015544041451;0.10544;0.998456;W40_NSS2_MCS1:bytes=1246,ppdus=1,airtime_us=228|W80_NSS2_MCS1:bytes=11934,ppdus=9,airtime_us=1316;7.3125;0.8934131736526946;7.718719049191153;0.09352;0.987884;W20_NSS1_MCS0:bytes=10444,ppdus=10,airtime_us=11976|W20_NSS1_MCS11:bytes=1246,ppdus=1,airtime_us=140;183.75;0.9386683738796415;76.94581280788178;0.12496;0.998376;W40_NSS1_MCS6:bytes=958,ppdus=1,airtime_us=108|W80_NSS1_MCS4:bytes=14662,ppdus=17,airtime_us=1516;7.3125;1.0;7.054735013032146;0.12992;0.981584;W20_NSS1_MCS0:bytes=16240,ppdus=12,airtime_us=18416;7.3125;1.0;7.0658464342674865;0.124048;0.982444;W20_NSS1_MCS0:bytes=15506,ppdus=11,airtime_us=17556;183.75;1.0;85.56913183279742;0.106448;0.998756;W80_NSS2_MCS2:bytes=13306,ppdus=11,airtime_us=1244;122.5;1.0;66.50746268656717;0.071296;0.998928;W80_NSS2_MCS1:bytes=8912,ppdus=8,airtime_us=1072;183.75;1.0;68.62680412371134;0.133136;0.99806;W80_NSS1_MCS4:bytes=16642,ppdus=23,airtime_us=1940;121.875;0.7565114801706144;21.87394540942928;0.176304;0.99194;W20_NSS1_MCS0:bytes=5366,ppdus=5,airtime_us=6140|W20_NSS1_MCS11:bytes=16672,ppdus=16,airtime_us=1920;21.9375;1.0;20.264608599779493;0.14704;0.992744;W20_NSS1_MCS2:bytes=18380,ppdus=10,airtime_us=7256;122.5;1.0;74.03592814371258;0.098912;0.998664;W80_NSS1_MCS3:bytes=12364,ppdus=10,airtime_us=1336;122.5;1.0;75.22051282051282;0.117344;0.99844;W80_NSS2_MCS1:bytes=14668,ppdus=10,airtime_us=1560;;;;;;;;;;;;;;;;;;;;;;;;;;;;;;;;;;;;;;;;;;;;;;;;;;;;;;;;;;;;;;;;;;;;;;;;;;;;;;;;;;;;;;;;;;
60;1;15;high;-41.5;ap_only_cochannel;ul_dl;su;0;301.25694453333335;169.5251655903678;54.427102759944496;0.425519400294718;183.75;1.0;156.70193548387095;0.485776;0.9969;W80_NSS1_MCS4:bytes=60722,ppdus=9,airtime_us=3100;816.666668;0.7683649056751775;485.65714285714284;0.815904;0.99832;W80_NSS1_MCS9:bytes=23624,ppdus=2,airtime_us=568|W80_NSS2_MCS9:bytes=78364,ppdus=6,airtime_us=1112;97.5;0.8603760270174908;99.07116104868913;0.634848;0.993592;W20_NSS1_MCS9:bytes=68276,ppdus=6,airtime_us=5912|W40_NSS1_MCS6:bytes=1554,ppdus=1,airtime_us=140|W40_NSS2_MCS6:bytes=9526,ppdus=1,airtime_us=356;61.25;1.0;60.37475935828877;3.387024;0.9439;W80_NSS2_MCS0:bytes=423378,ppdus=13,airtime_us=56100;183.75;1.0;140.69291338582678;0.214416;0.998476;W80_NSS1_MCS4:bytes=26802,ppdus=7,airtime_us=1524;109.6875;0.4640800242497727;139.64021164021165;0.844544;0.993952;W20_NSS1_MCS6:bytes=7778,ppdus=1,airtime_us=1004|W20_NSS1_MCS10:bytes=48992,ppdus=6,airtime_us=3912|W80_NSS2_MCS6:bytes=48798,ppdus=7,airtime_us=1132;219.375;0.5591546605386695;262.3523158694002;5.528288;0.978928;W20_NSS2_MCS10:bytes=386396,ppdus=12,airtime_us=14800|W40_NSS2_MCS10:bytes=304640,ppdus=12,airtime_us=6272;122.5;0.8956804988294716;107.73754702784048;2.863664;0.97342;W40_NSS2_MCS1:bytes=37342,ppdus=1,airtime_us=5172|W80_NSS2_MCS1:bytes=320616,ppdus=8,airtime_us=21408;61.25;1.0;60.22780569514238;4.602368;0.923584;W80_NSS1_MCS1:bytes=575296,ppdus=24,airtime_us=76416;459.375;0.8253747249724972;73.26952141057934;0.930816;0.987296;W20_NSS1_MCS0:bytes=9428,ppdus=2,airtime_us=10424|W40_NSS2_MCS10:bytes=10890,ppdus=1,airtime_us=260|W80_NSS1_MCS10:bytes=96034,ppdus=7,airtime_us=2020;551.25;0.8401009103871888;211.2862108922364;1.45872;0.993096;W20_NSS1_MCS4:bytes=14578,ppdus=1,airtime_us=2716|W40_NSS1_MCS6:bytes=14578,ppdus=1,airtime_us=940|W80_NSS2_MCS6:bytes=153184,ppdus=16,airtime_us=3248;735.0;0.7451698455949137;215.12309495896835;2.202;0.989764;W20_NSS1_MCS0:bytes=4762,ppdus=1,airtime_us=5260|W20_NSS2_MCS9:bytes=13598,ppdus=1,airtime_us=612|W80_NSS1_MCS8:bytes=51782,ppdus=3,airtime_us=1268|W80_NSS2_MCS8:bytes=205108,ppdus=14,airtime_us=3096;551.25;0.742377183659571;211.25449591280653;1.550608;0.99266;W20_NSS1_MCS6:bytes=13214,ppdus=1,airtime_us=1660|W20_NSS1_MCS10:bytes=36720,ppdus=4,airtime_us=2896|W80_NSS2_MCS6:bytes=143892,ppdus=12,airtime_us=2784;243.75;0.7061460050966871;198.83755588673623;1.06736;0.994632;W20_NSS1_MCS0:bytes=478,ppdus=1,airtime_us=572|W20_NSS2_MCS11:bytes=11058,ppdus=3,airtime_us=524|W40_NSS1_MCS11:bytes=94214,ppdus=13,airtime_us=3772|W80_NSS2_MCS11:bytes=27670,ppdus=5,airtime_us=500;122.5;0.9814482120965468;120.65081242777698;27.840766759944497;0.769245095;W40_NSS1_MCS5:bytes=64562,ppdus=1,airtime_us=4460|W80_NSS2_MCS1:bytes=3415533.84499306,ppdus=54,airtime_us=226294.905;;;;;;;;;;;;;;;;;;;;;;;;;;;;;;;;;;;;;;;;;;;;;;;;;;;;;;;;;;;;;;;;;;;;;;;;;;;;;;;;;;;;;;;;;;
60;1;15;high;-41.5;ap_only_cochannel;ul_dl;su;1;269.2638889333333;131.0529898011596;46.768016;0.5956291160770919;195.0;0.877347263157054;189.48013620885357;2.003184;0.989428;W20_NSS2_MCS9:bytes=219686,ppdus=17,airtime_us=10004|W80_NSS2_MCS6:bytes=30712,ppdus=2,airtime_us=568;87.75;0.9339802181896159;87.64369616288175;3.581472;0.959136;W20_NSS2_MCS4:bytes=7776,ppdus=2,airtime_us=824|W20_NSS2_MCS11:bytes=7778,ppdus=1,airtime_us=308|W40_NSS1_MCS4:bytes=418128,ppdus=24,airtime_us=39360|W80_NSS2_MCS4:bytes=14002,ppdus=1,airtime_us=372;351.0;0.7666335239042175;52.13390928725702;0.386208;0.992592;W20_NSS1_MCS0:bytes=4666,ppdus=1,airtime_us=5164|W20_NSS2_MCS8:bytes=6600,ppdus=4,airtime_us=560|W40_NSS2_MCS8:bytes=37010,ppdus=13,airtime_us=1684;408.333334;0.6925840320470674;182.59034653465346;4.721056;0.974144;W20_NSS1_MCS0:bytes=9332,ppdus=2,airtime_us=10328|W20_NSS2_MCS10:bytes=172084,ppdus=8,airtime_us=6768|W80_NSS1_MCS9:bytes=408716,ppdus=14,airtime_us=8760;183.75;0.7960884628089016;121.40732105385871;2.082864;0.982844;W20_NSS1_MCS4:bytes=17210,ppdus=1,airtime_us=3196|W20_NSS2_MCS2:bytes=18670,ppdus=1,airtime_us=3460|W40_NSS2_MCS4:bytes=17210,ppdus=1,airtime_us=852|W80_NSS1_MCS4:bytes=207268,ppdus=12,airtime_us=9648;122.5;0.9704435057122957;122.61645962732919;17.68816;0.855744;W40_NSS2_MCS6:bytes=65350,ppdus=1,airtime_us=2052|W80_NSS2_MCS1:bytes=2145670,ppdus=35,airtime_us=142204;551.25;0.789598237853385;109.92096048024013;0.878928;0.992004;W20_NSS1_MCS0:bytes=4760,ppdus=2,airtime_us=5320|W20_NSS2_MCS6:bytes=3110,ppdus=1,airtime_us=244|W40_NSS2_MCS6:bytes=15246,ppdus=3,airtime_us=652|W80_NSS2_MCS6:bytes=86750,ppdus=9,airtime_us=1780;146.25;0.3894410812332817;78.86588944404791;3.97768;0.949564;W20_NSS1_MCS0:bytes=13998,ppdus=3,airtime_us=15492|W20_NSS1_MCS7:bytes=110714,ppdus=5,airtime_us=12380|W20_NSS2_MCS5:bytes=106642,ppdus=5,airtime_us=7588|W20_NSS2_MCS7:bytes=25566,ppdus=1,airtime_us=1460|W40_NSS1_MCS5:bytes=25662,ppdus=1,airtime_us=1804|W40_NSS1_MCS7:bytes=193634,ppdus=9,airtime_us=11084|W40_NSS2_MCS7:bytes=20994,ppdus=1,airtime_us=628;122.5;0.9943162321173439;115.95659251220836;2.564496;0.977884;W40_NSS2_MCS1:bytes=1822,ppdus=1,airtime_us=308|W80_NSS2_MCS1:bytes=318740,ppdus=16,airtime_us=21808;195.0;0.8420576079083045;191.38837920489297;1.502016;0.992152;W20_NSS2_MCS9:bytes=14002,ppdus=1,airtime_us=628|W40_NSS1_MCS9:bytes=158098,ppdus=9,airtime_us=6956|W80_NSS2_MCS9:bytes=15652,ppdus=2,airtime_us=264;183.75;1.0;178.2141357592722;2.037344;0.988568;W80_NSS2_MCS2:bytes=254668,ppdus=6,airtime_us=11432;490.0;0.48123727901554203;160.59236067626802;4.103456;0.974448;W20_NSS1_MCS0:bytes=9332,ppdus=2,airtime_us=10328|W20_NSS1_MCS6:bytes=9334,ppdus=1,airtime_us=1180|W40_NSS1_MCS5:bytes=23818,ppdus=1,airtime_us=1676|W80_NSS1_MCS5:bytes=223606,ppdus=7,airtime_us=7668|W80_NSS2_MCS5:bytes=246842,ppdus=11,airtime_us=4700;490.0;0.5992272085360113;86.70748299319727;0.815744;0.990592;W20_NSS1_MCS0:bytes=4666,ppdus=1,airtime_us=5164|W20_NSS2_MCS5:bytes=36200,ppdus=4,airtime_us=2704|W80_NSS2_MCS5:bytes=61102,ppdus=9,airtime_us=1540;390.0;0.8652774801799872;204.02185792349727;0.298688;0.998536;W20_NSS2_MCS9:bytes=5030,ppdus=1,airtime_us=260|W40_NSS2_MCS9:bytes=32306,ppdus=9,airtime_us=1204;121.875;0.6012626262626263;84.25531914893617;0.12672;0.998496;W20_NSS1_MCS5:bytes=4762,ppdus=1,airtime_us=700|W20_NSS1_MCS11:bytes=9524,ppdus=2,airtime_us=728|W80_NSS1_MCS11:bytes=1554,ppdus=1,airtime_us=76;;;;;;;;;;;;;;;;;;;;;;;;;;;;;;;;;;;;;;;;;;;;;;;;;;;;;;;;;;;;;;;;;;;;;;;;;;;;;;;;;;;;;;;;;;
60;1;15;high;-41.5;ap_only_cochannel;ul_dl;su;2;331.78333346666665;178.32837091088007;77.6000380528051;0.2566646300359883;122.5;1.0;119.70044342256529;5.830848;0.951288;W80_NSS2_MCS1:bytes=728856,ppdus=18,airtime_us=48712;816.666668;0.8152490713027651;287.80920124188543;4.078832;0.985828;W20_NSS1_MCS0:bytes=4666,ppdus=1,airtime_us=5164|W40_NSS1_MCS9:bytes=89530,ppdus=3,airtime_us=3844|W80_NSS2_MCS9:bytes=415658,ppdus=19,airtime_us=5164;175.5;0.4072467549409693;84.995148995149;0.981184;0.988456;W20_NSS1_MCS0:bytes=4666,ppdus=1,airtime_us=5164|W20_NSS1_MCS8:bytes=20510,ppdus=3,airtime_us=2020|W40_NSS1_MCS8:bytes=49948,ppdus=8,airtime_us=2688|W40_NSS2_MCS8:bytes=35080,ppdus=8,airtime_us=1296|W80_NSS1_MCS8:bytes=12444,ppdus=2,airtime_us=376;122.5;0.9732239090937086;119.57350950343857;17.665312;0.852264;W40_NSS2_MCS2:bytes=59126,ppdus=1,airtime_us=5444|W80_NSS2_MCS1:bytes=2149038,ppdus=33,airtime_us=142292;918.75;1.0;563.6937799043062;0.471248;0.999164;W80_NSS2_MCS10:bytes=58906,ppdus=5,airtime_us=836;183.75;0.9040610989348128;162.34430714083578;6.884048;0.957596;W20_NSS2_MCS6:bytes=31214,ppdus=1,airtime_us=1956|W40_NSS1_MCS4:bytes=51342,ppdus=3,airtime_us=4836|W80_NSS1_MCS4:bytes=777950,ppdus=33,airtime_us=35612;245.0;0.8436545639633526;155.10526315789474;0.188608;0.998784;W20_NSS2_MCS5:bytes=3686,ppdus=1,airtime_us=308|W80_NSS1_MCS5:bytes=19890,ppdus=5,airtime_us=908;408.333334;1.0;143.47826086956522;0.0132;0.999908;W80_NSS1_MCS9:bytes=1650,ppdus=1,airtime_us=92;183.75;1.0;177.98160400193643;8.823616;0.950424;W80_NSS2_MCS2:bytes=1102952,ppdus=26,airtime_us=49576;58.5;0.9610384585622533;56.72425145007055;2.894752;0.948968;W20_NSS2_MCS2:bytes=14098,ppdus=1,airtime_us=2628|W40_NSS2_MCS1:bytes=347746,ppdus=13,airtime_us=48404;87.75;0.4245128391914041;28.561768530559167;0.087856;0.996924;W20_NSS1_MCS0:bytes=1554,ppdus=1,airtime_us=1756|W20_NSS1_MCS4:bytes=1554,ppdus=1,airtime_us=332|W20_NSS2_MCS4:bytes=4662,ppdus=3,airtime_us=588|W40_NSS1_MCS4:bytes=3110,ppdus=1,airtime_us=332|W80_NSS2_MCS4:bytes=102,ppdus=1,airtime_us=68;918.75;1.0;330.6518838999989;0.1508175985882353;0.999543878;W80_NSS2_MCS10:bytes=18852.1998235294,ppdus=6,airtime_us=456.122;490.0;0.7926539156913122;203.07246376811594;0.168144;0.999172;W40_NSS2_MCS5:bytes=4358,ppdus=1,airtime_us=212|W80_NSS2_MCS5:bytes=16660,ppdus=6,airtime_us=616;122.5;1.0;120.91821785539676;19.677140454216868;0.837269017;W80_NSS1_MCS3:bytes=2459642.55677711,ppdus=40,airtime_us=162730.983;122.5;1.0;120.31545992148288;9.684432;0.919508;W80_NSS2_MCS1:bytes=1210554,ppdus=23,airtime_us=80492;;;;;;;;;;;;;;;;;;;;;;;;;;;;;;;;;;;;;;;;;;;;;;;;;;;;;;;;;;;;;;;;;;;;;;;;;;;;;;;;;;;;;;;;;;
61;1;15;medium;-50.0;isolated;ul;su;0;563.5000001333333;432.46037914573105;305.44956212929293;0.3733146926791905;367.5;1.0;350.8886639839779;20.74013381111111;0.940892551;W80_NSS2_MCS4:bytes=2592516.72638889,ppdus=49,airtime_us=59107.449;816.666668;0.9877264733302933;709.2670840548822;42.595744;0.939944;W40_NSS2_MCS4:bytes=65350,ppdus=1,airtime_us=3044|W80_NSS2_MCS9:bytes=5259118,ppdus=81,airtime_us=57012;551.25;1.0;516.1595893413072;30.86587631818182;0.940200905;W80_NSS2_MCS6:bytes=3858234.53977273,ppdus=59,airtime_us=59799.095;306.25;0.5292652632423698;290.4591748890802;35.089792;0.879192;W40_NSS2_MCS7:bytes=2064748,ppdus=32,airtime_us=58288|W80_NSS1_MCS7:bytes=2321476,ppdus=38,airtime_us=62520;367.5;0.9820128340562146;343.12187750861784;29.065168;0.915292;W20_NSS2_MCS6:bytes=65350,ppdus=1,airtime_us=4036|W80_NSS2_MCS4:bytes=3567796,ppdus=56,airtime_us=80672;551.25;0.914632234600673;424.79911209766925;3.061952;0.992792;W40_NSS1_MCS10:bytes=32674,ppdus=1,airtime_us=1244|W80_NSS2_MCS6:bytes=350070,ppdus=15,airtime_us=5964;918.75;1.0;182.8235294117647;0.012432;0.999932;W80_NSS2_MCS10:bytes=1554,ppdus=1,airtime_us=68;122.5;1.0;101.21475054229936;0.18664;0.998156;W80_NSS2_MCS1:bytes=23330,ppdus=5,airtime_us=1844;551.25;0.5217391304347826;358.16752055284167;48.0976;0.865712;W80_NSS1_MCS6:bytes=2875400,ppdus=44,airtime_us=85712|W80_NSS2_MCS6:bytes=3136800,ppdus=48,airtime_us=48576;918.75;1.0;829.9978771796816;21.895344;0.97362;W80_NSS2_MCS10:bytes=2736918,ppdus=43,airtime_us=26380;551.25;1.0;463.6441038739889;4.3564;0.990604;W80_NSS2_MCS6:bytes=544550,ppdus=25,airtime_us=9396;735.0;0.9777777777777777;665.252799457075;23.526;0.964636;W40_NSS2_MCS9:bytes=65350,ppdus=1,airtime_us=1396|W80_NSS2_MCS8:bytes=2875400,ppdus=44,airtime_us=33968;551.25;0.8688524590163934;504.5693310549965;31.8908;0.936796;W80_NSS1_MCS10:bytes=522800,ppdus=8,airtime_us=9568|W80_NSS2_MCS6:bytes=3463550,ppdus=53,airtime_us=53636;1020.833334;0.9893718519732947;670.7353951890034;14.053248;0.979048;W20_NSS2_MCS1:bytes=18670,ppdus=1,airtime_us=5172|W80_NSS2_MCS11:bytes=1737986,ppdus=33,airtime_us=15780;122.5;1.0;75.8048780487805;0.012432;0.999836;W80_NSS2_MCS1:bytes=1554,ppdus=1,airtime_us=164;;;;;;;;;;;;;;;;;;;;;;;;;;;;;;;;;;;;;;;;;;;;;;;;;;;;;;;;;;;;;;;;;;;;;;;;;;;;;;;;;;;;;;;;;;
61;1;15;medium;-50.0;isolated;ul;su;1;474.03205146153846;435.44238664561044;287.4770691458498;0.4148005381147719;551.25;0.9868050694561026;510.8825123996202;39.6212771458498;0.922445423;W40_NSS2_MCS9:bytes=65350,ppdus=1,airtime_us=1396|W80_NSS2_MCS6:bytes=4887309.64323123,ppdus=83,airtime_us=76158.577;510.416667;0.8746295284857591;511.5702508642851;46.168192;0.909752;W80_NSS1_MCS11:bytes=5047508,ppdus=78,airtime_us=83768|W80_NSS2_MCS11:bytes=723516,ppdus=12,airtime_us=6480;735.0;1.0;666.0123001230012;15.161104;0.977236;W80_NSS2_MCS8:bytes=1895138,ppdus=35,airtime_us=22764;816.666668;0.9900685731966672;733.2837800189446;52.640976;0.928212;W80_NSS1_MCS10:bytes=65350,ppdus=1,airtime_us=1196|W80_NSS2_MCS9:bytes=6514772,ppdus=100,airtime_us=70592;367.5;1.0;322.1907356948229;3.310832;0.989724;W80_NSS2_MCS4:bytes=413854,ppdus=21,airtime_us=10276;263.25;1.0;254.77582846003898;14.1156;0.944596;W40_NSS2_MCS6:bytes=1764450,ppdus=27,airtime_us=55404;551.25;1.0;507.22787578364193;13.916304;0.972564;W80_NSS2_MCS6:bytes=1739538,ppdus=35,airtime_us=27436;612.5;1.0;535.6101507907318;5.825296;0.989124;W80_NSS2_MCS7:bytes=728162,ppdus=23,airtime_us=10876;122.5;1.0;120.20347413826605;12.372784;0.897068;W80_NSS2_MCS1:bytes=1546598,ppdus=33,airtime_us=102932;;;;0.0;;;243.75;1.0;235.8246213971666;15.447456;0.934496;W20_NSS2_MCS11:bytes=1930932,ppdus=32,airtime_us=65504;490.0;0.9904458561477809;461.193715865417;54.719712;0.881352;W40_NSS2_MCS6:bytes=65350,ppdus=1,airtime_us=2052|W80_NSS2_MCS5:bytes=6774614,ppdus=105,airtime_us=116596;490.0;0.9862865789164414;431.92893401015226;10.89152;0.974784;W20_NSS1_MCS9:bytes=18670,ppdus=1,airtime_us=1580|W80_NSS2_MCS5:bytes=1342770,ppdus=29,airtime_us=23636;408.333334;1.0;370.04684684684685;3.286016;0.99112;W80_NSS1_MCS9:bytes=410752,ppdus=16,airtime_us=8880;;;;0.0;;;;;;;;;;;;;;;;;;;;;;;;;;;;;;;;;;;;;;;;;;;;;;;;;;;;;;;;;;;;;;;;;;;;;;;;;;;;;;;;;;;;;;;;;;;;
61;1;15;medium;-50.0;isolated;ul;su;2;417.67307707692305;358.5199730070002;167.87939177526806;0.6578331219727906;131.625;1.0;129.7399229642489;19.131968;0.852536;W40_NSS1_MCS6:bytes=2391496,ppdus=38,airtime_us=147464;408.333334;1.0;163.57894736842104;0.049728;0.999696;W80_NSS1_MCS9:bytes=6216,ppdus=4,airtime_us=304;735.0;1.0;675.429261050791;27.728035423834196;0.958947536;W80_NSS2_MCS8:bytes=3466004.42797927,ppdus=54,airtime_us=41052.464;122.5;0.9856500579104286;117.84332008122873;16.480624;0.860148;W40_NSS1_MCS2:bytes=29562,ppdus=1,airtime_us=5436|W80_NSS2_MCS1:bytes=2030516,ppdus=32,airtime_us=134416;918.75;0.9818887372611448;795.2946881199031;28.866016;0.963704;W40_NSS1_MCS11:bytes=65350,ppdus=1,airtime_us=2204|W80_NSS2_MCS10:bytes=3542902,ppdus=55,airtime_us=34092;183.75;1.0;173.87376954255936;2.40224;0.986184;W80_NSS1_MCS4:bytes=300280,ppdus=14,airtime_us=13816;245.0;1.0;199.1754161331626;0.622224;0.996876;W80_NSS1_MCS5:bytes=77778,ppdus=11,airtime_us=3124;816.666668;1.0;719.5016926201761;8.501632;0.988184;W80_NSS2_MCS9:bytes=1062704,ppdus=22,airtime_us=11816;91.875;0.8796926348347187;93.6289592760181;1.65536;0.98232;W80_NSS1_MCS2:bytes=182026,ppdus=13,airtime_us=16540|W80_NSS2_MCS2:bytes=24894,ppdus=1,airtime_us=1140;122.5;0.9896248723101915;120.46500976777236;47.99015635143386;0.601625763;W80_NSS1_MCS2:bytes=62238,ppdus=1,airtime_us=5468|W80_NSS2_MCS1:bytes=5936531.54392923,ppdus=93,airtime_us=392906.237;;;;0.0;;;918.75;1.0;797.0244988864142;5.725824;0.992816;W80_NSS2_MCS10:bytes=715728,ppdus=16,airtime_us=7184;490.0;1.0;452.05515929624346;7.605376;0.983176;W80_NSS2_MCS5:bytes=950672,ppdus=22,airtime_us=16824;245.0;1.0;223.14900398406374;1.120208;0.99498;W80_NSS2_MCS3:bytes=140026,ppdus=7,airtime_us=5020;;;;0.0;;;;;;;;;;;;;;;;;;;;;;;;;;;;;;;;;;;;;;;;;;;;;;;;;;;;;;;;;;;;;;;;;;;;;;;;;;;;;;;;;;;;;;;;;;;;
62;1;15;medium;-50.0;isolated;dl;su;0;557.3222224;123.86866489684517;4.220112;0.7218879694301042;367.5;0.9661606737606536;116.46989720998532;0.317264;0.997276;W80_NSS1_MCS6:bytes=1342,ppdus=1,airtime_us=92|W80_NSS2_MCS4:bytes=38316,ppdus=30,airtime_us=2632;816.666668;0.9724649344676938;142.0081632653061;0.278336;0.99804;W80_NSS1_MCS4:bytes=958,ppdus=1,airtime_us=92|W80_NSS2_MCS9:bytes=33834,ppdus=27,airtime_us=1868;408.333334;0.6912366912366913;128.75219683655536;0.29304;0.997724;W80_NSS1_MCS9:bytes=25320,ppdus=20,airtime_us=1536|W80_NSS2_MCS6:bytes=11310,ppdus=9,airtime_us=740;612.5;0.7385336647085404;129.6996336996337;0.283264;0.997816;W80_NSS1_MCS7:bytes=9258,ppdus=7,airtime_us=596|W80_NSS2_MCS7:bytes=26150,ppdus=21,airtime_us=1588;367.5;0.9659218870384638;115.37094017094017;0.269968;0.99766;W80_NSS1_MCS6:bytes=1150,ppdus=1,airtime_us=92|W80_NSS2_MCS4:bytes=32596,ppdus=26,airtime_us=2248;551.25;0.755591054313099;136.7731092436975;0.260416;0.998096;W80_NSS1_MCS10:bytes=7956,ppdus=6,airtime_us=440|W80_NSS2_MCS6:bytes=24596,ppdus=18,airtime_us=1464;918.75;0.9716832463311337;138.6075085324232;0.324896;0.997656;W80_NSS2_MCS6:bytes=1150,ppdus=1,airtime_us=84|W80_NSS2_MCS10:bytes=39462,ppdus=33,airtime_us=2260;122.5;0.7005690841715193;71.11529411764705;0.241792;0.9966;W80_NSS1_MCS3:bytes=9050,ppdus=7,airtime_us=948|W80_NSS2_MCS1:bytes=21174,ppdus=17,airtime_us=2452;275.625;0.7124452782989369;104.16938110749186;0.25584;0.997544;W80_NSS1_MCS6:bytes=22784,ppdus=20,airtime_us=1696|W80_NSS2_MCS6:bytes=9196,ppdus=10,airtime_us=760;918.75;0.9632946444352796;143.53488372093022;0.271568;0.998108;W80_NSS1_MCS4:bytes=1246,ppdus=1,airtime_us=108|W80_NSS2_MCS10:bytes=32700,ppdus=26,airtime_us=1784;551.25;1.0;129.24822695035462;0.291584;0.997744;W80_NSS2_MCS6:bytes=36448,ppdus=28,airtime_us=2256;735.0;0.9665775401069518;139.30364372469634;0.275264;0.998024;W80_NSS1_MCS9:bytes=1150,ppdus=1,airtime_us=76|W80_NSS2_MCS8:bytes=33258,ppdus=27,airtime_us=1900;459.375;0.631021831960065;122.93530499075786;0.266032;0.997836;W80_NSS1_MCS10:bytes=20984,ppdus=20,airtime_us=1440|W80_NSS2_MCS6:bytes=12270,ppdus=9,airtime_us=724;1020.833334;0.9510798707556261;136.48742746615088;0.282256;0.997932;W80_NSS1_MCS1:bytes=1726,ppdus=1,airtime_us=284|W80_NSS2_MCS11:bytes=33556,ppdus=26,airtime_us=1784;234.0;0.6456680665733395;103.55436241610738;0.308592;0.99702;W40_NSS2_MCS5:bytes=24906,ppdus=19,airtime_us=1996|W80_NSS1_MCS5:bytes=13668,ppdus=10,airtime_us=984;;;;;;;;;;;;;;;;;;;;;;;;;;;;;;;;;;;;;;;;;;;;;;;;;;;;;;;;;;;;;;;;;;;;;;;;;;;;;;;;;;;;;;;;;;
62;1;15;medium;-50.0;isolated;dl;su;1;551.0222225333333;126.06727277394661;4.036221429942858;0.7347910463941145;551.25;0.9684474013569594;117.0019267822736;0.242896;0.997924;W40_NSS2_MCS9:bytes=958,ppdus=1,airtime_us=84|W80_NSS2_MCS6:bytes=29404,ppdus=26,airtime_us=1992;367.5;0.9657636201250372;121.48282097649187;0.26872;0.997788;W40_NSS2_MCS11:bytes=1150,ppdus=1,airtime_us=84|W80_NSS2_MCS4:bytes=32440,ppdus=24,airtime_us=2128;735.0;0.9653275425262396;127.62124711316397;0.22104;0.998268;W40_NSS2_MCS11:bytes=958,ppdus=1,airtime_us=68|W80_NSS2_MCS8:bytes=26672,ppdus=24,airtime_us=1664;816.666668;1.0;160.98701298701297;0.297504;0.998152;W80_NSS2_MCS9:bytes=37188,ppdus=26,airtime_us=1848;367.5;1.0;124.54188948306596;0.279472;0.997756;W80_NSS2_MCS4:bytes=34934,ppdus=25,airtime_us=2244;263.25;0.713765253224709;94.22748786585336;0.29071742994285715;0.996914728;W40_NSS1_MCS6:bytes=10401.6787428571,ppdus=8,airtime_us=1089.272|W40_NSS2_MCS6:bytes=25938,ppdus=19,airtime_us=1996;551.25;0.9736943269811632;132.18874773139746;0.291344;0.997796;W40_NSS2_MCS7:bytes=958,ppdus=1,airtime_us=84|W80_NSS2_MCS6:bytes=35460,ppdus=26,airtime_us=2120;612.5;0.9557007553051193;128.81853281853282;0.266912;0.997928;W40_NSS2_MCS5:bytes=1478,ppdus=1,airtime_us=116|W80_NSS2_MCS7:bytes=31886,ppdus=25,airtime_us=1956;122.5;0.9624973920300438;71.80524344569288;0.306752;0.995728;W40_NSS2_MCS2:bytes=1438,ppdus=1,airtime_us=196|W80_NSS2_MCS1:bytes=36906,ppdus=27,airtime_us=4076;816.666668;0.9726557543458952;141.36322869955157;0.252192;0.998216;W40_NSS2_MCS11:bytes=862,ppdus=1,airtime_us=68|W80_NSS2_MCS9:bytes=30662,ppdus=25,airtime_us=1716;243.75;1.0;114.8728943338438;0.300048;0.997388;W40_NSS1_MCS11:bytes=37506,ppdus=27,airtime_us=2612;490.0;0.9639475829205593;129.9307535641548;0.255184;0.998036;W40_NSS2_MCS6:bytes=1150,ppdus=1,airtime_us=100|W80_NSS2_MCS5:bytes=30748,ppdus=22,airtime_us=1864;490.0;1.0;138.1459227467811;0.257504;0.998136;W80_NSS2_MCS5:bytes=32188,ppdus=22,airtime_us=1864;816.666668;1.0;139.1822222222222;0.250528;0.9982;W80_NSS2_MCS9:bytes=31316,ppdus=26,airtime_us=1800;1020.833334;1.0;148.83916083916083;0.255408;0.998284;W80_NSS2_MCS11:bytes=31926,ppdus=25,airtime_us=1716;;;;;;;;;;;;;;;;;;;;;;;;;;;;;;;;;;;;;;;;;;;;;;;;;;;;;;;;;;;;;;;;;;;;;;;;;;;;;;;;;;;;;;;;;;
62;1;15;medium;-50.0;isolated;dl;su;2;594.8055557333333;119.66786756773058;7.182672;0.5269493763323474;551.25;0.9828120413554678;129.50791974656812;0.490576;0.996212;W20_NSS2_MCS7:bytes=1054,ppdus=1,airtime_us=116|W80_NSS2_MCS6:bytes=60268,ppdus=46,airtime_us=3672;816.666668;0.9733643561605778;133.93488372093023;0.460736;0.99656;W20_NSS2_MCS4:bytes=1534,ppdus=1,airtime_us=196|W80_NSS2_MCS9:bytes=56058,ppdus=47,airtime_us=3244;735.0;0.9817134529303585;143.2;0.461104;0.99678;W20_NSS2_MCS10:bytes=1054,ppdus=1,airtime_us=100|W80_NSS2_MCS8:bytes=56584,ppdus=44,airtime_us=3120;183.75;0.9807910736954634;87.39854014598541;0.478944;0.99452;W20_NSS2_MCS3:bytes=1150,ppdus=1,airtime_us=212|W80_NSS2_MCS2:bytes=58718,ppdus=45,airtime_us=5268;1020.833334;0.9694274783542519;129.838779956427;0.476768;0.996328;W20_NSS2_MCS1:bytes=1822,ppdus=1,airtime_us=564|W80_NSS2_MCS11:bytes=57774,ppdus=45,airtime_us=3108;551.25;0.9774946788531363;128.82258064516128;0.511168;0.996032;W20_NSS2_MCS7:bytes=1438,ppdus=1,airtime_us=132|W80_NSS2_MCS6:bytes=62458,ppdus=47,airtime_us=3836;918.75;0.9799135929842662;148.4019138755981;0.496256;0.996656;W20_NSS2_MCS11:bytes=1246,ppdus=1,airtime_us=100|W80_NSS2_MCS10:bytes=60786,ppdus=47,airtime_us=3244;918.75;0.9378540542352428;134.23172103487065;0.477328;0.996444;W20_NSS2_MCS4:bytes=2366,ppdus=1,airtime_us=276|W40_NSS1_MCS4:bytes=1342,ppdus=1,airtime_us=172|W80_NSS2_MCS10:bytes=55958,ppdus=45,airtime_us=3108;367.5;0.9809854497354498;101.98988195615514;0.48384;0.995256;W40_NSS1_MCS0:bytes=1150,ppdus=1,airtime_us=684|W80_NSS2_MCS4:bytes=59330,ppdus=47,airtime_us=4060;183.75;0.9849247812677031;93.0424597364568;0.508384;0.994536;W20_NSS2_MCS8:bytes=958,ppdus=1,airtime_us=100|W80_NSS2_MCS2:bytes=62590,ppdus=45,airtime_us=5364;367.5;0.9778646295967313;103.1897341888176;0.45032;0.995636;W20_NSS2_MCS1:bytes=1246,ppdus=1,airtime_us=404|W80_NSS2_MCS4:bytes=55044,ppdus=46,airtime_us=3960;1020.833334;0.9753605962285972;122.91806515301086;0.498064;0.995948;W40_NSS1_MCS0:bytes=1534,ppdus=1,airtime_us=892|W80_NSS2_MCS11:bytes=60724,ppdus=46,airtime_us=3160;490.0;0.9820242428791234;117.7767955801105;0.426352;0.99638;W20_NSS2_MCS10:bytes=958,ppdus=1,airtime_us=100|W80_NSS2_MCS5:bytes=52336,ppdus=44,airtime_us=3520;612.5;0.985455404447744;134.237825594564;0.474128;0.996468;W40_NSS2_MCS10:bytes=862,ppdus=1,airtime_us=68|W80_NSS2_MCS7:bytes=58404,ppdus=46,airtime_us=3464;183.75;0.9796031953902566;86.52691218130312;0.488704;0.994352;W20_NSS2_MCS3:bytes=1246,ppdus=1,airtime_us=228|W80_NSS2_MCS2:bytes=59842,ppdus=47,airtime_us=5420;;;;;;;;;;;;;;;;;;;;;;;;;;;;;;;;;;;;;;;;;;;;;;;;;;;;;;;;;;;;;;;;;;;;;;;;;;;;;;;;;;;;;;;;;;
63;1;15;medium;-50.0;isolated;ul_dl;su;0;524.4916668;451.7639970283445;212.11308005734438;0.2097962032883085;367.5;1.0;348.60865033871806;2.67592;0.992324;W80_NSS2_MCS4:bytes=334490,ppdus=7,airtime_us=7676;816.666668;1.0;735.9474311595084;9.835181599435028;0.986636027;W80_NSS2_MCS9:bytes=1229397.69992938,ppdus=19,airtime_us=13363.973;551.25;0.9108502174518032;362.8891089108911;5.864288;0.98384;W20_NSS1_MCS9:bytes=65350,ppdus=1,airtime_us=5420|W80_NSS2_MCS6:bytes=667686,ppdus=17,airtime_us=10740;146.25;0.6384745702693283;174.78850069223878;17.169824;0.901768;W40_NSS1_MCS7:bytes=1370312,ppdus=24,airtime_us=76192|W40_NSS2_MCS7:bytes=775916,ppdus=14,airtime_us=22040;367.5;0.9819808045246793;342.04357257379985;29.013504;0.915176;W40_NSS1_MCS6:bytes=65350,ppdus=1,airtime_us=4028|W80_NSS2_MCS4:bytes=3561338,ppdus=59,airtime_us=80796;551.25;1.0;514.7325593342238;20.039568;0.961068;W80_NSS2_MCS6:bytes=2504946,ppdus=41,airtime_us=38932;918.75;0.994311075025784;794.8430232558139;8.749632;0.988992;W20_NSS2_MCS6:bytes=6222,ppdus=1,airtime_us=436|W80_NSS2_MCS10:bytes=1087482,ppdus=19,airtime_us=10572;122.5;1.0;117.44248921258986;2.2162184579093434;0.98112933;W80_NSS2_MCS1:bytes=277027.307238668,ppdus=14,airtime_us=18870.67;131.625;1.0;129.55890884584957;17.686864;0.863484;W40_NSS1_MCS6:bytes=2210858,ppdus=39,airtime_us=136516;918.75;0.9782341064296216;695.5876499106915;21.808064;0.968648;W20_NSS2_MCS4:bytes=59334,ppdus=1,airtime_us=5476|W80_NSS2_MCS10:bytes=2666674,ppdus=45,airtime_us=25876;551.25;1.0;512.7675930287329;21.772112;0.95754;W80_NSS2_MCS6:bytes=2721514,ppdus=47,airtime_us=42460;735.0;1.0;557.6168717047452;1.269136;0.997724;W80_NSS2_MCS8:bytes=158642,ppdus=9,airtime_us=2276;551.25;0.9735362316727775;495.9160558288985;19.755312;0.960164;W40_NSS1_MCS10:bytes=65350,ppdus=1,airtime_us=2428|W80_NSS2_MCS6:bytes=2404064,ppdus=40,airtime_us=37408;1020.833334;1.0;876.3754857997011;11.725904;0.98662;W80_NSS2_MCS11:bytes=1465738,ppdus=29,airtime_us=13380;117.0;0.627996154015489;117.34205482876428;22.531552;0.807984;W40_NSS1_MCS5:bytes=1768716,ppdus=30,airtime_us=122536|W80_NSS2_MCS1:bytes=1047728,ppdus=18,airtime_us=69480;;;;;;;;;;;;;;;;;;;;;;;;;;;;;;;;;;;;;;;;;;;;;;;;;;;;;;;;;;;;;;;;;;;;;;;;;;;;;;;;;;;;;;;;;;
63;1;15;medium;-50.0;isolated;ul_dl;su;1;538.2472225333333;452.8970734983702;278.853104;0.1283467610034571;551.25;0.9824412005855259;511.8439989014007;29.817984;0.941744;W40_NSS2_MCS9:bytes=65446,ppdus=1,airtime_us=1396|W80_NSS2_MCS6:bytes=3661802,ppdus=59,airtime_us=56860;367.5;1.0;349.25440313111545;17.133024;0.950944;W80_NSS2_MCS4:bytes=2141628,ppdus=40,airtime_us=49056;735.0;0.9410267748368873;528.0581367643555;8.86504;0.983212;W20_NSS1_MCS11:bytes=65350,ppdus=1,airtime_us=4348|W80_NSS2_MCS8:bytes=1042780,ppdus=18,airtime_us=12440;816.666668;1.0;734.3083003952569;33.4404;0.95446;W80_NSS2_MCS9:bytes=4180050,ppdus=69,airtime_us=45540;367.5;1.0;349.2547112462006;20.682864;0.94078;W80_NSS2_MCS4:bytes=2585358,ppdus=49,airtime_us=59220;131.625;1.0;38.741573033707866;0.027584;0.999288;W40_NSS1_MCS6:bytes=3448,ppdus=10,airtime_us=712;551.25;0.9830344964373741;492.35431712149295;30.815472;0.937412;W40_NSS1_MCS7:bytes=65350,ppdus=1,airtime_us=3628|W80_NSS2_MCS6:bytes=3786584,ppdus=64,airtime_us=58960;612.5;0.973547222357151;512.0082901554404;19.76352;0.9614;W40_NSS1_MCS5:bytes=65350,ppdus=1,airtime_us=4524|W80_NSS2_MCS7:bytes=2405090,ppdus=43,airtime_us=34076;122.5;1.0;120.49967146090384;13.203872;0.890424;W80_NSS2_MCS1:bytes=1650484,ppdus=30,airtime_us=109576;816.666668;1.0;730.1920609026645;26.856464;0.96322;W80_NSS2_MCS9:bytes=3357058,ppdus=59,airtime_us=36780;183.75;1.0;175.87314260368152;3.172048;0.981964;W80_NSS2_MCS2:bytes=396506,ppdus=13,airtime_us=18036;490.0;0.9665930538089542;422.31865284974094;15.64944;0.962944;W40_NSS1_MCS6:bytes=65350,ppdus=1,airtime_us=4028|W80_NSS2_MCS5:bytes=1890830,ppdus=37,airtime_us=33028;490.0;0.9737656374500395;443.4717383576253;19.959776;0.954992;W40_NSS1_MCS9:bytes=65454,ppdus=1,airtime_us=2732|W80_NSS2_MCS5:bytes=2429518,ppdus=45,airtime_us=42276;816.666668;0.9758633724656459;619.9261040111351;19.597104;0.968388;W40_NSS2_MCS2:bytes=59126,ppdus=1,airtime_us=5444|W80_NSS2_MCS9:bytes=2390512,ppdus=42,airtime_us=26168;1020.833334;0.9761028908455751;765.351001540832;19.868512;0.97404;W40_NSS1_MCS5:bytes=59350,ppdus=1,airtime_us=4108|W80_NSS2_MCS11:bytes=2424214,ppdus=43,airtime_us=21852;;;;;;;;;;;;;;;;;;;;;;;;;;;;;;;;;;;;;;;;;;;;;;;;;;;;;;;;;;;;;;;;;;;;;;;;;;;;;;;;;;;;;;;;;;
63;1;15;medium;-50.0;isolated;ul_dl;su;2;456.5805557333333;397.16665119829025;206.97348046254805;0.3781510432250722;131.625;0.8064661337945372;129.65997888067582;10.805344;0.916664;W20_NSS2_MCS6:bytes=261400,ppdus=4,airtime_us=16144|W40_NSS1_MCS6:bytes=1089268,ppdus=18,airtime_us=67192;816.666668;0.9917639179255838;652.1308139534884;28.714624;0.955968;W20_NSS2_MCS2:bytes=29562,ppdus=1,airtime_us=5444|W80_NSS2_MCS9:bytes=3559766,ppdus=55,airtime_us=38588;735.0;1.0;671.0191412312467;10.37664;0.984536;W80_NSS2_MCS8:bytes=1297080,ppdus=22,airtime_us=15464;122.5;1.0;120.74561862998938;32.27144;0.732732;W80_NSS2_MCS1:bytes=4033930,ppdus=65,airtime_us=267268;918.75;0.975959734714417;718.8854798430253;16.120288;0.977576;W20_NSS1_MCS11:bytes=48442,ppdus=1,airtime_us=3228|W80_NSS2_MCS10:bytes=1966594,ppdus=35,airtime_us=19196;367.5;0.9741560006023189;316.0875773441218;10.6256;0.966384;W20_NSS1_MCS6:bytes=34326,ppdus=1,airtime_us=4220|W80_NSS2_MCS4:bytes=1293874,ppdus=21,airtime_us=29396;490.0;1.0;457.94749085147345;3.033800462548043;0.993375222;W80_NSS2_MCS5:bytes=379225.057818505,ppdus=7,airtime_us=6624.778;816.666668;1.0;733.094714247384;10.928976;0.985092;W80_NSS2_MCS9:bytes=1366122,ppdus=23,airtime_us=14908;183.75;1.0;179.97786818551668;13.271568;0.92626;W80_NSS2_MCS2:bytes=1658946,ppdus=27,airtime_us=73740;122.5;0.9808407634753555;116.48974677352598;12.383792;0.893692;W20_NSS2_MCS2:bytes=29658,ppdus=1,airtime_us=5476|W80_NSS2_MCS1:bytes=1518316,ppdus=28,airtime_us=100832;367.5;0.993911930390259;323.1115481876932;18.399264;0.943056;W20_NSS1_MCS2:bytes=14002,ppdus=1,airtime_us=5164|W80_NSS2_MCS4:bytes=2285906,ppdus=37,airtime_us=51780;918.75;1.0;825.5165965404394;21.18936;0.974332;W80_NSS2_MCS10:bytes=2648670,ppdus=45,airtime_us=25668;490.0;1.0;459.46627131208305;12.3964;0.97302;W80_NSS2_MCS5:bytes=1549550,ppdus=29,airtime_us=26980;245.0;1.0;237.9159416015337;6.453232;0.972876;W80_NSS2_MCS3:bytes=806654,ppdus=13,airtime_us=27124;122.5;1.0;15.450980392156863;0.003152;0.999796;W80_NSS2_MCS1:bytes=394,ppdus=3,airtime_us=204;;;;;;;;;;;;;;;;;;;;;;;;;;;;;;;;;;;;;;;;;;;;;;;;;;;;;;;;;;;;;;;;;;;;;;;;;;;;;;;;;;;;;;;;;;
64;1;15;medium;-50.0;ap_only_cochannel;ul;su;0;365.44722226666664;298.85028351562465;122.24395233070052;0.18527713057604245;367.5;0.9470387881529566;320.4017590149516;21.857808;0.93178;W20_NSS2_MCS6:bytes=62238,ppdus=1,airtime_us=3844|W40_NSS1_MCS6:bytes=82464,ppdus=2,airtime_us=5128|W80_NSS2_MCS4:bytes=2587524,ppdus=52,airtime_us=59248;195.0;0.6049390553580498;215.78082191780823;1.008128;0.995328;W20_NSS2_MCS9:bytes=76232,ppdus=6,airtime_us=3448|W40_NSS2_MCS9:bytes=40450,ppdus=3,airtime_us=988|W80_NSS1_MCS9:bytes=9334,ppdus=1,airtime_us=236;551.25;0.9518344904848244;471.26780131990273;10.85424;0.976968;W20_NSS2_MCS9:bytes=65350,ppdus=1,airtime_us=2740|W80_NSS2_MCS6:bytes=1291430,ppdus=25,airtime_us=20292;292.5;0.9249410988450083;261.69904296477296;10.281632;0.960712;W20_NSS2_MCS7:bytes=96466,ppdus=3,airtime_us=5452|W40_NSS2_MCS7:bytes=1188738,ppdus=23,airtime_us=33836;87.75;0.9366195908021003;85.52845528455285;1.76736;0.979336;W20_NSS2_MCS4:bytes=206918,ppdus=15,airtime_us=19756|W40_NSS1_MCS6:bytes=14002,ppdus=1,airtime_us=908;551.25;0.9096759391076231;446.4708423326134;5.788048;0.987036;W20_NSS2_MCS10:bytes=65350,ppdus=1,airtime_us=2436|W80_NSS2_MCS6:bytes=658156,ppdus=16,airtime_us=10528;219.375;1.0;107.17241379310344;0.012432;0.999884;W20_NSS2_MCS10:bytes=1554,ppdus=1,airtime_us=116;122.5;0.9313764204247096;108.46110035311538;7.61744;0.929768;W20_NSS2_MCS3:bytes=56010,ppdus=3,airtime_us=7836|W40_NSS1_MCS1:bytes=4666,ppdus=1,airtime_us=1324|W40_NSS1_MCS3:bytes=4666,ppdus=1,airtime_us=684|W80_NSS2_MCS1:bytes=886838,ppdus=41,airtime_us=60388;131.625;1.0;129.0579771476936;3.659568;0.971644;W20_NSS2_MCS6:bytes=457446,ppdus=9,airtime_us=28356;918.75;0.8988385614234418;585.7549555174029;15.011728;0.974372;W20_NSS2_MCS4:bytes=59126,ppdus=1,airtime_us=5444|W40_NSS1_MCS10:bytes=65350,ppdus=1,airtime_us=2428|W80_NSS1_MCS10:bytes=65350,ppdus=1,airtime_us=1196|W80_NSS2_MCS10:bytes=1686640,ppdus=32,airtime_us=16560;275.625;0.9175443019168793;246.0657991701185;18.544944330700524;0.924634206;W20_NSS1_MCS6:bytes=1316.04133756535,ppdus=1,airtime_us=161.794|W20_NSS2_MCS4:bytes=59126,ppdus=1,airtime_us=5444|W20_NSS2_MCS6:bytes=65350,ppdus=1,airtime_us=4036|W40_NSS2_MCS6:bytes=65350,ppdus=1,airtime_us=2052|W80_NSS1_MCS6:bytes=2126976,ppdus=38,airtime_us=63672;367.5;0.9305547408395457;328.45486910994765;6.273488;0.9809;W20_NSS2_MCS9:bytes=54458,ppdus=1,airtime_us=2292|W80_NSS1_MCS8:bytes=729728,ppdus=18,airtime_us=16808;263.25;0.6789908846558373;224.63002461033633;4.381184;0.980496;W40_NSS1_MCS6:bytes=40450,ppdus=3,airtime_us=2612|W40_NSS2_MCS6:bytes=371848,ppdus=18,airtime_us=12376|W80_NSS1_MCS6:bytes=135350,ppdus=11,airtime_us=4516;1020.833334;0.9278348693960214;837.3203883495146;7.244496;0.991348;W40_NSS2_MCS11:bytes=65350,ppdus=1,airtime_us=1140|W80_NSS2_MCS11:bytes=840212,ppdus=14,airtime_us=7512;117.0;0.9028208429285511;114.6880018485356;7.941456;0.930756;W20_NSS2_MCS5:bytes=896214,ppdus=21,airtime_us=62548|W40_NSS1_MCS5:bytes=96468,ppdus=2,airtime_us=6696;;;;;;;;;;;;;;;;;;;;;;;;;;;;;;;;;;;;;;;;;;;;;;;;;;;;;;;;;;;;;;;;;;;;;;;;;;;;;;;;;;;;;;;;;;
64;1;15;medium;-50.0;ap_only_cochannel;ul;su;1;485.802778;362.61850012459223;135.366064;0.24211864905788227;551.25;1.0;509.1437419354839;7.891728;0.9845;W80_NSS2_MCS6:bytes=986466,ppdus=19,airtime_us=15500;183.75;0.5952373982398386;199.44851380042462;12.024352;0.939712;W20_NSS2_MCS11:bytes=65350,ppdus=1,airtime_us=2212|W40_NSS1_MCS11:bytes=543026,ppdus=9,airtime_us=18348|W80_NSS1_MCS4:bytes=894668,ppdus=16,airtime_us=39728;735.0;1.0;646.0192;6.460192;0.99;W80_NSS2_MCS8:bytes=807524,ppdus=20,airtime_us=10000;816.666668;0.8428917848551046;456.00803946647176;9.982928;0.978108;W20_NSS1_MCS9:bytes=65350,ppdus=1,airtime_us=5420|W20_NSS2_MCS10:bytes=130700,ppdus=2,airtime_us=4872|W80_NSS2_MCS9:bytes=1051816,ppdus=20,airtime_us=11600;175.5;0.9760965765913421;154.0386587771203;3.123904;0.97972;W20_NSS2_MCS4:bytes=9334,ppdus=1,airtime_us=916|W40_NSS2_MCS4:bytes=381154,ppdus=33,airtime_us=19364;131.625;0.8774106688013973;116.03940886699507;1.319136;0.988632;W20_NSS2_MCS6:bytes=144678,ppdus=15,airtime_us=9708|W40_NSS2_MCS6:bytes=1554,ppdus=1,airtime_us=100|W80_NSS2_MCS1:bytes=18660,ppdus=6,airtime_us=1560;263.25;0.9014899486978777;226.57074549011085;4.169808;0.981596;W20_NSS2_MCS6:bytes=51346,ppdus=1,airtime_us=3188|W40_NSS2_MCS6:bytes=469880,ppdus=16,airtime_us=15216;612.5;1.0;566.4614355027605;13.54296;0.976092;W80_NSS2_MCS7:bytes=1692870,ppdus=29,airtime_us=23908;122.5;0.9270912953723376;113.2080301739871;18.609136;0.83562;W20_NSS2_MCS2:bytes=29562,ppdus=1,airtime_us=5444|W40_NSS2_MCS2:bytes=59126,ppdus=1,airtime_us=5444|W80_NSS1_MCS1:bytes=80908,ppdus=2,airtime_us=10680|W80_NSS2_MCS1:bytes=2156546,ppdus=35,airtime_us=142812;816.666668;1.0;705.0464547677261;3.460368;0.995092;W80_NSS2_MCS9:bytes=432546,ppdus=11,airtime_us=4908;487.5;0.6256582442897519;338.81859021481665;16.592624;0.951028;W20_NSS2_MCS11:bytes=35786,ppdus=1,airtime_us=1236|W40_NSS1_MCS11:bytes=740628,ppdus=14,airtime_us=25096|W40_NSS2_MCS11:bytes=1297664,ppdus=20,airtime_us=22640;490.0;0.9605631116941991;417.34743735045964;13.256624;0.968236;W40_NSS1_MCS6:bytes=65350,ppdus=1,airtime_us=4028|W80_NSS2_MCS5:bytes=1591728,ppdus=30,airtime_us=27736;490.0;0.7141544117647058;145.06666666666666;0.08704;0.9994;W20_NSS2_MCS9:bytes=3110,ppdus=1,airtime_us=180|W80_NSS2_MCS5:bytes=7770,ppdus=5,airtime_us=420;390.0;0.9337647947798919;290.977376344086;13.530448;0.9535;W20_NSS1_MCS0:bytes=4666,ppdus=1,airtime_us=5164|W20_NSS2_MCS2:bytes=29562,ppdus=1,airtime_us=5444|W20_NSS2_MCS9:bytes=12446,ppdus=1,airtime_us=564|W40_NSS2_MCS9:bytes=1579282,ppdus=29,airtime_us=33988|W80_NSS1_MCS9:bytes=65350,ppdus=1,airtime_us=1340;1020.833334;0.8184808307974253;555.083202511774;11.314816;0.979616;W20_NSS2_MCS11:bytes=63794,ppdus=1,airtime_us=2148|W40_NSS1_MCS5:bytes=65350,ppdus=1,airtime_us=4524|W40_NSS1_MCS11:bytes=65350,ppdus=1,airtime_us=2204|W80_NSS1_MCS11:bytes=62238,ppdus=1,airtime_us=1020|W80_NSS2_MCS11:bytes=1157620,ppdus=22,airtime_us=10488;;;;;;;;;;;;;;;;;;;;;;;;;;;;;;;;;;;;;;;;;;;;;;;;;;;;;;;;;;;;;;;;;;;;;;;;;;;;;;;;;;;;;;;;;;
64;1;15;medium;-50.0;ap_only_cochannel;ul;su;2;370.8666668;265.53368749586923;93.4636261950178;0.5356354082797407;122.5;1.0;112.43454545454546;1.978848;0.9824;W80_NSS2_MCS1:bytes=247356,ppdus=24,airtime_us=17600;816.666668;1.0;678.7472035794184;2.4272;0.996424;W80_NSS2_MCS9:bytes=303400,ppdus=10,airtime_us=3576;735.0;1.0;668.5753803596127;5.80056;0.991324;W80_NSS2_MCS8:bytes=725070,ppdus=13,airtime_us=8676;122.5;0.9569060592997962;118.90755557432075;22.530128;0.810524;W40_NSS2_MCS2:bytes=59126,ppdus=1,airtime_us=5444|W80_NSS1_MCS2:bytes=62238,ppdus=1,airtime_us=5468|W80_NSS2_MCS1:bytes=2694902,ppdus=45,airtime_us=178564;487.5;0.5379953817120485;322.23984891406985;4.095024;0.987292;W40_NSS1_MCS11:bytes=180478,ppdus=9,airtime_us=6380|W40_NSS2_MCS11:bytes=275388,ppdus=12,airtime_us=5248|W80_NSS1_MCS10:bytes=56012,ppdus=2,airtime_us=1080;183.75;0.7801268498942917;158.9472081218274;10.020032;0.93696;W20_NSS2_MCS4:bytes=57570,ppdus=1,airtime_us=5316|W20_NSS2_MCS6:bytes=197596,ppdus=8,airtime_us=12480|W40_NSS1_MCS6:bytes=20226,ppdus=1,airtime_us=1276|W80_NSS1_MCS4:bytes=977112,ppdus=28,airtime_us=43968;490.0;1.0;412.9087048832272;3.11168;0.992464;W80_NSS2_MCS5:bytes=388960,ppdus=20,airtime_us=7536;408.333334;0.6420446453676688;289.2495378927911;4.381552;0.984852;W20_NSS2_MCS9:bytes=65350,ppdus=1,airtime_us=2740|W20_NSS2_MCS10:bytes=65350,ppdus=1,airtime_us=2436|W40_NSS1_MCS9:bytes=65350,ppdus=1,airtime_us=2732|W80_NSS1_MCS9:bytes=351644,ppdus=6,airtime_us=7240;87.75;0.8530829073939822;86.54118887570844;5.252704;0.939304;W20_NSS2_MCS2:bytes=29562,ppdus=1,airtime_us=5444|W40_NSS2_MCS2:bytes=560124,ppdus=18,airtime_us=52152|W80_NSS2_MCS2:bytes=66902,ppdus=3,airtime_us=3100;122.5;0.995265212040788;119.9310114068441;15.770928;0.8685;W40_NSS2_MCS2:bytes=9334,ppdus=1,airtime_us=916|W80_NSS2_MCS1:bytes=1962032,ppdus=42,airtime_us=130584;367.5;0.8123454752617597;223.65856255545697;5.041264;0.97746;W20_NSS2_MCS4:bytes=118252,ppdus=2,airtime_us=10888|W80_NSS2_MCS4:bytes=511906,ppdus=9,airtime_us=11652;918.75;1.0;209.57303370786516;0.149216;0.999288;W80_NSS2_MCS10:bytes=18652,ppdus=10,airtime_us=712;490.0;0.9350579285292948;379.1776973056501;6.133466195017793;0.983824296;W40_NSS1_MCS5:bytes=49790,ppdus=1,airtime_us=3452|W80_NSS2_MCS5:bytes=716893.274377224,ppdus=17,airtime_us=12723.704;122.5;0.936517264316875;118.22120371487155;3.920688;0.966836;W20_NSS2_MCS7:bytes=10888,ppdus=2,airtime_us=712|W40_NSS1_MCS7:bytes=15558,ppdus=1,airtime_us=908|W40_NSS2_MCS3:bytes=4666,ppdus=1,airtime_us=372|W80_NSS1_MCS3:bytes=458974,ppdus=23,airtime_us=31172;87.75;0.9607007735228408;83.89263009182953;2.850336;0.966024;W40_NSS2_MCS2:bytes=342290,ppdus=15,airtime_us=32092|W80_NSS1_MCS1:bytes=14002,ppdus=1,airtime_us=1884;;;;;;;;;;;;;;;;;;;;;;;;;;;;;;;;;;;;;;;;;;;;;;;;;;;;;;;;;;;;;;;;;;;;;;;;;;;;;;;;;;;;;;;;;;
65;1;15;medium;-50.0;ap_only_cochannel;dl;su;0;242.7277778;68.42189185225682;1.7731679999999999;0.7580022788770878;175.5;1.0;11.058823529411764;0.003008;0.999728;W40_NSS2_MCS4:bytes=376,ppdus=4,airtime_us=272;390.0;1.0;11.058823529411764;0.000752;0.999932;W40_NSS2_MCS9:bytes=94,ppdus=1,airtime_us=68;275.625;1.0;132.9811320754717;0.112768;0.999152;W80_NSS1_MCS6:bytes=14096,ppdus=8,airtime_us=848;30.625;0.9201187536416858;27.103590900545214;0.576656;0.978724;W20_NSS2_MCS0:bytes=5758,ppdus=1,airtime_us=3204|W80_NSS1_MCS0:bytes=66324,ppdus=14,airtime_us=18072;183.75;1.0;79.1304347826087;0.04368;0.999448;W80_NSS1_MCS4:bytes=5460,ppdus=6,airtime_us=552;263.25;0.6179361179361179;79.41463414634147;0.052096;0.999344;W40_NSS1_MCS6:bytes=188,ppdus=2,airtime_us=120|W40_NSS2_MCS6:bytes=4024,ppdus=4,airtime_us=368|W80_NSS2_MCS6:bytes=2300,ppdus=2,airtime_us=168;438.75;1.0;38.780748663101605;0.029008;0.999252;W40_NSS2_MCS10:bytes=3626,ppdus=11,airtime_us=748;58.5;0.6051584579503361;36.49061326658323;0.116624;0.996804;W20_NSS2_MCS1:bytes=5756,ppdus=2,airtime_us=1688|W40_NSS2_MCS1:bytes=8822,ppdus=5,airtime_us=1508;122.5;0.7117745782174719;55.56319018404908;0.181136;0.99674;W20_NSS2_MCS1:bytes=6526,ppdus=1,airtime_us=1844|W80_NSS2_MCS1:bytes=16116,ppdus=6,airtime_us=1416;438.75;1.0;149.75298804780877;0.150352;0.998996;W40_NSS2_MCS10:bytes=18794,ppdus=11,airtime_us=1004;131.625;0.5060152221949423;82.7005076142132;0.065168;0.999212;W40_NSS1_MCS6:bytes=4122,ppdus=3,airtime_us=420|W40_NSS2_MCS6:bytes=4024,ppdus=4,airtime_us=368;367.5;1.0;108.42105263157895;0.03296;0.999696;W80_NSS1_MCS8:bytes=4120,ppdus=4,airtime_us=304;131.625;1.0;42.80597014925373;0.011472;0.999732;W20_NSS2_MCS6:bytes=1434,ppdus=3,airtime_us=268;510.416667;0.8876938835235587;81.8443113772455;0.218688;0.997328;W20_NSS1_MCS1:bytes=3070,ppdus=1,airtime_us=1740|W80_NSS1_MCS11:bytes=24266,ppdus=11,airtime_us=932;122.5;1.0;89.22155688622755;0.1788;0.997996;W80_NSS2_MCS1:bytes=22350,ppdus=9,airtime_us=2004;;;;;;;;;;;;;;;;;;;;;;;;;;;;;;;;;;;;;;;;;;;;;;;;;;;;;;;;;;;;;;;;;;;;;;;;;;;;;;;;;;;;;;;;;;
65;1;15;medium;-50.0;ap_only_cochannel;dl;su;1;282.31111119999997;83.59035022945321;2.088032;0.6997462261785068;551.25;1.0;138.0952380952381;0.0928;0.999328;W80_NSS2_MCS6:bytes=11600,ppdus=8,airtime_us=672;367.5;1.0;138.93333333333334;0.12504;0.9991;W80_NSS2_MCS4:bytes=15630,ppdus=9,airtime_us=900;175.5;1.0;13.882352941176471;0.003776;0.999728;W20_NSS2_MCS8:bytes=472,ppdus=4,airtime_us=272;408.333334;1.0;17.653333333333332;0.005296;0.9997;W80_NSS1_MCS9:bytes=662,ppdus=5,airtime_us=300;87.75;0.6454792443293107;67.13467656415695;0.253232;0.996228;W20_NSS1_MCS4:bytes=1724,ppdus=2,airtime_us=408|W20_NSS2_MCS4:bytes=20432,ppdus=8,airtime_us=2352|W40_NSS1_MCS4:bytes=9498,ppdus=3,airtime_us=1012;122.5;0.867519826964672;77.23433874709977;0.266304;0.996552;W40_NSS1_MCS1:bytes=1918,ppdus=1,airtime_us=572|W40_NSS2_MCS1:bytes=2492,ppdus=2,airtime_us=472|W80_NSS2_MCS1:bytes=28878,ppdus=9,airtime_us=2404;551.25;0.9325051229508197;97.6;0.124928;0.99872;W40_NSS2_MCS6:bytes=1054,ppdus=1,airtime_us=100|W80_NSS2_MCS6:bytes=14562,ppdus=15,airtime_us=1180;306.25;0.3333695258776692;104.85768500948767;0.44208;0.995784;W20_NSS1_MCS5:bytes=6140,ppdus=2,airtime_us=952|W20_NSS1_MCS7:bytes=3454,ppdus=1,airtime_us=428|W20_NSS2_MCS7:bytes=18320,ppdus=8,airtime_us=1488|W40_NSS1_MCS7:bytes=8924,ppdus=2,airtime_us=600|W80_NSS1_MCS7:bytes=18422,ppdus=5,airtime_us=748;122.5;0.8362713428703277;70.70146818923328;0.17336;0.997548;W40_NSS2_MCS1:bytes=3548,ppdus=2,airtime_us=600|W80_NSS2_MCS1:bytes=18122,ppdus=11,airtime_us=1852;408.333334;1.0;247.51592356687897;0.31088;0.998744;W80_NSS1_MCS9:bytes=38860,ppdus=10,airtime_us=1256;87.75;0.5563691627521414;59.81818181818182;0.115808;0.998064;W20_NSS1_MCS2:bytes=1246,ppdus=1,airtime_us=508|W20_NSS2_MCS11:bytes=5176,ppdus=4,airtime_us=400|W40_NSS2_MCS2:bytes=8054,ppdus=5,airtime_us=1028;490.0;0.5563380281690141;16.705882352941178;0.006816;0.999592;W40_NSS2_MCS5:bytes=378,ppdus=3,airtime_us=204|W80_NSS2_MCS5:bytes=474,ppdus=3,airtime_us=204;117.0;1.0;60.804232804232804;0.045968;0.999244;W40_NSS1_MCS5:bytes=5746,ppdus=7,airtime_us=756;195.0;1.0;65.17241379310344;0.06048;0.999072;W40_NSS1_MCS9:bytes=7560,ppdus=12,airtime_us=928;243.75;0.5748237137633847;77.74619289340102;0.061264;0.999212;W40_NSS1_MCS11:bytes=4402,ppdus=7,airtime_us=516|W80_NSS2_MCS11:bytes=3256,ppdus=4,airtime_us=272;;;;;;;;;;;;;;;;;;;;;;;;;;;;;;;;;;;;;;;;;;;;;;;;;;;;;;;;;;;;;;;;;;;;;;;;;;;;;;;;;;;;;;;;;;
65;1;15;medium;-50.0;ap_only_cochannel;dl;su;2;275.7;84.80949964735322;1.75424;0.17486980342575031;122.5;0.7982500420662965;63.73190348525469;0.095088;0.998508;W40_NSS2_MCS1:bytes=2398,ppdus=1,airtime_us=388|W80_NSS2_MCS1:bytes=9488,ppdus=8,airtime_us=1104;390.0;0.9176882661996497;26.870588235294118;0.009136;0.99966;W20_NSS2_MCS9:bytes=94,ppdus=1,airtime_us=68|W40_NSS2_MCS9:bytes=1048,ppdus=4,airtime_us=272;735.0;0.6582608695652173;67.6470588235294;0.092;0.99864;W20_NSS1_MCS1:bytes=1246,ppdus=1,airtime_us=732|W80_NSS1_MCS8:bytes=2684,ppdus=2,airtime_us=152|W80_NSS2_MCS8:bytes=7570,ppdus=7,airtime_us=476;61.25;1.0;46.12314225053078;0.086896;0.998116;W80_NSS1_MCS1:bytes=10862,ppdus=9,airtime_us=1884;438.75;0.9064302680692229;157.17333333333335;0.188608;0.9988;W20_NSS2_MCS10:bytes=2206,ppdus=1,airtime_us=148|W40_NSS2_MCS10:bytes=21370,ppdus=11,airtime_us=1052;367.5;0.8391791044776119;63.05882352941177;0.04288;0.99932;W20_NSS1_MCS6:bytes=862,ppdus=1,airtime_us=156|W80_NSS2_MCS4:bytes=4498,ppdus=7,airtime_us=524;490.0;1.0;93.34453781512605;0.044432;0.999524;W80_NSS2_MCS5:bytes=5554,ppdus=7,airtime_us=476;195.0;1.0;138.6771653543307;0.140896;0.998984;W40_NSS1_MCS9:bytes=17612,ppdus=6,airtime_us=1016;183.75;0.6410581473968898;112.68571428571428;0.189312;0.99832;W40_NSS2_MCS2:bytes=8494,ppdus=1,airtime_us=836|W80_NSS2_MCS2:bytes=15170,ppdus=3,airtime_us=844;58.5;0.9622487461607248;47.87529083294556;0.411536;0.991404;W20_NSS1_MCS2:bytes=1942,ppdus=1,airtime_us=764|W40_NSS2_MCS1:bytes=49500,ppdus=18,airtime_us=7832;175.5;1.0;66.54313099041534;0.083312;0.998748;W40_NSS2_MCS4:bytes=10414,ppdus=13,airtime_us=1252;438.75;1.0;190.9387755102041;0.18712;0.99902;W40_NSS2_MCS10:bytes=23390,ppdus=9,airtime_us=980;234.0;0.7007718837247495;103.64255319148936;0.097424;0.99906;W20_NSS2_MCS5:bytes=3644,ppdus=2,airtime_us=360|W40_NSS2_MCS5:bytes=8534,ppdus=5,airtime_us=580;122.5;0.7756849315068494;82.77165354330708;0.084096;0.998984;W80_NSS1_MCS3:bytes=8154,ppdus=7,airtime_us=884|W80_NSS2_MCS3:bytes=2358,ppdus=1,airtime_us=132;122.5;0.5;11.058823529411764;0.001504;0.999864;W40_NSS2_MCS1:bytes=94,ppdus=1,airtime_us=68|W80_NSS2_MCS1:bytes=94,ppdus=1,airtime_us=68;;;;;;;;;;;;;;;;;;;;;;;;;;;;;;;;;;;;;;;;;;;;;;;;;;;;;;;;;;;;;;;;;;;;;;;;;;;;;;;;;;;;;;;;;;
66;1;15;medium;-50.0;ap_only_cochannel;ul_dl;su;0;339.7902778;198.6409580339355;18.59437240020126;0.6587309892300848;367.5;0.9276889731780006;217.11764705882354;0.59056;0.99728;W20_NSS1_MCS6:bytes=5338,ppdus=1,airtime_us=700|W80_NSS2_MCS4:bytes=68482,ppdus=9,airtime_us=2020;390.0;1.0;244.84324324324325;0.362368;0.99852;W40_NSS2_MCS9:bytes=45296,ppdus=10,airtime_us=1480;551.25;0.7630998416859153;350.2818181818182;1.232992;0.99648;W40_NSS2_MCS6:bytes=36512,ppdus=2,airtime_us=1224|W80_NSS2_MCS6:bytes=117612,ppdus=10,airtime_us=2296;146.25;0.9520768366487815;121.36323987538941;5.454064;0.95506;W20_NSS2_MCS7:bytes=649086,ppdus=13,airtime_us=36292|W80_NSS1_MCS0:bytes=32672,ppdus=2,airtime_us=8648;367.5;1.0;284.42228739002934;0.775904;0.997272;W80_NSS2_MCS4:bytes=96988,ppdus=10,airtime_us=2728;131.625;0.9180631646793426;108.40174672489083;0.198592;0.998168;W20_NSS1_MCS10:bytes=2034,ppdus=1,airtime_us=204|W40_NSS1_MCS6:bytes=22790,ppdus=5,airtime_us=1628;918.75;1.0;217.22222222222223;0.12512;0.999424;W80_NSS2_MCS10:bytes=15640,ppdus=8,airtime_us=576;58.5;0.8579761366958093;56.82295205738014;1.204192;0.978808;W20_NSS2_MCS3:bytes=129146,ppdus=9,airtime_us=18212|W40_NSS2_MCS1:bytes=21378,ppdus=1,airtime_us=2980;122.5;0.5480050754264768;37.98125836680054;0.113488;0.997012;W20_NSS1_MCS1:bytes=3206,ppdus=1,airtime_us=1804|W40_NSS2_MCS1:bytes=3206,ppdus=1,airtime_us=500|W80_NSS2_MCS1:bytes=7774,ppdus=3,airtime_us=684;459.375;0.9389156792359062;383.56107048502747;2.188260400201258;0.994294884;W40_NSS1_MCS10:bytes=13598.5500251572,ppdus=3,airtime_us=605.116|W40_NSS2_MCS10:bytes=3110,ppdus=1,airtime_us=116|W80_NSS1_MCS10:bytes=256824,ppdus=10,airtime_us=4984;551.25;0.6886911458866046;268.47597254004575;0.469296;0.998252;W80_NSS1_MCS6:bytes=18262,ppdus=3,airtime_us=676|W80_NSS2_MCS6:bytes=40400,ppdus=8,airtime_us=1072;351.0;1.0;295.9446366782007;0.684224;0.997688;W40_NSS2_MCS8:bytes=85528,ppdus=6,airtime_us=2312;109.6875;0.5832459388309826;106.00794100964265;0.747568;0.992948;W20_NSS1_MCS10:bytes=54502,ppdus=7,airtime_us=4340|W20_NSS2_MCS6:bytes=38944,ppdus=6,airtime_us=2712;510.416667;0.54572347862318;227.67325428194994;3.45608;0.98482;W20_NSS1_MCS11:bytes=128696,ppdus=4,airtime_us=8672|W20_NSS2_MCS11:bytes=44026,ppdus=1,airtime_us=1508|W40_NSS1_MCS11:bytes=23530,ppdus=1,airtime_us=828|W80_NSS1_MCS11:bytes=235758,ppdus=9,airtime_us=4172;61.25;1.0;59.495080393568514;0.991664;0.983332;W80_NSS1_MCS1:bytes=123958,ppdus=9,airtime_us=16668;;;;;;;;;;;;;;;;;;;;;;;;;;;;;;;;;;;;;;;;;;;;;;;;;;;;;;;;;;;;;;;;;;;;;;;;;;;;;;;;;;;;;;;;;;
66;1;15;medium;-50.0;ap_only_cochannel;ul_dl;su;1;303.65277786666667;204.7905756946697;14.83832;0.8222241349002896;131.625;1.0;126.18052467763451;1.13512;0.991004;W40_NSS1_MCS6:bytes=141890,ppdus=7,airtime_us=8996;175.5;0.699371907118386;81.77431906614785;0.336256;0.995888;W20_NSS1_MCS4:bytes=12636,ppdus=2,airtime_us=2424|W40_NSS2_MCS4:bytes=29396,ppdus=6,airtime_us=1688;735.0;1.0;536.0998080614204;1.117232;0.997916;W80_NSS2_MCS8:bytes=139654,ppdus=9,airtime_us=2084;195.0;0.6408247422680412;72.93233082706767;0.0388;0.999468;W20_NSS1_MCS9:bytes=1554,ppdus=1,airtime_us=172|W20_NSS2_MCS9:bytes=3108,ppdus=2,airtime_us=232|W40_NSS1_MCS9:bytes=94,ppdus=1,airtime_us=60|W40_NSS2_MCS9:bytes=94,ppdus=1,airtime_us=68;367.5;0.8321286060051024;195.36102236421726;1.956736;0.989984;W20_NSS1_MCS4:bytes=20530,ppdus=1,airtime_us=3788|W80_NSS1_MCS4:bytes=20530,ppdus=1,airtime_us=940|W80_NSS2_MCS4:bytes=203532,ppdus=14,airtime_us=5288;29.25;0.8597349198685501;28.692660037984584;1.027312;0.964196;W20_NSS2_MCS1:bytes=18012,ppdus=2,airtime_us=5048|W40_NSS1_MCS1:bytes=110402,ppdus=11,airtime_us=30756;263.25;1.0;221.3763440860215;0.41176;0.99814;W40_NSS2_MCS6:bytes=51470,ppdus=5,airtime_us=1860;146.25;0.8806803371274654;127.7004160887656;0.736576;0.994232;W20_NSS2_MCS5:bytes=10986,ppdus=1,airtime_us=804|W20_NSS2_MCS7:bytes=81086,ppdus=9,airtime_us=4964;122.5;0.880304865018876;88.04640953276889;1.12312;0.987244;W20_NSS1_MCS2:bytes=6510,ppdus=1,airtime_us=2428|W40_NSS2_MCS1:bytes=10294,ppdus=1,airtime_us=1476|W80_NSS2_MCS1:bytes=123586,ppdus=13,airtime_us=8852;390.0;0.7120658306622429;293.1263736263736;1.707168;0.994176;W40_NSS1_MCS11:bytes=61444,ppdus=4,airtime_us=2224|W40_NSS2_MCS9:bytes=151952,ppdus=8,airtime_us=3600;87.75;0.675130936267875;87.36760925449872;0.543776;0.993776;W20_NSS1_MCS11:bytes=22082,ppdus=3,airtime_us=1620|W40_NSS2_MCS2:bytes=45890,ppdus=7,airtime_us=4604;117.0;0.5438168950928977;144.28410689170184;1.641376;0.988624;W20_NSS2_MCS5:bytes=111576,ppdus=6,airtime_us=7992|W80_NSS1_MCS5:bytes=93596,ppdus=6,airtime_us=3384;490.0;1.0;373.16337522441654;0.831408;0.997772;W80_NSS2_MCS5:bytes=103926,ppdus=9,airtime_us=2228;816.666668;0.9523476130048572;375.5628594905505;1.82824;0.995132;W20_NSS2_MCS2:bytes=10890,ppdus=1,airtime_us=2052|W80_NSS2_MCS9:bytes=217640,ppdus=12,airtime_us=2816;487.5;1.0;320.1904761904762;0.40344;0.99874;W40_NSS2_MCS11:bytes=50430,ppdus=7,airtime_us=1260;;;;;;;;;;;;;;;;;;;;;;;;;;;;;;;;;;;;;;;;;;;;;;;;;;;;;;;;;;;;;;;;;;;;;;;;;;;;;;;;;;;;;;;;;;
66;1;15;medium;-50.0;ap_only_cochannel;ul_dl;su;2;280.0027778666667;181.4403456984537;15.67536;0.8011969053835174;61.25;0.939820815140114;56.39240730885223;2.543072;0.954904;W20_NSS2_MCS1:bytes=19130,ppdus=1,airtime_us=5300|W80_NSS1_MCS1:bytes=298754,ppdus=15,airtime_us=39796;816.666668;0.7804983953181046;129.1951219512195;0.84752;0.99344;W20_NSS1_MCS0:bytes=3782,ppdus=1,airtime_us=4188|W40_NSS1_MCS9:bytes=19472,ppdus=2,airtime_us=904|W80_NSS2_MCS9:bytes=82686,ppdus=11,airtime_us=1468;175.5;0.27809232923678684;244.70901033973414;2.650688;0.989168;W20_NSS2_MCS8:bytes=60848,ppdus=4,airtime_us=3008|W40_NSS1_MCS8:bytes=92142,ppdus=3,airtime_us=4356|W40_NSS2_MCS8:bytes=38972,ppdus=2,airtime_us=1000|W80_NSS1_MCS8:bytes=61332,ppdus=2,airtime_us=1432|W80_NSS2_MCS8:bytes=78042,ppdus=3,airtime_us=1036;122.5;1.0;92.14035087719299;0.147056;0.998404;W80_NSS2_MCS1:bytes=18382,ppdus=7,airtime_us=1596;459.375;1.0;362.953995157385;0.5996;0.998348;W80_NSS1_MCS10:bytes=74950,ppdus=7,airtime_us=1652;183.75;1.0;151.4181818181818;0.466368;0.99692;W80_NSS1_MCS4:bytes=58296,ppdus=10,airtime_us=3080;490.0;0.7722861842105263;197.72357723577235;0.38912;0.998032;W20_NSS1_MCS10:bytes=5394,ppdus=1,airtime_us=444|W20_NSS2_MCS5:bytes=5682,ppdus=1,airtime_us=452|W80_NSS2_MCS5:bytes=37564,ppdus=8,airtime_us=1072;390.0;1.0;310.2857142857143;0.191136;0.999384;W40_NSS2_MCS9:bytes=23892,ppdus=2,airtime_us=616;87.75;0.9261669024045261;73.74185136897002;0.90496;0.987728;W20_NSS1_MCS4:bytes=4666,ppdus=1,airtime_us=908|W40_NSS1_MCS2:bytes=3686,ppdus=1,airtime_us=732|W40_NSS2_MCS2:bytes=104768,ppdus=18,airtime_us=10632;122.5;0.8707633575541761;101.49450549450549;0.997488;0.990172;W40_NSS2_MCS1:bytes=16114,ppdus=1,airtime_us=2260|W80_NSS2_MCS1:bytes=108572,ppdus=8,airtime_us=7568;183.75;0.7750382725002014;140.1807180314643;1.390032;0.990084;W20_NSS2_MCS4:bytes=39088,ppdus=2,airtime_us=3688|W80_NSS1_MCS4:bytes=134666,ppdus=7,airtime_us=6228;438.75;1.0;346.1563126252505;0.690928;0.998004;W40_NSS2_MCS10:bytes=86366,ppdus=7,airtime_us=1996;490.0;1.0;398.9895227008149;1.370928;0.996564;W80_NSS2_MCS5:bytes=171366,ppdus=11,airtime_us=3436;117.0;1.0;56.25806451612903;0.013952;0.999752;W40_NSS2_MCS3:bytes=1744,ppdus=2,airtime_us=248;61.25;1.0;59.965851765618936;2.472512;0.958768;W80_NSS1_MCS1:bytes=309064,ppdus=16,airtime_us=41232;;;;;;;;;;;;;;;;;;;;;;;;;;;;;;;;;;;;;;;;;;;;;;;;;;;;;;;;;;;;;;;;;;;;;;;;;;;;;;;;;;;;;;;;;;
67;1;15;low;-60.0;isolated;ul;su;0;382.39743599999997;346.65558829837966;199.39153783201755;0.5337510783761279;367.5;1.0;328.9419537517697;2.788112;0.991524;W80_NSS2_MCS4:bytes=348514,ppdus=15,airtime_us=8476;816.666668;0.9928965452265739;700.1499455139848;38.550256;0.94494;W40_NSS1_MCS4:bytes=34230,ppdus=1,airtime_us=3180|W80_NSS2_MCS9:bytes=4784552,ppdus=74,airtime_us=51880;551.25;1.0;475.94679966749794;2.290256;0.995188;W80_NSS2_MCS6:bytes=286282,ppdus=11,airtime_us=4812;292.5;1.0;281.68633383761977;8.937344;0.968272;W40_NSS2_MCS7:bytes=1117168,ppdus=20,airtime_us=31728;367.5;1.0;328.8545454545455;2.315136;0.99296;W80_NSS2_MCS4:bytes=289392,ppdus=12,airtime_us=7040;551.25;0.9830508474576272;504.6332046332046;30.8452;0.938876;W40_NSS1_MCS10:bytes=65350,ppdus=1,airtime_us=2428|W80_NSS2_MCS6:bytes=3790300,ppdus=58,airtime_us=58696;219.375;0.9832602436550304;212.7686941356006;31.23104;0.853216;W20_NSS2_MCS6:bytes=65350,ppdus=1,airtime_us=4036|W40_NSS1_MCS10:bytes=3838530,ppdus=61,airtime_us=142748;122.5;1.0;120.5213416501475;7.55193500079225;0.937339438;W80_NSS2_MCS1:bytes=943991.875099031,ppdus=18,airtime_us=62660.562;;;;0.0;;;219.375;0.9636722465401262;187.65317652484723;6.510064;0.965308;W20_NSS1_MCS4:bytes=29562,ppdus=1,airtime_us=5436|W40_NSS1_MCS10:bytes=784196,ppdus=14,airtime_us=29256;551.25;1.0;516.600790513834;9.806306831225296;0.981017631;W80_NSS2_MCS6:bytes=1225788.35390316,ppdus=18,airtime_us=18982.369;;;;0.0;;;551.25;1.0;509.39423642423054;10.39368;0.979596;W80_NSS2_MCS6:bytes=1299210,ppdus=25,airtime_us=20404;243.75;0.9882361391853133;218.2131170081122;12.696512;0.941816;W20_NSS2_MCS1:bytes=18670,ppdus=1,airtime_us=5172|W40_NSS1_MCS11:bytes=1568394,ppdus=27,airtime_us=53012;117.0;0.9059651430094564;121.15850876354148;35.475696;0.707196;W40_NSS1_MCS5:bytes=4017468,ppdus=62,airtime_us=278136|W40_NSS2_MCS5:bytes=416994,ppdus=7,airtime_us=14668;;;;;;;;;;;;;;;;;;;;;;;;;;;;;;;;;;;;;;;;;;;;;;;;;;;;;;;;;;;;;;;;;;;;;;;;;;;;;;;;;;;;;;;;;;
67;1;15;low;-60.0;isolated;ul;su;1;460.766026;400.6099841234776;261.53883160960453;0.3914361428487122;408.333334;0.9775521041939608;394.1758851804211;46.578976;0.881832;W80_NSS1_MCS9:bytes=5691672,ppdus=88,airtime_us=116752|W80_NSS2_MCS9:bytes=130700,ppdus=2,airtime_us=1416;367.5;0.9842696369571822;350.62548001856777;33.235088;0.905212;W40_NSS1_MCS11:bytes=65350,ppdus=1,airtime_us=2204|W80_NSS2_MCS4:bytes=4089036,ppdus=66,airtime_us=92584;;;;0.0;;;816.666668;0.9836014919418076;707.9699816242361;31.12185560960452;0.956040713;W40_NSS1_MCS10:bytes=63794,ppdus=1,airtime_us=2380|W80_NSS2_MCS9:bytes=3826437.95120056,ppdus=62,airtime_us=41579.287;367.5;0.9899047021917882;329.2992971605285;23.426352;0.92886;W20_NSS2_MCS2:bytes=29562,ppdus=1,airtime_us=5444|W80_NSS2_MCS4:bytes=2898732,ppdus=48,airtime_us=65696;131.625;1.0;129.21292404935616;15.37272;0.881028;W20_NSS2_MCS6:bytes=1921590,ppdus=35,airtime_us=118972;551.25;0.9702782875107681;435.72398979728825;12.982832;0.970204;W20_NSS1_MCS7:bytes=48234,ppdus=1,airtime_us=5324|W80_NSS2_MCS6:bytes=1574620,ppdus=26,airtime_us=24472;612.5;1.0;560.616623947272;12.248352;0.978152;W80_NSS2_MCS7:bytes=1531044,ppdus=30,airtime_us=21848;122.5;1.0;75.8048780487805;0.012432;0.999836;W80_NSS2_MCS1:bytes=1554,ppdus=1,airtime_us=164;816.666668;1.0;680.6063072227873;5.352288;0.992136;W80_NSS2_MCS9:bytes=669036,ppdus=22,airtime_us=7864;243.75;0.9655168774701471;232.8312549910928;15.16104;0.934884;W40_NSS1_MCS11:bytes=1829780,ppdus=38,airtime_us=62216|W80_NSS2_MCS2:bytes=65350,ppdus=1,airtime_us=2900;490.0;0.9839387771252796;444.751161392578;32.550448;0.926812;W40_NSS1_MCS6:bytes=65350,ppdus=1,airtime_us=4028|W80_NSS2_MCS5:bytes=4003456,ppdus=66,airtime_us=69160;;;;0.0;;;816.666668;0.9894973045142192;627.372339239942;22.517648;0.964108;W20_NSS2_MCS2:bytes=29562,ppdus=1,airtime_us=5444|W80_NSS2_MCS9:bytes=2785144,ppdus=48,airtime_us=30448;245.0;1.0;238.93967093235833;10.9788;0.954052;W80_NSS1_MCS5:bytes=1372350,ppdus=21,airtime_us=45948;;;;;;;;;;;;;;;;;;;;;;;;;;;;;;;;;;;;;;;;;;;;;;;;;;;;;;;;;;;;;;;;;;;;;;;;;;;;;;;;;;;;;;;;;;
67;1;15;low;-60.0;isolated;ul;su;2;316.4409723333333;280.5561079572166;163.372281923355;0.6132684932026145;122.5;0.8275984352316678;99.90257403819541;1.443792;0.985548;W80_NSS1_MCS1:bytes=31114,ppdus=3,airtime_us=4212|W80_NSS2_MCS1:bytes=149360,ppdus=8,airtime_us=10240;816.666668;0.9877974883349239;617.6991330953595;19.380928;0.968624;W40_NSS1_MCS2:bytes=29562,ppdus=1,airtime_us=5436|W80_NSS2_MCS9:bytes=2393054,ppdus=37,airtime_us=25940;735.0;1.0;664.8288288288288;8.265152;0.987568;W80_NSS2_MCS8:bytes=1033144,ppdus=20,airtime_us=12432;122.5;1.0;101.21475054229936;0.18664;0.998156;W80_NSS2_MCS1:bytes=23330,ppdus=5,airtime_us=1844;219.375;1.0;196.56281407035175;1.095248;0.994428;W40_NSS1_MCS10:bytes=136906,ppdus=11,airtime_us=5572;367.5;0.9876868916928818;352.6479734219269;42.458816;0.8796;W80_NSS1_MCS6:bytes=65350,ppdus=1,airtime_us=1948|W80_NSS2_MCS4:bytes=5242002,ppdus=81,airtime_us=118452;490.0;0.9721625947652037;441.16544420784135;8.942787515584415;0.979729175;W20_NSS2_MCS10:bytes=31118,ppdus=1,airtime_us=1188|W80_NSS2_MCS5:bytes=1086730.43944805,ppdus=22,airtime_us=19082.825;;;;0.0;;;91.875;0.6936897813600148;105.79111791730475;2.763264;0.97388;W80_NSS1_MCS2:bytes=239606,ppdus=9,airtime_us=21340|W80_NSS2_MCS2:bytes=105802,ppdus=3,airtime_us=4780;122.5;0.9835456376364534;120.08896859300339;28.746662407770582;0.760621956;W40_NSS2_MCS2:bytes=59126,ppdus=1,airtime_us=5444|W80_NSS2_MCS1:bytes=3534206.80097132,ppdus=56,airtime_us=233934.044;367.5;1.0;332.70440251572325;2.5392;0.992368;W80_NSS2_MCS4:bytes=317400,ppdus=12,airtime_us=7632;219.375;1.0;213.7144433207686;9.298288;0.956492;W40_NSS1_MCS10:bytes=1162286,ppdus=23,airtime_us=43508;;;;0.0;;;;;;0.0;;;122.5;0.9869834137763577;120.35284493499628;38.251504;0.682172;W80_NSS1_MCS2:bytes=62238,ppdus=1,airtime_us=5468|W80_NSS2_MCS1:bytes=4719200,ppdus=74,airtime_us=312360;;;;;;;;;;;;;;;;;;;;;;;;;;;;;;;;;;;;;;;;;;;;;;;;;;;;;;;;;;;;;;;;;;;;;;;;;;;;;;;;;;;;;;;;;;
68;1;15;low;-60.0;isolated;dl;su;0;468.81944453333335;113.46780161945397;3.695072;0.7360143936865304;551.25;0.9421620534816701;85.62984218077474;0.238736;0.997212;W20_NSS1_MCS3:bytes=1726,ppdus=1,airtime_us=524|W80_NSS2_MCS6:bytes=28116,ppdus=30,airtime_us=2264;816.666668;0.9485987989705462;129.5185185185185;0.223808;0.998272;W40_NSS2_MCS4:bytes=1438,ppdus=1,airtime_us=132|W80_NSS2_MCS9:bytes=26538,ppdus=23,airtime_us=1596;551.25;1.0;131.72854291417167;0.263984;0.997996;W80_NSS2_MCS6:bytes=32998,ppdus=25,airtime_us=2004;306.25;0.9218936322442165;129.01538461538462;0.268352;0.99792;W80_NSS1_MCS7:bytes=30924,ppdus=22,airtime_us=1912|W80_NSS2_MCS7:bytes=2620,ppdus=2,airtime_us=168;367.5;0.9135138636952579;115.19402985074628;0.246976;0.997856;W40_NSS2_MCS6:bytes=2670,ppdus=1,airtime_us=148|W80_NSS2_MCS4:bytes=28202,ppdus=23,airtime_us=1996;551.25;0.9538518518518518;118.42105263157895;0.216;0.998176;W40_NSS2_MCS10:bytes=1246,ppdus=1,airtime_us=84|W80_NSS2_MCS6:bytes=25754,ppdus=23,airtime_us=1740;551.25;0.9648511522709212;113.01554404145078;0.261744;0.997684;W40_NSS1_MCS8:bytes=1150,ppdus=1,airtime_us=108|W80_NSS2_MCS6:bytes=31568,ppdus=28,airtime_us=2208;122.5;0.9681907108180566;69.09136420525657;0.220816;0.996804;W40_NSS2_MCS3:bytes=878,ppdus=1,airtime_us=116|W80_NSS2_MCS1:bytes=26724,ppdus=22,airtime_us=3080;275.625;1.0;105.840830449827;0.244704;0.997688;W80_NSS1_MCS6:bytes=30588,ppdus=26,airtime_us=2312;367.5;0.9609917976332102;112.67019400352734;0.255536;0.997732;W20_NSS1_MCS6:bytes=1246,ppdus=1,airtime_us=204|W80_NSS2_MCS4:bytes=30696,ppdus=24,airtime_us=2064;551.25;0.9681667170039263;132.1756487025948;0.26488;0.997996;W40_NSS2_MCS4:bytes=1054,ppdus=1,airtime_us=116|W80_NSS2_MCS6:bytes=32056,ppdus=24,airtime_us=1888;735.0;0.9712532515173747;145.91727493917276;0.239888;0.998356;W40_NSS2_MCS9:bytes=862,ppdus=1,airtime_us=84|W80_NSS2_MCS8:bytes=29124,ppdus=22,airtime_us=1560;551.25;0.8629950495049505;118.82352941176471;0.25856;0.997824;W80_NSS1_MCS10:bytes=4428,ppdus=6,airtime_us=424|W80_NSS2_MCS6:bytes=27892,ppdus=22,airtime_us=1752;243.75;0.971182769823126;106.89389067524115;0.265952;0.997512;W40_NSS1_MCS11:bytes=32286,ppdus=25,airtime_us=2316|W80_NSS1_MCS1:bytes=958,ppdus=1,airtime_us=172;490.0;0.9659583540615451;88.08137715179969;0.225136;0.997444;W20_NSS1_MCS6:bytes=958,ppdus=1,airtime_us=172|W80_NSS2_MCS5:bytes=27184,ppdus=32,airtime_us=2384;;;;;;;;;;;;;;;;;;;;;;;;;;;;;;;;;;;;;;;;;;;;;;;;;;;;;;;;;;;;;;;;;;;;;;;;;;;;;;;;;;;;;;;;;;
68;1;15;low;-60.0;isolated;dl;su;1;508.13611146666665;120.21495081970652;3.933792;0.7163036931221571;816.666668;0.7976543287723059;110.32347826086956;0.253744;0.9977;W80_NSS1_MCS9:bytes=6418,ppdus=7,airtime_us=500|W80_NSS2_MCS9:bytes=25300,ppdus=26,airtime_us=1800;367.5;0.9629915646905073;117.72027972027972;0.269344;0.997712;W40_NSS1_MCS11:bytes=1246,ppdus=1,airtime_us=92|W80_NSS2_MCS4:bytes=32422,ppdus=25,airtime_us=2196;735.0;0.9530435848709619;134.540206185567;0.261008;0.99806;W40_NSS2_MCS11:bytes=766,ppdus=1,airtime_us=68|W80_NSS1_MCS8:bytes=766,ppdus=1,airtime_us=76|W80_NSS2_MCS8:bytes=31094,ppdus=25,airtime_us=1796;816.666668;1.0;158.19325842696628;0.281584;0.99822;W80_NSS2_MCS9:bytes=35198,ppdus=25,airtime_us=1780;367.5;1.0;112.57981651376147;0.245424;0.99782;W80_NSS2_MCS4:bytes=30678,ppdus=25,airtime_us=2180;131.625;0.5349036862155926;91.24602203182374;0.298192;0.996732;W40_NSS1_MCS6:bytes=19938,ppdus=15,airtime_us=2004|W40_NSS2_MCS6:bytes=17336,ppdus=12,airtime_us=1264;551.25;0.9676726781989939;126.37209302325581;0.260832;0.997936;W40_NSS1_MCS7:bytes=1054,ppdus=1,airtime_us=108|W80_NSS2_MCS6:bytes=31550,ppdus=25,airtime_us=1956;612.5;0.968968968968969;137.79310344827587;0.271728;0.998028;W40_NSS2_MCS5:bytes=1054,ppdus=1,airtime_us=100|W80_NSS2_MCS7:bytes=32912,ppdus=24,airtime_us=1872;122.5;0.9687091794323714;71.21353065539112;0.269472;0.996216;W40_NSS2_MCS2:bytes=1054,ppdus=1,airtime_us=164|W80_NSS2_MCS1:bytes=32630,ppdus=25,airtime_us=3620;816.666668;0.9278680298563633;145.26651480637813;0.255088;0.998244;W40_NSS2_MCS11:bytes=862,ppdus=1,airtime_us=68|W80_NSS1_MCS9:bytes=1438,ppdus=1,airtime_us=76|W80_NSS2_MCS9:bytes=29586,ppdus=23,airtime_us=1612;243.75;0.9199266503667481;107.86813186813187;0.235584;0.997816;W40_NSS1_MCS11:bytes=27090,ppdus=23,airtime_us=2084|W40_NSS2_MCS11:bytes=2358,ppdus=1,airtime_us=100;490.0;0.9640713571190397;106.15929203539822;0.191936;0.998192;W40_NSS2_MCS6:bytes=862,ppdus=1,airtime_us=84|W80_NSS2_MCS5:bytes=23130,ppdus=23,airtime_us=1724;490.0;0.9949449263023467;133.9964349376114;0.300688;0.997756;W40_NSS1_MCS9:bytes=190,ppdus=1,airtime_us=60|W80_NSS2_MCS5:bytes=37396,ppdus=26,airtime_us=2184;816.666668;0.9606286277516154;140.47692307692307;0.292192;0.99792;W40_NSS1_MCS2:bytes=1438,ppdus=1,airtime_us=316|W80_NSS2_MCS9:bytes=35086,ppdus=25,airtime_us=1764;243.75;1.0;109.47517730496453;0.246976;0.997744;W40_NSS1_MCS11:bytes=30872,ppdus=24,airtime_us=2256;;;;;;;;;;;;;;;;;;;;;;;;;;;;;;;;;;;;;;;;;;;;;;;;;;;;;;;;;;;;;;;;;;;;;;;;;;;;;;;;;;;;;;;;;;
68;1;15;low;-60.0;isolated;dl;su;2;482.51388906666665;113.03489244714805;6.658224;0.5093227023986813;551.25;0.9828031880519853;129.55348837209303;0.445664;0.99656;W20_NSS1_MCS7:bytes=958,ppdus=1,airtime_us=156|W80_NSS2_MCS6:bytes=54750,ppdus=41,airtime_us=3284;816.666668;0.9607064518568943;128.98536585365855;0.423072;0.99672;W20_NSS1_MCS4:bytes=2078,ppdus=1,airtime_us=428|W80_NSS2_MCS9:bytes=50806,ppdus=41,airtime_us=2852;735.0;0.981203621980321;157.0783055198973;0.489456;0.996884;W20_NSS1_MCS10:bytes=1150,ppdus=1,airtime_us=140|W80_NSS2_MCS8:bytes=60032,ppdus=40,airtime_us=2976;183.75;0.9836574547935858;88.28313253012048;0.46896;0.994688;W20_NSS1_MCS3:bytes=958,ppdus=1,airtime_us=316|W80_NSS2_MCS2:bytes=57662,ppdus=41,airtime_us=4996;459.375;0.9560696564583926;91.51409978308025;0.506256;0.994468;W20_NSS1_MCS2:bytes=1342,ppdus=1,airtime_us=540|W80_NSS1_MCS10:bytes=60502,ppdus=69,airtime_us=4844|W80_NSS2_MCS1:bytes=1438,ppdus=1,airtime_us=148;551.25;0.9692777442702051;127.2326139088729;0.424448;0.996664;W20_NSS1_MCS7:bytes=1630,ppdus=1,airtime_us=236|W80_NSS2_MCS6:bytes=51426,ppdus=39,airtime_us=3100;459.375;0.9938819334710911;81.6575682382134;0.394896;0.995164;W40_NSS1_MCS11:bytes=302,ppdus=1,airtime_us=60|W80_NSS1_MCS10:bytes=49060,ppdus=70,airtime_us=4776;816.666668;0.9713431720530543;142.17795484727756;0.42824;0.996988;W20_NSS1_MCS4:bytes=1534,ppdus=1,airtime_us=332|W80_NSS2_MCS9:bytes=51996,ppdus=38,airtime_us=2680;367.5;0.9790321992488058;103.38548539114043;0.438768;0.995756;W20_NSS2_MCS0:bytes=1150,ppdus=1,airtime_us=692|W80_NSS2_MCS4:bytes=53696,ppdus=40,airtime_us=3552;183.75;0.9775950748129676;87.74017094017094;0.410624;0.99532;W20_NSS1_MCS8:bytes=1150,ppdus=1,airtime_us=156|W80_NSS2_MCS2:bytes=50178,ppdus=39,airtime_us=4524;367.5;0.9868171961587444;110.78360343183985;0.464848;0.995804;W20_NSS1_MCS1:bytes=766,ppdus=1,airtime_us=476|W80_NSS2_MCS4:bytes=57340,ppdus=42,airtime_us=3720;459.375;0.9585079486025007;92.3197442046363;0.461968;0.994996;W20_NSS1_MCS4:bytes=1438,ppdus=1,airtime_us=316|W20_NSS2_MCS4:bytes=958,ppdus=1,airtime_us=148|W80_NSS1_MCS10:bytes=55350,ppdus=65,airtime_us=4540;490.0;0.9777991590050602;124.72;0.448992;0.9964;W20_NSS1_MCS10:bytes=1246,ppdus=1,airtime_us=140|W80_NSS2_MCS5:bytes=54878,ppdus=41,airtime_us=3460;612.5;0.9784612617473807;139.2112676056338;0.355824;0.997444;W40_NSS1_MCS10:bytes=958,ppdus=1,airtime_us=92|W80_NSS2_MCS7:bytes=43520,ppdus=32,airtime_us=2464;183.75;0.9876503401799246;90.88058608058608;0.496208;0.99454;W20_NSS1_MCS3:bytes=766,ppdus=1,airtime_us=268|W80_NSS2_MCS2:bytes=61260,ppdus=42,airtime_us=5192;;;;;;;;;;;;;;;;;;;;;;;;;;;;;;;;;;;;;;;;;;;;;;;;;;;;;;;;;;;;;;;;;;;;;;;;;;;;;;;;;;;;;;;;;;
69;1;15;low;-60.0;isolated;ul_dl;su;0;349.17777786666664;275.2041201755903;172.735808;0.2677089798235589;367.5;1.0;351.86479925303456;7.536944;0.97858;W80_NSS2_MCS4:bytes=942118,ppdus=15,airtime_us=21420;816.666668;1.0;18.901960784313726;0.003856;0.999796;W80_NSS2_MCS9:bytes=482,ppdus=3,airtime_us=204;551.25;0.9927999089228742;507.2909965958446;17.286448;0.965924;W40_NSS1_MCS9:bytes=15558,ppdus=1,airtime_us=684|W80_NSS2_MCS6:bytes=2145248,ppdus=36,airtime_us=33392;146.25;1.0;143.03393962122632;6.1024;0.957336;W40_NSS1_MCS7:bytes=762800,ppdus=18,airtime_us=42664;183.75;1.0;176.67660208643815;1.8968;0.989264;W80_NSS1_MCS4:bytes=237100,ppdus=8,airtime_us=10736;551.25;1.0;506.0898641588297;3.874624;0.992344;W80_NSS2_MCS6:bytes=484328,ppdus=10,airtime_us=7656;219.375;1.0;214.70330209508856;17.503472;0.918476;W40_NSS1_MCS10:bytes=2187934,ppdus=35,airtime_us=81524;122.5;1.0;120.64356581387817;16.3916;0.864132;W80_NSS2_MCS1:bytes=2048950,ppdus=35,airtime_us=135868;131.625;1.0;129.83542234332424;13.341888;0.89724;W40_NSS1_MCS6:bytes=1667736,ppdus=26,airtime_us=102760;219.375;1.0;214.9974340776328;15.752432;0.926732;W40_NSS1_MCS10:bytes=1969054,ppdus=31,airtime_us=73268;275.625;1.0;259.23708609271523;2.348688;0.99094;W80_NSS1_MCS6:bytes=293586,ppdus=11,airtime_us=9060;735.0;0.9766521720097474;639.2817164179105;21.92992;0.965696;W40_NSS1_MCS9:bytes=64002,ppdus=1,airtime_us=2684|W80_NSS2_MCS8:bytes=2677238,ppdus=41,airtime_us=31620;551.25;0.9733633652728391;496.2354368932039;19.627104;0.960448;W20_NSS2_MCS10:bytes=65350,ppdus=1,airtime_us=2436|W80_NSS2_MCS6:bytes=2388038,ppdus=39,airtime_us=37116;243.75;0.9994740671799645;235.97412450584994;23.638;0.899828;W40_NSS1_MCS1:bytes=1554,ppdus=1,airtime_us=476|W40_NSS1_MCS11:bytes=2953196,ppdus=48,airtime_us=99696;122.5;0.9430190896083198;113.29555189456343;5.501632;0.95144;W20_NSS1_MCS5:bytes=39186,ppdus=1,airtime_us=5404|W80_NSS2_MCS1:bytes=648518,ppdus=13,airtime_us=43156;;;;;;;;;;;;;;;;;;;;;;;;;;;;;;;;;;;;;;;;;;;;;;;;;;;;;;;;;;;;;;;;;;;;;;;;;;;;;;;;;;;;;;;;;;
69;1;15;low;-60.0;isolated;ul_dl;su;1;485.8333336;393.5172066971691;195.6113744293159;0.3119660315518735;551.25;0.9769871353332517;494.2934725848564;22.717728;0.95404;W40_NSS1_MCS9:bytes=65350,ppdus=1,airtime_us=2732|W80_NSS2_MCS6:bytes=2774366,ppdus=47,airtime_us=43228;367.5;1.0;352.00073210908425;23.078576;0.934436;W80_NSS2_MCS4:bytes=2884822,ppdus=47,airtime_us=65564;735.0;0.9773591511290327;668.3505202312139;23.124928;0.9654;W40_NSS2_MCS11:bytes=65446,ppdus=1,airtime_us=1140|W80_NSS2_MCS8:bytes=2825170,ppdus=45,airtime_us=33460;816.666668;1.0;311.8445229681979;0.353008;0.998868;W80_NSS2_MCS9:bytes=44126,ppdus=11,airtime_us=1132;367.5;0.9581599551622819;268.24145785876993;5.652384;0.978928;W20_NSS2_MCS2:bytes=29562,ppdus=1,airtime_us=5444|W80_NSS2_MCS4:bytes=676986,ppdus=15,airtime_us=15628;122.5;1.0;120.43791229449363;14.094608;0.882972;W80_NSS2_MCS1:bytes=1761826,ppdus=33,airtime_us=117028;551.25;1.0;510.8146618482189;7.915584;0.984504;W80_NSS2_MCS6:bytes=989448,ppdus=18,airtime_us=15496;612.5;1.0;565.4892915980231;4.119024;0.992716;W80_NSS2_MCS7:bytes=514878,ppdus=9,airtime_us=7284;122.5;0.9878035988760453;118.04964103500346;19.39063807400555;0.83574166;W40_NSS1_MCS2:bytes=29562,ppdus=1,airtime_us=5436|W80_NSS2_MCS1:bytes=2394267.75925069,ppdus=42,airtime_us=158822.34;816.666668;1.0;433.050505050505;0.685952;0.998416;W80_NSS2_MCS9:bytes=85744,ppdus=12,airtime_us=1584;183.75;1.0;179.53136828074156;17.322832355310346;0.903510832;W80_NSS2_MCS2:bytes=2165354.04441379,ppdus=37,airtime_us=96489.168;490.0;1.0;463.33100813818305;22.317728;0.951832;W80_NSS2_MCS5:bytes=2789716,ppdus=46,airtime_us=48168;490.0;1.0;453.74616171954966;7.09296;0.984368;W80_NSS2_MCS5:bytes=886620,ppdus=20,airtime_us=15632;816.666668;1.0;727.449239621866;7.079536;0.990268;W80_NSS2_MCS9:bytes=884942,ppdus=17,airtime_us=9732;243.75;1.0;236.12760511883;20.665888;0.91248;W40_NSS1_MCS11:bytes=2583236,ppdus=48,airtime_us=87520;;;;;;;;;;;;;;;;;;;;;;;;;;;;;;;;;;;;;;;;;;;;;;;;;;;;;;;;;;;;;;;;;;;;;;;;;;;;;;;;;;;;;;;;;;
69;1;15;low;-60.0;isolated;ul_dl;su;2;319.7750001333333;297.4185385338796;160.56040321363173;0.41759057893184226;131.625;0.5557669143665829;129.50789840388651;23.753468691179386;0.816586718;W20_NSS2_MCS6:bytes=1319009.58639742,ppdus=21,airtime_us=81545.282|W40_NSS1_MCS6:bytes=1650174,ppdus=29,airtime_us=101868;408.333334;0.5119691281802689;503.4571222675955;8.383568;0.983348;W80_NSS1_MCS9:bytes=536516,ppdus=10,airtime_us=11080|W80_NSS2_MCS9:bytes=511430,ppdus=9,airtime_us=5572;735.0;1.0;671.0681755451284;19.45024;0.971016;W80_NSS2_MCS8:bytes=2431280,ppdus=42,airtime_us=28984;122.5;0.9892620989360172;118.4312139722963;22.024416;0.814032;W40_NSS1_MCS2:bytes=29562,ppdus=1,airtime_us=5436|W80_NSS2_MCS1:bytes=2723490,ppdus=45,airtime_us=180532;219.375;1.0;204.02900302114804;1.350672;0.99338;W40_NSS1_MCS10:bytes=168834,ppdus=9,airtime_us=6620;367.5;0.971236042364933;334.9198498564805;18.202224;0.945652;W20_NSS2_MCS6:bytes=65446,ppdus=1,airtime_us=4036|W80_NSS2_MCS4:bytes=2209832,ppdus=38,airtime_us=50312;490.0;1.0;459.93693835724423;11.66952;0.974628;W80_NSS2_MCS5:bytes=1458690,ppdus=27,airtime_us=25372;816.666668;1.0;737.4207188160676;2.7904;0.996216;W80_NSS2_MCS9:bytes=348800,ppdus=6,airtime_us=3784;183.75;1.0;141.8235294117647;0.308608;0.997824;W80_NSS2_MCS2:bytes=38576,ppdus=8,airtime_us=2176;122.5;1.0;120.57673464152879;18.802736;0.84406;W80_NSS2_MCS1:bytes=2350342,ppdus=41,airtime_us=155940;367.5;1.0;231.71428571428572;0.311424;0.998656;W80_NSS2_MCS4:bytes=38928,ppdus=8,airtime_us=1344;219.375;0.851591101686071;217.92221969524675;22.996896;0.894472;W40_NSS1_MCS10:bytes=2447994,ppdus=39,airtime_us=91124|W40_NSS1_MCS11:bytes=426618,ppdus=7,airtime_us=14404;245.0;1.0;236.32299459319935;4.879686522452336;0.979351622;W80_NSS1_MCS5:bytes=609960.815306542,ppdus=15,airtime_us=20648.378;245.0;1.0;236.57560529922338;4.142912;0.982488;W80_NSS2_MCS3:bytes=517864,ppdus=10,airtime_us=17512;122.5;1.0;117.57178841309823;1.493632;0.987296;W80_NSS2_MCS1:bytes=186704,ppdus=8,airtime_us=12704;;;;;;;;;;;;;;;;;;;;;;;;;;;;;;;;;;;;;;;;;;;;;;;;;;;;;;;;;;;;;;;;;;;;;;;;;;;;;;;;;;;;;;;;;;
70;1;15;low;-60.0;ap_only_cochannel;ul;su;0;302.3888889333333;262.84375027535555;100.62561038328359;-0.17362432100233716;183.75;0.9079899907252367;163.84599694033656;5.140832;0.968624;W40_NSS1_MCS4:bytes=59126,ppdus=1,airtime_us=5436|W80_NSS1_MCS4:bytes=583478,ppdus=11,airtime_us=25940;408.333334;0.9925489531587627;365.92012462269156;1.668490383283582;0.995440288;W40_NSS1_MCS9:bytes=1554,ppdus=1,airtime_us=108|W80_NSS1_MCS9:bytes=207007.297910448,ppdus=8,airtime_us=4451.712;275.625;0.9718119705308925;264.4416562107905;18.54688;0.929864;W20_NSS2_MCS9:bytes=65350,ppdus=1,airtime_us=2740|W80_NSS1_MCS6:bytes=2253010,ppdus=39,airtime_us=67396;146.25;1.0;140.79504443845946;4.182176;0.970296;W40_NSS1_MCS7:bytes=522772,ppdus=22,airtime_us=29704;367.5;1.0;335.62857142857143;1.87952;0.9944;W80_NSS2_MCS4:bytes=234940,ppdus=8,airtime_us=5600;551.25;0.8365121088845185;404.33846698530715;9.136432;0.977404;W20_NSS2_MCS10:bytes=65350,ppdus=1,airtime_us=2436|W40_NSS1_MCS6:bytes=38898,ppdus=1,airtime_us=2412|W40_NSS2_MCS6:bytes=49790,ppdus=1,airtime_us=1572|W80_NSS1_MCS6:bytes=32674,ppdus=1,airtime_us=1004|W80_NSS2_MCS6:bytes=955342,ppdus=21,airtime_us=15172;219.375;0.9562047733536622;206.97900230610512;6.8212;0.967044;W20_NSS2_MCS6:bytes=37342,ppdus=1,airtime_us=2324|W40_NSS1_MCS10:bytes=815308,ppdus=18,airtime_us=30632;122.5;1.0;118.43415919873485;4.493392;0.96206;W80_NSS2_MCS1:bytes=561674,ppdus=21,airtime_us=37940;131.625;0.5292857979355228;117.29779231398201;5.738208;0.95108;W20_NSS2_MCS6:bytes=379644,ppdus=10,airtime_us=23688|W40_NSS1_MCS1:bytes=18670,ppdus=1,airtime_us=5164|W40_NSS1_MCS6:bytes=275396,ppdus=8,airtime_us=17168|W80_NSS2_MCS1:bytes=43566,ppdus=1,airtime_us=2900;219.375;0.8707665412894473;226.60721487788484;4.045392;0.982148;W40_NSS1_MCS10:bytes=440324,ppdus=12,airtime_us=16656|W80_NSS1_MCS10:bytes=65350,ppdus=1,airtime_us=1196;263.25;0.9450980688674823;217.52302631578948;6.348192;0.970816;W20_NSS1_MCS6:bytes=43566,ppdus=1,airtime_us=5356|W40_NSS2_MCS6:bytes=749958,ppdus=17,airtime_us=23828;735.0;0.9431663516972258;614.3165486843862;18.397552;0.970052;W20_NSS2_MCS9:bytes=65350,ppdus=1,airtime_us=2740|W80_NSS1_MCS8:bytes=65350,ppdus=1,airtime_us=1468|W80_NSS2_MCS8:bytes=2168994,ppdus=35,airtime_us=25740;551.25;0.892029871460199;457.83661119515887;4.84208;0.989424;W40_NSS2_MCS6:bytes=65350,ppdus=1,airtime_us=2052|W80_NSS2_MCS6:bytes=539910,ppdus=11,airtime_us=8524;243.75;0.7958523961102427;193.66378199226662;4.207152;0.978276;W20_NSS1_MCS11:bytes=107360,ppdus=2,airtime_us=7160|W40_NSS1_MCS11:bytes=418534,ppdus=15,airtime_us=14564;117.0;0.5144207000543828;115.02825661986849;5.178112;0.954984;W20_NSS2_MCS5:bytes=256728,ppdus=6,airtime_us=17944|W40_NSS1_MCS5:bytes=332966,ppdus=9,airtime_us=23260|W80_NSS2_MCS1:bytes=57570,ppdus=1,airtime_us=3812;;;;;;;;;;;;;;;;;;;;;;;;;;;;;;;;;;;;;;;;;;;;;;;;;;;;;;;;;;;;;;;;;;;;;;;;;;;;;;;;;;;;;;;;;;
70;1;15;low;-60.0;ap_only_cochannel;ul;su;1;357.86250013333336;294.5347314770821;109.860576;0.27287604938010135;551.25;1.0;514.4208311415044;15.646624;0.969584;W80_NSS2_MCS6:bytes=1955828,ppdus=32,airtime_us=30416;175.5;1.0;157.733383402178;1.680176;0.989348;W40_NSS2_MCS4:bytes=210022,ppdus=19,airtime_us=10652;351.0;0.8211903616714268;301.68475120385233;3.758992;0.98754;W20_NSS2_MCS8:bytes=28006,ppdus=1,airtime_us=1332|W20_NSS2_MCS11:bytes=28006,ppdus=1,airtime_us=980|W40_NSS2_MCS8:bytes=385856,ppdus=16,airtime_us=9776|W80_NSS2_MCS8:bytes=28006,ppdus=1,airtime_us=372;408.333334;1.0;386.8655004301692;10.792;0.972104;W80_NSS1_MCS9:bytes=1349000,ppdus=26,airtime_us=27896;367.5;0.8983634422192682;233.23506988564168;0.734224;0.996852;W20_NSS2_MCS4:bytes=3108,ppdus=2,airtime_us=392|W40_NSS2_MCS4:bytes=3110,ppdus=1,airtime_us=196|W80_NSS1_MCS4:bytes=3110,ppdus=1,airtime_us=188|W80_NSS2_MCS4:bytes=82450,ppdus=9,airtime_us=2372;65.8125;0.8900457645686822;59.95127118644068;3.622016;0.939584;W20_NSS1_MCS1:bytes=9334,ppdus=1,airtime_us=5164|W20_NSS1_MCS6:bytes=402970,ppdus=17,airtime_us=49884|W20_NSS2_MCS6:bytes=1554,ppdus=1,airtime_us=148|W80_NSS1_MCS1:bytes=38894,ppdus=3,airtime_us=5220;551.25;0.8350996826627262;292.19022340190224;10.567936;0.963832;W20_NSS1_MCS6:bytes=87132,ppdus=2,airtime_us=10712|W20_NSS2_MCS6:bytes=130700,ppdus=2,airtime_us=8072|W80_NSS2_MCS6:bytes=1103160,ppdus=22,airtime_us=17384;612.5;0.9423471714825379;498.7389726102739;18.136144;0.963636;W20_NSS2_MCS5:bytes=65350,ppdus=1,airtime_us=4532|W80_NSS1_MCS7:bytes=65350,ppdus=1,airtime_us=1756|W80_NSS2_MCS7:bytes=2136318,ppdus=35,airtime_us=30076;122.5;0.9828598710909525;116.0387811634349;8.71312;0.924912;W20_NSS2_MCS2:bytes=4666,ppdus=1,airtime_us=916|W40_NSS1_MCS2:bytes=14002,ppdus=1,airtime_us=2604|W80_NSS2_MCS1:bytes=1070472,ppdus=28,airtime_us=71568;408.333334;0.9176279003775758;352.7342670401494;7.555568;0.97858;W20_NSS2_MCS9:bytes=65350,ppdus=1,airtime_us=2740|W40_NSS1_MCS9:bytes=12446,ppdus=1,airtime_us=556|W80_NSS1_MCS9:bytes=866650,ppdus=21,airtime_us=18124;121.875;0.4994110468830905;133.50055583628094;10.567904;0.92084;W20_NSS1_MCS11:bytes=659716,ppdus=14,airtime_us=44088|W40_NSS1_MCS2:bytes=29562,ppdus=1,airtime_us=5436|W40_NSS1_MCS11:bytes=485452,ppdus=10,airtime_us=16504|W40_NSS2_MCS2:bytes=59126,ppdus=1,airtime_us=5444|W80_NSS1_MCS2:bytes=87132,ppdus=2,airtime_us=7688;490.0;0.9004727354691717;412.69893148962916;5.252832;0.987272;W40_NSS2_MCS5:bytes=65350,ppdus=1,airtime_us=2292|W80_NSS2_MCS5:bytes=591254,ppdus=13,airtime_us=10436;490.0;0.9351996637879137;414.95522388059703;8.451808;0.979632;W20_NSS2_MCS9:bytes=68460,ppdus=2,airtime_us=2920|W80_NSS2_MCS5:bytes=988016,ppdus=22,airtime_us=17448;408.333334;1.0;352.1338078291815;1.978992;0.99438;W80_NSS1_MCS9:bytes=247374,ppdus=15,airtime_us=5620;243.75;0.8134674303982949;191.13940165499682;2.40224;0.987432;W40_NSS1_MCS5:bytes=56012,ppdus=2,airtime_us=3928|W40_NSS1_MCS11:bytes=244268,ppdus=12,airtime_us=8640;;;;;;;;;;;;;;;;;;;;;;;;;;;;;;;;;;;;;;;;;;;;;;;;;;;;;;;;;;;;;;;;;;;;;;;;;;;;;;;;;;;;;;;;;;
70;1;15;low;-60.0;ap_only_cochannel;ul;su;2;243.28333333333333;221.7790799107581;91.86238791912568;0.38613004198602985;122.5;0.8950609446419502;86.28277986990757;2.016256;0.976632;W20_NSS1_MCS1:bytes=9334,ppdus=1,airtime_us=5164|W40_NSS2_MCS1:bytes=17114,ppdus=1,airtime_us=2404|W80_NSS2_MCS1:bytes=225584,ppdus=18,airtime_us=15800;390.0;0.5873299795963179;337.27397545246515;6.485104;0.980772;W20_NSS2_MCS2:bytes=29562,ppdus=1,airtime_us=5444|W40_NSS2_MCS9:bytes=476112,ppdus=12,airtime_us=10416|W80_NSS2_MCS9:bytes=304964,ppdus=6,airtime_us=3368;367.5;1.0;349.8840206185567;4.34416;0.987584;W80_NSS1_MCS8:bytes=543020,ppdus=12,airtime_us=12416;122.5;0.8859266425074316;107.67970472138207;8.402032;0.921972;W40_NSS2_MCS1:bytes=38898,ppdus=1,airtime_us=5380|W80_NSS1_MCS1:bytes=80908,ppdus=2,airtime_us=10680|W80_NSS2_MCS1:bytes=930448,ppdus=20,airtime_us=61968;219.375;0.9149792619653516;224.02681433984262;6.149088;0.972552;W40_NSS1_MCS10:bytes=703286,ppdus=13,airtime_us=26252|W80_NSS1_MCS10:bytes=65350,ppdus=1,airtime_us=1196;175.5;1.0;169.62600831092644;5.55152;0.967272;W40_NSS2_MCS4:bytes=693940,ppdus=18,airtime_us=32728;490.0;0.9841311134235172;421.1471535982814;3.136704;0.992552;W20_NSS1_MCS10:bytes=6222,ppdus=1,airtime_us=508|W80_NSS2_MCS5:bytes=385866,ppdus=11,airtime_us=6940;195.0;0.9829604174807273;183.31916317991633;4.381328;0.9761;W20_NSS1_MCS9:bytes=4666,ppdus=1,airtime_us=428|W20_NSS2_MCS9:bytes=538334,ppdus=21,airtime_us=23236|W40_NSS1_MCS9:bytes=4666,ppdus=1,airtime_us=236;183.75;0.8924875664137492;153.57437831617978;9.609456;0.937428;W20_NSS2_MCS2:bytes=29562,ppdus=1,airtime_us=5444|W40_NSS1_MCS4:bytes=40454,ppdus=1,airtime_us=3740|W40_NSS2_MCS2:bytes=59126,ppdus=1,airtime_us=5444|W80_NSS2_MCS2:bytes=1072040,ppdus=22,airtime_us=47944;122.5;0.9503739972249247;108.17044768394722;5.01608;0.953628;W40_NSS1_MCS2:bytes=31116,ppdus=2,airtime_us=5768|W80_NSS2_MCS1:bytes=595894,ppdus=27,airtime_us=40604;183.75;0.948679709973992;169.81447848595434;8.003696;0.952868;W20_NSS2_MCS4:bytes=26450,ppdus=1,airtime_us=2468|W40_NSS1_MCS4:bytes=24894,ppdus=1,airtime_us=2316|W80_NSS1_MCS4:bytes=949118,ppdus=21,airtime_us=42348;219.375;1.0;212.50664863646608;3.771568;0.982252;W40_NSS1_MCS10:bytes=471446,ppdus=11,airtime_us=17748;490.0;1.0;462.36691165874043;12.833456;0.972244;W80_NSS2_MCS5:bytes=1604182,ppdus=27,airtime_us=27756;245.0;0.9373852846831754;227.820052091826;6.361443919125683;0.972076892;W40_NSS1_MCS7:bytes=49790,ppdus=1,airtime_us=2780|W80_NSS2_MCS3:bytes=745390.48989071,ppdus=14,airtime_us=25143.108;122.5;0.9656663843919554;113.19366169697916;5.800496;0.948756;W40_NSS1_MCS2:bytes=24894,ppdus=1,airtime_us=4588|W80_NSS2_MCS1:bytes=700168,ppdus=16,airtime_us=46656;;;;;;;;;;;;;;;;;;;;;;;;;;;;;;;;;;;;;;;;;;;;;;;;;;;;;;;;;;;;;;;;;;;;;;;;;;;;;;;;;;;;;;;;;;
71;1;15;low;-60.0;ap_only_cochannel;dl;su;0;256.71944453333333;76.99126620024168;1.010704;-1343.021276595745;367.5;1.0;134.007722007722;0.138832;0.998964;W80_NSS2_MCS4:bytes=17354,ppdus=11,airtime_us=1036;816.666668;1.0;177.8181818181818;0.07824;0.99956;W80_NSS2_MCS9:bytes=9780,ppdus=6,airtime_us=440;551.25;1.0;167.93513513513514;0.124272;0.99926;W80_NSS2_MCS6:bytes=15534,ppdus=9,airtime_us=740;29.25;1.0;21.745454545454546;0.019136;0.99912;W40_NSS2_MCS0:bytes=2392,ppdus=4,airtime_us=880;87.75;0.9554079696394687;55.473684210526315;0.016864;0.999696;W40_NSS1_MCS4:bytes=2014,ppdus=1,airtime_us=236|W40_NSS2_MCS4:bytes=94,ppdus=1,airtime_us=68;263.25;0.93782722513089;45.61194029850746;0.024448;0.999464;W40_NSS1_MCS6:bytes=190,ppdus=1,airtime_us=60|W40_NSS2_MCS6:bytes=2866,ppdus=7,airtime_us=476;219.375;0.5;11.75;0.001504;0.999872;W20_NSS2_MCS10:bytes=94,ppdus=1,airtime_us=68|W40_NSS1_MCS10:bytes=94,ppdus=1,airtime_us=60;29.25;1.0;22.865671641791046;0.006128;0.999732;W40_NSS1_MCS1:bytes=766,ppdus=1,airtime_us=268;58.5;0.6991252098612707;36.30152365677626;0.181072;0.995012;W20_NSS1_MCS1:bytes=1150,ppdus=1,airtime_us=684|W20_NSS2_MCS1:bytes=2590,ppdus=1,airtime_us=772|W40_NSS1_MCS1:bytes=3070,ppdus=1,airtime_us=892|W40_NSS2_MCS1:bytes=15824,ppdus=8,airtime_us=2640;219.375;1.0;41.1764705882353;0.0084;0.999796;W20_NSS2_MCS10:bytes=1050,ppdus=3,airtime_us=204;275.625;0.6347565950503128;119.57723577235772;0.176496;0.998524;W20_NSS1_MCS6:bytes=3166,ppdus=1,airtime_us=444|W40_NSS1_MCS6:bytes=1630,ppdus=1,airtime_us=156|W40_NSS2_MCS6:bytes=3262,ppdus=1,airtime_us=164|W80_NSS1_MCS6:bytes=14004,ppdus=6,airtime_us=712;367.5;1.0;119.03157894736842;0.090464;0.99924;W80_NSS1_MCS8:bytes=11308,ppdus=10,airtime_us=760;263.25;1.0;60.76190476190476;0.030624;0.999496;W40_NSS2_MCS6:bytes=3828,ppdus=6,airtime_us=504;243.75;1.0;116.07174887892377;0.103536;0.999108;W40_NSS1_MCS11:bytes=12942,ppdus=9,airtime_us=892;58.5;1.0;24.74074074074074;0.010688;0.999568;W40_NSS2_MCS1:bytes=1336,ppdus=4,airtime_us=432;;;;;;;;;;;;;;;;;;;;;;;;;;;;;;;;;;;;;;;;;;;;;;;;;;;;;;;;;;;;;;;;;;;;;;;;;;;;;;;;;;;;;;;;;;
71;1;15;low;-60.0;ap_only_cochannel;dl;su;1;273.4315477142857;85.67742002310045;1.40744;0.888235274657394;131.625;1.0;91.24296675191816;0.142704;0.998436;W40_NSS1_MCS6:bytes=17838,ppdus=9,airtime_us=1564;367.5;0.8613922743234869;124.92903225806451;0.077456;0.99938;W40_NSS2_MCS4:bytes=1342,ppdus=1,airtime_us=116|W80_NSS2_MCS4:bytes=8340,ppdus=6,airtime_us=504;351.0;0.9010126059103121;99.26153846153846;0.077424;0.99922;W20_NSS1_MCS11:bytes=958,ppdus=1,airtime_us=108|W40_NSS2_MCS8:bytes=8720,ppdus=8,airtime_us=672;195.0;0.7620832829443303;161.34634146341463;0.396912;0.99754;W20_NSS2_MCS9:bytes=37810,ppdus=7,airtime_us=1980|W40_NSS1_MCS9:bytes=5854,ppdus=1,airtime_us=300|W40_NSS2_MCS9:bytes=5950,ppdus=1,airtime_us=180;175.5;1.0;22.352941176470587;0.0076;0.99966;W40_NSS2_MCS4:bytes=950,ppdus=5,airtime_us=340;58.5;1.0;26.67936507936508;0.033616;0.99874;W40_NSS2_MCS1:bytes=4202,ppdus=11,airtime_us=1260;551.25;1.0;48.705882352941174;0.019872;0.999592;W80_NSS2_MCS6:bytes=2484,ppdus=6,airtime_us=408;292.5;0.8460995637670002;163.22513089005236;0.249408;0.998472;W40_NSS2_MCS7:bytes=26378,ppdus=11,airtime_us=1356|W80_NSS1_MCS7:bytes=4798,ppdus=1,airtime_us=172;;;;0.0;;;195.0;1.0;33.333333333333336;0.016;0.99952;W40_NSS1_MCS9:bytes=2000,ppdus=8,airtime_us=480;87.75;1.0;22.613861386138613;0.009136;0.999596;W40_NSS2_MCS2:bytes=1142,ppdus=5,airtime_us=404;117.0;0.75;12.533333333333333;0.003008;0.99976;W40_NSS1_MCS5:bytes=282,ppdus=3,airtime_us=180|W80_NSS1_MCS5:bytes=94,ppdus=1,airtime_us=60;245.0;1.0;118.9367088607595;0.150336;0.998736;W80_NSS1_MCS5:bytes=18792,ppdus=12,airtime_us=1264;816.666668;1.0;145.30526315789473;0.110432;0.99924;W80_NSS2_MCS9:bytes=13804,ppdus=10,airtime_us=760;243.75;0.979847801578354;129.01818181818183;0.113536;0.99912;W20_NSS1_MCS11:bytes=286,ppdus=1,airtime_us=76|W40_NSS1_MCS11:bytes=13906,ppdus=7,airtime_us=804;;;;;;;;;;;;;;;;;;;;;;;;;;;;;;;;;;;;;;;;;;;;;;;;;;;;;;;;;;;;;;;;;;;;;;;;;;;;;;;;;;;;;;;;;;
71;1;15;low;-60.0;ap_only_cochannel;dl;su;2;320.8452382857143;71.33428394418326;0.920208;0.5595371207131588;61.25;0.9192566692566693;49.26315789473684;0.247104;0.994984;W20_NSS2_MCS1:bytes=2494,ppdus=1,airtime_us=740|W80_NSS1_MCS1:bytes=28394,ppdus=11,airtime_us=4276;816.666668;1.0;11.058823529411764;0.001504;0.999864;W80_NSS2_MCS9:bytes=188,ppdus=2,airtime_us=136;351.0;1.0;120.82191780821918;0.07056;0.999416;W40_NSS2_MCS8:bytes=8820,ppdus=6,airtime_us=584;58.5;0.7254098360655737;29.221556886227546;0.03904;0.998664;W20_NSS1_MCS1:bytes=670,ppdus=1,airtime_us=412|W40_NSS2_MCS1:bytes=3540,ppdus=6,airtime_us=824|W80_NSS2_MCS1:bytes=670,ppdus=1,airtime_us=100;219.375;1.0;27.16190476190476;0.011408;0.99958;W40_NSS1_MCS10:bytes=1426,ppdus=7,airtime_us=420;175.5;1.0;11.058823529411764;0.002256;0.999796;W40_NSS2_MCS4:bytes=282,ppdus=3,airtime_us=204;490.0;0.826427771556551;186.48995983935743;0.185744;0.999004;W40_NSS1_MCS5:bytes=4030,ppdus=1,airtime_us=332|W80_NSS2_MCS5:bytes=19188,ppdus=6,airtime_us=664;816.666668;1.0;131.52941176470588;0.080496;0.999388;W80_NSS2_MCS9:bytes=10062,ppdus=9,airtime_us=612;;;;0.0;;;58.5;1.0;53.82010582010582;0.040688;0.999244;W40_NSS2_MCS1:bytes=5086,ppdus=1,airtime_us=756;367.5;1.0;11.058823529411764;0.003008;0.999728;W80_NSS2_MCS4:bytes=376,ppdus=4,airtime_us=272;219.375;0.7466940934469586;107.18110236220473;0.054448;0.999492;W20_NSS2_MCS10:bytes=1724,ppdus=2,airtime_us=184|W40_NSS1_MCS10:bytes=5082,ppdus=3,airtime_us=324;490.0;1.0;104.88421052631578;0.079712;0.99924;W80_NSS2_MCS5:bytes=9964,ppdus=10,airtime_us=760;245.0;1.0;77.08366533864542;0.077392;0.998996;W80_NSS2_MCS3:bytes=9674,ppdus=11,airtime_us=1004;122.5;1.0;78.04651162790698;0.026848;0.999656;W80_NSS2_MCS1:bytes=3356,ppdus=2,airtime_us=344;;;;;;;;;;;;;;;;;;;;;;;;;;;;;;;;;;;;;;;;;;;;;;;;;;;;;;;;;;;;;;;;;;;;;;;;;;;;;;;;;;;;;;;;;;
72;1;15;low;-60.0;ap_only_cochannel;ul_dl;su;0;229.6805556;176.51667054312315;20.126576;0.509774991065816;175.5;0.8064814369194684;170.81189832341806;6.316624;0.96302;W40_NSS1_MCS4:bytes=50574,ppdus=1,airtime_us=4668|W40_NSS2_MCS4:bytes=636780,ppdus=16,airtime_us=29968|W80_NSS2_MCS4:bytes=102224,ppdus=2,airtime_us=2344;408.333334;1.0;366.1653333333333;2.196992;0.994;W80_NSS1_MCS9:bytes=274624,ppdus=12,airtime_us=6000;131.625;1.0;118.9364705882353;0.202192;0.9983;W40_NSS1_MCS6:bytes=25274,ppdus=3,airtime_us=1700;30.625;1.0;30.058192955589586;0.157024;0.994776;W80_NSS1_MCS0:bytes=19628,ppdus=2,airtime_us=5224;175.5;0.800280137632837;119.74840474020054;0.525456;0.995612;W20_NSS1_MCS6:bytes=13118,ppdus=1,airtime_us=1644|W40_NSS2_MCS4:bytes=52564,ppdus=6,airtime_us=2744;551.25;1.0;396.05607476635515;0.678048;0.998288;W80_NSS2_MCS6:bytes=84756,ppdus=8,airtime_us=1712;219.375;1.0;177.33333333333334;0.302176;0.998296;W40_NSS1_MCS10:bytes=37772,ppdus=6,airtime_us=1704;58.5;0.7075274171825662;43.99701232416283;1.413712;0.967868;W20_NSS1_MCS3:bytes=33514,ppdus=3,airtime_us=9316|W20_NSS2_MCS1:bytes=18170,ppdus=1,airtime_us=5028|W40_NSS2_MCS1:bytes=125030,ppdus=11,airtime_us=17788;58.5;1.0;55.56587762393926;0.497648;0.991044;W40_NSS2_MCS1:bytes=62206,ppdus=7,airtime_us=8956;219.375;0.9836643177450353;57.81481481481482;0.049952;0.999136;W20_NSS1_MCS10:bytes=102,ppdus=1,airtime_us=60|W40_NSS1_MCS10:bytes=6142,ppdus=11,airtime_us=804;551.25;1.0;477.5740890688259;2.359216;0.99506;W80_NSS2_MCS6:bytes=294902,ppdus=11,airtime_us=4940;367.5;0.583579532759006;233.50144927536232;1.288928;0.99448;W40_NSS1_MCS8:bytes=67092,ppdus=4,airtime_us=3264|W80_NSS1_MCS8:bytes=94024,ppdus=4,airtime_us=2256;131.625;0.6877719930583367;93.87218045112782;1.19856;0.987232;W20_NSS1_MCS6:bytes=46778,ppdus=7,airtime_us=6068|W20_NSS2_MCS6:bytes=103042,ppdus=7,airtime_us=6700;243.75;0.8172233242195178;190.49872340425532;1.790688;0.9906;W20_NSS1_MCS11:bytes=40912,ppdus=2,airtime_us=2776|W40_NSS1_MCS11:bytes=182924,ppdus=12,airtime_us=6624;122.5;1.0;115.81620314389359;1.14936;0.990076;W80_NSS2_MCS1:bytes=143670,ppdus=9,airtime_us=9924;;;;;;;;;;;;;;;;;;;;;;;;;;;;;;;;;;;;;;;;;;;;;;;;;;;;;;;;;;;;;;;;;;;;;;;;;;;;;;;;;;;;;;;;;;
72;1;15;low;-60.0;ap_only_cochannel;ul_dl;su;1;328.3305557333333;259.48760372871004;15.124512;0.7853680090295647;275.625;1.0;186.68421052631578;0.113504;0.999392;W80_NSS1_MCS6:bytes=14188,ppdus=4,airtime_us=608;367.5;0.8949162375806803;256.53953488372093;0.220624;0.99914;W40_NSS2_MCS4:bytes=2898,ppdus=1,airtime_us=196|W80_NSS2_MCS4:bytes=24680,ppdus=2,airtime_us=664;351.0;0.6503189409238068;352.50847457627117;0.998304;0.997168;W40_NSS2_MCS8:bytes=81152,ppdus=4,airtime_us=2096|W80_NSS2_MCS8:bytes=43636,ppdus=4,airtime_us=736;816.666668;1.0;524.7594936708861;0.663296;0.998736;W80_NSS2_MCS9:bytes=82912,ppdus=8,airtime_us=1264;175.5;1.0;159.06367713004485;0.709424;0.99554;W40_NSS2_MCS4:bytes=88678,ppdus=7,airtime_us=4460;122.5;0.5315650634192173;77.8972554539057;0.442768;0.994316;W20_NSS1_MCS6:bytes=11754,ppdus=1,airtime_us=1484|W40_NSS2_MCS1:bytes=14172,ppdus=2,airtime_us=2056|W80_NSS2_MCS1:bytes=29420,ppdus=4,airtime_us=2144;263.25;0.8969662898168015;258.3451032644903;3.102208;0.987992;W40_NSS2_MCS6:bytes=347822,ppdus=13,airtime_us=11364|W80_NSS2_MCS6:bytes=39954,ppdus=1,airtime_us=644;306.25;1.0;218.17021276595744;0.164064;0.999248;W80_NSS1_MCS7:bytes=20508,ppdus=4,airtime_us=752;122.5;1.0;94.92402464065708;0.184912;0.998052;W80_NSS2_MCS1:bytes=23114,ppdus=7,airtime_us=1948;816.666668;1.0;728.1484918793503;2.510656;0.996552;W80_NSS2_MCS9:bytes=313832,ppdus=6,airtime_us=3448;183.75;1.0;175.6940884663084;1.700016;0.990324;W80_NSS2_MCS2:bytes=212502,ppdus=7,airtime_us=9676;245.0;0.6338033518492142;158.42798044377585;1.68504;0.989364;W20_NSS1_MCS5:bytes=38566,ppdus=1,airtime_us=5324|W80_NSS1_MCS5:bytes=133498,ppdus=5,airtime_us=4620|W80_NSS2_MCS5:bytes=38566,ppdus=1,airtime_us=692;245.0;1.0;228.72168905950096;0.476656;0.997916;W80_NSS1_MCS5:bytes=59582,ppdus=3,airtime_us=2084;390.0;0.7193735204599256;278.3058823529412;1.513984;0.99456;W40_NSS1_MCS9:bytes=53108,ppdus=2,airtime_us=2280|W40_NSS2_MCS9:bytes=136140,ppdus=6,airtime_us=3160;243.75;0.8441951879021556;194.12393681652492;0.639056;0.996708;W20_NSS1_MCS11:bytes=12446,ppdus=1,airtime_us=876|W40_NSS1_MCS11:bytes=67436,ppdus=4,airtime_us=2416;;;;;;;;;;;;;;;;;;;;;;;;;;;;;;;;;;;;;;;;;;;;;;;;;;;;;;;;;;;;;;;;;;;;;;;;;;;;;;;;;;;;;;;;;;
72;1;15;low;-60.0;ap_only_cochannel;ul_dl;su;2;245.18888893333335;154.07575392656886;11.162;0.8078569797664896;58.5;1.0;57.41593529512993;1.334576;0.976756;W40_NSS2_MCS1:bytes=166822,ppdus=7,airtime_us=23244;390.0;0.7610179911985504;274.0931263858093;0.988928;0.996392;W40_NSS1_MCS9:bytes=29542,ppdus=1,airtime_us=1260|W40_NSS2_MCS9:bytes=94074,ppdus=7,airtime_us=2348;735.0;1.0;241.9718309859155;0.13744;0.999432;W80_NSS2_MCS8:bytes=17180,ppdus=6,airtime_us=568;122.5;1.0;11.058823529411764;0.001504;0.999864;W80_NSS2_MCS1:bytes=188,ppdus=2,airtime_us=136;219.375;0.8737147376746639;74.00975609756098;0.060688;0.99918;W20_NSS2_MCS10:bytes=6628,ppdus=8,airtime_us=736|W20_NSS2_MCS11:bytes=958,ppdus=1,airtime_us=84;175.5;0.9694127677715016;128.09556313993173;0.300256;0.997656;W40_NSS1_MCS4:bytes=1148,ppdus=2,airtime_us=200|W40_NSS2_MCS4:bytes=36384,ppdus=8,airtime_us=2144;234.0;0.9089098864861437;189.8735701384708;1.26152;0.993356;W20_NSS2_MCS5:bytes=14364,ppdus=2,airtime_us=1096|W40_NSS2_MCS5:bytes=143326,ppdus=11,airtime_us=5548;408.333334;1.0;321.5141242937853;0.227632;0.999292;W80_NSS1_MCS9:bytes=28454,ppdus=3,airtime_us=708;87.75;1.0;82.04444444444445;0.7384;0.991;W40_NSS2_MCS2:bytes=92300,ppdus=10,airtime_us=9000;58.5;1.0;54.28673514962037;0.486192;0.991044;W40_NSS2_MCS1:bytes=60774,ppdus=11,airtime_us=8956;175.5;0.8893062454119912;150.33034754568254;1.678288;0.988836;W40_NSS1_MCS4:bytes=23222,ppdus=1,airtime_us=2172|W40_NSS2_MCS4:bytes=186564,ppdus=8,airtime_us=8992;219.375;0.7915077178940804;168.26410144293834;1.53928;0.990852;W20_NSS1_MCS10:bytes=40116,ppdus=2,airtime_us=3032|W40_NSS1_MCS10:bytes=152294,ppdus=11,airtime_us=6116;490.0;1.0;427.1801652892562;2.067552;0.99516;W80_NSS2_MCS5:bytes=258444,ppdus=10,airtime_us=4840;245.0;0.6128443411881845;93.42635658914729;0.289248;0.996904;W20_NSS1_MCS3:bytes=4666,ppdus=1,airtime_us=1324|W40_NSS2_MCS3:bytes=9332,ppdus=2,airtime_us=744|W80_NSS2_MCS3:bytes=22158,ppdus=5,airtime_us=1028;58.5;0.7385931558935361;37.57142857142857;0.050496;0.998656;W20_NSS2_MCS1:bytes=1650,ppdus=1,airtime_us=516|W40_NSS2_MCS1:bytes=4662,ppdus=3,airtime_us=828;;;;;;;;;;;;;;;;;;;;;;;;;;;;;;;;;;;;;;;;;;;;;;;;;;;;;;;;;;;;;;;;;;;;;;;;;;;;;;;;;;;;;;;;;;
73;1;20;high;-41.5;isolated;ul;su;0;401.6642157647059;367.90818694015576;233.18771385143384;0.5175123005784521;183.75;0.5784439916247848;226.74115308151093;9.124064;0.95976;W80_NSS1_MCS4:bytes=659720,ppdus=12,airtime_us=29328|W80_NSS2_MCS4:bytes=480788,ppdus=8,airtime_us=10912;816.666668;1.0;736.3480215827338;26.202208;0.964416;W80_NSS2_MCS9:bytes=3275276,ppdus=52,airtime_us=35584;275.625;1.0;135.1304347826087;0.012432;0.999908;W80_NSS1_MCS6:bytes=1554,ppdus=1,airtime_us=92;;;;0.0;;;367.5;1.0;352.4963503649635;5.215536;0.985204;W80_NSS2_MCS4:bytes=651942,ppdus=11,airtime_us=14796;551.25;0.9801979657992962;500.06303507841506;26.401328;0.947204;W20_NSS2_MCS10:bytes=65350,ppdus=1,airtime_us=2436|W80_NSS2_MCS6:bytes=3234816,ppdus=54,airtime_us=50360;918.75;1.0;832.484076433121;12.5472;0.984928;W80_NSS2_MCS10:bytes=1568400,ppdus=24,airtime_us=15072;122.5;1.0;75.8048780487805;0.012432;0.999836;W80_NSS2_MCS1:bytes=1554,ppdus=1,airtime_us=164;131.625;0.5541135337160451;129.37428759973605;8.62616;0.933324;W20_NSS2_MCS6:bytes=597484,ppdus=10,airtime_us=36952|W40_NSS1_MCS6:bytes=480786,ppdus=9,airtime_us=29724;459.375;1.0;420.5699067909454;2.526784;0.993992;W80_NSS1_MCS10:bytes=315848,ppdus=10,airtime_us=6008;551.25;1.0;513.4714635524581;21.80816;0.957528;W80_NSS2_MCS6:bytes=2726020,ppdus=46,airtime_us=42472;735.0;1.0;672.4804132587171;12.497376;0.981416;W80_NSS2_MCS8:bytes=1562172,ppdus=26,airtime_us=18584;;;;0.0;;;;;;0.0;;;122.5;0.7361552364721314;119.26700099328824;20.85256469158187;0.825160652;W40_NSS1_MCS5:bytes=687730,ppdus=11,airtime_us=47636|W80_NSS2_MCS1:bytes=1918840.58644773,ppdus=33,airtime_us=127203.348;122.5;1.0;120.58250973010183;10.821293159851988;0.910258186;W80_NSS2_MCS1:bytes=1352661.6449815,ppdus=25,airtime_us=89741.814;735.0;1.0;674.034770183377;22.642176;0.966408;W80_NSS2_MCS8:bytes=2830272,ppdus=46,airtime_us=33592;183.75;0.6331167340670164;217.7805044308112;7.667616;0.964792;W80_NSS1_MCS4:bytes=606812,ppdus=14,airtime_us=27096|W80_NSS2_MCS4:bytes=351640,ppdus=8,airtime_us=8112;367.5;0.9879517983438931;349.3636919905961;43.392368;0.875796;W40_NSS1_MCS8:bytes=65350,ppdus=1,airtime_us=3036|W80_NSS2_MCS4:bytes=5358696,ppdus=84,airtime_us=121168;183.75;1.0;178.4466800804829;2.838016;0.984096;W80_NSS2_MCS2:bytes=354752,ppdus=8,airtime_us=15904;;;;;;;;;;;;;;;;;;;;;;;;;;;;;;;;;;;;;;;;;;;;;;;;;;;;;;;;;;;;
73;1;20;high;-41.5;isolated;ul;su;1;518.2062502;451.2924676213861;230.83405582685828;0.526691267782266;131.625;1.0;128.73798950149936;10.437895826858275;0.918921401;W20_NSS2_MCS6:bytes=1304736.97835728,ppdus=28,airtime_us=81078.599;551.25;1.0;502.60699755899105;4.941632;0.990168;W80_NSS2_MCS6:bytes=617704,ppdus=14,airtime_us=9832;612.5;1.0;559.2512455516014;12.571968;0.97752;W80_NSS2_MCS7:bytes=1571496,ppdus=32,airtime_us=22480;122.5;0.9878209152976423;118.15011682242991;19.418208;0.835648;W40_NSS1_MCS2:bytes=29562,ppdus=1,airtime_us=5436|W80_NSS2_MCS1:bytes=2397714,ppdus=41,airtime_us=158916;816.666668;1.0;725.5128141328689;11.663344;0.983924;W80_NSS2_MCS9:bytes=1457918,ppdus=27,airtime_us=16076;243.75;0.6345850933279528;236.62270574883576;24.18568;0.897788;W20_NSS2_MCS11:bytes=1104726,ppdus=17,airtime_us=37380|W40_NSS1_MCS11:bytes=1918484,ppdus=32,airtime_us=64832;490.0;1.0;430.6227347611203;2.091104;0.995144;W80_NSS2_MCS5:bytes=261388,ppdus=10,airtime_us=4856;490.0;1.0;463.71209401011913;11.364656;0.975492;W80_NSS2_MCS5:bytes=1420582,ppdus=23,airtime_us=24508;816.666668;1.0;722.0084626234133;12.285696;0.982984;W80_NSS2_MCS9:bytes=1535712,ppdus=30,airtime_us=17016;1020.833334;1.0;887.0954666666667;13.306432;0.985;W80_NSS2_MCS11:bytes=1663304,ppdus=30,airtime_us=15000;612.5;1.0;567.3849439402029;8.501696;0.985016;W80_NSS2_MCS7:bytes=1062712,ppdus=18,airtime_us=14984;245.0;1.0;230.2313564298297;1.568336;0.993188;W80_NSS2_MCS3:bytes=196042,ppdus=7,airtime_us=6812;219.375;1.0;212.57182597944518;11.003568;0.948236;W20_NSS2_MCS10:bytes=1375446,ppdus=29,airtime_us=51764;245.0;0.9812992418611566;230.30119823724368;25.29352;0.890172;W40_NSS1_MCS4:bytes=59126,ppdus=1,airtime_us=5436|W80_NSS2_MCS3:bytes=3102564,ppdus=50,airtime_us=104392;1020.833334;0.9862394584817855;625.6758127738068;10.854224;0.982652;W20_NSS1_MCS3:bytes=18670,ppdus=1,airtime_us=5164|W80_NSS2_MCS11:bytes=1338108,ppdus=26,airtime_us=12184;459.375;1.0;330.97872340425533;0.435568;0.998684;W80_NSS1_MCS10:bytes=54446,ppdus=7,airtime_us=1316;183.75;1.0;179.65549337260677;12.198608;0.9321;W80_NSS2_MCS2:bytes=1524826,ppdus=27,airtime_us=67900;612.5;1.0;562.5961671669361;9.746416;0.982676;W80_NSS2_MCS7:bytes=1218302,ppdus=23,airtime_us=17324;735.0;1.0;673.185306122449;6.597216;0.9902;W80_NSS2_MCS8:bytes=824652,ppdus=14,airtime_us=9800;735.0;0.9766276256815005;638.9478976234004;22.368288;0.964992;W20_NSS2_MCS10:bytes=65350,ppdus=1,airtime_us=2436|W80_NSS2_MCS8:bytes=2730686,ppdus=47,airtime_us=32572;;;;;;;;;;;;;;;;;;;;;;;;;;;;;;;;;;;;;;;;;;;;;;;;;;;;;;;;;;;;
73;1;20;high;-41.5;isolated;ul;su;2;468.3312501;413.5952862452737;220.95212253931544;0.5482162672503186;367.5;1.0;344.31181894383906;3.286112;0.990456;W80_NSS2_MCS4:bytes=410764,ppdus=10,airtime_us=9544;918.75;0.9963681575761542;787.2713891444342;3.423056;0.995652;W20_NSS1_MCS11:bytes=1554,ppdus=1,airtime_us=156|W80_NSS2_MCS10:bytes=426328,ppdus=8,airtime_us=4192;490.0;0.9894004221057444;379.7056625467088;10.567968;0.972168;W20_NSS1_MCS2:bytes=14002,ppdus=1,airtime_us=5164|W80_NSS2_MCS5:bytes=1306994,ppdus=23,airtime_us=22668;245.0;0.9889056076332557;229.8356894079082;8.974624;0.960952;W20_NSS1_MCS7:bytes=12446,ppdus=1,airtime_us=1420|W80_NSS2_MCS3:bytes=1109382,ppdus=23,airtime_us=37628;122.5;0.9900184809836702;118.54393427171075;12.469444760499538;0.894811617;W20_NSS2_MCS2:bytes=15558,ppdus=1,airtime_us=2900|W80_NSS2_MCS1:bytes=1543122.59506244,ppdus=27,airtime_us=102288.383;510.416667;1.0;469.3854748603352;2.01648;0.995704;W80_NSS1_MCS11:bytes=252060,ppdus=6,airtime_us=4296;490.0;0.9725492765878082;394.6442869576029;12.696496;0.967828;W20_NSS1_MCS6:bytes=43566,ppdus=1,airtime_us=5356|W80_NSS2_MCS5:bytes=1543496,ppdus=28,airtime_us=26816;131.625;1.0;129.31815458358298;12.086592;0.906536;W20_NSS2_MCS6:bytes=1510824,ppdus=26,airtime_us=93464;510.416667;1.0;481.9382940108893;3.186576;0.993388;W80_NSS1_MCS11:bytes=398322,ppdus=7,airtime_us=6612;490.0;1.0;458.72711319099153;6.273552;0.986324;W80_NSS2_MCS5:bytes=784194,ppdus=15,airtime_us=13676;816.666668;1.0;735.6400471142521;24.982336;0.96604;W80_NSS2_MCS9:bytes=3122792,ppdus=50,airtime_us=33960;292.5;0.6592303446100465;287.87741203178206;22.31856;0.922472;W40_NSS2_MCS7:bytes=1839134,ppdus=29,airtime_us=51940|W80_NSS1_MCS7:bytes=950686,ppdus=15,airtime_us=25588;918.75;1.0;825.5424063116371;13.3936;0.983776;W80_NSS2_MCS10:bytes=1674200,ppdus=28,airtime_us=16224;490.0;1.0;461.9108954565505;8.377216;0.981864;W80_NSS2_MCS5:bytes=1047152,ppdus=18,airtime_us=18136;918.75;0.9905571433773892;608.084478162805;11.862512;0.980492;W20_NSS1_MCS2:bytes=14002,ppdus=1,airtime_us=5164|W80_NSS2_MCS10:bytes=1468812,ppdus=26,airtime_us=14344;122.5;1.0;120.7127809399544;13.143029778815912;0.891121473;W80_NSS2_MCS1:bytes=1642878.72235199,ppdus=27,airtime_us=108878.527;490.0;1.0;455.9945092656143;5.315072;0.988344;W80_NSS2_MCS5:bytes=664384,ppdus=14,airtime_us=11656;551.25;1.0;507.7582697201018;6.385568;0.987424;W80_NSS2_MCS6:bytes=798196,ppdus=16,airtime_us=12576;245.0;0.9805284927593405;236.72622112502205;26.849488;0.88658;W40_NSS1_MCS9:bytes=65350,ppdus=1,airtime_us=2732|W80_NSS2_MCS3:bytes=3290836,ppdus=52,airtime_us=110688;245.0;1.0;237.97688685975174;13.34384;0.943928;W80_NSS2_MCS3:bytes=1667980,ppdus=26,airtime_us=56072;;;;;;;;;;;;;;;;;;;;;;;;;;;;;;;;;;;;;;;;;;;;;;;;;;;;;;;;;;;;
74;1;20;high;-41.5;isolated;dl;su;0;559.4166668;100.55112426235894;4.259648;0.729915462894673;367.5;0.6420533941310583;99.42961608775137;0.217552;0.997812;W80_NSS2_MCS4:bytes=17460,ppdus=18,airtime_us=1512|W80_NSS2_MCS6:bytes=9734,ppdus=9,airtime_us=676;816.666668;0.9628454596728708;115.3170731707317;0.226944;0.998032;W80_NSS2_MCS4:bytes=1054,ppdus=1,airtime_us=84|W80_NSS2_MCS9:bytes=27314,ppdus=27,airtime_us=1884;408.333334;0.7392172523961661;117.375;0.240384;0.997952;W80_NSS1_MCS9:bytes=22212,ppdus=22,airtime_us=1624|W80_NSS2_MCS9:bytes=7836,ppdus=6,airtime_us=424;612.5;0.9667771525475989;104.41046277665995;0.207568;0.998012;W20_NSS1_MCS5:bytes=862,ppdus=1,airtime_us=172|W80_NSS2_MCS7:bytes=25084,ppdus=26,airtime_us=1816;367.5;0.6741780045351474;102.26086956521739;0.225792;0.997792;W80_NSS2_MCS4:bytes=19028,ppdus=18,airtime_us=1528|W80_NSS2_MCS6:bytes=9196,ppdus=10,airtime_us=680;918.75;0.5580069742489271;121.73061224489796;0.238592;0.99804;W80_NSS1_MCS10:bytes=13182,ppdus=13,airtime_us=908|W80_NSS2_MCS10:bytes=16642,ppdus=15,airtime_us=1052;918.75;0.9661616161616161;81.81818181818181;0.1584;0.998064;W20_NSS2_MCS8:bytes=670,ppdus=1,airtime_us=84|W80_NSS2_MCS10:bytes=19130,ppdus=27,airtime_us=1852;245.0;0.6503267973856209;79.97727272727273;0.225216;0.997184;W80_NSS1_MCS3:bytes=9844,ppdus=10,airtime_us=1144|W80_NSS2_MCS3:bytes=18308,ppdus=18,airtime_us=1672;275.625;0.5834056085573865;103.25373134328358;0.221376;0.997856;W80_NSS1_MCS6:bytes=16144,ppdus=16,airtime_us=1296|W80_NSS2_MCS6:bytes=11528,ppdus=12,airtime_us=848;918.75;0.9815543721540481;110.98072805139186;0.207312;0.998132;W80_NSS2_MCS4:bytes=478,ppdus=1,airtime_us=68|W80_NSS2_MCS10:bytes=25436,ppdus=26,airtime_us=1800;551.25;0.9623140732265446;110.98412698412699;0.223744;0.997984;W80_NSS2_MCS4:bytes=1054,ppdus=1,airtime_us=84|W80_NSS2_MCS6:bytes=26914,ppdus=27,airtime_us=1932;735.0;1.0;114.68094218415418;0.214224;0.998132;W80_NSS2_MCS8:bytes=26778,ppdus=27,airtime_us=1868;459.375;0.7541204887752202;113.06024096385542;0.225216;0.998008;W80_NSS1_MCS10:bytes=21230,ppdus=21,airtime_us=1500|W80_NSS2_MCS10:bytes=6922,ppdus=7,airtime_us=492;1020.833334;1.0;112.07843137254902;0.205776;0.998164;W80_NSS2_MCS11:bytes=25722,ppdus=27,airtime_us=1836;245.0;0.7706010029189432;99.15398886827458;0.213776;0.997844;W80_NSS1_MCS5:bytes=20592,ppdus=20,airtime_us=1680|W80_NSS2_MCS5:bytes=6130,ppdus=7,airtime_us=476;122.5;1.0;62.822429906542055;0.215104;0.996576;W80_NSS2_MCS1:bytes=26888,ppdus=28,airtime_us=3424;735.0;0.9861050168202428;56.856548856548855;0.109392;0.998076;W20_NSS1_MCS1:bytes=190,ppdus=1,airtime_us=156|W80_NSS2_MCS8:bytes=13484,ppdus=26,airtime_us=1768;551.25;0.7213842683958275;105.88059701492537;0.227008;0.997856;W80_NSS2_MCS4:bytes=7906,ppdus=7,airtime_us=620|W80_NSS2_MCS6:bytes=20470,ppdus=21,airtime_us=1524;735.0;0.8742051423831905;117.6260162601626;0.231488;0.998032;W80_NSS1_MCS8:bytes=3640,ppdus=4,airtime_us=304|W80_NSS2_MCS8:bytes=25296,ppdus=24,airtime_us=1664;183.75;0.7989892519040501;81.32561505065124;0.224784;0.997236;W80_NSS2_MCS2:bytes=22450,ppdus=23,airtime_us=2348|W80_NSS2_MCS3:bytes=5648,ppdus=4,airtime_us=416;;;;;;;;;;;;;;;;;;;;;;;;;;;;;;;;;;;;;;;;;;;;;;;;;;;;;;;;;;;;
74;1;20;high;-41.5;isolated;dl;su;1;749.2916671;101.06775555177158;5.147664;0.6692596483797548;551.25;0.97538402210939;106.02385008517888;0.248944;0.997652;W20_NSS1_MCS9:bytes=766,ppdus=1,airtime_us=108|W80_NSS2_MCS6:bytes=30352,ppdus=32,airtime_us=2240;612.5;0.9718355877932432;104.99485420240137;0.244848;0.997668;W20_NSS1_MCS8:bytes=862,ppdus=1,airtime_us=124|W80_NSS2_MCS7:bytes=29744,ppdus=32,airtime_us=2208;612.5;0.9760235382496557;105.78807947019868;0.255584;0.997584;W20_NSS1_MCS9:bytes=766,ppdus=1,airtime_us=108|W80_NSS2_MCS7:bytes=31182,ppdus=33,airtime_us=2308;183.75;0.9451450580853575;69.60864864864865;0.257552;0.9963;W20_NSS1_MCS6:bytes=1766,ppdus=1,airtime_us=268|W80_NSS2_MCS2:bytes=30428,ppdus=34,airtime_us=3432;1020.833334;0.9740845409175636;98.2629246676514;0.266096;0.997292;W20_NSS2_MCS0:bytes=862,ppdus=1,airtime_us=532|W80_NSS2_MCS11:bytes=32400,ppdus=32,airtime_us=2176;1020.833334;0.9704065241566786;104.4258064516129;0.258976;0.99752;W20_NSS1_MCS4:bytes=958,ppdus=1,airtime_us=220|W80_NSS2_MCS11:bytes=31414,ppdus=33,airtime_us=2260;551.25;0.9663366336633663;104.89112227805695;0.25048;0.997612;W20_NSS2_MCS7:bytes=1054,ppdus=1,airtime_us=116|W80_NSS2_MCS6:bytes=30256,ppdus=32,airtime_us=2272;816.666668;0.9676429053846626;110.984667802385;0.260592;0.997652;W20_NSS1_MCS10:bytes=1054,ppdus=1,airtime_us=124|W80_NSS2_MCS9:bytes=31520,ppdus=32,airtime_us=2224;816.666668;0.9856206004452199;108.45676998368678;0.265936;0.997548;W20_NSS1_MCS6:bytes=478,ppdus=1,airtime_us=108|W80_NSS2_MCS9:bytes=32764,ppdus=34,airtime_us=2344;1020.833334;0.9712726400383831;93.93802816901409;0.266784;0.99716;W20_NSS2_MCS0:bytes=958,ppdus=1,airtime_us=580|W80_NSS2_MCS11:bytes=32390,ppdus=33,airtime_us=2260;816.666668;0.975210355987055;104.04040404040404;0.2472;0.997624;W20_NSS2_MCS8:bytes=766,ppdus=1,airtime_us=100|W80_NSS2_MCS9:bytes=30134,ppdus=33,airtime_us=2276;735.0;0.9707605908924429;91.26462395543176;0.262112;0.997128;W20_NSS2_MCS0:bytes=958,ppdus=1,airtime_us=580|W80_NSS2_MCS8:bytes=31806,ppdus=33,airtime_us=2292;918.75;1.0;109.15289982425307;0.248432;0.997724;W80_NSS2_MCS10:bytes=31054,ppdus=33,airtime_us=2276;367.5;0.9814671316027379;81.93650793650794;0.247776;0.996976;W20_NSS1_MCS2:bytes=574,ppdus=1,airtime_us=268|W80_NSS2_MCS4:bytes=30398,ppdus=33,airtime_us=2756;1020.833334;0.9790139698051744;98.08294930875576;0.255408;0.997396;W40_NSS1_MCS0:bytes=670,ppdus=1,airtime_us=412|W80_NSS2_MCS11:bytes=31256,ppdus=32,airtime_us=2192;1020.833334;0.9828901871944676;114.49829351535836;0.268384;0.997656;W20_NSS2_MCS8:bytes=574,ppdus=1,airtime_us=84|W80_NSS2_MCS11:bytes=32974,ppdus=33,airtime_us=2260;245.0;0.9799509246513854;85.79717586649551;0.267344;0.996884;W20_NSS2_MCS9:bytes=670,ppdus=1,airtime_us=84|W80_NSS2_MCS3:bytes=32748,ppdus=34,airtime_us=3032;918.75;0.973059132391549;107.73063973063974;0.255968;0.997624;W20_NSS2_MCS8:bytes=862,ppdus=1,airtime_us=100|W80_NSS2_MCS10:bytes=31134,ppdus=33,airtime_us=2276;816.666668;1.0;115.04347826086956;0.254016;0.997792;W80_NSS2_MCS9:bytes=31752,ppdus=32,airtime_us=2208;918.75;0.9797912770706401;106.43338683788122;0.265232;0.997508;W20_NSS2_MCS3:bytes=670,ppdus=1,airtime_us=148|W80_NSS2_MCS10:bytes=32484,ppdus=34,airtime_us=2344;;;;;;;;;;;;;;;;;;;;;;;;;;;;;;;;;;;;;;;;;;;;;;;;;;;;;;;;;;;;
74;1;20;high;-41.5;isolated;dl;su;2;722.7500003;99.72002982026953;4.585195184705882;0.6998067332149099;367.5;0.9494713627813453;92.45577211394303;0.246672;0.997332;W80_NSS2_MCS2:bytes=1558,ppdus=1,airtime_us=132|W80_NSS2_MCS4:bytes=29276,ppdus=30,airtime_us=2536;1020.833334;0.9692594018739571;120.32432432432432;0.249312;0.997928;W80_NSS2_MCS10:bytes=958,ppdus=1,airtime_us=68|W80_NSS2_MCS11:bytes=30206,ppdus=29,airtime_us=2004;490.0;0.9787518077650462;66.21731123388582;0.143824;0.997828;W20_NSS2_MCS10:bytes=382,ppdus=1,airtime_us=68|W80_NSS2_MCS5:bytes=17596,ppdus=30,airtime_us=2104;612.5;0.7884697945415516;115.43362831858407;0.26088;0.99774;W80_NSS1_MCS7:bytes=6898,ppdus=7,airtime_us=564|W80_NSS2_MCS7:bytes=25712,ppdus=24,airtime_us=1696;183.75;0.8215226469643431;75.65006075334144;0.24904;0.996708;W80_NSS2_MCS1:bytes=5556,ppdus=6,airtime_us=712|W80_NSS2_MCS2:bytes=25574,ppdus=25,airtime_us=2580;1020.833334;0.9731058212204199;107.2768361581921;0.227856;0.997876;W80_NSS2_MCS5:bytes=766,ppdus=1,airtime_us=68|W80_NSS2_MCS11:bytes=27716,ppdus=30,airtime_us=2056;551.25;0.9826427771556551;68.16793893129771;0.14288;0.997904;W40_NSS1_MCS7:bytes=310,ppdus=1,airtime_us=76|W80_NSS2_MCS6:bytes=17550,ppdus=29,airtime_us=2020;551.25;1.0;110.2730627306273;0.239072;0.997832;W80_NSS2_MCS6:bytes=29884,ppdus=30,airtime_us=2168;1020.833334;0.9691216506662845;89.18849840255591;0.223328;0.997496;W20_NSS2_MCS0:bytes=862,ppdus=1,airtime_us=532|W80_NSS2_MCS11:bytes=27054,ppdus=29,airtime_us=1972;1020.833334;0.9557235928331187;101.5025731489989;0.22513118470588236;0.997782015;W20_NSS1_MCS6:bytes=1246,ppdus=1,airtime_us=204|W80_NSS2_MCS11:bytes=26895.3980882353,ppdus=30,airtime_us=2013.985;918.75;1.0;115.75289575289575;0.23984;0.997928;W80_NSS2_MCS10:bytes=29980,ppdus=30,airtime_us=2072;612.5;0.9739260671250596;108.20626151012891;0.235024;0.997828;W20_NSS2_MCS9:bytes=766,ppdus=1,airtime_us=84|W80_NSS2_MCS7:bytes=28612,ppdus=30,airtime_us=2088;918.75;0.9659147512986551;103.14128440366973;0.224848;0.99782;W20_NSS1_MCS9:bytes=958,ppdus=1,airtime_us=124|W80_NSS2_MCS10:bytes=27148,ppdus=30,airtime_us=2056;918.75;0.8825046568276257;110.3399209486166;0.223328;0.997976;W80_NSS1_MCS10:bytes=3280,ppdus=4,airtime_us=240|W80_NSS2_MCS10:bytes=24636,ppdus=26,airtime_us=1784;918.75;0.9674041880679574;111.66176470588235;0.242976;0.997824;W20_NSS1_MCS6:bytes=990,ppdus=1,airtime_us=172|W80_NSS2_MCS10:bytes=29382,ppdus=29,airtime_us=2004;183.75;0.9651140379055574;71.97687861271676;0.24904;0.99654;W20_NSS1_MCS3:bytes=1086,ppdus=1,airtime_us=348|W80_NSS2_MCS2:bytes=30044,ppdus=30,airtime_us=3112;490.0;1.0;104.37996545768567;0.241744;0.997684;W80_NSS2_MCS5:bytes=30218,ppdus=31,airtime_us=2316;1020.833334;0.9629238778668918;102.2589928057554;0.227424;0.997776;W20_NSS1_MCS4:bytes=1054,ppdus=1,airtime_us=252|W80_NSS2_MCS11:bytes=27374,ppdus=29,airtime_us=1972;816.666668;0.9774956334811232;112.77272727272727;0.238176;0.997888;W20_NSS1_MCS10:bytes=670,ppdus=1,airtime_us=108|W80_NSS2_MCS9:bytes=29102,ppdus=29,airtime_us=2004;816.666668;0.9252119309262167;107.41989881956155;0.2548;0.997628;W20_NSS1_MCS7:bytes=2382,ppdus=1,airtime_us=316|W80_NSS2_MCS9:bytes=29468,ppdus=30,airtime_us=2056;;;;;;;;;;;;;;;;;;;;;;;;;;;;;;;;;;;;;;;;;;;;;;;;;;;;;;;;;;;;
75;1;20;high;-41.5;isolated;ul_dl;su;0;482.0000001;408.9397296290306;237.2062648356688;0.12749434522333303;367.5;0.9133408654509192;299.0103092783505;6.032832;0.979824;W20_NSS2_MCS6:bytes=65350,ppdus=1,airtime_us=4036|W80_NSS2_MCS4:bytes=688754,ppdus=19,airtime_us=16140;816.666668;1.0;722.2801932367149;9.568768;0.986752;W80_NSS2_MCS9:bytes=1196096,ppdus=24,airtime_us=13248;551.25;1.0;506.2085720834288;8.834352;0.982548;W80_NSS2_MCS6:bytes=1104294,ppdus=23,airtime_us=17452;146.25;1.0;141.99676060900552;3.506752;0.975304;W40_NSS1_MCS7:bytes=438344,ppdus=14,airtime_us=24696;367.5;1.0;353.2943327239488;34.012352;0.903728;W80_NSS2_MCS4:bytes=4251544,ppdus=68,airtime_us=96272;551.25;1.0;515.3100101745324;26.336464;0.948892;W80_NSS2_MCS6:bytes=3292058,ppdus=53,airtime_us=51108;918.75;0.9774013937000277;652.281509050922;15.422544;0.976356;W20_NSS1_MCS6:bytes=43566,ppdus=1,airtime_us=5356|W80_NSS2_MCS10:bytes=1884252,ppdus=32,airtime_us=18288;122.5;1.0;75.8048780487805;0.012432;0.999836;W80_NSS2_MCS1:bytes=1554,ppdus=1,airtime_us=164;122.5;1.0;120.68344441128684;14.558768;0.879364;W80_NSS2_MCS1:bytes=1819846,ppdus=31,airtime_us=120636;918.75;1.0;820.4780922907418;12.05237683566879;0.985310544;W80_NSS2_MCS10:bytes=1506547.1044586,ppdus=27,airtime_us=14689.456;551.25;1.0;514.6332344747012;22.905296;0.955492;W80_NSS2_MCS6:bytes=2863162,ppdus=47,airtime_us=44508;735.0;1.0;658.3201984017636;9.556176;0.985484;W80_NSS2_MCS8:bytes=1194522,ppdus=25,airtime_us=14516;551.25;1.0;505.3283018867925;10.71296;0.9788;W80_NSS2_MCS6:bytes=1339120,ppdus=28,airtime_us=21200;1020.833334;0.9903513378292887;556.930339666091;7.739104;0.986104;W20_NSS1_MCS1:bytes=9334,ppdus=1,airtime_us=5164|W80_NSS2_MCS11:bytes=958054,ppdus=19,airtime_us=8732;122.5;1.0;120.16529690936451;4.152432;0.965444;W80_NSS2_MCS1:bytes=519054,ppdus=11,airtime_us=34556;122.5;1.0;119.78611521418021;3.243808;0.97292;W80_NSS2_MCS1:bytes=405476,ppdus=10,airtime_us=27080;735.0;1.0;665.0406015037594;8.84504;0.9867;W80_NSS2_MCS8:bytes=1105630,ppdus=21,airtime_us=13300;367.5;0.9303348325837082;309.19607433702237;5.92296;0.980844;W20_NSS2_MCS6:bytes=51578,ppdus=1,airtime_us=3188|W80_NSS2_MCS4:bytes=688792,ppdus=16,airtime_us=15968;367.5;1.0;345.8821879382889;3.945824;0.988592;W80_NSS2_MCS4:bytes=493228,ppdus=12,airtime_us=11408;183.75;0.9895733372504576;176.16414034093592;29.845024;0.830584;W40_NSS1_MCS3:bytes=38898,ppdus=1,airtime_us=5372|W80_NSS2_MCS2:bytes=3691730,ppdus=59,airtime_us=164044;;;;;;;;;;;;;;;;;;;;;;;;;;;;;;;;;;;;;;;;;;;;;;;;;;;;;;;;;;;;
75;1;20;high;-41.5;isolated;ul_dl;su;1;540.7187502;478.160491172465;235.05870255283844;0.27525646630184064;122.5;0.881367321426776;121.68800978792822;9.548128;0.921536;W20_NSS2_MCS6:bytes=141590,ppdus=3,airtime_us=8796|W80_NSS2_MCS1:bytes=1051926,ppdus=17,airtime_us=69668;551.25;0.9747828080105392;482.6307849892914;20.731888;0.957044;W20_NSS2_MCS7:bytes=65350,ppdus=1,airtime_us=3636|W80_NSS2_MCS6:bytes=2526136,ppdus=42,airtime_us=39320;612.5;1.0;552.9078651685393;1.968352;0.99644;W80_NSS2_MCS7:bytes=246044,ppdus=6,airtime_us=3560;122.5;1.0;120.57472310726749;9.536496;0.920908;W80_NSS2_MCS1:bytes=1192062,ppdus=21,airtime_us=79092;816.666668;0.9829208638148015;665.8888888888889;7.287488;0.989056;W20_NSS1_MCS11:bytes=15558,ppdus=1,airtime_us=1068|W80_NSS2_MCS9:bytes=895378,ppdus=17,airtime_us=9876;243.75;1.0;235.86267093395404;22.69848;0.903764;W20_NSS2_MCS11:bytes=2837310,ppdus=47,airtime_us=96236;490.0;1.0;462.9480886000171;21.653008;0.953228;W80_NSS2_MCS5:bytes=2706626,ppdus=45,airtime_us=46772;490.0;0.9553671719306721;395.67502986857824;10.59776;0.973216;W20_NSS1_MCS9:bytes=59126,ppdus=1,airtime_us=4908|W80_NSS2_MCS5:bytes=1265594,ppdus=21,airtime_us=21876;816.666668;1.0;719.6661870503597;4.001344;0.99444;W80_NSS2_MCS9:bytes=500168,ppdus=10,airtime_us=5560;1020.833334;1.0;869.1446876668447;6.511632;0.992508;W80_NSS2_MCS11:bytes=813954,ppdus=17,airtime_us=7492;612.5;0.9592282122054574;471.8351486605829;12.822592;0.972824;W20_NSS1_MCS9:bytes=65350,ppdus=1,airtime_us=5420|W80_NSS2_MCS7:bytes=1537474,ppdus=27,airtime_us=21756;245.0;1.0;237.4163545126864;13.436816;0.943404;W80_NSS2_MCS3:bytes=1679602,ppdus=29,airtime_us=56596;219.375;0.9558014113789554;214.29871729835494;11.828432;0.944804;W20_NSS2_MCS10:bytes=65350,ppdus=1,airtime_us=2436|W40_NSS1_MCS10:bytes=1413204,ppdus=26,airtime_us=52760;245.0;1.0;238.0353119924556;18.17352;0.923652;W80_NSS2_MCS3:bytes=2271690,ppdus=35,airtime_us=76348;1020.833334;1.0;899.9270554944192;22.897744;0.974556;W80_NSS2_MCS11:bytes=2862218,ppdus=45,airtime_us=25444;918.75;1.0;817.3998651382333;4.848816;0.994068;W80_NSS2_MCS10:bytes=606102,ppdus=11,airtime_us=5932;183.75;1.0;179.97527606083756;20.731712;0.884808;W80_NSS2_MCS2:bytes=2591464,ppdus=42,airtime_us=115192;612.5;1.0;550.7673476264713;3.142798552838428;0.994293782;W80_NSS2_MCS7:bytes=392849.819104803,ppdus=9,airtime_us=5706.218;735.0;1.0;669.1975683890578;3.522656;0.994736;W80_NSS2_MCS8:bytes=440332,ppdus=8,airtime_us=5264;735.0;1.0;657.3702422145328;9.11904;0.986128;W80_NSS2_MCS8:bytes=1139880,ppdus=24,airtime_us=13872;;;;;;;;;;;;;;;;;;;;;;;;;;;;;;;;;;;;;;;;;;;;;;;;;;;;;;;;;;;;
75;1;20;high;-41.5;isolated;ul_dl;su;2;511.60416680000003;442.8603800221154;236.1413265816475;0.2649571695205326;367.5;1.0;349.5730194082087;8.789664;0.974856;W80_NSS2_MCS4:bytes=1098708,ppdus=22,airtime_us=25144;918.75;1.0;830.6242990654206;14.220288;0.98288;W80_NSS2_MCS10:bytes=1777536,ppdus=28,airtime_us=17120;490.0;0.9938820642786809;438.9355498024254;38.656176;0.911932;W40_NSS1_MCS2:bytes=29562,ppdus=1,airtime_us=5436|W80_NSS2_MCS5:bytes=4802460,ppdus=74,airtime_us=82632;245.0;0.9255819823258362;202.32352483263273;5.198096;0.974308;W20_NSS1_MCS7:bytes=48354,ppdus=1,airtime_us=5340|W80_NSS2_MCS3:bytes=601408,ppdus=12,airtime_us=20352;122.5;1.0;120.72577051615299;20.807328;0.827648;W80_NSS2_MCS1:bytes=2600916,ppdus=44,airtime_us=172352;1020.833334;1.0;883.500594530321;5.944192;0.993272;W80_NSS2_MCS11:bytes=743024,ppdus=14,airtime_us=6728;490.0;0.8260961066292529;275.45893719806764;0.45616;0.998344;W80_NSS1_MCS5:bytes=9916,ppdus=6,airtime_us=648|W80_NSS2_MCS5:bytes=47104,ppdus=4,airtime_us=1008;122.5;1.0;120.22269807280514;8.533888;0.929016;W80_NSS2_MCS1:bytes=1066736,ppdus=22,airtime_us=70984;1020.833334;1.0;897.376979936642;13.597056;0.984848;W80_NSS2_MCS11:bytes=1699632,ppdus=28,airtime_us=15152;490.0;0.6412258163691065;226.27080745341615;1.457184;0.99356;W20_NSS1_MCS11:bytes=65350,ppdus=1,airtime_us=4348|W80_NSS2_MCS5:bytes=116798,ppdus=3,airtime_us=2092;816.666668;1.0;736.2198705435118;28.662512;0.961068;W80_NSS2_MCS9:bytes=3582814,ppdus=57,airtime_us=38932;146.25;1.0;143.78437843784377;0.5228;0.996364;W20_NSS2_MCS7:bytes=65350,ppdus=1,airtime_us=3636;918.75;1.0;821.7738183617917;13.283152;0.983836;W80_NSS2_MCS10:bytes=1660394,ppdus=29,airtime_us=16164;490.0;1.0;450.8892355694228;5.7804;0.98718;W80_NSS2_MCS5:bytes=722550,ppdus=17,airtime_us=12820;918.75;1.0;805.0106951871658;4.817184;0.994016;W80_NSS2_MCS10:bytes=602148,ppdus=12,airtime_us=5984;122.5;0.9730755665737593;114.79823106356682;8.783694581647502;0.923485802;W20_NSS2_MCS2:bytes=29562,ppdus=1,airtime_us=5444|W80_NSS2_MCS1:bytes=1068399.82270594,ppdus=22,airtime_us=71070.198;490.0;1.0;456.8870158539033;9.106672;0.980068;W80_NSS2_MCS5:bytes=1138334,ppdus=23,airtime_us=19932;551.25;1.0;511.4264401160381;9.872576;0.980696;W80_NSS2_MCS6:bytes=1234072,ppdus=22,airtime_us=19304;245.0;0.9839785236215647;236.99378304572656;32.6312;0.862312;W40_NSS1_MCS9:bytes=65350,ppdus=1,airtime_us=2732|W80_NSS2_MCS3:bytes=4013550,ppdus=63,airtime_us=134956;245.0;1.0;234.41195144724557;5.021104;0.97858;W80_NSS2_MCS3:bytes=627638,ppdus=15,airtime_us=21420;;;;;;;;;;;;;;;;;;;;;;;;;;;;;;;;;;;;;;;;;;;;;;;;;;;;;;;;;;;;
76;1;20;high;-41.5;ap_only_cochannel;ul;su;0;369.5729167;273.15729217218603;133.16852676934167;0.41976824123241385;175.5;0.9620874735745487;162.3952510511996;2.626256;0.983828;W40_NSS1_MCS6:bytes=12446,ppdus=1,airtime_us=812|W40_NSS2_MCS4:bytes=315836,ppdus=16,airtime_us=15360;408.333334;1.0;385.56354916067147;5.78808;0.984988;W80_NSS1_MCS9:bytes=723510,ppdus=15,airtime_us=15012;263.25;0.5805828166754856;221.13071474565356;19.231296;0.913032;W20_NSS2_MCS9:bytes=790414,ppdus=17,airtime_us=33396|W40_NSS1_MCS9:bytes=217828,ppdus=6,airtime_us=9224|W40_NSS2_MCS6:bytes=1395670,ppdus=31,airtime_us=44348;146.25;0.9621990167106187;134.83204288266825;7.244256;0.946272;W40_NSS1_MCS7:bytes=871302,ppdus=29,airtime_us=49196|W80_NSS2_MCS0:bytes=34230,ppdus=1,airtime_us=4532;367.5;0.6666666666666666;109.69411764705882;0.037296;0.99966;W40_NSS1_MCS6:bytes=1554,ppdus=1,airtime_us=140|W80_NSS2_MCS4:bytes=3108,ppdus=2,airtime_us=200;551.25;0.9511371051663677;395.30721615771915;5.3494988557264955;0.98646749;W20_NSS1_MCS10:bytes=32674,ppdus=1,airtime_us=2428|W80_NSS2_MCS6:bytes=636013.356965812,ppdus=32,airtime_us=11104.51;918.75;0.9780345514387015;675.8281622911694;1.132688;0.998324;W40_NSS1_MCS6:bytes=3110,ppdus=1,airtime_us=236|W80_NSS2_MCS10:bytes=138476,ppdus=4,airtime_us=1440;122.5;0.9672147844288664;108.3661274976213;4.555712;0.95796;W20_NSS1_MCS3:bytes=18670,ppdus=1,airtime_us=5164|W80_NSS2_MCS1:bytes=550794,ppdus=15,airtime_us=36876;122.5;0.9513623007189747;114.20921099607283;6.398;0.94398;W40_NSS2_MCS1:bytes=38898,ppdus=1,airtime_us=5380|W80_NSS2_MCS1:bytes=760852,ppdus=16,airtime_us=50640;918.75;0.9501960956084018;566.9417382999045;9.497408;0.983248;W40_NSS1_MCS4:bytes=59126,ppdus=1,airtime_us=5436|W80_NSS2_MCS10:bytes=1128050,ppdus=25,airtime_us=11316;275.625;0.7056273563250373;251.02496944298935;5.75048;0.977092;W20_NSS2_MCS6:bytes=3110,ppdus=1,airtime_us=244|W40_NSS2_MCS6:bytes=208488,ppdus=8,airtime_us=6816|W80_NSS1_MCS6:bytes=507212,ppdus=22,airtime_us=15848;367.5;0.908028387585873;324.5981422262829;17.053088;0.947464;W40_NSS1_MCS8:bytes=65350,ppdus=1,airtime_us=3036|W40_NSS1_MCS9:bytes=130700,ppdus=2,airtime_us=5464|W80_NSS1_MCS8:bytes=1935586,ppdus=39,airtime_us=44036;551.25;0.9511067349821629;426.60197893392916;10.692352;0.974936;W20_NSS1_MCS10:bytes=65348,ppdus=2,airtime_us=4872|W80_NSS2_MCS6:bytes=1271196,ppdus=28,airtime_us=20192;487.5;0.9298825761152265;379.173311635476;7.456064;0.980336;W20_NSS1_MCS11:bytes=65350,ppdus=1,airtime_us=4348|W40_NSS2_MCS11:bytes=866658,ppdus=17,airtime_us=15316;122.5;0.866666394626666;120.01077375122429;3.920992;0.967328;W20_NSS2_MCS5:bytes=65350,ppdus=1,airtime_us=4532|W80_NSS2_MCS1:bytes=424774,ppdus=7,airtime_us=28140;122.5;0.9620581461511366;114.86414988640254;14.7628;0.871476;W20_NSS2_MCS2:bytes=29562,ppdus=1,airtime_us=5444|W80_NSS1_MCS1:bytes=40454,ppdus=1,airtime_us=5340|W80_NSS2_MCS1:bytes=1775334,ppdus=31,airtime_us=117740;735.0;0.8549515687409835;308.07860922146637;1.630352;0.994708;W20_NSS1_MCS5:bytes=12446,ppdus=1,airtime_us=1756|W40_NSS2_MCS8:bytes=17114,ppdus=1,airtime_us=452|W80_NSS2_MCS8:bytes=174234,ppdus=19,airtime_us=3084;367.5;1.0;342.5603063178047;4.294336;0.987464;W80_NSS2_MCS4:bytes=536792,ppdus=14,airtime_us=12536;183.75;1.0;177.8181818181818;0.54768;0.99692;W80_NSS1_MCS4:bytes=68460,ppdus=2,airtime_us=3080;183.75;0.8803113583245032;144.14728948022474;5.199891913615176;0.963926537;W20_NSS1_MCS3:bytes=18670,ppdus=1,airtime_us=5164|W40_NSS2_MCS2:bytes=59126,ppdus=1,airtime_us=5444|W80_NSS2_MCS2:bytes=572190.489201897,ppdus=9,airtime_us=25465.463;;;;;;;;;;;;;;;;;;;;;;;;;;;;;;;;;;;;;;;;;;;;;;;;;;;;;;;;;;;;
76;1;20;high;-41.5;ap_only_cochannel;ul;su;1;389.5541668;332.8942444009816;159.3682593901579;0.06475566654349485;122.5;1.0;120.63418032042158;15.93288;0.867924;W80_NSS2_MCS1:bytes=1991610,ppdus=35,airtime_us=132076;275.625;1.0;255.37898588604287;3.90832;0.984696;W80_NSS1_MCS6:bytes=488540,ppdus=22,airtime_us=15304;612.5;1.0;564.7936507936508;10.816928;0.980848;W80_NSS2_MCS7:bytes=1352116,ppdus=24,airtime_us=19152;122.5;0.9864869435954915;117.90465924708292;17.501296;0.851564;W20_NSS2_MCS2:bytes=29562,ppdus=1,airtime_us=5444|W80_NSS2_MCS1:bytes=2158100,ppdus=36,airtime_us=142992;408.333334;0.42798200442748213;344.11194539249146;12.098976;0.96484;W20_NSS2_MCS9:bytes=164930,ppdus=3,airtime_us=6940|W20_NSS2_MCS11:bytes=28006,ppdus=1,airtime_us=980|W40_NSS2_MCS9:bytes=606818,ppdus=11,airtime_us=13052|W80_NSS1_MCS9:bytes=647268,ppdus=14,airtime_us=13480|W80_NSS2_MCS9:bytes=65350,ppdus=1,airtime_us=708;183.75;1.0;94.18181818181819;0.012432;0.999868;W80_NSS2_MCS2:bytes=1554,ppdus=1,airtime_us=132;234.0;0.8512509960159362;184.64933791074057;1.506;0.991844;W40_NSS1_MCS5:bytes=28002,ppdus=3,airtime_us=2084|W40_NSS2_MCS5:bytes=160248,ppdus=10,airtime_us=6072;490.0;1.0;455.4713450292398;10.903984;0.97606;W80_NSS2_MCS5:bytes=1362998,ppdus=29,airtime_us=23940;816.666668;1.0;730.6971317452601;6.012176;0.991772;W80_NSS2_MCS9:bytes=751522,ppdus=13,airtime_us=8228;234.0;0.3760880803677467;304.49266113592853;5.72568;0.981196;W40_NSS1_MCS11:bytes=57568,ppdus=2,airtime_us=1992|W40_NSS2_MCS5:bytes=269170,ppdus=9,airtime_us=9732|W40_NSS2_MCS11:bytes=253612,ppdus=8,airtime_us=4640|W80_NSS1_MCS11:bytes=135360,ppdus=6,airtime_us=2440;612.5;1.0;564.1949008498584;7.966432;0.98588;W80_NSS2_MCS7:bytes=995804,ppdus=18,airtime_us=14120;245.0;0.890366309313602;212.31283189976006;9.537214276502732;0.955079426;W40_NSS2_MCS3:bytes=65350,ppdus=1,airtime_us=4532|W80_NSS1_MCS3:bytes=65350,ppdus=1,airtime_us=4316|W80_NSS2_MCS3:bytes=1061451.78456284,ppdus=24,airtime_us=36072.574;219.375;0.7688163868943546;231.70696557245796;9.260864;0.960032;W20_NSS2_MCS10:bytes=65350,ppdus=1,airtime_us=2436|W40_NSS1_MCS10:bytes=889988,ppdus=22,airtime_us=33544|W40_NSS2_MCS10:bytes=202270,ppdus=5,airtime_us=3988;245.0;0.9172299387909753;217.16515383708594;7.368848;0.966068;W80_NSS1_MCS3:bytes=76240,ppdus=2,airtime_us=5080|W80_NSS2_MCS3:bytes=844866,ppdus=21,airtime_us=28852;1020.833334;0.864373570501128;627.1937984496124;6.149008;0.990196;W20_NSS2_MCS11:bytes=32674,ppdus=1,airtime_us=1140|W40_NSS1_MCS11:bytes=71572,ppdus=2,airtime_us=2440|W80_NSS2_MCS11:bytes=664380,ppdus=16,airtime_us=6224;459.375;0.810123369206187;349.88784514659835;4.916624;0.985948;W20_NSS2_MCS10:bytes=54458,ppdus=1,airtime_us=2052|W40_NSS1_MCS10:bytes=62236,ppdus=2,airtime_us=2376|W80_NSS1_MCS10:bytes=497884,ppdus=18,airtime_us=9624;183.75;0.9843986151549216;166.14392650430653;9.573509113655172;0.942378218;W20_NSS1_MCS3:bytes=18670,ppdus=1,airtime_us=5164|W80_NSS2_MCS2:bytes=1178018.6392069,ppdus=21,airtime_us=52457.782;219.375;0.7272957461174882;201.86631716906948;2.464384;0.987792;W20_NSS2_MCS7:bytes=18662,ppdus=5,airtime_us=1332|W20_NSS2_MCS10:bytes=224042,ppdus=11,airtime_us=8860|W40_NSS2_MCS7:bytes=65344,ppdus=4,airtime_us=2016;735.0;0.9591436866836552;641.3424218123496;12.796064;0.980048;W80_NSS1_MCS8:bytes=65350,ppdus=1,airtime_us=1468|W80_NSS2_MCS8:bytes=1534158,ppdus=29,airtime_us=18484;351.0;0.4759445474958508;273.75501113585744;4.91664;0.98204;W20_NSS2_MCS8:bytes=130700,ppdus=2,airtime_us=6088|W40_NSS2_MCS8:bytes=292506,ppdus=11,airtime_us=7356|W80_NSS1_MCS8:bytes=188266,ppdus=5,airtime_us=4348|W80_NSS2_MCS8:bytes=3108,ppdus=2,airtime_us=168;;;;;;;;;;;;;;;;;;;;;;;;;;;;;;;;;;;;;;;;;;;;;;;;;;;;;;;;;;;;
76;1;20;high;-41.5;ap_only_cochannel;ul;su;2;379.3562501;320.54281695080635;151.62387820296104;0.3488936307281917;367.5;0.9706038035464479;268.51776649746193;0.846368;0.996848;W40_NSS1_MCS2:bytes=3110,ppdus=1,airtime_us=620|W80_NSS2_MCS4:bytes=102686,ppdus=5,airtime_us=2532;918.75;0.8949369575092384;637.5968688845401;13.03248;0.97956;W40_NSS1_MCS11:bytes=171154,ppdus=3,airtime_us=5780|W80_NSS2_MCS10:bytes=1457906,ppdus=33,airtime_us=14660;490.0;1.0;410.68105908067275;3.275318202961039;0.992024667;W80_NSS2_MCS5:bytes=409414.77537013,ppdus=22,airtime_us=7975.333;245.0;0.9717169846107504;229.73641561024112;18.484592;0.91954;W40_NSS2_MCS3:bytes=65350,ppdus=1,airtime_us=4532|W80_NSS2_MCS3:bytes=2245224,ppdus=42,airtime_us=75928;122.5;0.9818931382209705;111.08209437621203;6.186384;0.944308;W20_NSS1_MCS2:bytes=14002,ppdus=1,airtime_us=5164|W80_NSS2_MCS1:bytes=759296,ppdus=16,airtime_us=50528;510.416667;1.0;454.27393731215113;4.232016;0.990684;W80_NSS1_MCS11:bytes=529002,ppdus=19,airtime_us=9316;245.0;1.0;225.51358885017422;1.294448;0.99426;W80_NSS1_MCS5:bytes=161806,ppdus=9,airtime_us=5740;122.5;1.0;116.61669713589275;1.530944;0.986872;W80_NSS2_MCS1:bytes=191368,ppdus=10,airtime_us=13128;510.416667;1.0;476.390243902439;7.344032;0.984584;W80_NSS1_MCS11:bytes=918004,ppdus=18,airtime_us=15416;245.0;0.957205803934776;228.50638106842814;14.2524;0.937628;W20_NSS2_MCS5:bytes=65350,ppdus=1,airtime_us=4532|W20_NSS2_MCS11:bytes=10890,ppdus=1,airtime_us=420|W80_NSS1_MCS5:bytes=1705310,ppdus=33,airtime_us=57420;816.666668;0.9333333333333333;693.4913335691546;7.842;0.988692;W40_NSS2_MCS9:bytes=65350,ppdus=1,airtime_us=1396|W80_NSS2_MCS9:bytes=914900,ppdus=14,airtime_us=9912;146.25;1.0;143.52480782669463;3.286144;0.977104;W40_NSS1_MCS7:bytes=410768,ppdus=8,airtime_us=22896;918.75;1.0;702.5007235890015;1.941712;0.997236;W80_NSS2_MCS10:bytes=242714,ppdus=11,airtime_us=2764;234.0;0.773259522265571;199.84562273169868;18.061248;0.909624;W20_NSS1_MCS0:bytes=4666,ppdus=1,airtime_us=5164|W20_NSS2_MCS5:bytes=65350,ppdus=1,airtime_us=4532|W20_NSS2_MCS10:bytes=376536,ppdus=8,airtime_us=14176|W40_NSS1_MCS5:bytes=65350,ppdus=1,airtime_us=4524|W40_NSS2_MCS5:bytes=1745754,ppdus=39,airtime_us=61980;438.75;1.0;415.0516624040921;12.982816;0.96872;W40_NSS2_MCS10:bytes=1622852,ppdus=28,airtime_us=31280;122.5;1.0;116.56026058631922;1.145088;0.990176;W80_NSS2_MCS1:bytes=143136,ppdus=8,airtime_us=9824;490.0;0.8467137875494535;394.8687866625502;10.23184;0.974088;W40_NSS2_MCS5:bytes=196050,ppdus=3,airtime_us=6876|W80_NSS2_MCS5:bytes=1082930,ppdus=23,airtime_us=19036;275.625;0.6628611417745908;249.8781781598683;5.464336;0.978132;W20_NSS2_MCS11:bytes=230280,ppdus=4,airtime_us=7824|W80_NSS1_MCS6:bytes=452762,ppdus=17,airtime_us=14044;122.5;1.0;120.06416052517496;7.754704;0.935412;W80_NSS1_MCS3:bytes=969338,ppdus=25,airtime_us=64588;245.0;0.9159148108308415;216.15575024335976;12.435008;0.942472;W40_NSS2_MCS3:bytes=130700,ppdus=2,airtime_us=9064|W80_NSS2_MCS3:bytes=1423676,ppdus=32,airtime_us=48464;;;;;;;;;;;;;;;;;;;;;;;;;;;;;;;;;;;;;;;;;;;;;;;;;;;;;;;;;;;;
77;1;20;high;-41.5;ap_only_cochannel;dl;su;0;162.0625;42.47343514256126;2.07264;0.8523541949234644;87.75;0.739162721618862;34.44604316546763;0.172368;0.994996;W20_NSS1_MCS0:bytes=1854,ppdus=1,airtime_us=2076|W20_NSS1_MCS4:bytes=382,ppdus=1,airtime_us=124|W20_NSS2_MCS4:bytes=1854,ppdus=1,airtime_us=228|W40_NSS1_MCS4:bytes=15926,ppdus=17,airtime_us=2332|W40_NSS1_MCS6:bytes=382,ppdus=1,airtime_us=76|W40_NSS2_MCS4:bytes=1148,ppdus=2,airtime_us=168;7.3125;0.5100389105058366;11.266988163086365;0.1028;0.990876;W20_NSS1_MCS0:bytes=6554,ppdus=7,airtime_us=7556|W20_NSS1_MCS4:bytes=6296,ppdus=8,airtime_us=1568;97.5;0.8565765130825478;28.538026398491514;0.181616;0.993636;W20_NSS1_MCS0:bytes=3256,ppdus=4,airtime_us=3776|W20_NSS1_MCS9:bytes=19446,ppdus=21,airtime_us=2588;61.25;1.0;42.666666666666664;0.07168;0.99832;W80_NSS2_MCS0:bytes=8960,ppdus=8,airtime_us=1680;183.75;0.9808045742291198;53.66575342465753;0.078352;0.99854;W40_NSS1_MCS4:bytes=94,ppdus=1,airtime_us=60|W40_NSS1_MCS6:bytes=94,ppdus=1,airtime_us=60|W80_NSS1_MCS4:bytes=9606,ppdus=17,airtime_us=1340;131.625;0.8979548359608011;35.83206106870229;0.150208;0.995808;W20_NSS1_MCS0:bytes=1916,ppdus=2,airtime_us=2200|W40_NSS1_MCS6:bytes=16860,ppdus=18,airtime_us=1992;7.3125;1.0;6.844613918017159;0.05744;0.991608;W20_NSS1_MCS0:bytes=7180,ppdus=10,airtime_us=8392;122.5;0.9244922756465891;59.239074550128535;0.092176;0.998444;W20_NSS1_MCS3:bytes=870,ppdus=1,airtime_us=284|W80_NSS2_MCS1:bytes=10652,ppdus=10,airtime_us=1272;58.5;1.0;41.78616352201258;0.079728;0.998092;W40_NSS2_MCS1:bytes=9966,ppdus=9,airtime_us=1908;7.3125;1.0;6.955382215288611;0.089168;0.98718;W20_NSS1_MCS0:bytes=11146,ppdus=11,airtime_us=12820;551.25;0.9090438384535726;81.6056338028169;0.092704;0.998864;W20_NSS1_MCS4:bytes=1054,ppdus=1,airtime_us=252|W80_NSS2_MCS6:bytes=10534,ppdus=13,airtime_us=884;735.0;0.6199124371655587;41.044925124792016;0.098672;0.997596;W20_NSS1_MCS0:bytes=574,ppdus=1,airtime_us=684|W20_NSS1_MCS8:bytes=670,ppdus=1,airtime_us=108|W40_NSS1_MCS8:bytes=3444,ppdus=6,airtime_us=456|W80_NSS2_MCS8:bytes=7646,ppdus=17,airtime_us=1156;131.625;0.9545258434722582;43.8561967833491;0.185424;0.995772;W20_NSS1_MCS0:bytes=1054,ppdus=1,airtime_us=1212|W20_NSS2_MCS6:bytes=22124,ppdus=26,airtime_us=3016;7.3125;1.0;7.005048805116123;0.083248;0.988116;W20_NSS1_MCS0:bytes=10406,ppdus=9,airtime_us=11884;122.5;0.9100221956633089;63.49051490514905;0.093712;0.998524;W80_NSS1_MCS1:bytes=1054,ppdus=1,airtime_us=188|W80_NSS2_MCS1:bytes=10660,ppdus=10,airtime_us=1288;122.5;0.8488779803646563;57.61616161616162;0.091264;0.998416;W40_NSS2_MCS1:bytes=1724,ppdus=2,airtime_us=360|W80_NSS2_MCS1:bytes=9684,ppdus=10,airtime_us=1224;351.0;0.6701125660464048;44.992248062015506;0.069648;0.998452;W20_NSS1_MCS0:bytes=94,ppdus=1,airtime_us=156|W20_NSS1_MCS5:bytes=2778,ppdus=3,airtime_us=548|W40_NSS2_MCS8:bytes=5834,ppdus=11,airtime_us=844;183.75;0.8469503012048193;62.12865497076023;0.084992;0.998632;W40_NSS1_MCS4:bytes=956,ppdus=2,airtime_us=184|W40_NSS2_MCS6:bytes=670,ppdus=1,airtime_us=84|W80_NSS1_MCS4:bytes=8998,ppdus=13,airtime_us=1100;87.75;0.5892330383480826;52.35521235521235;0.10848;0.997928;W20_NSS2_MCS8:bytes=5570,ppdus=7,airtime_us=668|W40_NSS1_MCS4:bytes=7990,ppdus=13,airtime_us=1404;183.75;1.0;74.13333333333334;0.08896;0.9988;W80_NSS2_MCS2:bytes=11120,ppdus=12,airtime_us=1200;;;;;;;;;;;;;;;;;;;;;;;;;;;;;;;;;;;;;;;;;;;;;;;;;;;;;;;;;;;;
77;1;20;high;-41.5;ap_only_cochannel;dl;su;1;172.81666669999998;35.67319553991581;2.072432;0.1963978831514489;122.5;1.0;69.91616766467065;0.093408;0.998664;W80_NSS2_MCS1:bytes=11676,ppdus=10,airtime_us=1336;263.25;0.9216647805859424;46.57686676427526;0.254496;0.994536;W20_NSS1_MCS0:bytes=2492,ppdus=2,airtime_us=2840|W40_NSS2_MCS6:bytes=29320,ppdus=28,airtime_us=2624;73.125;0.7839201049127409;20.902477596204534;0.158608;0.992412;W20_NSS1_MCS0:bytes=4284,ppdus=6,airtime_us=5016|W20_NSS1_MCS7:bytes=15542,ppdus=17,airtime_us=2572;122.5;1.0;65.33333333333333;0.07448;0.99886;W80_NSS2_MCS1:bytes=9310,ppdus=9,airtime_us=1140;408.333334;0.5897744360902256;35.84905660377358;0.1064;0.997032;W20_NSS1_MCS0:bytes=1436,ppdus=2,airtime_us=1672|W40_NSS1_MCS9:bytes=4020,ppdus=6,airtime_us=456|W80_NSS1_MCS9:bytes=7844,ppdus=14,airtime_us=840;183.75;1.0;76.8062015503876;0.079264;0.998968;W80_NSS2_MCS2:bytes=9908,ppdus=10,airtime_us=1032;7.3125;1.0;7.0103230103230105;0.084208;0.987988;W20_NSS1_MCS0:bytes=10526,ppdus=9,airtime_us=12012;490.0;0.8091182364729459;14.840148698884759;0.031936;0.997848;W20_NSS1_MCS0:bytes=762,ppdus=3,airtime_us=996|W80_NSS2_MCS5:bytes=3230,ppdus=17,airtime_us=1156;21.9375;1.0;19.252336448598133;0.06592;0.996576;W20_NSS1_MCS2:bytes=8240,ppdus=8,airtime_us=3424;7.3125;1.0;6.956146657081237;0.077408;0.988872;W20_NSS1_MCS0:bytes=9676,ppdus=10,airtime_us=11128;97.5;0.5971008077901958;14.712250712250713;0.144592;0.990172;W20_NSS1_MCS0:bytes=7282,ppdus=7,airtime_us=8340|W20_NSS1_MCS9:bytes=10792,ppdus=12,airtime_us=1488;245.0;1.0;75.35222672064778;0.074448;0.999012;W80_NSS2_MCS3:bytes=9306,ppdus=11,airtime_us=988;61.25;1.0;44.66011787819254;0.090928;0.997964;W80_NSS2_MCS0:bytes=11366,ppdus=9,airtime_us=2036;245.0;1.0;53.44807121661721;0.072048;0.998652;W80_NSS2_MCS3:bytes=9006,ppdus=17,airtime_us=1348;243.75;0.7181109312932176;19.68718320057929;0.108752;0.994476;W20_NSS1_MCS0:bytes=3832,ppdus=4,airtime_us=4400|W40_NSS1_MCS11:bytes=9762,ppdus=15,airtime_us=1124;7.3125;1.0;7.02489866821077;0.097056;0.986184;W20_NSS1_MCS0:bytes=12132,ppdus=10,airtime_us=13816;183.75;0.8974496165507402;70.30721003134796;0.089712;0.998724;W20_NSS1_MCS3:bytes=1150,ppdus=1,airtime_us=364|W80_NSS2_MCS2:bytes=10064,ppdus=8,airtime_us=912;146.25;0.602610587382161;17.623003194888177;0.044128;0.997496;W20_NSS1_MCS0:bytes=668,ppdus=2,airtime_us=840|W20_NSS2_MCS7:bytes=3324,ppdus=18,airtime_us=1272|W40_NSS1_MCS7:bytes=1524,ppdus=6,airtime_us=392;175.5;0.7253863134657836;25.3781512605042;0.10872;0.995716;W20_NSS1_MCS0:bytes=2392,ppdus=4,airtime_us=2832|W20_NSS1_MCS8:bytes=1340,ppdus=2,airtime_us=232|W40_NSS1_MCS8:bytes=9858,ppdus=15,airtime_us=1220;351.0;0.7166357910337162;21.82773958754549;0.21592;0.990108;W20_NSS1_MCS0:bytes=7266,ppdus=7,airtime_us=8340|W20_NSS1_MCS10:bytes=382,ppdus=1,airtime_us=76|W40_NSS2_MCS8:bytes=19342,ppdus=17,airtime_us=1476;;;;;;;;;;;;;;;;;;;;;;;;;;;;;;;;;;;;;;;;;;;;;;;;;;;;;;;;;;;;
77;1;20;high;-41.5;ap_only_cochannel;dl;su;2;190.128125;38.133934665582686;1.716064;-279.0365535248042;183.75;0.9270229007633588;52.610441767068274;0.1048;0.998008;W20_NSS2_MCS2:bytes=94,ppdus=1,airtime_us=84|W40_NSS2_MCS4:bytes=862,ppdus=1,airtime_us=100|W80_NSS1_MCS4:bytes=12144,ppdus=24,airtime_us=1808;121.875;0.5305709416276098;20.453159041394336;0.150208;0.992656;W20_NSS1_MCS0:bytes=4982,ppdus=5,airtime_us=5724|W20_NSS1_MCS11:bytes=9962,ppdus=11,airtime_us=1220|W20_NSS2_MCS10:bytes=3832,ppdus=4,airtime_us=400;117.0;0.7326478149100257;19.796437659033078;0.03112;0.998428;W20_NSS2_MCS5:bytes=2850,ppdus=15,airtime_us=1084|W40_NSS1_MCS5:bytes=850,ppdus=7,airtime_us=420|W40_NSS2_MCS5:bytes=190,ppdus=1,airtime_us=68;245.0;1.0;59.95518207282913;0.085616;0.998572;W80_NSS2_MCS3:bytes=10702,ppdus=17,airtime_us=1428;122.5;0.9;61.41025641025641;0.07664;0.998752;W80_NSS1_MCS1:bytes=958,ppdus=1,airtime_us=172|W80_NSS2_MCS1:bytes=8622,ppdus=9,airtime_us=1076;7.3125;1.0;6.906435417617526;0.060528;0.991236;W20_NSS1_MCS0:bytes=7566,ppdus=9,airtime_us=8764;245.0;0.7375358166189112;36.93121693121693;0.11168;0.996976;W20_NSS1_MCS0:bytes=956,ppdus=2,airtime_us=1160|W20_NSS1_MCS5:bytes=796,ppdus=2,airtime_us=216|W40_NSS1_MCS5:bytes=1912,ppdus=4,airtime_us=336|W80_NSS1_MCS5:bytes=10296,ppdus=20,airtime_us=1312;122.5;1.0;65.62557077625571;0.057488;0.999124;W80_NSS2_MCS1:bytes=7186,ppdus=7,airtime_us=876;487.5;0.7406770922838976;22.31639501438159;0.093104;0.995828;W20_NSS1_MCS0:bytes=3018,ppdus=3,airtime_us=3460|W40_NSS2_MCS11:bytes=8620,ppdus=10,airtime_us=712;58.5;0.5606012658227848;12.81947261663286;0.10112;0.992112;W20_NSS1_MCS0:bytes=5554,ppdus=7,airtime_us=6452|W20_NSS1_MCS5:bytes=7086,ppdus=9,airtime_us=1436;109.6875;0.8359183673469388;24.873096446700508;0.098;0.99606;W20_NSS1_MCS0:bytes=2010,ppdus=3,airtime_us=2372|W20_NSS1_MCS10:bytes=10240,ppdus=16,airtime_us=1568;61.25;1.0;37.08108108108108;0.049392;0.998668;W80_NSS2_MCS0:bytes=6174,ppdus=9,airtime_us=1332;7.3125;1.0;6.9739327540612015;0.07384;0.989412;W20_NSS1_MCS0:bytes=9230,ppdus=9,airtime_us=10588;7.3125;1.0;6.96962879640045;0.074352;0.989332;W20_NSS1_MCS0:bytes=9294,ppdus=9,airtime_us=10668;918.75;0.7368421052631579;22.513296227581943;0.145616;0.993532;W20_NSS1_MCS0:bytes=4790,ppdus=5,airtime_us=5516|W80_NSS2_MCS10:bytes=13412,ppdus=14,airtime_us=952;122.5;0.8995803357314148;47.319148936170215;0.053376;0.998872;W20_NSS1_MCS2:bytes=670,ppdus=1,airtime_us=300|W80_NSS2_MCS1:bytes=6002,ppdus=7,airtime_us=828;490.0;0.871303074670571;124.18181818181819;0.10928;0.99912;W40_NSS1_MCS5:bytes=1758,ppdus=1,airtime_us=172|W80_NSS2_MCS5:bytes=11902,ppdus=9,airtime_us=708;7.3125;0.9154784653829193;7.560989163656571;0.108848;0.985604;W20_NSS1_MCS0:bytes=12456,ppdus=12,airtime_us=14272|W20_NSS1_MCS11:bytes=1150,ppdus=1,airtime_us=124;122.5;0.7603667430714732;70.31501831501832;0.076784;0.998908;W20_NSS1_MCS9:bytes=1150,ppdus=1,airtime_us=140|W80_NSS1_MCS3:bytes=7298,ppdus=7,airtime_us=852|W80_NSS2_MCS3:bytes=1150,ppdus=1,airtime_us=100;245.0;0.8870872641509434;56.06611570247934;0.054272;0.999032;W20_NSS1_MCS9:bytes=766,ppdus=1,airtime_us=108|W80_NSS2_MCS3:bytes=6018,ppdus=11,airtime_us=860;;;;;;;;;;;;;;;;;;;;;;;;;;;;;;;;;;;;;;;;;;;;;;;;;;;;;;;;;;;;
78;1;20;high;-41.5;ap_only_cochannel;ul_dl;su;0;320.7229167;169.96925591146626;66.7233623730798;0.2957318084796249;87.75;0.8777586466062668;87.9819657348963;2.341728;0.973384;W20_NSS2_MCS4:bytes=10890,ppdus=1,airtime_us=1060|W40_NSS1_MCS4:bytes=256934,ppdus=17,airtime_us=24300|W40_NSS2_MCS4:bytes=24892,ppdus=2,airtime_us=1256;390.0;0.6416290820305877;110.44569288389513;0.943648;0.991456;W20_NSS1_MCS0:bytes=4666,ppdus=1,airtime_us=5164|W20_NSS2_MCS9:bytes=22932,ppdus=2,airtime_us=1064|W40_NSS2_MCS9:bytes=75684,ppdus=10,airtime_us=2120|W80_NSS2_MCS9:bytes=14674,ppdus=1,airtime_us=196;275.625;0.56244517913771;52.51018600531444;0.474272;0.990968;W20_NSS1_MCS0:bytes=4666,ppdus=1,airtime_us=5164|W20_NSS1_MCS6:bytes=11080,ppdus=2,airtime_us=1448|W20_NSS1_MCS9:bytes=6316,ppdus=2,airtime_us=616|W20_NSS2_MCS6:bytes=3878,ppdus=1,airtime_us=292|W80_NSS1_MCS6:bytes=33344,ppdus=10,airtime_us=1512;61.25;1.0;60.26348376148862;2.217282373079791;0.963206867;W80_NSS2_MCS0:bytes=277160.296634974,ppdus=9,airtime_us=36793.133;367.5;0.8686872567096906;124.45577689243028;1.249536;0.98996;W20_NSS1_MCS0:bytes=4762,ppdus=1,airtime_us=5260|W40_NSS2_MCS4:bytes=15748,ppdus=2,airtime_us=840|W80_NSS2_MCS4:bytes=135682,ppdus=17,airtime_us=3940;263.25;0.6858246609902239;161.5796178343949;0.405888;0.997488;W20_NSS2_MCS6:bytes=15940,ppdus=2,airtime_us=1096|W40_NSS2_MCS6:bytes=34796,ppdus=6,airtime_us=1416;219.375;0.7778211065074336;138.38111298482295;0.32824;0.997628;W20_NSS2_MCS10:bytes=2128,ppdus=2,airtime_us=200|W40_NSS1_MCS10:bytes=31914,ppdus=15,airtime_us=1956|W80_NSS1_MCS10:bytes=6988,ppdus=2,airtime_us=216;122.5;1.0;120.51490092058043;6.17904;0.948728;W80_NSS2_MCS1:bytes=772380,ppdus=14,airtime_us=51272;122.5;1.0;119.89673804282569;4.792992;0.960024;W80_NSS2_MCS1:bytes=599124,ppdus=14,airtime_us=39976;918.75;0.6228631258328574;258.55619360131254;2.52144;0.990248;W20_NSS1_MCS0:bytes=4762,ppdus=1,airtime_us=5260|W80_NSS1_MCS10:bytes=114104,ppdus=10,airtime_us=2488|W80_NSS2_MCS10:bytes=196314,ppdus=5,airtime_us=2004;131.625;0.4390276658608649;66.15399802566634;1.072224;0.983792;W20_NSS1_MCS4:bytes=43998,ppdus=5,airtime_us=8284|W20_NSS1_MCS6:bytes=31188,ppdus=4,airtime_us=3984|W40_NSS1_MCS6:bytes=58842,ppdus=7,airtime_us=3940;735.0;0.7801588614926361;460.4190476190476;1.160256;0.99748;W40_NSS2_MCS8:bytes=31884,ppdus=2,airtime_us=840|W80_NSS2_MCS8:bytes=113148,ppdus=8,airtime_us=1680;551.25;0.8429566784623161;337.6400742115028;1.455904;0.995688;W20_NSS2_MCS10:bytes=14290,ppdus=1,airtime_us=580|W40_NSS1_MCS6:bytes=14290,ppdus=1,airtime_us=924|W80_NSS2_MCS6:bytes=153408,ppdus=10,airtime_us=2808;1020.833334;0.6764595130852897;453.5106732348112;2.209504;0.995128;W40_NSS1_MCS11:bytes=89358,ppdus=3,airtime_us=3092|W80_NSS2_MCS11:bytes=186830,ppdus=5,airtime_us=1780;122.5;0.9751468238215926;117.25734745636282;6.287808;0.946376;W20_NSS1_MCS5:bytes=19534,ppdus=1,airtime_us=2716|W80_NSS2_MCS1:bytes=766442,ppdus=15,airtime_us=50908;122.5;0.9577157385753639;115.43845322445058;7.690048;0.933384;W80_NSS1_MCS1:bytes=40646,ppdus=1,airtime_us=5356|W80_NSS2_MCS1:bytes=920610,ppdus=19,airtime_us=61260;351.0;0.8433809819763829;156.49848024316108;0.411904;0.997368;W20_NSS1_MCS5:bytes=3110,ppdus=1,airtime_us=476|W20_NSS2_MCS8:bytes=4954,ppdus=1,airtime_us=292|W40_NSS2_MCS8:bytes=43424,ppdus=14,airtime_us=1864;183.75;0.7678127794892179;142.6813706183537;5.796288;0.959376;W40_NSS1_MCS4:bytes=168228,ppdus=6,airtime_us=15640|W80_NSS1_MCS4:bytes=556308,ppdus=14,airtime_us=24984;183.75;1.0;139.37851239669422;0.337296;0.99758;W80_NSS1_MCS4:bytes=42162,ppdus=11,airtime_us=2420;183.75;0.9893930750659591;175.82149253731345;18.848064;0.8928;W20_NSS2_MCS3:bytes=24990,ppdus=1,airtime_us=3476|W80_NSS2_MCS2:bytes=2331018,ppdus=39,airtime_us=103724;;;;;;;;;;;;;;;;;;;;;;;;;;;;;;;;;;;;;;;;;;;;;;;;;;;;;;;;;;;;
78;1;20;high;-41.5;ap_only_cochannel;ul_dl;su;1;372.4437501;176.0901329790277;67.95739286015795;0.4124191408941017;122.5;1.0;120.34545737154849;6.598416268406337;0.94517104;W80_NSS2_MCS1:bytes=824802.033550792,ppdus=15,airtime_us=54828.96;551.25;0.8315092756595507;305.17780938833573;0.85816;0.997188;W20_NSS2_MCS6:bytes=18074,ppdus=1,airtime_us=1156|W80_NSS2_MCS6:bytes=89196,ppdus=6,airtime_us=1656;612.5;0.8907845171152481;187.38618925831202;1.758432;0.990616;W20_NSS1_MCS0:bytes=4666,ppdus=1,airtime_us=5164|W40_NSS2_MCS7:bytes=19340,ppdus=2,airtime_us=648|W80_NSS2_MCS7:bytes=195798,ppdus=17,airtime_us=3572;122.5;1.0;120.2046534901176;7.687328;0.936048;W80_NSS2_MCS1:bytes=960916,ppdus=20,airtime_us=63952;390.0;0.5878076062639821;30.305084745762713;0.343296;0.988672;W20_NSS1_MCS0:bytes=8788,ppdus=2,airtime_us=9720|W20_NSS2_MCS9:bytes=5086,ppdus=1,airtime_us=276|W40_NSS1_MCS9:bytes=3814,ppdus=1,airtime_us=204|W40_NSS2_MCS9:bytes=25224,ppdus=10,airtime_us=1128;183.75;0.9500127740883355;175.0463948584053;10.458672;0.940252;W20_NSS1_MCS11:bytes=65350,ppdus=1,airtime_us=4348|W80_NSS2_MCS2:bytes=1241984,ppdus=22,airtime_us=55400;490.0;0.6716719731520523;121.55857740585775;1.85936;0.984704;W20_NSS1_MCS0:bytes=4954,ppdus=1,airtime_us=5468|W20_NSS1_MCS5:bytes=23338,ppdus=1,airtime_us=3244|W40_NSS1_MCS5:bytes=42680,ppdus=2,airtime_us=3016|W80_NSS1_MCS5:bytes=5338,ppdus=1,airtime_us=220|W80_NSS2_MCS5:bytes=156110,ppdus=13,airtime_us=3348;234.0;0.667986606710068;130.22286962855063;2.145552;0.983524;W20_NSS1_MCS0:bytes=3110,ppdus=1,airtime_us=3452|W20_NSS1_MCS9:bytes=15846,ppdus=1,airtime_us=1356|W40_NSS1_MCS5:bytes=70088,ppdus=4,airtime_us=5008|W40_NSS2_MCS5:bytes=179150,ppdus=9,airtime_us=6660;816.666668;0.8938936830041124;341.15189266890275;5.695872;0.983304;W20_NSS1_MCS2:bytes=14002,ppdus=1,airtime_us=5164|W20_NSS1_MCS9:bytes=37726,ppdus=1,airtime_us=3148|W20_NSS2_MCS9:bytes=23818,ppdus=1,airtime_us=1044|W80_NSS2_MCS9:bytes=636438,ppdus=19,airtime_us=7340;1020.833334;0.6698701786650055;117.36466492602263;1.618224;0.986212;W20_NSS1_MCS0:bytes=9332,ppdus=2,airtime_us=10328|W20_NSS2_MCS11:bytes=26928,ppdus=2,airtime_us=1016|W40_NSS2_MCS11:bytes=30518,ppdus=3,airtime_us=684|W80_NSS2_MCS11:bytes=135500,ppdus=12,airtime_us=1760;306.25;0.669237614951053;128.828025477707;1.61808;0.98744;W20_NSS1_MCS0:bytes=4666,ppdus=1,airtime_us=5164|W20_NSS2_MCS7:bytes=28006,ppdus=1,airtime_us=1588|W40_NSS1_MCS7:bytes=34228,ppdus=2,airtime_us=1976|W80_NSS1_MCS7:bytes=135360,ppdus=6,airtime_us=3832;122.5;1.0;120.50840877571933;3.9092005917516217;0.967560765;W80_NSS1_MCS3:bytes=488650.073968953,ppdus=11,airtime_us=32439.235;61.25;0.8133423502810965;69.79585998649132;7.026768;0.899324;W40_NSS1_MCS10:bytes=163950,ppdus=3,airtime_us=6116|W80_NSS2_MCS0:bytes=714396,ppdus=20,airtime_us=94560;245.0;0.9577276715882644;216.35163021048288;4.19376;0.980616;W80_NSS1_MCS3:bytes=22160,ppdus=4,airtime_us=1664|W80_NSS2_MCS3:bytes=502060,ppdus=22,airtime_us=17720;243.75;0.8923608845978211;193.42586750788644;0.490528;0.997464;W20_NSS2_MCS11:bytes=54716,ppdus=6,airtime_us=2152|W40_NSS1_MCS11:bytes=3300,ppdus=2,airtime_us=216|W40_NSS2_MCS11:bytes=3300,ppdus=2,airtime_us=168;219.375;0.6840402479886037;201.78542510121457;3.189824;0.984192;W20_NSS2_MCS10:bytes=272746,ppdus=15,airtime_us=10860|W40_NSS1_MCS10:bytes=125982,ppdus=7,airtime_us=4948;183.75;0.9475113573374706;169.95339563862927;5.455504;0.9679;W80_NSS1_MCS2:bytes=35794,ppdus=1,airtime_us=3164|W80_NSS2_MCS2:bytes=646144,ppdus=14,airtime_us=28936;612.5;0.8667993662915872;197.33066132264528;0.393872;0.998004;W20_NSS1_MCS10:bytes=6558,ppdus=5,airtime_us=732|W80_NSS2_MCS7:bytes=42676,ppdus=12,airtime_us=1264;735.0;0.8877352876695167;417.37254901960785;2.043456;0.995104;W20_NSS2_MCS8:bytes=24010,ppdus=1,airtime_us=1156|W40_NSS1_MCS8:bytes=4666,ppdus=1,airtime_us=268|W80_NSS2_MCS8:bytes=226756,ppdus=16,airtime_us=3472;175.5;0.9303460514640639;157.6872427983539;0.613088;0.996112;W40_NSS1_MCS8:bytes=71298,ppdus=9,airtime_us=3708|W40_NSS2_MCS8:bytes=5338,ppdus=1,airtime_us=180;;;;;;;;;;;;;;;;;;;;;;;;;;;;;;;;;;;;;;;;;;;;;;;;;;;;;;;;;;;;
78;1;20;high;-41.5;ap_only_cochannel;ul_dl;su;2;324.9541667;170.7795727809691;70.15448354513389;0.3279860385484541;175.5;0.9248544227747482;129.1820895522388;0.173104;0.99866;W40_NSS1_MCS4:bytes=1626,ppdus=3,airtime_us=308|W40_NSS2_MCS4:bytes=20012,ppdus=2,airtime_us=1032;459.375;0.5836368918586721;236.443857331572;2.147856;0.990916;W20_NSS1_MCS10:bytes=46560,ppdus=2,airtime_us=3496|W20_NSS1_MCS11:bytes=4666,ppdus=1,airtime_us=364|W20_NSS2_MCS10:bytes=18670,ppdus=1,airtime_us=740|W40_NSS1_MCS10:bytes=22550,ppdus=1,airtime_us=876|W40_NSS2_MCS10:bytes=19340,ppdus=2,airtime_us=472|W80_NSS1_MCS10:bytes=156696,ppdus=8,airtime_us=3136;490.0;0.7124747222161821;98.31961517904864;0.735824;0.992516;W20_NSS1_MCS0:bytes=4666,ppdus=1,airtime_us=5164|W40_NSS2_MCS5:bytes=21780,ppdus=2,airtime_us=872|W80_NSS2_MCS5:bytes=65532,ppdus=6,airtime_us=1448;122.5;0.9464769980143347;121.94714271467039;9.782112;0.919784;W20_NSS2_MCS7:bytes=65446,ppdus=1,airtime_us=3636|W80_NSS1_MCS3:bytes=1157318,ppdus=19,airtime_us=76580;122.5;0.9437317670710289;113.63005110373531;8.627248;0.924076;W80_NSS1_MCS1:bytes=60680,ppdus=2,airtime_us=8040|W80_NSS2_MCS1:bytes=1017726,ppdus=23,airtime_us=67884;1020.833334;0.6664457359915563;324.3052607812147;5.745392;0.982284;W20_NSS1_MCS0:bytes=4666,ppdus=1,airtime_us=5164|W20_NSS2_MCS11:bytes=234884,ppdus=6,airtime_us=8072|W80_NSS2_MCS11:bytes=478624,ppdus=12,airtime_us=4480;245.0;0.9076344974724663;118.85094231867504;1.664864;0.985992;W20_NSS1_MCS0:bytes=4666,ppdus=1,airtime_us=5164|W20_NSS1_MCS6:bytes=7278,ppdus=1,airtime_us=940|W40_NSS1_MCS5:bytes=7278,ppdus=1,airtime_us=556|W80_NSS1_MCS5:bytes=188886,ppdus=23,airtime_us=7348;122.5;0.9647665466987299;117.06215756659739;9.91376;0.915312;W20_NSS1_MCS6:bytes=43662,ppdus=1,airtime_us=5356|W80_NSS2_MCS1:bytes=1195558,ppdus=21,airtime_us=79332;146.25;0.6986254390574439;119.2709879597559;2.89256;0.975748;W20_NSS1_MCS0:bytes=4666,ppdus=1,airtime_us=5164|W20_NSS1_MCS11:bytes=13606,ppdus=1,airtime_us=940|W20_NSS2_MCS7:bytes=252602,ppdus=17,airtime_us=14820|W20_NSS2_MCS11:bytes=72910,ppdus=5,airtime_us=2692|W40_NSS1_MCS11:bytes=17786,ppdus=1,airtime_us=636;117.0;0.8263778924247842;108.91237830319889;0.313232;0.997124;W20_NSS2_MCS5:bytes=32356,ppdus=6,airtime_us=2584|W40_NSS2_MCS5:bytes=6798,ppdus=1,airtime_us=292;390.0;0.8455608517649829;168.78751330258956;1.903248;0.988724;W20_NSS1_MCS0:bytes=4666,ppdus=1,airtime_us=5164|W40_NSS1_MCS9:bytes=32076,ppdus=2,airtime_us=1416|W40_NSS2_MCS9:bytes=201164,ppdus=10,airtime_us=4696;61.25;1.0;60.28547217776104;5.122336;0.915032;W80_NSS2_MCS0:bytes=640292,ppdus=22,airtime_us=84968;918.75;0.7804491702094731;301.43242625200094;5.272656;0.982508;W20_NSS1_MCS2:bytes=14002,ppdus=1,airtime_us=5164|W20_NSS1_MCS10:bytes=65350,ppdus=1,airtime_us=4812|W20_NSS2_MCS10:bytes=65350,ppdus=1,airtime_us=2436|W80_NSS2_MCS10:bytes=514380,ppdus=10,airtime_us=5080;117.0;0.6052119949417578;112.703814157903;2.872144;0.974516;W20_NSS1_MCS0:bytes=4666,ppdus=1,airtime_us=5164|W40_NSS1_MCS5:bytes=217282,ppdus=9,airtime_us=15324|W40_NSS2_MCS5:bytes=137070,ppdus=5,airtime_us=4996;459.375;0.9102617558489692;221.3035518125229;2.41752;0.989076;W20_NSS1_MCS2:bytes=14002,ppdus=1,airtime_us=5164|W80_NSS1_MCS10:bytes=275072,ppdus=14,airtime_us=5528|W80_NSS2_MCS10:bytes=13116,ppdus=2,airtime_us=232;122.5;1.0;120.44540540540541;0.445648;0.9963;W80_NSS2_MCS1:bytes=55706,ppdus=1,airtime_us=3700;490.0;1.0;398.0590717299578;1.50944;0.996208;W80_NSS2_MCS5:bytes=188680,ppdus=12,airtime_us=3792;551.25;0.9062100073429141;268.9139633286319;1.52528;0.994328;W20_NSS1_MCS6:bytes=17882,ppdus=1,airtime_us=2220|W80_NSS2_MCS6:bytes=172778,ppdus=15,airtime_us=3452;122.5;1.0;120.0985664332856;6.815715545133887;0.943248985;W80_NSS1_MCS3:bytes=851964.443141736,ppdus=21,airtime_us=56751.015;245.0;0.728014453056705;155.63718820861678;0.274544;0.998236;W40_NSS2_MCS3:bytes=9334,ppdus=1,airtime_us=692|W80_NSS2_MCS3:bytes=24984,ppdus=4,airtime_us=1072;;;;;;;;;;;;;;;;;;;;;;;;;;;;;;;;;;;;;;;;;;;;;;;;;;;;;;;;;;;;
79;1;20;medium;-50.0;isolated;ul;su;0;411.46813729411764;350.6314593478446;198.5690331339137;0.5925995287521522;;;;0.0;;;;;;0.0;;;;;;0.0;;;146.25;0.7546014011601682;163.2036036036036;10.144736;0.93784;W40_NSS1_MCS7:bytes=956904,ppdus=18,airtime_us=53304|W40_NSS2_MCS7:bytes=311188,ppdus=6,airtime_us=8856;367.5;1.0;353.06961371617433;27.34736;0.922544;W80_NSS2_MCS4:bytes=3418420,ppdus=56,airtime_us=77456;551.25;0.9910186410102225;509.18554807103493;16.63;0.96734;W20_NSS2_MCS10:bytes=18670,ppdus=1,airtime_us=740|W80_NSS2_MCS6:bytes=2060080,ppdus=32,airtime_us=31920;918.75;0.9749552567134092;731.0071438576831;20.87464;0.971444;W40_NSS1_MCS6:bytes=65350,ppdus=1,airtime_us=4028|W80_NSS2_MCS10:bytes=2543980,ppdus=40,airtime_us=24528;122.5;0.9755116067376528;111.32393954880631;6.099216;0.945212;W20_NSS1_MCS3:bytes=18670,ppdus=1,airtime_us=5164|W80_NSS2_MCS1:bytes=743732,ppdus=18,airtime_us=49624;131.625;0.7739648632489523;145.87775111065721;22.853792;0.843336;W40_NSS1_MCS6:bytes=2211004,ppdus=36,airtime_us=136384|W40_NSS2_MCS6:bytes=645720,ppdus=10,airtime_us=20280;459.375;1.0;430.62425824827915;7.25688;0.983148;W80_NSS1_MCS10:bytes=907110,ppdus=19,airtime_us=16852;551.25;0.9731645854590216;395.12338593974175;8.812832;0.977696;W20_NSS1_MCS4:bytes=29562,ppdus=1,airtime_us=5436|W80_NSS2_MCS6:bytes=1072042,ppdus=21,airtime_us=16868;735.0;1.0;672.4931037929205;7.7951607730569945;0.988408564;W80_NSS2_MCS8:bytes=974395.096632124,ppdus=17,airtime_us=11591.436;275.625;1.0;264.1383728379244;3.29856;0.987512;W80_NSS1_MCS6:bytes=412320,ppdus=10,airtime_us=12488;1020.833334;1.0;893.5720653789004;9.621984;0.989232;W80_NSS2_MCS11:bytes=1202748,ppdus=20,airtime_us=10768;122.5;0.9410379074505238;112.79056248931441;5.277696;0.953208;W20_NSS1_MCS5:bytes=38898,ppdus=1,airtime_us=5372|W80_NSS2_MCS1:bytes=620814,ppdus=15,airtime_us=41420;122.5;1.0;120.8350403663092;16.04496;0.867216;W80_NSS2_MCS1:bytes=2005620,ppdus=32,airtime_us=132784;735.0;1.0;351.2258064516129;0.174208;0.999504;W80_NSS2_MCS8:bytes=21776,ppdus=4,airtime_us=496;183.75;0.7709655254833039;201.23723114426326;6.413008360856729;0.968132098;W80_NSS1_MCS4:bytes=618026.045107091,ppdus=15,airtime_us=27643.902|W80_NSS2_MCS4:bytes=183600,ppdus=4,airtime_us=4224;367.5;1.0;353.91046042860177;26.68768;0.924592;W80_NSS2_MCS4:bytes=3335960,ppdus=52,airtime_us=75408;183.75;0.8153853759825975;151.11692192753083;3.23632;0.978584;W80_NSS1_MCS2:bytes=74684,ppdus=2,airtime_us=6600|W80_NSS2_MCS2:bytes=329856,ppdus=8,airtime_us=14816;;;;;;;;;;;;;;;;;;;;;;;;;;;;;;;;;;;;;;;;;;;;;;;;;;;;;;;;;;;;
79;1;20;medium;-50.0;isolated;ul;su;1;519.3437502;448.9581292483155;261.3675372697931;0.46795011296378963;122.5;1.0;119.53461903256402;3.024704;0.974696;W80_NSS2_MCS1:bytes=378088,ppdus=10,airtime_us=25304;551.25;1.0;515.7308548239298;15.758672;0.969444;W80_NSS2_MCS6:bytes=1969834,ppdus=31,airtime_us=30556;612.5;1.0;562.306724721819;9.298304;0.983464;W80_NSS2_MCS7:bytes=1162288,ppdus=22,airtime_us=16536;122.5;1.0;120.77781940801799;21.920208;0.818508;W80_NSS2_MCS1:bytes=2740026,ppdus=45,airtime_us=181492;816.666668;0.8997597916353496;656.8604534005037;5.215472;0.99206;W80_NSS1_MCS9:bytes=65350,ppdus=1,airtime_us=1340|W80_NSS2_MCS9:bytes=586584,ppdus=14,airtime_us=6600;183.75;1.0;179.69337822671156;12.808544;0.92872;W80_NSS2_MCS2:bytes=1601068,ppdus=28,airtime_us=71280;490.0;1.0;464.6276756104914;24.65872;0.946928;W80_NSS2_MCS5:bytes=3082340,ppdus=48,airtime_us=53072;490.0;1.0;462.52411994784876;12.771216;0.972388;W80_NSS2_MCS5:bytes=1596402,ppdus=27,airtime_us=27612;816.666668;0.9933661621760388;666.9027237354086;35.649952;0.946544;W40_NSS1_MCS2:bytes=29562,ppdus=1,airtime_us=5436|W80_NSS2_MCS9:bytes=4426682,ppdus=69,airtime_us=48020;1020.833334;1.0;896.5798141203326;21.994896;0.975468;W80_NSS2_MCS11:bytes=2749362,ppdus=45,airtime_us=24532;612.5;1.0;565.1090624456427;12.995248;0.977004;W80_NSS2_MCS7:bytes=1624406,ppdus=29,airtime_us=22996;245.0;1.0;237.01064153238067;6.236224;0.973688;W80_NSS2_MCS3:bytes=779528,ppdus=14,airtime_us=26312;219.375;1.0;212.4141069397042;8.962176;0.957808;W20_NSS2_MCS10:bytes=1120272,ppdus=24,airtime_us=42192;245.0;0.9716418798106069;226.89911851126348;16.679808;0.926488;W40_NSS1_MCS4:bytes=59126,ppdus=1,airtime_us=5436|W80_NSS2_MCS3:bytes=2025850,ppdus=31,airtime_us=68076;1020.833334;0.9908748573410893;694.4463194646494;9.547248;0.986252;W20_NSS1_MCS3:bytes=10890,ppdus=1,airtime_us=3036|W80_NSS2_MCS11:bytes=1182516,ppdus=22,airtime_us=10712;918.75;0.9519448546065288;640.5539331135186;10.879168;0.983016;W20_NSS1_MCS11:bytes=65350,ppdus=1,airtime_us=4348|W80_NSS2_MCS10:bytes=1294546,ppdus=23,airtime_us=12636;183.75;0.9871456460021345;168.5040575982691;11.619409269793103;0.931043742;W20_NSS1_MCS3:bytes=18670,ppdus=1,airtime_us=5164|W80_NSS2_MCS2:bytes=1433756.15872414,ppdus=25,airtime_us=63792.258;612.5;1.0;565.0332778702164;10.86672;0.980768;W80_NSS2_MCS7:bytes=1358340,ppdus=24,airtime_us=19232;367.5;1.0;353.8595317725752;0.423216;0.998804;W80_NSS1_MCS8:bytes=52902,ppdus=1,airtime_us=1196;735.0;1.0;669.7943526904635;10.057632;0.984984;W80_NSS2_MCS8:bytes=1257204,ppdus=22,airtime_us=15016;;;;;;;;;;;;;;;;;;;;;;;;;;;;;;;;;;;;;;;;;;;;;;;;;;;;;;;;;;;;
79;1;20;medium;-50.0;isolated;ul;su;2;509.517544;450.16166086177566;259.4741049882857;0.47114745000031844;367.5;1.0;353.3826612903226;28.044448;0.92064;W80_NSS2_MCS4:bytes=3505556,ppdus=56,airtime_us=79360;918.75;1.0;816.1855151930546;14.289776;0.982492;W80_NSS2_MCS10:bytes=1786222,ppdus=33,airtime_us=17508;490.0;0.9913802231464587;392.36811594202896;12.995232;0.96688;W20_NSS1_MCS2:bytes=14002,ppdus=1,airtime_us=5164|W80_NSS2_MCS5:bytes=1610402,ppdus=29,airtime_us=27956;245.0;1.0;235.5595798623687;5.20304;0.977912;W80_NSS2_MCS3:bytes=650380,ppdus=14,airtime_us=22088;122.5;0.9862752337973786;117.58162622707908;12.696464;0.89202;W20_NSS2_MCS2:bytes=21782,ppdus=1,airtime_us=4036|W80_NSS2_MCS1:bytes=1565276,ppdus=30,airtime_us=103944;1020.833334;0.9828220607323611;803.696630400338;30.434384;0.962132;W40_NSS1_MCS5:bytes=65350,ppdus=1,airtime_us=4524|W80_NSS2_MCS11:bytes=3738948,ppdus=60,airtime_us=33344;490.0;1.0;464.21194735065814;5.50184;0.988148;W80_NSS2_MCS5:bytes=687730,ppdus=11,airtime_us=11852;122.5;1.0;119.84561636998835;5.763136;0.951912;W80_NSS2_MCS1:bytes=720392,ppdus=18,airtime_us=48088;1020.833334;1.0;890.8875;20.526048;0.97696;W80_NSS2_MCS11:bytes=2565756,ppdus=44,airtime_us=23040;490.0;1.0;461.47078590785907;17.028272;0.9631;W80_NSS2_MCS5:bytes=2128534,ppdus=37,airtime_us=36900;816.666668;1.0;737.1883495145631;4.555824;0.99382;W80_NSS2_MCS9:bytes=569478,ppdus=9,airtime_us=6180;146.25;1.0;143.51828724353257;12.87072;0.91032;W40_NSS1_MCS7:bytes=1608840,ppdus=32,airtime_us=89680;918.75;0.9927363700355573;733.7985021485954;25.70395255732484;0.964971375;W40_NSS1_MCS2:bytes=23338,ppdus=1,airtime_us=4300|W80_NSS2_MCS10:bytes=3189656.06966561,ppdus=49,airtime_us=30728.625;490.0;1.0;461.7216947038401;11.780456430960854;0.974485807;W80_NSS2_MCS5:bytes=1472557.05387011,ppdus=26,airtime_us=25514.193;918.75;1.0;807.461948890761;11.501488;0.985756;W80_NSS2_MCS10:bytes=1437686,ppdus=29,airtime_us=14244;122.5;1.0;120.59873426722605;6.78392;0.943748;W80_NSS2_MCS1:bytes=847990,ppdus=15,airtime_us=56252;490.0;1.0;460.9292837715322;16.26896;0.964704;W80_NSS2_MCS5:bytes=2033620,ppdus=36,airtime_us=35296;;;;0.0;;;245.0;1.0;237.3463916397658;17.35192;0.926892;W80_NSS2_MCS3:bytes=2168990,ppdus=37,airtime_us=73108;245.0;1.0;195.31838565022423;0.174224;0.999108;W80_NSS2_MCS3:bytes=21778,ppdus=3,airtime_us=892;;;;;;;;;;;;;;;;;;;;;;;;;;;;;;;;;;;;;;;;;;;;;;;;;;;;;;;;;;;;
80;1;20;medium;-50.0;isolated;dl;su;0;568.6041668;97.81312121307542;4.20184;0.7230921230218983;551.25;0.6549893842887473;99.9090909090909;0.211008;0.997888;W80_NSS2_MCS4:bytes=9100,ppdus=10,airtime_us=840|W80_NSS2_MCS6:bytes=17276,ppdus=18,airtime_us=1272;816.666668;0.9726095973682328;109.8860510805501;0.223728;0.997964;W80_NSS2_MCS4:bytes=766,ppdus=1,airtime_us=84|W80_NSS2_MCS9:bytes=27200,ppdus=28,airtime_us=1952;408.333334;0.6336585023510422;103.81785063752277;0.227984;0.997804;W80_NSS1_MCS9:bytes=18058,ppdus=19,airtime_us=1380|W80_NSS2_MCS9:bytes=10440,ppdus=12,airtime_us=816;612.5;0.9639524382901866;102.61003861003861;0.212608;0.997928;W20_NSS1_MCS5:bytes=958,ppdus=1,airtime_us=188|W80_NSS2_MCS7:bytes=25618,ppdus=27,airtime_us=1884;551.25;0.6804789550072569;103.60902255639098;0.22048;0.997872;W80_NSS2_MCS4:bytes=8806,ppdus=9,airtime_us=772|W80_NSS2_MCS6:bytes=18754,ppdus=19,airtime_us=1356;918.75;0.5018207282913165;119.0;0.22848;0.99808;W80_NSS1_MCS10:bytes=14228,ppdus=14,airtime_us=952|W80_NSS2_MCS10:bytes=14332,ppdus=14,airtime_us=968;918.75;0.9719779575565717;73.68466522678186;0.136464;0.998148;W20_NSS2_MCS8:bytes=478,ppdus=1,airtime_us=84|W80_NSS2_MCS10:bytes=16580,ppdus=26,airtime_us=1768;245.0;0.7239789670820428;79.6728837876614;0.222128;0.997212;W80_NSS1_MCS3:bytes=7664,ppdus=8,airtime_us=912|W80_NSS2_MCS3:bytes=20102,ppdus=21,airtime_us=1876;275.625;0.8933189655172413;102.73062730627306;0.22272;0.997832;W80_NSS1_MCS6:bytes=24870,ppdus=25,airtime_us=1948|W80_NSS2_MCS6:bytes=2970,ppdus=3,airtime_us=220;918.75;0.9642216910666268;109.73770491803279;0.214208;0.998048;W80_NSS2_MCS4:bytes=958,ppdus=1,airtime_us=84|W80_NSS2_MCS10:bytes=25818,ppdus=27,airtime_us=1868;551.25;0.9578723716023152;113.97912317327766;0.218384;0.998084;W80_NSS2_MCS4:bytes=1150,ppdus=1,airtime_us=84|W80_NSS2_MCS6:bytes=26148,ppdus=26,airtime_us=1832;735.0;0.6241371793940275;110.76861167002012;0.220208;0.998012;W80_NSS2_MCS8:bytes=17180,ppdus=18,airtime_us=1240|W80_NSS2_MCS9:bytes=10346,ppdus=11,airtime_us=748;459.375;0.7523467292461132;111.31428571428572;0.218176;0.99804;W80_NSS1_MCS10:bytes=20518,ppdus=21,airtime_us=1468|W80_NSS2_MCS10:bytes=6754,ppdus=7,airtime_us=492;1020.833334;0.9642002989536622;109.67213114754098;0.21408;0.998048;W80_NSS2_MCS1:bytes=958,ppdus=1,airtime_us=116|W80_NSS2_MCS11:bytes=25802,ppdus=27,airtime_us=1836;245.0;0.5331657908765517;94.63783783783784;0.210096;0.99778;W80_NSS1_MCS5:bytes=14002,ppdus=15,airtime_us=1220|W80_NSS2_MCS5:bytes=12260,ppdus=14,airtime_us=1000;122.5;0.7922810060711188;65.26415094339623;0.221376;0.996608;W80_NSS2_MCS1:bytes=21924,ppdus=22,airtime_us=2760|W80_NSS2_MCS2:bytes=5748,ppdus=6,airtime_us=632;735.0;0.9768960928994799;60.898710865561696;0.132272;0.997828;W20_NSS1_MCS1:bytes=382,ppdus=1,airtime_us=268|W80_NSS2_MCS8:bytes=16152,ppdus=28,airtime_us=1904;367.5;0.7215452783162559;100.30555555555556;0.231104;0.997696;W80_NSS2_MCS4:bytes=20844,ppdus=22,airtime_us=1832|W80_NSS2_MCS6:bytes=8044,ppdus=6,airtime_us=472;735.0;1.0;105.20086393088553;0.194832;0.998148;W80_NSS2_MCS8:bytes=24354,ppdus=27,airtime_us=1852;183.75;0.6339930655879803;79.5632183908046;0.221504;0.997216;W80_NSS2_MCS2:bytes=17554,ppdus=19,airtime_us=1948|W80_NSS2_MCS3:bytes=10134,ppdus=9,airtime_us=836;;;;;;;;;;;;;;;;;;;;;;;;;;;;;;;;;;;;;;;;;;;;;;;;;;;;;;;;;;;;
80;1;20;medium;-50.0;isolated;dl;su;1;749.2916671;98.43234222307363;5.135232;0.6625780996205801;551.25;0.9768243979184316;108.01307189542484;0.264416;0.997552;W20_NSS1_MCS9:bytes=766,ppdus=1,airtime_us=108|W80_NSS2_MCS6:bytes=32286,ppdus=33,airtime_us=2340;612.5;0.9759043724441648;107.58037225042301;0.25432;0.997636;W20_NSS1_MCS8:bytes=766,ppdus=1,airtime_us=124|W80_NSS2_MCS7:bytes=31024,ppdus=32,airtime_us=2240;612.5;0.9706602964596349;108.11920529801324;0.261216;0.997584;W20_NSS1_MCS9:bytes=958,ppdus=1,airtime_us=124|W80_NSS2_MCS7:bytes=31694,ppdus=33,airtime_us=2292;183.75;0.9794642309814259;72.10165745856354;0.261008;0.99638;W20_NSS1_MCS6:bytes=670,ppdus=1,airtime_us=140|W80_NSS2_MCS2:bytes=31956,ppdus=34,airtime_us=3480;1020.833334;0.9397318550986206;74.0525059665871;0.248224;0.996648;W20_NSS2_MCS0:bytes=1870,ppdus=1,airtime_us=1092|W80_NSS2_MCS11:bytes=29158,ppdus=33,airtime_us=2260;1020.833334;0.9734295049627026;101.85871271585557;0.259536;0.997452;W20_NSS1_MCS4:bytes=862,ppdus=1,airtime_us=204|W80_NSS2_MCS11:bytes=31580,ppdus=34,airtime_us=2344;551.25;0.9755334099910566;104.01328903654485;0.250464;0.997592;W20_NSS2_MCS7:bytes=766,ppdus=1,airtime_us=100|W80_NSS2_MCS6:bytes=30542,ppdus=33,airtime_us=2308;816.666668;0.9708956130757078;109.72;0.263328;0.9976;W20_NSS1_MCS10:bytes=958,ppdus=1,airtime_us=124|W80_NSS2_MCS9:bytes=31958,ppdus=33,airtime_us=2276;816.666668;0.9761489600199278;108.13468013468014;0.256928;0.997624;W20_NSS2_MCS6:bytes=766,ppdus=1,airtime_us=100|W80_NSS2_MCS9:bytes=31350,ppdus=33,airtime_us=2276;1020.833334;0.968517909957279;87.82106782106783;0.24344;0.997228;W20_NSS2_MCS0:bytes=958,ppdus=1,airtime_us=580|W80_NSS2_MCS11:bytes=29472,ppdus=32,airtime_us=2192;816.666668;0.9735078984571885;106.50736497545009;0.260304;0.997556;W20_NSS2_MCS8:bytes=862,ppdus=1,airtime_us=100|W80_NSS2_MCS9:bytes=31676,ppdus=34,airtime_us=2344;735.0;0.9764525053796496;91.50492264416314;0.26024;0.997156;W20_NSS2_MCS0:bytes=766,ppdus=1,airtime_us=484|W80_NSS2_MCS8:bytes=31764,ppdus=34,airtime_us=2360;918.75;0.9757518201962646;101.73913043478261;0.25272;0.997516;W20_NSS2_MCS1:bytes=766,ppdus=1,airtime_us=276|W80_NSS2_MCS10:bytes=30824,ppdus=32,airtime_us=2208;367.5;0.9699384962972261;84.98133333333334;0.254944;0.997;W20_NSS2_MCS2:bytes=958,ppdus=1,airtime_us=228|W80_NSS2_MCS4:bytes=30910,ppdus=33,airtime_us=2772;1020.833334;0.9758161267916904;90.88665710186514;0.253392;0.997212;W40_NSS1_MCS0:bytes=766,ppdus=1,airtime_us=476|W80_NSS2_MCS11:bytes=30908,ppdus=34,airtime_us=2312;1020.833334;0.9706584992343033;108.29187396351576;0.2612;0.997588;W20_NSS2_MCS8:bytes=958,ppdus=1,airtime_us=100|W80_NSS2_MCS11:bytes=31692,ppdus=34,airtime_us=2312;245.0;0.9740705089640236;86.34805194805195;0.265952;0.99692;W20_NSS2_MCS9:bytes=862,ppdus=1,airtime_us=100|W80_NSS2_MCS3:bytes=32382,ppdus=33,airtime_us=2980;918.75;0.9733638217662691;107.33665008291874;0.258896;0.997588;W20_NSS2_MCS8:bytes=862,ppdus=1,airtime_us=100|W80_NSS2_MCS10:bytes=31500,ppdus=34,airtime_us=2312;816.666668;0.9727180655779213;106.38383838383838;0.252768;0.997624;W20_NSS2_MCS11:bytes=862,ppdus=1,airtime_us=84|W80_NSS2_MCS9:bytes=30734,ppdus=33,airtime_us=2292;918.75;0.9695795757652738;103.25245901639344;0.251936;0.99756;W20_NSS2_MCS3:bytes=958,ppdus=1,airtime_us=196|W80_NSS2_MCS10:bytes=30534,ppdus=33,airtime_us=2244;;;;;;;;;;;;;;;;;;;;;;;;;;;;;;;;;;;;;;;;;;;;;;;;;;;;;;;;;;;;
80;1;20;medium;-50.0;isolated;dl;su;2;722.7500003;100.28893413148941;4.561984;0.699547831731443;367.5;0.9742987518453898;80.55135135135136;0.238432;0.99704;W20_NSS1_MCS1:bytes=766,ppdus=1,airtime_us=476|W80_NSS2_MCS4:bytes=29038,ppdus=29,airtime_us=2484;1020.833334;0.9505104018607056;119.52123552123552;0.247648;0.997928;W80_NSS2_MCS10:bytes=1532,ppdus=2,airtime_us=136|W80_NSS2_MCS11:bytes=29424,ppdus=28,airtime_us=1936;490.0;0.9680837954405422;64.79041916167665;0.12984;0.997996;W20_NSS2_MCS10:bytes=518,ppdus=1,airtime_us=84|W80_NSS2_MCS5:bytes=15712,ppdus=28,airtime_us=1920;612.5;0.5477454472145689;104.24518388791594;0.238096;0.997716;W80_NSS1_MCS7:bytes=13460,ppdus=14,airtime_us=1096|W80_NSS2_MCS7:bytes=16302,ppdus=17,airtime_us=1188;183.75;0.7235623940539836;74.27602905569007;0.245408;0.996696;W80_NSS2_MCS1:bytes=8480,ppdus=8,airtime_us=1024|W80_NSS2_MCS2:bytes=22196,ppdus=22,airtime_us=2280;1020.833334;0.9835738831615121;114.11764705882354;0.2328;0.99796;W80_NSS2_MCS5:bytes=478,ppdus=1,airtime_us=68|W80_NSS2_MCS11:bytes=28622,ppdus=29,airtime_us=1972;551.25;0.9768160741885626;67.42284569138276;0.134576;0.998004;W40_NSS1_MCS7:bytes=390,ppdus=1,airtime_us=76|W80_NSS2_MCS6:bytes=16432,ppdus=28,airtime_us=1920;551.25;0.6796991462257759;107.72262773722628;0.236128;0.997808;W80_NSS1_MCS6:bytes=9454,ppdus=9,airtime_us=732|W80_NSS2_MCS6:bytes=20062,ppdus=21,airtime_us=1460;1020.833334;0.9288258665570626;73.54156171284635;0.233568;0.996824;W20_NSS2_MCS0:bytes=2078,ppdus=1,airtime_us=1204|W80_NSS2_MCS11:bytes=27118,ppdus=29,airtime_us=1972;1020.833334;0.9091265947006869;116.45714285714286;0.24456;0.9979;W80_NSS1_MCS11:bytes=2778,ppdus=3,airtime_us=196|W80_NSS2_MCS11:bytes=27792,ppdus=28,airtime_us=1904;918.75;0.9335095836087244;117.7431906614786;0.24208;0.997944;W80_NSS2_MCS9:bytes=2012,ppdus=2,airtime_us=136|W80_NSS2_MCS10:bytes=28248,ppdus=28,airtime_us=1920;612.5;0.9655643421998562;106.59003831417624;0.22256;0.997912;W20_NSS2_MCS9:bytes=958,ppdus=1,airtime_us=100|W80_NSS2_MCS7:bytes=26862,ppdus=29,airtime_us=1988;918.75;0.9701836290071584;118.34254143646409;0.25704;0.997828;W80_NSS2_MCS2:bytes=958,ppdus=1,airtime_us=100|W80_NSS2_MCS10:bytes=31172,ppdus=30,airtime_us=2072;918.75;0.973820915926179;111.6793893129771;0.23408;0.997904;W20_NSS1_MCS11:bytes=766,ppdus=1,airtime_us=108|W80_NSS2_MCS10:bytes=28494,ppdus=29,airtime_us=1988;918.75;0.9622032561141791;105.03201506591337;0.223088;0.997876;W20_NSS1_MCS6:bytes=1054,ppdus=1,airtime_us=188|W80_NSS2_MCS10:bytes=26832,ppdus=28,airtime_us=1936;183.75;1.0;79.65824308062575;0.264784;0.996676;W80_NSS2_MCS2:bytes=33098,ppdus=31,airtime_us=3324;490.0;0.9690608448520863;108.64561403508772;0.247712;0.99772;W80_NSS2_MCS2:bytes=958,ppdus=1,airtime_us=100|W80_NSS2_MCS5:bytes=30006,ppdus=29,airtime_us=2180;1020.833334;0.7453336193949797;114.85010266940452;0.223728;0.998052;W80_NSS1_MCS11:bytes=7122,ppdus=7,airtime_us=452|W80_NSS2_MCS11:bytes=20844,ppdus=22,airtime_us=1496;816.666668;0.9667499652922393;110.81538461538462;0.230496;0.99792;W80_NSS1_MCS9:bytes=958,ppdus=1,airtime_us=76|W80_NSS2_MCS9:bytes=27854,ppdus=29,airtime_us=2004;816.666668;0.970700203942896;109.77611940298507;0.23536;0.997856;W20_NSS1_MCS7:bytes=862,ppdus=1,airtime_us=140|W80_NSS2_MCS9:bytes=28558,ppdus=29,airtime_us=2004;;;;;;;;;;;;;;;;;;;;;;;;;;;;;;;;;;;;;;;;;;;;;;;;;;;;;;;;;;;;
81;1;20;medium;-50.0;isolated;ul_dl;su;0;441.1125001;377.6290547934853;188.13039710060556;0.2991410335204864;367.5;1.0;288.26666666666665;0.224848;0.99922;W80_NSS2_MCS4:bytes=28106,ppdus=3,airtime_us=780;816.666668;0.9607503140027988;449.2561884879213;6.025424;0.986588;W20_NSS1_MCS4:bytes=29562,ppdus=1,airtime_us=5436|W80_NSS2_MCS9:bytes=723616,ppdus=14,airtime_us=7976;275.625;1.0;265.6728307254623;2.988288;0.988752;W80_NSS1_MCS6:bytes=373536,ppdus=8,airtime_us=11248;146.25;1.0;143.27361029073964;8.73224;0.939052;W20_NSS2_MCS7:bytes=1091530,ppdus=21,airtime_us=60948;183.75;0.5412096268568697;230.5416815742397;2.577456;0.98882;W80_NSS1_MCS4:bytes=174368,ppdus=4,airtime_us=7792|W80_NSS2_MCS4:bytes=147814,ppdus=3,airtime_us=3388;551.25;1.0;513.1004440685134;9.705808;0.981084;W80_NSS2_MCS6:bytes=1213226,ppdus=21,airtime_us=18916;918.75;1.0;821.5060975609756;12.933792;0.984256;W80_NSS2_MCS10:bytes=1616724,ppdus=28,airtime_us=15744;122.5;1.0;120.63823499089315;14.041808;0.883604;W80_NSS2_MCS1:bytes=1755226,ppdus=31,airtime_us=116396;131.625;0.8753214625768618;128.18495131787998;12.586224;0.901812;W20_NSS2_MCS6:bytes=1377124,ppdus=24,airtime_us=85200|W80_NSS2_MCS1:bytes=196154,ppdus=3,airtime_us=12988;918.75;1.0;827.1162154771671;12.099056;0.985372;W80_NSS2_MCS10:bytes=1512382,ppdus=25,airtime_us=14628;551.25;0.9712162901602027;450.5698618118008;16.433184;0.963528;W20_NSS2_MCS4:bytes=59126,ppdus=1,airtime_us=5444|W80_NSS2_MCS6:bytes=1995022,ppdus=33,airtime_us=31028;735.0;1.0;673.0466296206813;11.14296;0.983444;W80_NSS2_MCS8:bytes=1392870,ppdus=23,airtime_us=16556;551.25;0.9349391305040401;409.14215885947044;8.035552;0.98036;W20_NSS1_MCS10:bytes=65350,ppdus=1,airtime_us=4812|W80_NSS2_MCS6:bytes=939094,ppdus=19,airtime_us=14828;1020.833334;0.9974232142581114;766.959098992294;10.35088;0.986504;W20_NSS1_MCS1:bytes=3334,ppdus=1,airtime_us=1884|W80_NSS2_MCS11:bytes=1290526,ppdus=23,airtime_us=11612;122.5;1.0;120.59853056940436;14.707232;0.878048;W80_NSS2_MCS1:bytes=1838404,ppdus=32,airtime_us=121952;122.5;1.0;120.54360654112496;12.711197100605578;0.894551047;W80_NSS2_MCS1:bytes=1588899.6375757,ppdus=28,airtime_us=105448.953;367.5;1.0;342.18617021276594;2.058592;0.993984;W80_NSS1_MCS8:bytes=257324,ppdus=8,airtime_us=6016;367.5;1.0;350.656051894442;9.514;0.972868;W80_NSS2_MCS4:bytes=1189250,ppdus=23,airtime_us=27132;367.5;1.0;352.1200201714574;11.172064;0.968272;W80_NSS2_MCS4:bytes=1396508,ppdus=24,airtime_us=31728;183.75;1.0;179.20204603580564;10.089792;0.943696;W80_NSS2_MCS2:bytes=1261224,ppdus=24,airtime_us=56304;;;;;;;;;;;;;;;;;;;;;;;;;;;;;;;;;;;;;;;;;;;;;;;;;;;;;;;;;;;;
81;1;20;medium;-50.0;isolated;ul_dl;su;1;541.1750002;447.4704262812218;211.6612715706263;0.33837841398149426;131.625;1.0;129.78072278652078;23.81632;0.816488;W40_NSS1_MCS6:bytes=2977040,ppdus=46,airtime_us=183512;551.25;0.9616274325197547;415.400494641385;10.077616;0.97574;W20_NSS1_MCS7:bytes=48338,ppdus=1,airtime_us=5340|W80_NSS2_MCS6:bytes=1211364,ppdus=22,airtime_us=18920;612.5;1.0;556.1705377028317;6.992176;0.987428;W80_NSS2_MCS7:bytes=874022,ppdus=19,airtime_us=12572;122.5;1.0;120.51640918580375;11.545472;0.9042;W80_NSS2_MCS1:bytes=1443184,ppdus=26,airtime_us=95800;816.666668;1.0;719.1224416517056;8.011024;0.98886;W80_NSS2_MCS9:bytes=1001378,ppdus=21,airtime_us=11140;243.75;1.0;236.0582076882655;23.359376;0.901044;W20_NSS2_MCS11:bytes=2919922,ppdus=47,airtime_us=98956;490.0;1.0;116.31788079470199;0.070256;0.999396;W80_NSS2_MCS5:bytes=8782,ppdus=7,airtime_us=604;490.0;1.0;464.5951296150825;23.657184;0.94908;W80_NSS2_MCS5:bytes=2957148,ppdus=46,airtime_us=50920;816.666668;1.0;719.2659019812304;5.518208;0.992328;W80_NSS2_MCS9:bytes=689776,ppdus=14,airtime_us=7672;1020.833334;0.9901717107721298;763.8924508790072;8.864208;0.988396;W20_NSS1_MCS5:bytes=10890,ppdus=1,airtime_us=1548|W80_NSS2_MCS11:bytes=1097136,ppdus=22,airtime_us=10056;612.5;1.0;559.9164544065206;4.396464;0.992148;W80_NSS2_MCS7:bytes=549558,ppdus=11,airtime_us=7852;245.0;1.0;238.03825982718146;19.063056;0.919916;W80_NSS2_MCS3:bytes=2382882,ppdus=37,airtime_us=80084;219.375;0.9890544856199934;213.26242104465092;11.447620090315398;0.946321438;W20_NSS2_MCS10:bytes=1415290,ppdus=25,airtime_us=53092|W40_NSS1_MCS10:bytes=15662.5112894249,ppdus=1,airtime_us=586.562;245.0;1.0;202.54117647058823;0.137728;0.99932;W80_NSS2_MCS3:bytes=17216,ppdus=2,airtime_us=680;1020.833334;1.0;871.8852621167161;7.051808;0.991912;W80_NSS2_MCS11:bytes=881476,ppdus=18,airtime_us=8088;918.75;1.0;816.1327897495632;11.2104;0.986264;W80_NSS2_MCS10:bytes=1401300,ppdus=26,airtime_us=13736;183.75;1.0;179.71764705882353;18.02568;0.8997;W80_NSS2_MCS2:bytes=2253210,ppdus=39,airtime_us=100300;612.5;0.8110233943494983;411.9237641453246;2.76648;0.993284;W20_NSS2_MCS10:bytes=65350,ppdus=1,airtime_us=2436|W80_NSS2_MCS7:bytes=280460,ppdus=10,airtime_us=4280;735.0;1.0;665.2373607540702;3.105328;0.995332;W80_NSS2_MCS8:bytes=388166,ppdus=7,airtime_us=4668;735.0;0.9583255860756973;549.6332131244633;12.54486748031088;0.977175929;W20_NSS1_MCS10:bytes=65350,ppdus=1,airtime_us=4812|W80_NSS2_MCS8:bytes=1502758.43503886,ppdus=27,airtime_us=18012.071;;;;;;;;;;;;;;;;;;;;;;;;;;;;;;;;;;;;;;;;;;;;;;;;;;;;;;;;;;;;
81;1;20;medium;-50.0;isolated;ul_dl;su;2;505.47916680000003;449.9118981582251;264.2958070932384;0.20592690641515565;367.5;1.0;354.20054200542006;0.5228;0.998524;W80_NSS2_MCS4:bytes=65350,ppdus=1,airtime_us=1476;918.75;1.0;832.6039715249157;26.66664;0.967972;W80_NSS2_MCS10:bytes=3333330,ppdus=51,airtime_us=32028;490.0;1.0;445.03643724696354;3.517568;0.992096;W80_NSS2_MCS5:bytes=439696,ppdus=12,airtime_us=7904;245.0;1.0;235.96091508336565;12.170864;0.94842;W80_NSS2_MCS3:bytes=1521358,ppdus=31,airtime_us=51580;122.5;1.0;120.66393408686291;11.657584;0.903388;W80_NSS2_MCS1:bytes=1457198,ppdus=25,airtime_us=96612;1020.833334;0.9840104564519215;810.6805514231876;32.696368;0.959668;W40_NSS1_MCS5:bytes=65350,ppdus=1,airtime_us=4524|W80_NSS2_MCS11:bytes=4021696,ppdus=64,airtime_us=35808;490.0;1.0;463.45179584120984;3.922656;0.991536;W80_NSS2_MCS5:bytes=490332,ppdus=8,airtime_us=8464;122.5;1.0;11.058823529411764;0.000752;0.999932;W80_NSS2_MCS1:bytes=94,ppdus=1,airtime_us=68;1020.833334;0.9936237260626245;845.7014112404061;13.663152;0.983844;W20_NSS2_MCS7:bytes=10890,ppdus=1,airtime_us=660|W80_NSS2_MCS11:bytes=1697004,ppdus=34,airtime_us=15496;490.0;0.9804472676991243;454.79855869243175;26.737951093238433;0.941209244;W20_NSS2_MCS11:bytes=65350,ppdus=1,airtime_us=2212|W80_NSS2_MCS5:bytes=3276893.8866548,ppdus=54,airtime_us=56578.756;816.666668;1.0;735.5353693552597;11.271344;0.984676;W80_NSS2_MCS9:bytes=1408918,ppdus=23,airtime_us=15324;146.25;0.6297133380431789;104.65288220551379;5.344832;0.948928;W20_NSS1_MCS7:bytes=247390,ppdus=7,airtime_us=27396|W20_NSS2_MCS7:bytes=420714,ppdus=11,airtime_us=23676;918.75;1.0;814.227076035442;15.805776;0.980588;W80_NSS2_MCS10:bytes=1975722,ppdus=37,airtime_us=19412;490.0;1.0;460.64520242269685;11.560352;0.974904;W80_NSS2_MCS5:bytes=1445044,ppdus=26,airtime_us=25096;918.75;1.0;826.6281631437928;11.106576;0.986564;W80_NSS2_MCS10:bytes=1388322,ppdus=23,airtime_us=13436;122.5;1.0;120.2160571050114;13.068928;0.891288;W80_NSS2_MCS1:bytes=1633616,ppdus=34,airtime_us=108712;490.0;1.0;462.00624721106647;12.424272;0.973108;W80_NSS2_MCS5:bytes=1553034,ppdus=27,airtime_us=26892;551.25;0.9835193906285228;505.74147056947896;31.722128;0.937276;W40_NSS1_MCS11:bytes=65350,ppdus=1,airtime_us=2204|W80_NSS2_MCS6:bytes=3899916,ppdus=62,airtime_us=60520;245.0;1.0;238.08266778758582;13.593568;0.942904;W80_NSS2_MCS3:bytes=1699196,ppdus=26,airtime_us=57096;122.5;0.5262601553766786;156.345886654479;6.841696;0.95624;W80_NSS1_MCS3:bytes=450064,ppdus=10,airtime_us=29912|W80_NSS2_MCS3:bytes=405148,ppdus=10,airtime_us=13848;;;;;;;;;;;;;;;;;;;;;;;;;;;;;;;;;;;;;;;;;;;;;;;;;;;;;;;;;;;;
82;1;20;medium;-50.0;ap_only_cochannel;ul;su;0;297.96458335;250.22485943391908;104.28584533533189;0.3049630551697514;175.5;0.8516159530266464;145.31967460078337;1.929264;0.986724;W40_NSS1_MCS4:bytes=35784,ppdus=2,airtime_us=3368|W40_NSS2_MCS4:bytes=205374,ppdus=9,airtime_us=9908;390.0;0.987957219085678;309.8332333533293;2.065968;0.993332;W40_NSS1_MCS9:bytes=3110,ppdus=1,airtime_us=172|W40_NSS2_MCS9:bytes=255136,ppdus=24,airtime_us=6496;275.625;0.891278307261832;242.47179296220443;10.418528;0.957032;W20_NSS2_MCS6:bytes=99580,ppdus=2,airtime_us=6184|W20_NSS2_MCS9:bytes=42010,ppdus=1,airtime_us=1780|W80_NSS1_MCS6:bytes=1160726,ppdus=25,airtime_us=35004;292.5;0.9632131459540029;247.54222529970895;8.797490527331886;0.964460647;W40_NSS2_MCS7:bytes=1059232.31591649,ppdus=21,airtime_us=30191.353|W80_NSS2_MCS0:bytes=40454,ppdus=1,airtime_us=5348;183.75;0.6420272372305641;141.10190369540874;1.008032;0.992856;W20_NSS2_MCS6:bytes=45106,ppdus=9,airtime_us=3252|W80_NSS1_MCS4:bytes=80898,ppdus=7,airtime_us=3892;551.25;0.9373523023076358;401.0820992391399;2.781522808;0.993064954;W20_NSS1_MCS10:bytes=21782,ppdus=1,airtime_us=1644|W80_NSS2_MCS6:bytes=325908.351,ppdus=10,airtime_us=5291.046;219.375;0.5538968082920372;261.6580181306658;3.348176;0.987204;W40_NSS1_MCS10:bytes=231818,ppdus=13,airtime_us=9132|W80_NSS1_MCS10:bytes=186704,ppdus=8,airtime_us=3664;122.5;0.9437417740559148;112.75670166140047;8.850048;0.921512;W20_NSS2_MCS3:bytes=62236,ppdus=2,airtime_us=8632|W80_NSS2_MCS1:bytes=1044020,ppdus=28,airtime_us=69856;275.625;0.595959333653609;255.23446561723281;1.232272;0.995172;W40_NSS2_MCS6:bytes=62236,ppdus=2,airtime_us=2008|W80_NSS1_MCS6:bytes=91798,ppdus=3,airtime_us=2820;438.75;0.9532189680057734;322.48242424242426;2.128384;0.9934;W20_NSS2_MCS4:bytes=12446,ppdus=1,airtime_us=1188|W40_NSS2_MCS10:bytes=253602,ppdus=13,airtime_us=5412;263.25;1.0;124.32;0.012432;0.9999;W40_NSS2_MCS6:bytes=1554,ppdus=1,airtime_us=100;367.5;0.7412006743619722;327.30021141649047;4.954016;0.984864;W20_NSS2_MCS9:bytes=29562,ppdus=1,airtime_us=1268|W40_NSS2_MCS8:bytes=130700,ppdus=2,airtime_us=3112|W80_NSS1_MCS8:bytes=458990,ppdus=15,airtime_us=10756;551.25;0.9714298628983731;477.8548768140398;5.663536;0.988148;W20_NSS2_MCS10:bytes=20226,ppdus=1,airtime_us=804|W80_NSS2_MCS6:bytes=687716,ppdus=18,airtime_us=11048;510.416667;0.9354443757290142;429.59811669749456;10.21928;0.976212;W20_NSS1_MCS11:bytes=17114,ppdus=1,airtime_us=1180|W40_NSS1_MCS11:bytes=65350,ppdus=1,airtime_us=2204|W80_NSS1_MCS11:bytes=1194946,ppdus=31,airtime_us=20404;117.0;0.6480393565067509;110.24544734758511;2.22784;0.979792;W20_NSS2_MCS5:bytes=98014,ppdus=7,airtime_us=7100|W40_NSS1_MCS5:bytes=180466,ppdus=15,airtime_us=13108;122.5;0.9447854695947864;111.57694676638803;10.144576;0.90908;W40_NSS1_MCS2:bytes=29562,ppdus=1,airtime_us=5436|W80_NSS1_MCS1:bytes=40454,ppdus=1,airtime_us=5340|W80_NSS2_MCS1:bytes=1198056,ppdus=32,airtime_us=80144;367.5;0.9288131014394242;328.50456253354804;7.344048;0.977644;W20_NSS2_MCS8:bytes=65350,ppdus=1,airtime_us=3044|W80_NSS1_MCS8:bytes=852656,ppdus=16,airtime_us=19312;367.5;1.0;331.5299647473561;3.385584;0.989788;W80_NSS2_MCS4:bytes=423198,ppdus=17,airtime_us=10212;183.75;0.9473676580033442;172.15141430948418;3.310816;0.980768;W20_NSS2_MCS8:bytes=21782,ppdus=1,airtime_us=1060|W80_NSS1_MCS4:bytes=392070,ppdus=21,airtime_us=18172;183.75;0.9165245209634492;151.9331092436975;14.464032;0.9048;W20_NSS1_MCS2:bytes=14002,ppdus=1,airtime_us=5164|W40_NSS1_MCS3:bytes=77796,ppdus=2,airtime_us=10744|W40_NSS2_MCS2:bytes=59126,ppdus=1,airtime_us=5444|W80_NSS2_MCS2:bytes=1657080,ppdus=30,airtime_us=73848;;;;;;;;;;;;;;;;;;;;;;;;;;;;;;;;;;;;;;;;;;;;;;;;;;;;;;;;;;;;
82;1;20;medium;-50.0;ap_only_cochannel;ul;su;1;397.2687501;285.99097389259225;105.95345936608145;0.40679259964774783;131.625;0.6909137652988883;126.49322493224932;2.053744;0.983764;W20_NSS2_MCS6:bytes=177370,ppdus=7,airtime_us=11196|W40_NSS1_MCS6:bytes=79348,ppdus=4,airtime_us=5040;551.25;0.9459393686552635;216.27067669172934;0.460224;0.997872;W80_NSS1_MCS6:bytes=3110,ppdus=1,airtime_us=140|W80_NSS2_MCS6:bytes=54418,ppdus=21,airtime_us=1988;292.5;0.4005556518987455;211.17243983010854;8.949488;0.95762;W20_NSS2_MCS5:bytes=303392,ppdus=14,airtime_us=21592|W20_NSS2_MCS7:bytes=54456,ppdus=2,airtime_us=3096|W40_NSS2_MCS7:bytes=448096,ppdus=16,airtime_us=13184|W80_NSS2_MCS7:bytes=312742,ppdus=7,airtime_us=4508;122.5;0.7568196823852382;88.47655649500385;0.460432;0.994796;W80_NSS1_MCS1:bytes=13996,ppdus=4,airtime_us=2048|W80_NSS2_MCS1:bytes=43558,ppdus=5,airtime_us=3156;390.0;0.969718691919922;276.2883863360872;6.165123366081448;0.977685912;W20_NSS1_MCS0:bytes=4666,ppdus=1,airtime_us=5164|W40_NSS1_MCS9:bytes=18670,ppdus=1,airtime_us=812|W40_NSS2_MCS9:bytes=747304.420760181,ppdus=19,airtime_us=16338.088;243.75;1.0;141.33333333333334;0.037312;0.999736;W40_NSS1_MCS11:bytes=4664,ppdus=2,airtime_us=264;490.0;0.9529184782082442;393.608384945212;6.609472;0.983208;W20_NSS2_MCS6:bytes=38898,ppdus=1,airtime_us=2420|W80_NSS2_MCS5:bytes=787286,ppdus=25,airtime_us=14372;490.0;0.9359691889091692;426.974677002584;6.609568;0.98452;W80_NSS1_MCS5:bytes=52902,ppdus=1,airtime_us=1772|W80_NSS2_MCS5:bytes=773294,ppdus=19,airtime_us=13708;816.666668;0.6785325533056654;555.9229138562343;11.538736;0.979244;W80_NSS1_MCS9:bytes=463666,ppdus=11,airtime_us=9700|W80_NSS2_MCS9:bytes=978676,ppdus=24,airtime_us=11056;1020.833334;1.0;458.2572614107884;0.88352;0.998072;W80_NSS2_MCS11:bytes=110440,ppdus=18,airtime_us=1928;146.25;1.0;133.9337748344371;0.161792;0.998792;W40_NSS1_MCS7:bytes=20224,ppdus=2,airtime_us=1208;175.5;1.0;159.31334385411188;3.634256;0.977188;W20_NSS2_MCS8:bytes=454282,ppdus=35,airtime_us=22812;438.75;0.9148067998122751;382.96555167249124;12.27328;0.967952;W20_NSS2_MCS10:bytes=130700,ppdus=2,airtime_us=4872|W40_NSS2_MCS10:bytes=1403460,ppdus=26,airtime_us=27176;245.0;0.9694344960761639;211.69578134284018;2.850272;0.986536;W40_NSS1_MCS4:bytes=10890,ppdus=1,airtime_us=1052|W80_NSS2_MCS3:bytes=345394,ppdus=19,airtime_us=12412;487.5;0.9673630141009096;366.2123214011369;9.534704;0.973964;W20_NSS2_MCS3:bytes=38898,ppdus=1,airtime_us=5380|W40_NSS2_MCS11:bytes=1152940,ppdus=28,airtime_us=20656;438.75;0.8105557518308493;392.5539666993144;8.015952;0.97958;W20_NSS1_MCS11:bytes=32674,ppdus=1,airtime_us=2204|W40_NSS2_MCS10:bytes=812172,ppdus=30,airtime_us=16600|W80_NSS2_MCS10:bytes=157148,ppdus=4,airtime_us=1616;117.0;0.35701407685607517;79.33203306399183;6.833344;0.913864;W20_NSS1_MCS2:bytes=6222,ppdus=1,airtime_us=2316|W40_NSS1_MCS3:bytes=248938,ppdus=11,airtime_us=34612|W40_NSS2_MCS2:bytes=294058,ppdus=13,airtime_us=27588|W40_NSS2_MCS3:bytes=304950,ppdus=13,airtime_us=21620;612.5;0.968646458647095;461.2818003913894;7.54288;0.983648;W20_NSS1_MCS10:bytes=29562,ppdus=1,airtime_us=2204|W80_NSS2_MCS7:bytes=913298,ppdus=37,airtime_us=14148;367.5;0.8253603029404141;316.78222222222223;5.987184;0.9811;W20_NSS2_MCS8:bytes=65350,ppdus=1,airtime_us=3044|W40_NSS2_MCS8:bytes=65350,ppdus=1,airtime_us=1556|W80_NSS1_MCS8:bytes=617698,ppdus=17,airtime_us=14300;367.5;0.9418584142225517;320.95082753657954;5.352176;0.983324;W20_NSS2_MCS10:bytes=38898,ppdus=1,airtime_us=1476|W80_NSS1_MCS8:bytes=630124,ppdus=28,airtime_us=15200;;;;;;;;;;;;;;;;;;;;;;;;;;;;;;;;;;;;;;;;;;;;;;;;;;;;;;;;;;;;
82;1;20;medium;-50.0;ap_only_cochannel;ul;su;2;351.97291675;291.6781404497193;119.84375509498818;0.4045684008794268;367.5;1.0;331.14864864864865;2.35248;0.992896;W80_NSS2_MCS4:bytes=294060,ppdus=12,airtime_us=7104;459.375;1.0;381.6081277213353;2.103424;0.994488;W80_NSS1_MCS10:bytes=262928,ppdus=18,airtime_us=5512;490.0;1.0;436.91164884637027;6.211136;0.985784;W80_NSS2_MCS5:bytes=776392,ppdus=26,airtime_us=14216;122.5;1.0;94.23030303030303;0.062192;0.99934;W80_NSS1_MCS3:bytes=7774,ppdus=3,airtime_us=660;122.5;0.9406489498202499;107.33792418884546;6.92072;0.935524;W20_NSS1_MCS2:bytes=14002,ppdus=1,airtime_us=5164|W80_NSS1_MCS1:bytes=37342,ppdus=1,airtime_us=4924|W80_NSS2_MCS1:bytes=813746,ppdus=21,airtime_us=54388;1020.833334;1.0;840.2654462242563;2.937568;0.996504;W80_NSS2_MCS11:bytes=367196,ppdus=10,airtime_us=3496;490.0;0.918128083508102;401.71011575239055;12.771168;0.968208;W20_NSS2_MCS6:bytes=65350,ppdus=1,airtime_us=4036|W80_NSS1_MCS5:bytes=65350,ppdus=1,airtime_us=2188|W80_NSS2_MCS5:bytes=1465696,ppdus=28,airtime_us=25568;122.5;0.8338310853583232;106.03974055389683;4.119856;0.961148;W20_NSS2_MCS1:bytes=18670,ppdus=1,airtime_us=5172|W20_NSS2_MCS6:bytes=31118,ppdus=1,airtime_us=1956|W40_NSS1_MCS6:bytes=35786,ppdus=1,airtime_us=2220|W80_NSS2_MCS1:bytes=429408,ppdus=24,airtime_us=29504;510.416667;0.6886687331018021;375.1596816976127;11.314816;0.96984;W40_NSS1_MCS11:bytes=374982,ppdus=7,airtime_us=12708|W40_NSS2_MCS11:bytes=65350,ppdus=1,airtime_us=1140|W80_NSS1_MCS11:bytes=974020,ppdus=18,airtime_us=16312;234.0;1.0;140.74681753889675;0.398032;0.997172;W40_NSS2_MCS5:bytes=49754,ppdus=19,airtime_us=2828;408.333334;0.8204871486006602;420.3156164383562;12.273216;0.9708;W80_NSS1_MCS9:bytes=1258752,ppdus=26,airtime_us=26120|W80_NSS2_MCS9:bytes=275400,ppdus=6,airtime_us=3080;146.25;0.9148565704149153;127.91615880753159;7.309642130143014;0.942855991;W20_NSS2_MCS7:bytes=835909.266267877,ppdus=18,airtime_us=46864.009|W80_NSS2_MCS0:bytes=77796,ppdus=2,airtime_us=10280;438.75;0.520045259341168;228.41116005873715;0.622192;0.997276;W20_NSS2_MCS10:bytes=28000,ppdus=4,airtime_us=1264|W40_NSS1_MCS10:bytes=3110,ppdus=1,airtime_us=172|W40_NSS2_MCS10:bytes=40446,ppdus=5,airtime_us=1028|W80_NSS1_MCS10:bytes=6218,ppdus=3,airtime_us=260;219.375;0.9582412242724385;216.3486897394759;11.327152;0.947644;W20_NSS2_MCS10:bytes=1356768,ppdus=32,airtime_us=51328|W80_NSS2_MCS5:bytes=59126,ppdus=1,airtime_us=1028;918.75;1.0;795.4602698650675;8.489152;0.989328;W80_NSS2_MCS10:bytes=1061144,ppdus=24,airtime_us=10672;122.5;0.9551509949244865;112.5447882246921;7.493232;0.93342;W40_NSS1_MCS2:bytes=29562,ppdus=1,airtime_us=5436|W80_NSS1_MCS2:bytes=12446,ppdus=1,airtime_us=1132|W80_NSS2_MCS1:bytes=894646,ppdus=27,airtime_us=60012;234.0;0.9971943381237813;212.94886582083814;4.43104;0.979192;W40_NSS1_MCS2:bytes=1554,ppdus=1,airtime_us=332|W40_NSS2_MCS5:bytes=552326,ppdus=27,airtime_us=20476;121.875;1.0;79.6923076923077;0.012432;0.999844;W20_NSS1_MCS11:bytes=1554,ppdus=1,airtime_us=156;245.0;0.8809087511874907;219.0404339250493;7.107424;0.967552;W20_NSS2_MCS9:bytes=65350,ppdus=1,airtime_us=2740|W40_NSS2_MCS3:bytes=40454,ppdus=1,airtime_us=2820|W80_NSS2_MCS3:bytes=782624,ppdus=22,airtime_us=26888;245.0;0.8646400178996784;205.72606421977508;11.586880964845173;0.943678109;W20_NSS1_MCS9:bytes=65350,ppdus=1,airtime_us=5420|W80_NSS1_MCS3:bytes=130700,ppdus=2,airtime_us=8632|W80_NSS2_MCS3:bytes=1252310.12060565,ppdus=23,airtime_us=42269.891;;;;;;;;;;;;;;;;;;;;;;;;;;;;;;;;;;;;;;;;;;;;;;;;;;;;;;;;;;;;
83;1;20;medium;-50.0;ap_only_cochannel;dl;su;0;234.7625;64.5462278543544;1.6313119999999999;0.7773624459495885;175.5;0.4482200647249191;79.45714285714286;0.088992;0.99888;W20_NSS1_MCS4:bytes=670,ppdus=1,airtime_us=172|W20_NSS2_MCS4:bytes=2686,ppdus=1,airtime_us=308|W20_NSS2_MCS6:bytes=2782,ppdus=1,airtime_us=228|W40_NSS2_MCS4:bytes=4986,ppdus=3,airtime_us=412;390.0;0.5931303116147308;79.54929577464789;0.045184;0.999432;W40_NSS1_MCS9:bytes=2298,ppdus=3,airtime_us=228|W40_NSS2_MCS9:bytes=3350,ppdus=5,airtime_us=340;263.25;0.5752380952380952;41.1764705882353;0.0252;0.999388;W40_NSS2_MCS6:bytes=1812,ppdus=6,airtime_us=408|W80_NSS2_MCS6:bytes=1338,ppdus=3,airtime_us=204;61.25;0.8748361730013107;25.016393442622952;0.024416;0.999024;W20_NSS1_MCS7:bytes=382,ppdus=1,airtime_us=92|W80_NSS2_MCS0:bytes=2670,ppdus=9,airtime_us=884;367.5;1.0;11.058823529411764;0.001504;0.999864;W80_NSS2_MCS4:bytes=188,ppdus=2,airtime_us=136;131.625;1.0;66.22222222222223;0.085824;0.998704;W40_NSS1_MCS6:bytes=10728,ppdus=12,airtime_us=1296;459.375;0.9355600539811066;65.86666666666666;0.047424;0.99928;W40_NSS1_MCS10:bytes=382,ppdus=1,airtime_us=60|W80_NSS1_MCS10:bytes=5546,ppdus=11,airtime_us=660;61.25;0.9127582174873328;53.82517482517483;0.246304;0.995424;W80_NSS1_MCS1:bytes=28102,ppdus=13,airtime_us=4348|W80_NSS2_MCS1:bytes=2686,ppdus=1,airtime_us=228;61.25;1.0;12.533333333333333;0.000752;0.99994;W80_NSS1_MCS1:bytes=94,ppdus=1,airtime_us=60;459.375;1.0;106.4;0.019152;0.99982;W80_NSS1_MCS10:bytes=2394,ppdus=3,airtime_us=180;131.625;0.45374758644900826;67.62017804154303;0.091152;0.998652;W20_NSS2_MCS6:bytes=670,ppdus=1,airtime_us=100|W40_NSS1_MCS6:bytes=5170,ppdus=7,airtime_us=692|W40_NSS2_MCS6:bytes=3544,ppdus=4,airtime_us=336|W80_NSS1_MCS6:bytes=1340,ppdus=2,airtime_us=152|W80_NSS2_MCS6:bytes=670,ppdus=1,airtime_us=68;351.0;1.0;32.23529411764706;0.017536;0.999456;W40_NSS2_MCS8:bytes=2192,ppdus=8,airtime_us=544;551.25;0.7976725733932822;79.18324607329843;0.060496;0.999236;W40_NSS2_MCS6:bytes=1530,ppdus=3,airtime_us=220|W80_NSS2_MCS6:bytes=6032,ppdus=8,airtime_us=544;243.75;0.887792472024415;126.02564102564102;0.15728;0.998752;W20_NSS2_MCS11:bytes=17454,ppdus=9,airtime_us=1124|W40_NSS1_MCS11:bytes=2206,ppdus=1,airtime_us=124;122.5;0.834161624891962;77.78151260504201;0.148096;0.998096;W40_NSS2_MCS1:bytes=3070,ppdus=1,airtime_us=484|W80_NSS2_MCS1:bytes=15442,ppdus=7,airtime_us=1420;58.5;0.9409147095179233;34.795698924731184;0.12944;0.99628;W20_NSS1_MCS1:bytes=190,ppdus=1,airtime_us=156|W40_NSS1_MCS1:bytes=766,ppdus=1,airtime_us=268|W40_NSS2_MCS1:bytes=15224,ppdus=20,airtime_us=3296;175.5;0.30327868852459017;41.43396226415094;0.017568;0.999576;W20_NSS2_MCS8:bytes=666,ppdus=3,airtime_us=220|W40_NSS1_MCS8:bytes=478,ppdus=1,airtime_us=76|W40_NSS2_MCS8:bytes=478,ppdus=1,airtime_us=68|W80_NSS1_MCS8:bytes=574,ppdus=1,airtime_us=60;367.5;0.8151841359773371;134.22053231939162;0.1412;0.998948;W20_NSS2_MCS4:bytes=3262,ppdus=1,airtime_us=356|W80_NSS2_MCS4:bytes=14388,ppdus=6,airtime_us=696;175.5;1.0;101.02057613168725;0.098192;0.999028;W40_NSS2_MCS4:bytes=12274,ppdus=7,airtime_us=972;87.75;0.8594827586206897;55.50239234449761;0.1856;0.996656;W20_NSS2_MCS2:bytes=3260,ppdus=2,airtime_us=712|W40_NSS2_MCS2:bytes=19940,ppdus=14,airtime_us=2632;;;;;;;;;;;;;;;;;;;;;;;;;;;;;;;;;;;;;;;;;;;;;;;;;;;;;;;;;;;;
83;1;20;medium;-50.0;ap_only_cochannel;dl;su;1;360.8083334;52.92886206436865;1.852528;0.7336111117502111;61.25;1.0;44.61538461538461;0.08816;0.998024;W80_NSS1_MCS1:bytes=11020,ppdus=10,airtime_us=1976;551.25;0.7933932041384381;153.86666666666667;0.304656;0.99802;W20_NSS1_MCS7:bytes=4126,ppdus=1,airtime_us=508|W40_NSS1_MCS6:bytes=3742,ppdus=1,airtime_us=284|W80_NSS2_MCS6:bytes=30214,ppdus=13,airtime_us=1188;292.5;0.6794425087108014;58.070038910505836;0.059696;0.998972;W20_NSS1_MCS7:bytes=574,ppdus=1,airtime_us=108|W20_NSS2_MCS7:bytes=574,ppdus=1,airtime_us=84|W40_NSS1_MCS7:bytes=670,ppdus=1,airtime_us=92|W40_NSS2_MCS7:bytes=5070,ppdus=9,airtime_us=676|W80_NSS2_MCS7:bytes=574,ppdus=1,airtime_us=68;122.5;0.8688897076885286;83.72236503856041;0.521088;0.993776;W80_NSS1_MCS1:bytes=8540,ppdus=2,airtime_us=1224|W80_NSS2_MCS1:bytes=56596,ppdus=22,airtime_us=5000;195.0;1.0;12.533333333333333;0.003008;0.99976;W40_NSS1_MCS9:bytes=376,ppdus=4,airtime_us=240;183.75;0.7845804988662132;30.413793103448278;0.028224;0.999072;W80_NSS1_MCS2:bytes=760,ppdus=4,airtime_us=304|W80_NSS2_MCS2:bytes=2768,ppdus=8,airtime_us=624;117.0;0.8333333333333334;12.26086956521739;0.004512;0.999632;W20_NSS2_MCS5:bytes=94,ppdus=1,airtime_us=68|W40_NSS1_MCS5:bytes=470,ppdus=5,airtime_us=300;234.0;0.7991587802313355;24.862745098039216;0.015216;0.999388;W40_NSS2_MCS5:bytes=1520,ppdus=8,airtime_us=544|W80_NSS2_MCS5:bytes=382,ppdus=1,airtime_us=68;390.0;0.625;40.99745547073791;0.128896;0.996856;W20_NSS1_MCS0:bytes=2110,ppdus=1,airtime_us=2364|W20_NSS2_MCS9:bytes=3932,ppdus=2,airtime_us=280|W40_NSS2_MCS9:bytes=10070,ppdus=5,airtime_us=500;1020.833334;0.8;11.325301204819278;0.00376;0.999668;W40_NSS1_MCS11:bytes=94,ppdus=1,airtime_us=60|W80_NSS2_MCS11:bytes=376,ppdus=4,airtime_us=272;146.25;0.375;11.936507936507937;0.006016;0.999496;W20_NSS2_MCS7:bytes=282,ppdus=3,airtime_us=204|W40_NSS1_MCS7:bytes=282,ppdus=3,airtime_us=180|W80_NSS1_MCS7:bytes=188,ppdus=2,airtime_us=120;245.0;1.0;20.73949579831933;0.009872;0.999524;W80_NSS2_MCS3:bytes=1234,ppdus=7,airtime_us=476;219.375;0.9614920664377842;119.41274238227147;0.172432;0.998556;W20_NSS1_MCS10:bytes=830,ppdus=1,airtime_us=108|W20_NSS2_MCS10:bytes=20724,ppdus=10,airtime_us=1336;58.5;1.0;11.058823529411764;0.002256;0.999796;W20_NSS2_MCS3:bytes=282,ppdus=3,airtime_us=204;1020.833334;0.3341121495327103;25.176470588235293;0.006848;0.999728;W20_NSS2_MCS11:bytes=284,ppdus=2,airtime_us=136|W40_NSS2_MCS11:bytes=286,ppdus=1,airtime_us=68|W80_NSS2_MCS11:bytes=286,ppdus=1,airtime_us=68;459.375;0.857120451693852;153.63855421686748;0.102016;0.999336;W20_NSS2_MCS10:bytes=1822,ppdus=1,airtime_us=132|W80_NSS1_MCS10:bytes=10930,ppdus=7,airtime_us=532;183.75;0.5925643677535246;63.622510822510826;0.293936;0.99538;W20_NSS1_MCS2:bytes=5566,ppdus=1,airtime_us=2076|W40_NSS2_MCS2:bytes=9404,ppdus=2,airtime_us=984|W80_NSS2_MCS2:bytes=21772,ppdus=10,airtime_us=1560;612.5;0.7039199332777314;156.73202614379085;0.09592;0.999388;W20_NSS2_MCS7:bytes=3550,ppdus=1,airtime_us=260|W80_NSS2_MCS7:bytes=8440,ppdus=4,airtime_us=352;367.5;1.0;12.533333333333333;0.001504;0.99988;W80_NSS1_MCS8:bytes=188,ppdus=2,airtime_us=120;735.0;1.0;11.058823529411764;0.004512;0.999592;W80_NSS2_MCS8:bytes=564,ppdus=6,airtime_us=408;;;;;;;;;;;;;;;;;;;;;;;;;;;;;;;;;;;;;;;;;;;;;;;;;;;;;;;;;;;;
83;1;20;medium;-50.0;ap_only_cochannel;dl;su;2;301.6541667;56.69354176224138;0.86216;0.59447153737319;367.5;0.8750217277941943;133.01734104046244;0.092048;0.999308;W80_NSS1_MCS4:bytes=1438,ppdus=1,airtime_us=108|W80_NSS2_MCS4:bytes=10068,ppdus=6,airtime_us=584;459.375;1.0;41.333333333333336;0.00992;0.99976;W80_NSS1_MCS10:bytes=1240,ppdus=4,airtime_us=240;234.0;1.0;94.56;0.028368;0.9997;W40_NSS2_MCS5:bytes=3546,ppdus=3,airtime_us=300;122.5;1.0;25.204819277108435;0.008368;0.999668;W80_NSS1_MCS3:bytes=1046,ppdus=5,airtime_us=332;61.25;0.7509238078479676;51.663636363636364;0.181856;0.99648;W40_NSS2_MCS1:bytes=5662,ppdus=1,airtime_us=836|W80_NSS1_MCS1:bytes=17070,ppdus=9,airtime_us=2684;243.75;0.6;63.07692307692308;0.02296;0.999636;W40_NSS1_MCS11:bytes=1722,ppdus=3,airtime_us=228|W40_NSS2_MCS11:bytes=1148,ppdus=2,airtime_us=136;117.0;1.0;40.95238095238095;0.01376;0.999664;W40_NSS1_MCS5:bytes=1720,ppdus=4,airtime_us=336;61.25;0.5825771324863884;52.72727272727273;0.08816;0.998328;W80_NSS1_MCS1:bytes=6420,ppdus=6,airtime_us=1144|W80_NSS2_MCS1:bytes=4600,ppdus=4,airtime_us=528;487.5;0.5300477747045512;105.35099337748345;0.063632;0.999396;W20_NSS2_MCS11:bytes=1438,ppdus=1,airtime_us=100|W40_NSS1_MCS11:bytes=2300,ppdus=2,airtime_us=184|W40_NSS2_MCS11:bytes=4216,ppdus=4,airtime_us=320;490.0;1.0;75.17037037037036;0.040592;0.99946;W80_NSS2_MCS5:bytes=5074,ppdus=7,airtime_us=540;408.333334;1.0;89.33333333333333;0.01072;0.99988;W80_NSS1_MCS9:bytes=1340,ppdus=2,airtime_us=120;30.625;1.0;28.405253283302063;0.12112;0.995736;W80_NSS1_MCS0:bytes=15140,ppdus=6,airtime_us=4264;918.75;1.0;56.23529411764706;0.026768;0.999524;W80_NSS2_MCS10:bytes=3346,ppdus=7,airtime_us=476;245.0;0.7838600451467269;80.54545454545455;0.028352;0.999648;W40_NSS1_MCS5:bytes=766,ppdus=1,airtime_us=108|W80_NSS1_MCS5:bytes=2778,ppdus=3,airtime_us=244;438.75;0.5;11.393939393939394;0.003008;0.999736;W20_NSS1_MCS10:bytes=94,ppdus=1,airtime_us=60|W20_NSS2_MCS10:bytes=94,ppdus=1,airtime_us=68|W40_NSS2_MCS10:bytes=188,ppdus=2,airtime_us=136;61.25;1.0;50.293948126801155;0.069808;0.998612;W80_NSS1_MCS1:bytes=8726,ppdus=5,airtime_us=1388;245.0;1.0;12.533333333333333;0.001504;0.99988;W80_NSS1_MCS5:bytes=188,ppdus=2,airtime_us=120;551.25;0.5;11.75;0.003008;0.999744;W40_NSS1_MCS6:bytes=188,ppdus=2,airtime_us=120|W80_NSS2_MCS6:bytes=188,ppdus=2,airtime_us=136;245.0;1.0;53.49152542372882;0.025248;0.999528;W80_NSS2_MCS3:bytes=3156,ppdus=6,airtime_us=472;245.0;1.0;56.83168316831683;0.02296;0.999596;W80_NSS2_MCS3:bytes=2870,ppdus=5,airtime_us=404;;;;;;;;;;;;;;;;;;;;;;;;;;;;;;;;;;;;;;;;;;;;;;;;;;;;;;;;;;;;
84;1;20;medium;-50.0;ap_only_cochannel;ul_dl;su;0;332.6333334;155.55324164637537;13.567824;0.7509849875476196;183.75;0.9502095329976785;158.32458233890216;1.061408;0.993296;W40_NSS1_MCS4:bytes=6606,ppdus=1,airtime_us=652|W80_NSS1_MCS4:bytes=126070,ppdus=11,airtime_us=6052;408.333334;1.0;272.7413793103448;0.506208;0.998144;W80_NSS1_MCS9:bytes=63276,ppdus=12,airtime_us=1856;551.25;1.0;487.9320498301246;1.723376;0.996468;W80_NSS2_MCS6:bytes=215422,ppdus=7,airtime_us=3532;30.625;0.5987993606985538;44.20549273021002;3.283584;0.92572;W20_NSS2_MCS7:bytes=27698,ppdus=1,airtime_us=1572|W40_NSS1_MCS7:bytes=136974,ppdus=5,airtime_us=7772|W80_NSS1_MCS0:bytes=245776,ppdus=14,airtime_us=64936;87.75;0.7924769064329108;82.44482561463694;0.576784;0.993004;W20_NSS2_MCS4:bytes=57136,ppdus=6,airtime_us=5576|W40_NSS1_MCS4:bytes=14962,ppdus=1,airtime_us=1420;275.625;1.0;54.0;0.014688;0.999728;W80_NSS1_MCS6:bytes=1836,ppdus=4,airtime_us=272;918.75;1.0;472.02758620689656;0.273776;0.99942;W80_NSS2_MCS10:bytes=34222,ppdus=5,airtime_us=580;58.5;1.0;54.77574047954866;0.310688;0.994328;W40_NSS2_MCS1:bytes=38836,ppdus=6,airtime_us=5672;58.5;0.9199288831420721;35.711399711399714;0.49496;0.98614;W20_NSS1_MCS0:bytes=4954,ppdus=1,airtime_us=5468|W40_NSS2_MCS1:bytes=56916,ppdus=10,airtime_us=8392;918.75;1.0;44.94117647058823;0.006112;0.999864;W80_NSS2_MCS10:bytes=764,ppdus=2,airtime_us=136;551.25;1.0;386.26506024096386;0.76944;0.998008;W80_NSS2_MCS6:bytes=96180,ppdus=10,airtime_us=1992;175.5;0.4976893711070926;126.0;0.159264;0.998736;W20_NSS1_MCS8:bytes=3110,ppdus=1,airtime_us=332|W20_NSS2_MCS8:bytes=9908,ppdus=2,airtime_us=584|W40_NSS2_MCS8:bytes=6890,ppdus=3,airtime_us=348;263.25;0.7627519791071574;151.73993808049536;0.196048;0.998708;W40_NSS2_MCS6:bytes=18692,ppdus=8,airtime_us=1024|W80_NSS2_MCS6:bytes=5814,ppdus=3,airtime_us=268;1020.833334;0.7997189796800692;93.45454545454545;0.592128;0.993664;W20_NSS1_MCS0:bytes=4742,ppdus=1,airtime_us=5244|W20_NSS2_MCS11:bytes=10082,ppdus=1,airtime_us=388|W80_NSS2_MCS11:bytes=59192,ppdus=4,airtime_us=704;122.5;1.0;77.19806763285024;0.12784;0.998344;W80_NSS2_MCS1:bytes=15980,ppdus=10,airtime_us=1656;29.25;1.0;28.379138321995466;0.500608;0.98236;W40_NSS1_MCS1:bytes=62576,ppdus=10,airtime_us=17640;367.5;0.8512017523087853;222.62932454695223;1.081088;0.995144;W20_NSS1_MCS5:bytes=94,ppdus=1,airtime_us=60|W20_NSS1_MCS8:bytes=20014,ppdus=1,airtime_us=1884|W80_NSS1_MCS8:bytes=115028,ppdus=8,airtime_us=2912;367.5;1.0;124.32;0.012432;0.9999;W80_NSS2_MCS4:bytes=1554,ppdus=1,airtime_us=100;175.5;0.7505609014309219;118.50516986706056;0.320912;0.997292;W20_NSS1_MCS8:bytes=10006,ppdus=1,airtime_us=972|W40_NSS2_MCS4:bytes=30108,ppdus=6,airtime_us=1736;87.75;0.8920949835526316;75.46935608999225;1.55648;0.979376;W20_NSS2_MCS2:bytes=20994,ppdus=1,airtime_us=3892|W40_NSS2_MCS2:bytes=173566,ppdus=15,airtime_us=16732;;;;;;;;;;;;;;;;;;;;;;;;;;;;;;;;;;;;;;;;;;;;;;;;;;;;;;;;;;;;
84;1;20;medium;-50.0;ap_only_cochannel;ul_dl;su;1;286.2615741111111;189.98798273190206;12.206393361491124;0.8537568849043256;61.25;0.9046763418567151;63.14181818181818;2.43096;0.9615;W80_NSS1_MCS1:bytes=274904,ppdus=12,airtime_us=36544|W80_NSS2_MCS1:bytes=28966,ppdus=1,airtime_us=1956;275.625;1.0;257.46820809248555;0.712672;0.997232;W80_NSS1_MCS6:bytes=89084,ppdus=4,airtime_us=2768;146.25;0.8312707197634972;121.72250575380616;1.6592733614911244;0.986368393;W20_NSS1_MCS5:bytes=17498,ppdus=1,airtime_us=2444|W20_NSS2_MCS7:bytes=172413.170186391,ppdus=12,airtime_us=10183.607|W40_NSS1_MCS7:bytes=17498,ppdus=1,airtime_us=1004;29.25;1.0;28.60405499883477;0.98192;0.965672;W40_NSS1_MCS1:bytes=122740,ppdus=14,airtime_us=34328;195.0;0.6238139741173117;216.38731790916881;1.010096;0.995332;W20_NSS2_MCS9:bytes=78764,ppdus=6,airtime_us=3592|W80_NSS1_MCS9:bytes=47498,ppdus=3,airtime_us=1076;;;;0.0;;;117.0;0.852084127369114;93.47692307692307;0.461776;0.99506;W20_NSS1_MCS5:bytes=6696,ppdus=4,airtime_us=1136|W40_NSS1_MCS5:bytes=49184,ppdus=6,airtime_us=3688|W40_NSS2_MCS5:bytes=1842,ppdus=1,airtime_us=116;234.0;0.7142857142857143;11.443478260869565;0.005264;0.99954;W20_NSS1_MCS5:bytes=94,ppdus=1,airtime_us=60|W40_NSS1_MCS5:bytes=94,ppdus=1,airtime_us=60|W40_NSS2_MCS5:bytes=470,ppdus=5,airtime_us=340;;;;0.0;;;1020.833334;0.7793856848974959;417.68888888888887;0.225552;0.99946;W40_NSS1_MCS11:bytes=6220,ppdus=2,airtime_us=312|W80_NSS2_MCS11:bytes=21974,ppdus=1,airtime_us=228;306.25;1.0;258.8381742738589;0.24952;0.999036;W80_NSS1_MCS7:bytes=31190,ppdus=3,airtime_us=964;245.0;0.945222760772857;151.74811083123424;0.240976;0.998412;W40_NSS2_MCS3:bytes=1650,ppdus=1,airtime_us=180|W80_NSS2_MCS3:bytes=28472,ppdus=8,airtime_us=1408;219.375;1.0;180.72392638036808;0.471328;0.997392;W20_NSS2_MCS10:bytes=58916,ppdus=8,airtime_us=2608;117.0;0.7357585832107921;74.2158956109134;0.250256;0.996628;W20_NSS2_MCS3:bytes=8266,ppdus=5,airtime_us=1428|W40_NSS2_MCS3:bytes=23016,ppdus=6,airtime_us=1944;243.75;0.7773352077475789;155.2;0.204864;0.99868;W20_NSS1_MCS11:bytes=5702,ppdus=1,airtime_us=428|W40_NSS1_MCS11:bytes=19906,ppdus=5,airtime_us=892;459.375;1.0;367.25214408233273;0.856432;0.997668;W80_NSS1_MCS10:bytes=107054,ppdus=9,airtime_us=2332;87.75;0.81826249876738;71.79469026548672;0.162256;0.99774;W40_NSS2_MCS2:bytes=16596,ppdus=6,airtime_us=1880|W80_NSS1_MCS2:bytes=3686,ppdus=1,airtime_us=380;292.5;0.9090260376043413;228.4701421800948;0.964144;0.99578;W40_NSS1_MCS7:bytes=10964,ppdus=2,airtime_us=696|W40_NSS2_MCS7:bytes=109554,ppdus=9,airtime_us=3524;735.0;1.0;398.252427184466;0.16408;0.999588;W80_NSS2_MCS8:bytes=20510,ppdus=3,airtime_us=412;367.5;0.6563742398426353;323.35498320268755;1.155024;0.996428;W40_NSS2_MCS8:bytes=49612,ppdus=2,airtime_us=1256|W80_NSS1_MCS8:bytes=94766,ppdus=5,airtime_us=2316;;;;;;;;;;;;;;;;;;;;;;;;;;;;;;;;;;;;;;;;;;;;;;;;;;;;;;;;;;;;
84;1;20;medium;-50.0;ap_only_cochannel;ul_dl;su;2;242.56875;160.457103971417;11.56722245962367;0.8532984492164475;367.5;1.0;307.5078206465068;1.1796;0.996164;W80_NSS2_MCS4:bytes=147450,ppdus=11,airtime_us=3836;459.375;0.7885678241018863;233.6280701754386;0.532672;0.99772;W20_NSS1_MCS10:bytes=14078,ppdus=1,airtime_us=1084|W80_NSS1_MCS10:bytes=52506,ppdus=5,airtime_us=1196;117.0;1.0;19.191011235955056;0.006832;0.999644;W20_NSS2_MCS5:bytes=854,ppdus=5,airtime_us=356;117.0;0.8472307882077217;84.66840731070496;0.259424;0.996936;W40_NSS1_MCS3:bytes=4954,ppdus=1,airtime_us=732|W40_NSS2_MCS3:bytes=27474,ppdus=7,airtime_us=2332;29.25;1.0;28.778564763971954;1.3883904596236694;0.951756091;W40_NSS1_MCS1:bytes=173548.807452959,ppdus=14,airtime_us=48243.909;243.75;1.0;174.10416666666666;0.267424;0.998464;W40_NSS1_MCS11:bytes=33428,ppdus=8,airtime_us=1536;490.0;1.0;346.7353463587922;0.780848;0.997748;W80_NSS2_MCS5:bytes=97606,ppdus=11,airtime_us=2252;61.25;0.652702805443625;58.17766310357538;0.631344;0.989148;W40_NSS2_MCS1:bytes=27408,ppdus=2,airtime_us=3864|W80_NSS1_MCS1:bytes=51510,ppdus=5,airtime_us=6988;243.75;0.7548909856602164;163.47712418300654;0.300144;0.998164;W20_NSS1_MCS11:bytes=7950,ppdus=1,airtime_us=572|W40_NSS1_MCS11:bytes=28322,ppdus=5,airtime_us=1180|W40_NSS2_MCS11:bytes=1246,ppdus=1,airtime_us=84;117.0;0.49746815201748307;102.94101508916324;0.300176;0.997084;W20_NSS1_MCS5:bytes=3204,ppdus=2,airtime_us=552|W20_NSS2_MCS5:bytes=18666,ppdus=3,airtime_us=1452|W40_NSS1_MCS5:bytes=7874,ppdus=1,airtime_us=588|W40_NSS2_MCS5:bytes=7778,ppdus=1,airtime_us=324;390.0;1.0;275.53516819571865;0.3604;0.998692;W40_NSS2_MCS9:bytes=45050,ppdus=7,airtime_us=1308;73.125;1.0;66.75530410183876;0.188784;0.997172;W20_NSS1_MCS7:bytes=23598,ppdus=5,airtime_us=2828;219.375;0.9493405698778833;163.41463414634146;1.474;0.99098;W20_NSS2_MCS2:bytes=9334,ppdus=1,airtime_us=1764|W20_NSS2_MCS10:bytes=174916,ppdus=14,airtime_us=7256;234.0;0.833570770133244;150.57413249211356;0.190928;0.998732;W20_NSS1_MCS10:bytes=3972,ppdus=2,airtime_us=408|W40_NSS2_MCS5:bytes=19894,ppdus=3,airtime_us=860;438.75;0.7041435424701346;302.66192170818505;0.680384;0.997752;W40_NSS1_MCS10:bytes=25162,ppdus=1,airtime_us=972|W40_NSS2_MCS10:bytes=59886,ppdus=3,airtime_us=1276;122.5;1.0;110.59874888293119;0.99008;0.991048;W80_NSS2_MCS1:bytes=123760,ppdus=14,airtime_us=8952;234.0;1.0;132.5607476635514;0.113472;0.999144;W40_NSS2_MCS5:bytes=14184,ppdus=6,airtime_us=856;551.25;0.7963149151949641;275.6144578313253;0.732032;0.997344;W20_NSS2_MCS6:bytes=18638,ppdus=1,airtime_us=1188|W80_NSS2_MCS6:bytes=72866,ppdus=7,airtime_us=1468;97.5;1.0;92.73828406633021;0.514512;0.994452;W20_NSS1_MCS9:bytes=64314,ppdus=5,airtime_us=5548;245.0;0.6018562363860214;119.47949080622348;0.675776;0.994344;W20_NSS1_MCS9:bytes=17594,ppdus=1,airtime_us=1500|W40_NSS1_MCS3:bytes=16038,ppdus=1,airtime_us=2252|W80_NSS2_MCS3:bytes=50840,ppdus=4,airtime_us=1904;;;;;;;;;;;;;;;;;;;;;;;;;;;;;;;;;;;;;;;;;;;;;;;;;;;;;;;;;;;;
85;1;20;low;-60.0;isolated;ul;su;0;345.300926;316.10112057620825;182.18598893764832;0.573983821977839;183.75;0.5929631687056726;221.95555555555555;2.477024;0.98884;W80_NSS1_MCS4:bytes=183598,ppdus=5,airtime_us=8236|W80_NSS2_MCS4:bytes=126030,ppdus=3,airtime_us=2924;816.666668;0.9754302004619404;620.0430809399478;15.198496;0.975488;W20_NSS2_MCS4:bytes=46678,ppdus=1,airtime_us=4308|W80_NSS2_MCS9:bytes=1853134,ppdus=31,airtime_us=20204;551.25;1.0;510.6666666666667;3.18656;0.99376;W80_NSS2_MCS6:bytes=398320,ppdus=8,airtime_us=6240;;;;0.0;;;367.5;1.0;353.09955947136564;22.443008;0.93644;W80_NSS2_MCS4:bytes=2805376,ppdus=46,airtime_us=63560;;;;0.0;;;219.375;0.9684446775079842;210.41056642113284;16.567728;0.92126;W40_NSS1_MCS6:bytes=65350,ppdus=1,airtime_us=4028|W40_NSS1_MCS10:bytes=2005616,ppdus=34,airtime_us=74712;122.5;1.0;120.60725129487409;10.80448;0.910416;W80_NSS2_MCS1:bytes=1350560,ppdus=24,airtime_us=89584;122.5;0.6029954072348087;123.73987291501192;9.970464;0.919424;W20_NSS2_MCS6:bytes=494790,ppdus=9,airtime_us=30628|W80_NSS2_MCS1:bytes=751518,ppdus=15,airtime_us=49948;219.375;1.0;212.92342683851402;4.493536;0.978896;W40_NSS1_MCS10:bytes=561692,ppdus=12,airtime_us=21104;275.625;1.0;264.5303446817509;5.003856;0.981084;W80_NSS1_MCS6:bytes=625482,ppdus=15,airtime_us=18916;735.0;1.0;670.2361516034986;14.713024;0.978048;W80_NSS2_MCS8:bytes=1839128,ppdus=32,airtime_us=21952;551.25;1.0;506.4650070455613;8.626112;0.982968;W80_NSS2_MCS6:bytes=1078264,ppdus=22,airtime_us=17032;243.75;0.9881856916030441;196.90846152592994;4.534580937648335;0.976971122;W20_NSS1_MCS1:bytes=6696.61720604183,ppdus=1,airtime_us=3704.878|W40_NSS1_MCS11:bytes=560126,ppdus=17,airtime_us=19324;122.5;0.5900342454536521;118.63696220020292;21.98248;0.814708;W40_NSS1_MCS5:bytes=1126508,ppdus=18,airtime_us=78008|W80_NSS2_MCS1:bytes=1621302,ppdus=25,airtime_us=107284;122.5;1.0;120.32121871599564;6.634512;0.94486;W80_NSS2_MCS1:bytes=829314,ppdus=17,airtime_us=55140;735.0;1.0;668.990717299578;12.684064;0.98104;W80_NSS2_MCS8:bytes=1585508,ppdus=28,airtime_us=18960;367.5;0.9845214667895027;327.03237351553605;8.041072;0.975412;W20_NSS1_MCS6:bytes=15558,ppdus=1,airtime_us=1948|W80_NSS2_MCS4:bytes=989576,ppdus=20,airtime_us=22640;367.5;1.0;352.6926593170207;10.493312;0.970248;W80_NSS2_MCS4:bytes=1311664,ppdus=22,airtime_us=29752;91.875;1.0;90.56029436360595;4.33168;0.952168;W80_NSS1_MCS2:bytes=541460,ppdus=14,airtime_us=47832;;;;;;;;;;;;;;;;;;;;;;;;;;;;;;;;;;;;;;;;;;;;;;;;;;;;;;;;;;;;
85;1;20;low;-60.0;isolated;ul;su;1;407.1229168;359.1908770424954;242.20597066120996;0.43642097495229204;131.625;0.5135718253467759;124.64152521113806;5.962352;0.952164;W20_NSS2_MCS6:bytes=382762,ppdus=7,airtime_us=23708|W80_NSS2_MCS1:bytes=362532,ppdus=8,airtime_us=24128;551.25;1.0;514.2150608352515;12.509824;0.975672;W80_NSS2_MCS6:bytes=1563728,ppdus=26,airtime_us=24328;612.5;0.9555953835089441;402.4764530209051;7.00792;0.982588;W20_NSS1_MCS5:bytes=38898,ppdus=1,airtime_us=5372|W80_NSS2_MCS7:bytes=837092,ppdus=18,airtime_us=12040;122.5;1.0;120.68043045037864;12.111488;0.89964;W80_NSS2_MCS1:bytes=1513936,ppdus=26,airtime_us=100360;816.666668;1.0;733.2239573038149;14.83752;0.979764;W80_NSS2_MCS9:bytes=1854690,ppdus=31,airtime_us=20236;183.75;1.0;179.79526442648518;10.144768;0.943576;W80_NSS2_MCS2:bytes=1268096,ppdus=22,airtime_us=56424;490.0;0.9867633076863558;449.2092261498567;39.496272;0.912076;W20_NSS2_MCS6:bytes=65350,ppdus=1,airtime_us=4036|W80_NSS2_MCS5:bytes=4871684,ppdus=76,airtime_us=83888;490.0;0.9845425506890593;453.97134803379953;23.352882661209964;0.948558686;W40_NSS1_MCS9:bytes=45122,ppdus=1,airtime_us=1900|W80_NSS2_MCS5:bytes=2873988.33265125,ppdus=47,airtime_us=49541.314;816.666668;1.0;735.6591597524035;22.34344;0.969628;W80_NSS2_MCS9:bytes=2792930,ppdus=45,airtime_us=30372;243.75;0.9946555492926765;229.27974783293934;4.655296;0.979696;W20_NSS1_MCS5:bytes=3110,ppdus=1,airtime_us=476|W40_NSS1_MCS11:bytes=578802,ppdus=15,airtime_us=19828;612.5;1.0;570.6223920070526;7.767312;0.986388;W80_NSS2_MCS7:bytes=970914,ppdus=15,airtime_us=13612;245.0;1.0;237.276929426331;9.198752;0.961232;W80_NSS2_MCS3:bytes=1149844,ppdus=20,airtime_us=38768;219.375;0.9683495871643167;218.30661873546205;16.517952;0.924336;W40_NSS1_MCS10:bytes=1999394,ppdus=33,airtime_us=74412|W40_NSS2_MCS10:bytes=65350,ppdus=1,airtime_us=1252;245.0;0.9805731965049891;218.04155323112192;12.173696;0.944168;W20_NSS1_MCS4:bytes=29562,ppdus=1,airtime_us=5436|W80_NSS2_MCS3:bytes=1492150,ppdus=27,airtime_us=50396;243.75;1.0;232.94011484823625;4.543264;0.980496;W40_NSS1_MCS11:bytes=567908,ppdus=16,airtime_us=19504;219.375;1.0;214.5283950617284;8.6884;0.9595;W40_NSS1_MCS10:bytes=1086050,ppdus=19,airtime_us=40500;183.75;1.0;179.535855668765;11.065872;0.938364;W80_NSS2_MCS2:bytes=1383234,ppdus=25,airtime_us=61636;612.5;1.0;567.604428598236;12.099056;0.978684;W80_NSS2_MCS7:bytes=1512382,ppdus=25,airtime_us=21316;367.5;1.0;135.1304347826087;0.012432;0.999908;W80_NSS1_MCS8:bytes=1554,ppdus=1,airtime_us=92;735.0;1.0;666.6786454733932;7.717472;0.988424;W80_NSS2_MCS8:bytes=964684,ppdus=18,airtime_us=11576;;;;;;;;;;;;;;;;;;;;;;;;;;;;;;;;;;;;;;;;;;;;;;;;;;;;;;;;;;;;
85;1;20;low;-60.0;isolated;ul;su;2;288.1030702105263;257.59913778847294;175.99325765203656;0.5833923789478346;183.75;0.9917405414592949;180.55046751378566;3.012304;0.983316;W80_NSS1_MCS4:bytes=373428,ppdus=6,airtime_us=16552|W80_NSS2_MCS4:bytes=3110,ppdus=1,airtime_us=132;219.375;1.0;214.90783527141625;16.92872;0.921228;W40_NSS1_MCS10:bytes=2116090,ppdus=35,airtime_us=78772;490.0;1.0;462.73172876140234;16.841584;0.963604;W80_NSS2_MCS5:bytes=2105198,ppdus=35,airtime_us=36396;122.5;1.0;116.27216954824317;0.833904;0.992828;W80_NSS1_MCS3:bytes=104238,ppdus=7,airtime_us=7172;122.5;1.0;120.78599450765006;19.704544;0.836864;W80_NSS2_MCS1:bytes=2463068,ppdus=40,airtime_us=163136;243.75;0.9661833148941411;227.71201319743122;15.459824;0.932108;W20_NSS2_MCS5:bytes=65350,ppdus=1,airtime_us=4532|W40_NSS1_MCS11:bytes=1867128,ppdus=36,airtime_us=63360;490.0;1.0;445.15537303216973;2.601488;0.994156;W80_NSS2_MCS5:bytes=325186,ppdus=9,airtime_us=5844;122.5;1.0;119.75185439935044;2.8840630654753148;0.975916339;W80_NSS2_MCS1:bytes=360507.883184414,ppdus=9,airtime_us=24083.661;243.75;1.0;208.58100558659217;0.597376;0.997136;W40_NSS1_MCS11:bytes=74672,ppdus=8,airtime_us=2864;490.0;1.0;224.81927710843374;0.07464;0.999668;W80_NSS2_MCS5:bytes=9330,ppdus=3,airtime_us=332;408.333334;1.0;362.7982062780269;1.294464;0.996432;W80_NSS1_MCS9:bytes=161808,ppdus=8,airtime_us=3568;;;;0.0;;;219.375;1.0;212.53608247422682;5.277696;0.975168;W40_NSS1_MCS10:bytes=659712,ppdus=16,airtime_us=24832;490.0;1.0;462.49965205288794;18.609136;0.959764;W80_NSS2_MCS5:bytes=2326142,ppdus=39,airtime_us=40236;219.375;1.0;203.88295165394402;1.282016;0.993712;W40_NSS1_MCS10:bytes=160252,ppdus=8,airtime_us=6288;122.5;0.9859989959363841;117.79191073919107;16.89136;0.8566;W40_NSS1_MCS2:bytes=29562,ppdus=1,airtime_us=5436|W80_NSS2_MCS1:bytes=2081858,ppdus=35,airtime_us=137964;245.0;1.0;235.01344920339335;4.54328;0.980668;W80_NSS1_MCS5:bytes=567910,ppdus=15,airtime_us=19332;551.25;0.9833208391335257;504.68102867281056;14.179130586561264;0.971904768;W20_NSS2_MCS11:bytes=29562,ppdus=1,airtime_us=1028|W80_NSS2_MCS6:bytes=1742829.32332016,ppdus=29,airtime_us=27067.232;245.0;1.0;237.6921025337087;12.833472;0.946008;W80_NSS2_MCS3:bytes=1604184,ppdus=26,airtime_us=53992;245.0;0.976391168888221;236.2205154463219;22.144256;0.906256;W40_NSS1_MCS9:bytes=65350,ppdus=1,airtime_us=2732|W80_NSS2_MCS3:bytes=2702682,ppdus=45,airtime_us=91012;;;;;;;;;;;;;;;;;;;;;;;;;;;;;;;;;;;;;;;;;;;;;;;;;;;;;;;;;;;;
86;1;20;low;-60.0;isolated;dl;su;0;459.8229168;91.18910915499602;3.911648;0.720541637899107;367.5;0.9659718932575398;93.13235294117646;0.202656;0.997824;W80_NSS1_MCS6:bytes=862,ppdus=1,airtime_us=76|W80_NSS2_MCS4:bytes=24470,ppdus=25,airtime_us=2100;816.666668;1.0;121.0;0.201344;0.998336;W80_NSS2_MCS9:bytes=25168,ppdus=24,airtime_us=1664;816.666668;0.9599696164071402;95.57168784029038;0.21064;0.997796;W20_NSS2_MCS5:bytes=1054,ppdus=1,airtime_us=132|W80_NSS2_MCS9:bytes=25276,ppdus=30,airtime_us=2072;612.5;0.7704145992767639;107.85487528344672;0.190256;0.998236;W80_NSS1_MCS7:bytes=5460,ppdus=6,airtime_us=456|W80_NSS2_MCS7:bytes=18322,ppdus=19,airtime_us=1308;367.5;0.9574416538803198;93.28060263653484;0.198128;0.997876;W80_NSS1_MCS6:bytes=1054,ppdus=1,airtime_us=76|W80_NSS2_MCS4:bytes=23712,ppdus=24,airtime_us=2048;551.25;0.9646663387440564;106.0695652173913;0.195168;0.99816;W80_NSS1_MCS10:bytes=862,ppdus=1,airtime_us=60|W80_NSS2_MCS6:bytes=23534,ppdus=25,airtime_us=1780;551.25;1.0;75.36596736596736;0.129328;0.998284;W80_NSS2_MCS6:bytes=16166,ppdus=25,airtime_us=1716;122.5;1.0;68.45953002610966;0.20976;0.996936;W80_NSS1_MCS3:bytes=26220,ppdus=26,airtime_us=3064;275.625;1.0;100.27799227799228;0.207776;0.997928;W80_NSS1_MCS6:bytes=25972,ppdus=26,airtime_us=2072;459.375;0.9191014535310527;76.96045197740114;0.217952;0.997168;W20_NSS2_MCS6:bytes=1054,ppdus=1,airtime_us=132|W40_NSS1_MCS6:bytes=1150,ppdus=1,airtime_us=124|W80_NSS1_MCS10:bytes=25040,ppdus=40,airtime_us=2576;551.25;1.0;102.95691609977324;0.181616;0.998236;W80_NSS2_MCS6:bytes=22702,ppdus=25,airtime_us=1764;735.0;0.9676847789402633;115.62926829268292;0.189632;0.99836;W80_NSS1_MCS9:bytes=766,ppdus=1,airtime_us=60|W80_NSS2_MCS8:bytes=22938,ppdus=23,airtime_us=1580;459.375;0.6901459067059584;92.90818030050083;0.222608;0.997604;W80_NSS1_MCS10:bytes=19204,ppdus=26,airtime_us=1736|W80_NSS2_MCS6:bytes=8622,ppdus=9,airtime_us=660;243.75;1.0;96.19310344827586;0.223168;0.99768;W40_NSS1_MCS11:bytes=27896,ppdus=28,airtime_us=2320;490.0;0.9959867799811143;87.64137931034483;0.203328;0.99768;W20_NSS2_MCS6:bytes=102,ppdus=1,airtime_us=68|W80_NSS2_MCS5:bytes=25314,ppdus=31,airtime_us=2252;122.5;0.9518788647534485;62.13793103448276;0.201824;0.996752;W80_NSS1_MCS2:bytes=1214,ppdus=1,airtime_us=156|W80_NSS2_MCS1:bytes=24014,ppdus=25,airtime_us=3092;735.0;0.9719324026451139;53.47740667976424;0.10888;0.997964;W20_NSS1_MCS1:bytes=382,ppdus=1,airtime_us=268|W80_NSS2_MCS8:bytes=13228,ppdus=26,airtime_us=1768;367.5;0.9610379046689442;91.06666666666666;0.196704;0.99784;W80_NSS1_MCS6:bytes=958,ppdus=1,airtime_us=76|W80_NSS2_MCS4:bytes=23630,ppdus=25,airtime_us=2084;367.5;1.0;105.97628458498023;0.214496;0.997976;W80_NSS1_MCS8:bytes=26812,ppdus=26,airtime_us=2024;183.75;0.9665865570974495;77.82202111613876;0.206384;0.997348;W80_NSS1_MCS3:bytes=862,ppdus=1,airtime_us=108|W80_NSS2_MCS2:bytes=24936,ppdus=24,airtime_us=2544;;;;;;;;;;;;;;;;;;;;;;;;;;;;;;;;;;;;;;;;;;;;;;;;;;;;;;;;;;;;
86;1;20;low;-60.0;isolated;dl;su;1;559.291667;96.05569376027755;4.515296;0.6743669213673991;551.25;1.0;104.78752436647173;0.215024;0.997948;W80_NSS2_MCS6:bytes=26878,ppdus=29,airtime_us=2052;612.5;0.8249360146252285;107.4656188605108;0.2188;0.997964;W80_NSS2_MCS6:bytes=4788,ppdus=6,airtime_us=408|W80_NSS2_MCS7:bytes=22562,ppdus=23,airtime_us=1628;612.5;0.9686909777713206;104.68441064638783;0.220256;0.997896;W80_NSS2_MCS5:bytes=862,ppdus=1,airtime_us=68|W80_NSS2_MCS7:bytes=26670,ppdus=29,airtime_us=2036;183.75;0.9686020252057987;72.3425559947299;0.219632;0.996964;W20_NSS1_MCS6:bytes=862,ppdus=1,airtime_us=156|W80_NSS2_MCS2:bytes=26592,ppdus=28,airtime_us=2880;816.666668;1.0;112.75247524752476;0.22776;0.99798;W80_NSS2_MCS9:bytes=28470,ppdus=29,airtime_us=2020;243.75;0.9766745578610222;92.36012861736334;0.229792;0.997512;W20_NSS1_MCS11:bytes=670,ppdus=1,airtime_us=92|W40_NSS1_MCS11:bytes=28054,ppdus=29,airtime_us=2396;551.25;0.9734874705800913;105.44525547445255;0.231136;0.997808;W20_NSS1_MCS7:bytes=766,ppdus=1,airtime_us=140|W80_NSS2_MCS6:bytes=28126,ppdus=29,airtime_us=2052;816.666668;0.9287283032235211;110.05847953216374;0.22584;0.997948;W80_NSS1_MCS9:bytes=2012,ppdus=2,airtime_us=152|W80_NSS2_MCS9:bytes=26218,ppdus=27,airtime_us=1900;816.666668;0.9697904254573492;109.11663479923519;0.228272;0.997908;W20_NSS1_MCS6:bytes=862,ppdus=1,airtime_us=156|W80_NSS2_MCS9:bytes=27672,ppdus=28,airtime_us=1936;490.0;0.9759598134194475;90.92985318107667;0.22296;0.997548;W20_NSS2_MCS0:bytes=670,ppdus=1,airtime_us=420|W80_NSS2_MCS5:bytes=27200,ppdus=28,airtime_us=2032;816.666668;0.9743864107536949;99.19071310116087;0.239248;0.997588;W40_NSS2_MCS8:bytes=766,ppdus=1,airtime_us=84|W80_NSS2_MCS9:bytes=29140,ppdus=34,airtime_us=2328;735.0;0.976444944452257;90.5859872611465;0.227552;0.997488;W80_NSS1_MCS0:bytes=670,ppdus=1,airtime_us=220|W80_NSS2_MCS8:bytes=27774,ppdus=33,airtime_us=2292;459.375;0.9700839869507878;69.34777376654633;0.230512;0.996676;W40_NSS1_MCS1:bytes=862,ppdus=1,airtime_us=284|W80_NSS1_MCS10:bytes=27952,ppdus=48,airtime_us=3040;367.5;0.8310862200096799;92.5632;0.231408;0.9975;W80_NSS2_MCS3:bytes=4886,ppdus=5,airtime_us=452|W80_NSS2_MCS4:bytes=24040,ppdus=24,airtime_us=2048;243.75;0.9659486742020331;72.79172056921087;0.225072;0.996908;W20_NSS2_MCS0:bytes=958,ppdus=1,airtime_us=580|W40_NSS1_MCS11:bytes=27176,ppdus=32,airtime_us=2512;459.375;0.9968597581345627;74.55541718555418;0.239472;0.996788;W80_NSS1_MCS8:bytes=94,ppdus=1,airtime_us=60|W80_NSS1_MCS10:bytes=29840,ppdus=48,airtime_us=3152;245.0;1.0;85.63975155279503;0.220608;0.997424;W80_NSS2_MCS3:bytes=27576,ppdus=28,airtime_us=2576;612.5;0.9411131611316114;107.06172839506173;0.208128;0.998056;W80_NSS1_MCS7:bytes=766,ppdus=1,airtime_us=76|W80_NSS2_MCS7:bytes=24484,ppdus=26,airtime_us=1800|W80_NSS2_MCS10:bytes=766,ppdus=1,airtime_us=68;816.666668;0.65024868748273;117.6910569105691;0.231616;0.998032;W80_NSS2_MCS8:bytes=10126,ppdus=9,airtime_us=644|W80_NSS2_MCS9:bytes=18826,ppdus=19,airtime_us=1324;735.0;0.9689660138248848;101.74358974358974;0.222208;0.997816;W20_NSS1_MCS3:bytes=862,ppdus=1,airtime_us=284|W80_NSS2_MCS8:bytes=26914,ppdus=27,airtime_us=1900;;;;;;;;;;;;;;;;;;;;;;;;;;;;;;;;;;;;;;;;;;;;;;;;;;;;;;;;;;;;
86;1;20;low;-60.0;isolated;dl;su;2;435.3854168;90.92068160251527;4.102896;0.6976373997601673;367.5;1.0;95.32980599647266;0.216208;0.997732;W80_NSS2_MCS4:bytes=27026,ppdus=27,airtime_us=2268;459.375;0.9923596589995175;71.05142857142857;0.198944;0.9972;W40_NSS2_MCS0:bytes=190,ppdus=1,airtime_us=116|W80_NSS1_MCS10:bytes=24678,ppdus=41,airtime_us=2684;490.0;0.9735528019234326;50.18097447795824;0.086512;0.998276;W20_NSS1_MCS10:bytes=286,ppdus=1,airtime_us=76|W80_NSS2_MCS5:bytes=10528,ppdus=24,airtime_us=1648;306.25;0.6519450800915332;105.7258064516129;0.20976;0.998016;W80_NSS1_MCS7:bytes=17094,ppdus=17,airtime_us=1340|W80_NSS2_MCS7:bytes=9126,ppdus=9,airtime_us=644;122.5;0.7492493648471784;65.35345911949686;0.207824;0.99682;W80_NSS2_MCS1:bytes=19464,ppdus=20,airtime_us=2448|W80_NSS2_MCS2:bytes=6514,ppdus=7,airtime_us=732;245.0;0.6455760202239076;102.74582560296847;0.22152;0.997844;W80_NSS1_MCS5:bytes=17876,ppdus=18,airtime_us=1480|W80_NSS2_MCS5:bytes=9814,ppdus=9,airtime_us=676;551.25;0.9317881467927214;80.79671457905545;0.157392;0.998052;W20_NSS2_MCS7:bytes=1342,ppdus=1,airtime_us=132|W80_NSS2_MCS6:bytes=18332,ppdus=26,airtime_us=1816;275.625;0.9601828761429759;95.47619047619048;0.19248;0.997984;W80_NSS1_MCS6:bytes=23102,ppdus=25,airtime_us=1948|W80_NSS2_MCS6:bytes=958,ppdus=1,airtime_us=68;612.5;0.9706378411530205;107.35802469135803;0.208704;0.998056;W80_NSS1_MCS7:bytes=766,ppdus=1,airtime_us=76|W80_NSS2_MCS7:bytes=25322,ppdus=27,airtime_us=1868;490.0;0.9723744950952106;107.47286821705427;0.221824;0.997936;W80_NSS2_MCS5:bytes=26962,ppdus=27,airtime_us=1996|W80_NSS2_MCS11:bytes=766,ppdus=1,airtime_us=68;816.666668;0.9395850855060275;117.4320987654321;0.228288;0.998056;W80_NSS1_MCS9:bytes=862,ppdus=1,airtime_us=76|W80_NSS2_MCS9:bytes=26812,ppdus=26,airtime_us=1800|W80_NSS2_MCS10:bytes=862,ppdus=1,airtime_us=68;612.5;0.9630201497722536;107.71725571725571;0.207248;0.998076;W20_NSS1_MCS9:bytes=958,ppdus=1,airtime_us=124|W80_NSS2_MCS7:bytes=24948,ppdus=26,airtime_us=1800;459.375;0.9661172808941076;79.98302687411598;0.226192;0.997172;W40_NSS2_MCS9:bytes=958,ppdus=1,airtime_us=84|W80_NSS1_MCS10:bytes=27316,ppdus=42,airtime_us=2744;459.375;0.9320181663355095;71.17171717171718;0.225472;0.996832;W80_NSS1_MCS10:bytes=26268,ppdus=46,airtime_us=3032|W80_NSS2_MCS5:bytes=958,ppdus=1,airtime_us=68|W80_NSS2_MCS10:bytes=958,ppdus=1,airtime_us=68;459.375;0.9747165871121718;60.26067415730337;0.214528;0.99644;W20_NSS2_MCS8:bytes=678,ppdus=1,airtime_us=84|W80_NSS1_MCS10:bytes=26138,ppdus=55,airtime_us=3476;122.5;0.8572239971600994;66.83274021352314;0.22536;0.996628;W80_NSS2_MCS1:bytes=24148,ppdus=22,airtime_us=2888|W80_NSS2_MCS2:bytes=4022,ppdus=5,airtime_us=484;490.0;0.9611642613912762;104.084388185654;0.197344;0.998104;W80_NSS2_MCS2:bytes=958,ppdus=1,airtime_us=100|W80_NSS2_MCS5:bytes=23710,ppdus=25,airtime_us=1796;551.25;0.9621299223914918;113.13821138211382;0.222656;0.998032;W80_NSS2_MCS6:bytes=26778,ppdus=27,airtime_us=1900|W80_NSS2_MCS11:bytes=1054,ppdus=1,airtime_us=68;408.333334;0.9076900498972703;106.46875;0.218048;0.997952;W80_NSS1_MCS9:bytes=24740,ppdus=26,airtime_us=1896|W80_NSS2_MCS9:bytes=2516,ppdus=2,airtime_us=152;408.333334;0.7947846642535273;109.83367139959432;0.216592;0.998028;W80_NSS1_MCS9:bytes=21518,ppdus=21,airtime_us=1564|W80_NSS2_MCS9:bytes=5556,ppdus=6,airtime_us=408;;;;;;;;;;;;;;;;;;;;;;;;;;;;;;;;;;;;;;;;;;;;;;;;;;;;;;;;;;;;
87;1;20;low;-60.0;isolated;ul_dl;su;0;346.5833334;318.65590846390484;193.69565843102478;0.1788524165400458;367.5;0.9841806767543684;344.1710492461277;26.753104;0.922268;W20_NSS2_MCS6:bytes=52902,ppdus=1,airtime_us=3268|W80_NSS2_MCS4:bytes=3291236,ppdus=52,airtime_us=74464;816.666668;1.0;738.4180790960452;12.5472;0.983008;W80_NSS2_MCS9:bytes=1568400,ppdus=24,airtime_us=16992;551.25;0.9560111577513254;430.60985507246374;11.884832;0.9724;W20_NSS1_MCS9:bytes=65350,ppdus=1,airtime_us=5420|W80_NSS2_MCS6:bytes=1420254,ppdus=25,airtime_us=22180;73.125;1.0;72.11260194685609;3.2892;0.954388;W20_NSS1_MCS7:bytes=411150,ppdus=13,airtime_us=45612;367.5;1.0;348.4399514759402;10.340304;0.970324;W80_NSS2_MCS4:bytes=1292538,ppdus=27,airtime_us=29676;551.25;0.9690349518869015;493.6711111111111;16.883552;0.9658;W20_NSS2_MCS10:bytes=65350,ppdus=1,airtime_us=2436|W80_NSS2_MCS6:bytes=2045094,ppdus=33,airtime_us=31764;219.375;1.0;213.6829971181556;5.042064;0.976404;W40_NSS1_MCS10:bytes=630258,ppdus=13,airtime_us=23596;122.5;1.0;120.5098585032106;8.687359509446809;0.927911628;W80_NSS2_MCS1:bytes=1085919.93868085,ppdus=21,airtime_us=72088.372;122.5;1.0;120.57948061022476;8.283328;0.931304;W80_NSS2_MCS1:bytes=1035416,ppdus=18,airtime_us=68696;219.375;1.0;214.51410340076862;11.833456;0.944836;W40_NSS1_MCS10:bytes=1479182,ppdus=25,airtime_us=55164;551.25;1.0;513.5300033523299;12.25488;0.976136;W80_NSS2_MCS6:bytes=1531860,ppdus=26,airtime_us=23864;735.0;1.0;669.8370103556956;5.950832;0.991116;W80_NSS2_MCS8:bytes=743854,ppdus=13,airtime_us=8884;551.25;0.999849869297977;499.93230316409125;5.435264;0.989128;W20_NSS1_MCS10:bytes=102,ppdus=1,airtime_us=60|W80_NSS2_MCS6:bytes=679306,ppdus=15,airtime_us=10812;243.75;1.0;221.12108843537416;1.300192;0.99412;W40_NSS1_MCS11:bytes=162524,ppdus=10,airtime_us=5880;122.5;0.9076165184097648;119.96373839844593;4.446336;0.962936;W20_NSS2_MCS5:bytes=51346,ppdus=1,airtime_us=3572|W80_NSS2_MCS1:bytes=504446,ppdus=9,airtime_us=33492;122.5;1.0;120.28911800844062;9.006768;0.925124;W80_NSS2_MCS1:bytes=1125846,ppdus=23,airtime_us=74876;367.5;1.0;347.05855072463766;2.394704;0.9931;W80_NSS1_MCS8:bytes=299338,ppdus=7,airtime_us=6900;367.5;0.9787217398446024;340.37128537335394;24.608778921577983;0.927700191;W20_NSS2_MCS6:bytes=65454,ppdus=1,airtime_us=4036|W80_NSS2_MCS4:bytes=3010643.36519725,ppdus=48,airtime_us=68263.809;367.5;1.0;350.2187651920272;5.7632;0.983544;W80_NSS2_MCS4:bytes=720400,ppdus=14,airtime_us=16456;91.875;0.9252106918382949;94.08721869279638;6.990304;0.925704;W80_NSS1_MCS2:bytes=808438,ppdus=19,airtime_us=71396|W80_NSS2_MCS2:bytes=65350,ppdus=1,airtime_us=2900;;;;;;;;;;;;;;;;;;;;;;;;;;;;;;;;;;;;;;;;;;;;;;;;;;;;;;;;;;;;
87;1;20;low;-60.0;isolated;ul_dl;su;1;385.8697918;332.5052462049061;215.31341505010715;0.24266702869788803;122.5;1.0;11.058823529411764;0.000752;0.999932;W80_NSS2_MCS1:bytes=94,ppdus=1,airtime_us=68;551.25;1.0;153.5741935483871;0.095216;0.99938;W80_NSS2_MCS6:bytes=11902,ppdus=7,airtime_us=620;612.5;1.0;561.292589763178;5.877856;0.989528;W80_NSS2_MCS7:bytes=734732,ppdus=14,airtime_us=10472;122.5;0.9905390129074116;118.77895635729521;24.996968887661733;0.789550526;W40_NSS1_MCS2:bytes=29562,ppdus=1,airtime_us=5436|W80_NSS2_MCS1:bytes=3095059.11095772,ppdus=51,airtime_us=205013.474;816.666668;1.0;736.4837487079361;25.650256;0.965172;W80_NSS2_MCS9:bytes=3206282,ppdus=51,airtime_us=34828;183.75;1.0;179.2707912612447;7.811904;0.956424;W80_NSS2_MCS2:bytes=976488,ppdus=18,airtime_us=43576;490.0;1.0;455.58079919577784;7.251024;0.984084;W80_NSS2_MCS5:bytes=906378,ppdus=19,airtime_us=15916;490.0;1.0;417.58762886597935;1.296192;0.996896;W80_NSS2_MCS5:bytes=162024,ppdus=8,airtime_us=3104;816.666668;1.0;734.3519725557461;25.687632;0.96502;W80_NSS2_MCS9:bytes=3210954,ppdus=53,airtime_us=34980;243.75;0.9674702785155649;213.30146271851586;9.566144;0.955152;W20_NSS1_MCS5:bytes=38898,ppdus=1,airtime_us=5372|W40_NSS1_MCS11:bytes=1156870,ppdus=27,airtime_us=39476;612.5;1.0;568.792155869055;17.527726162445415;0.969184304;W80_NSS2_MCS7:bytes=2190965.77030568,ppdus=35,airtime_us=30815.696;245.0;1.0;233.0768690768691;2.656144;0.988604;W80_NSS2_MCS3:bytes=332018,ppdus=9,airtime_us=11396;109.6875;1.0;106.45457364341085;1.373264;0.9871;W20_NSS1_MCS10:bytes=171658,ppdus=7,airtime_us=12900;245.0;1.0;237.69380904051837;12.17848;0.948764;W80_NSS2_MCS3:bytes=1522310,ppdus=25,airtime_us=51236;243.75;1.0;235.08424599831508;8.92944;0.962016;W40_NSS1_MCS11:bytes=1116180,ppdus=24,airtime_us=37984;219.375;0.9820819308335866;211.63956310679612;11.161024;0.947264;W20_NSS1_MCS11:bytes=24998,ppdus=1,airtime_us=1692|W40_NSS1_MCS10:bytes=1370130,ppdus=23,airtime_us=51044;183.75;1.0;180.05481489350402;27.119136;0.849384;W80_NSS2_MCS2:bytes=3389892,ppdus=54,airtime_us=150616;306.25;1.0;271.24079320113316;1.148976;0.995764;W80_NSS1_MCS7:bytes=143622,ppdus=9,airtime_us=4236;367.5;1.0;350.21754385964914;3.193984;0.99088;W80_NSS1_MCS8:bytes=399248,ppdus=8,airtime_us=9120;735.0;1.0;674.5695889053987;21.791296;0.967696;W80_NSS2_MCS8:bytes=2723912,ppdus=44,airtime_us=32304;;;;;;;;;;;;;;;;;;;;;;;;;;;;;;;;;;;;;;;;;;;;;;;;;;;;;;;;;;;;
87;1;20;low;-60.0;isolated;ul_dl;su;2;328.9895834;298.87848255959904;199.00386940758557;0.2781425180043705;367.5;0.987978665608297;325.45367919534146;19.673024;0.939552;W20_NSS2_MCS2:bytes=29562,ppdus=1,airtime_us=5444|W80_NSS2_MCS4:bytes=2429566,ppdus=39,airtime_us=55004;219.375;1.0;213.91092528631157;4.706896;0.977996;W40_NSS1_MCS10:bytes=588362,ppdus=11,airtime_us=22004;490.0;0.9897632761948558;421.0597069330028;23.102704;0.945132;W20_NSS2_MCS2:bytes=29562,ppdus=1,airtime_us=5444|W80_NSS2_MCS5:bytes=2858276,ppdus=48,airtime_us=49424;245.0;1.0;235.15233581584292;5.55712;0.976368;W80_NSS2_MCS3:bytes=694640,ppdus=16,airtime_us=23632;122.5;1.0;120.54659934973517;12.529373407585569;0.896061992;W80_NSS2_MCS1:bytes=1566171.6759482,ppdus=29,airtime_us=103938.008;243.75;0.9084059836834077;213.79506357516829;5.71688;0.97326;W20_NSS2_MCS5:bytes=65454,ppdus=1,airtime_us=4532|W40_NSS1_MCS11:bytes=649156,ppdus=16,airtime_us=22208;490.0;0.9779887519500178;438.49259833638797;12.440912;0.971628;W20_NSS2_MCS6:bytes=34230,ppdus=1,airtime_us=2148|W80_NSS2_MCS5:bytes=1520884,ppdus=24,airtime_us=26224;122.5;1.0;120.1093956771063;2.178304;0.981864;W80_NSS2_MCS1:bytes=272288,ppdus=6,airtime_us=18136;243.75;0.7727536918241702;225.64177292046145;2.973056;0.986824;W20_NSS1_MCS11:bytes=42226,ppdus=1,airtime_us=2828|W40_NSS1_MCS11:bytes=287180,ppdus=10,airtime_us=9960|W80_NSS2_MCS11:bytes=42226,ppdus=1,airtime_us=388;490.0;0.9814594675874043;456.47995855727515;28.19768;0.938228;W20_NSS2_MCS11:bytes=65350,ppdus=1,airtime_us=2212|W80_NSS2_MCS5:bytes=3459360,ppdus=54,airtime_us=59560;816.666668;1.0;718.0131984161901;6.528176;0.990908;W80_NSS2_MCS9:bytes=816022,ppdus=17,airtime_us=9092;146.25;1.0;143.45598235618453;6.244352;0.956472;W20_NSS2_MCS7:bytes=780544,ppdus=14,airtime_us=43528;219.375;0.9898138825679317;197.19064696600202;10.996928;0.944232;W20_NSS1_MCS2:bytes=14002,ppdus=1,airtime_us=5164|W40_NSS1_MCS10:bytes=1360614,ppdus=21,airtime_us=50604;490.0;1.0;457.44104234527686;2.808688;0.99386;W80_NSS2_MCS5:bytes=351086,ppdus=7,airtime_us=6140;219.375;0.9933680937335366;202.17831799339564;11.510416;0.943068;W20_NSS1_MCS2:bytes=9542,ppdus=1,airtime_us=3532|W40_NSS1_MCS10:bytes=1429260,ppdus=26,airtime_us=53400;122.5;1.0;120.6236596941466;10.979648;0.908976;W80_NSS2_MCS1:bytes=1372456,ppdus=24,airtime_us=91024;490.0;0.9906486879979697;388.2613768961494;11.97864;0.969148;W20_NSS1_MCS2:bytes=14002,ppdus=1,airtime_us=5164|W80_NSS2_MCS5:bytes=1483328,ppdus=26,airtime_us=25688;551.25;1.0;508.251572327044;4.202224;0.991732;W80_NSS2_MCS6:bytes=525278,ppdus=11,airtime_us=8268;245.0;0.9960581383414785;236.1346398384322;12.627536;0.946524;W20_NSS1_MCS9:bytes=6222,ppdus=1,airtime_us=556|W80_NSS2_MCS3:bytes=1572220,ppdus=26,airtime_us=52920;245.0;1.0;235.37717871252613;4.051312;0.982788;W80_NSS2_MCS3:bytes=506414,ppdus=11,airtime_us=17212;;;;;;;;;;;;;;;;;;;;;;;;;;;;;;;;;;;;;;;;;;;;;;;;;;;;;;;;;;;;
88;1;20;low;-60.0;ap_only_cochannel;ul;su;0;316.24375;260.85106648468224;96.13689007194941;-0.12127113469625805;367.5;0.8127214258461873;262.1;3.522624;0.98656;W20_NSS1_MCS6:bytes=17114,ppdus=1,airtime_us=2140|W40_NSS2_MCS4:bytes=65350,ppdus=1,airtime_us=3044|W80_NSS2_MCS4:bytes=357864,ppdus=8,airtime_us=8256;390.0;1.0;366.0995475113122;4.207216;0.988508;W40_NSS2_MCS9:bytes=525902,ppdus=13,airtime_us=11492;275.625;0.4620671721619082;277.9581108829569;5.414624;0.98052;W20_NSS1_MCS9:bytes=62238,ppdus=1,airtime_us=5164|W80_NSS1_MCS6:bytes=312740,ppdus=8,airtime_us=9504|W80_NSS2_MCS6:bytes=301850,ppdus=7,airtime_us=4812;146.25;1.0;132.15222562011553;1.555696;0.988228;W20_NSS2_MCS7:bytes=194462,ppdus=19,airtime_us=11772;367.5;0.7999993573037607;251.11075247125277;4.979024;0.980172;W40_NSS1_MCS4:bytes=59126,ppdus=1,airtime_us=5436|W40_NSS2_MCS4:bytes=65350,ppdus=1,airtime_us=3044|W80_NSS2_MCS4:bytes=497902,ppdus=9,airtime_us=11348;551.25;1.0;512.0314035065758;13.476238994071146;0.973680835;W80_NSS2_MCS6:bytes=1684529.87425889,ppdus=29,airtime_us=26319.165;219.375;1.0;201.1147174034695;2.875136;0.985704;W40_NSS1_MCS10:bytes=359392,ppdus=22,airtime_us=14296;122.5;0.9302293134548498;105.31933875623196;1.605488;0.984756;W20_NSS2_MCS3:bytes=14002,ppdus=1,airtime_us=1972|W80_NSS2_MCS1:bytes=186684,ppdus=18,airtime_us=13272;58.5;0.9459600347523892;46.99877501020825;0.4604;0.990204;W20_NSS1_MCS1:bytes=3110,ppdus=1,airtime_us=1756|W40_NSS2_MCS1:bytes=54440,ppdus=10,airtime_us=8040;219.375;0.7646977277596441;168.7379053694843;1.269584;0.992476;W20_NSS1_MCS10:bytes=37342,ppdus=1,airtime_us=2780|W40_NSS1_MCS10:bytes=121356,ppdus=6,airtime_us=4744;551.25;0.9835736445991641;481.67103879568185;2.1640270778782607;0.995507251;W40_NSS2_MCS6:bytes=4443.38473478261,ppdus=1,airtime_us=140.749|W80_NSS2_MCS6:bytes=266060,ppdus=8,airtime_us=4352;735.0;0.9802451072268542;638.4751978382552;13.23176;0.979276;W20_NSS2_MCS9:bytes=32674,ppdus=1,airtime_us=1396|W80_NSS2_MCS8:bytes=1621296,ppdus=28,airtime_us=19328;275.625;0.9538923153858977;271.9264668849156;4.31928;0.984116;W80_NSS1_MCS6:bytes=515016,ppdus=10,airtime_us=15464|W80_NSS2_MCS6:bytes=24894,ppdus=1,airtime_us=420;243.75;0.9825722399278581;204.92051649928263;5.713184;0.97212;W20_NSS2_MCS1:bytes=12446,ppdus=1,airtime_us=3460|W40_NSS1_MCS11:bytes=701702,ppdus=27,airtime_us=24420;117.0;1.0;114.97820308346624;6.920768;0.939808;W40_NSS1_MCS5:bytes=865096,ppdus=20,airtime_us=60192;122.5;0.9131938710382904;109.17334632720186;3.584816;0.967164;W40_NSS2_MCS1:bytes=38898,ppdus=1,airtime_us=5380|W80_NSS2_MCS1:bytes=409204,ppdus=12,airtime_us=27456;735.0;0.8764687646498405;483.11963470319637;4.232128;0.99124;W40_NSS1_MCS8:bytes=65350,ppdus=1,airtime_us=3036|W80_NSS2_MCS8:bytes=463666,ppdus=11,airtime_us=5724;367.5;0.8742521115341592;254.16628627323118;6.236224;0.975464;W20_NSS2_MCS4:bytes=98024,ppdus=2,airtime_us=9048|W80_NSS2_MCS4:bytes=681504,ppdus=12,airtime_us=15488;367.5;0.7959175643106586;249.71545547594678;4.87944;0.98046;W40_NSS1_MCS4:bytes=59126,ppdus=1,airtime_us=5436|W40_NSS2_MCS4:bytes=65350,ppdus=1,airtime_us=3044|W80_NSS2_MCS4:bytes=485454,ppdus=9,airtime_us=11060;91.875;0.7868495993610763;85.25240728085979;5.489232;0.935612;W40_NSS1_MCS2:bytes=32672,ppdus=2,airtime_us=6056|W40_NSS2_MCS2:bytes=113582,ppdus=3,airtime_us=10524|W80_NSS1_MCS2:bytes=539900,ppdus=16,airtime_us=47808;;;;;;;;;;;;;;;;;;;;;;;;;;;;;;;;;;;;;;;;;;;;;;;;;;;;;;;;;;;;
88;1;20;low;-60.0;ap_only_cochannel;ul;su;1;361.0604168;291.43459614777464;92.63316238235069;0.38689752555211965;122.5;0.9016376167091702;86.22807814629714;0.759152;0.991196;W40_NSS1_MCS1:bytes=9334,ppdus=1,airtime_us=2604|W80_NSS2_MCS1:bytes=85560,ppdus=10,airtime_us=6200;551.25;1.0;489.92384553065085;7.256752;0.985188;W80_NSS2_MCS6:bytes=907094,ppdus=27,airtime_us=14812;612.5;1.0;551.4014412886817;5.203024;0.990564;W80_NSS2_MCS7:bytes=650378,ppdus=15,airtime_us=9436;61.25;0.9674011765199044;57.77356205852674;1.145072;0.98018;W40_NSS1_MCS1:bytes=4666,ppdus=1,airtime_us=1324|W80_NSS1_MCS1:bytes=138468,ppdus=8,airtime_us=18496;816.666668;0.7804866578883723;449.4776044287871;7.144896;0.984104;W20_NSS2_MCS9:bytes=130700,ppdus=2,airtime_us=5480|W40_NSS1_MCS9:bytes=65350,ppdus=1,airtime_us=2732|W80_NSS2_MCS9:bytes=697062,ppdus=13,airtime_us=7684;121.875;0.8676847696675519;126.67578205925005;4.891712;0.961384;W20_NSS1_MCS11:bytes=530558,ppdus=19,airtime_us=35812|W40_NSS1_MCS11:bytes=80906,ppdus=3,airtime_us=2804;490.0;0.9263340545505333;422.22288855572214;6.758944;0.983992;W80_NSS1_MCS5:bytes=62238,ppdus=1,airtime_us=2092|W80_NSS2_MCS5:bytes=782630,ppdus=19,airtime_us=13916;490.0;1.0;456.4088888888889;1.643072;0.9964;W80_NSS2_MCS5:bytes=205384,ppdus=4,airtime_us=3600;816.666668;0.975677966690522;401.45885634588564;4.605536;0.988528;W20_NSS1_MCS2:bytes=14002,ppdus=1,airtime_us=5164|W80_NSS2_MCS9:bytes=561690,ppdus=13,airtime_us=6308;243.75;0.8640748829953198;195.7849725106903;1.282;0.993452;W20_NSS2_MCS5:bytes=21782,ppdus=1,airtime_us=1556|W40_NSS1_MCS11:bytes=138468,ppdus=8,airtime_us=4992;306.25;0.8942063615406532;260.80303989867;9.883392;0.962104;W20_NSS1_MCS9:bytes=65350,ppdus=1,airtime_us=5420|W20_NSS2_MCS9:bytes=65350,ppdus=1,airtime_us=2740|W80_NSS1_MCS7:bytes=1104724,ppdus=18,airtime_us=29736;245.0;0.9177915832737952;212.64257566865095;10.144752;0.952292;W20_NSS2_MCS3:bytes=38898,ppdus=1,airtime_us=5380|W20_NSS2_MCS8:bytes=65350,ppdus=1,airtime_us=3044|W80_NSS2_MCS3:bytes=1163846,ppdus=21,airtime_us=39284;219.375;0.6250100429391443;201.20161652447237;1.792304;0.991092;W20_NSS2_MCS10:bytes=84012,ppdus=6,airtime_us=3432|W40_NSS1_MCS10:bytes=140026,ppdus=7,airtime_us=5476;245.0;0.8872226252678154;209.47612648966012;4.745916468361045;0.977343879;W80_NSS1_MCS3:bytes=66904,ppdus=2,airtime_us=4472|W80_NSS2_MCS3:bytes=526335.558545131,ppdus=16,airtime_us=18184.121;243.75;0.8603313441196113;161.87271142109853;4.456032;0.972472;W40_NSS1_MCS3:bytes=77796,ppdus=2,airtime_us=10744|W40_NSS1_MCS11:bytes=479208,ppdus=20,airtime_us=16784;219.375;1.0;202.80819366852887;1.306896;0.993556;W40_NSS1_MCS10:bytes=163362,ppdus=9,airtime_us=6444;183.75;0.8443780121430344;153.35832978270133;4.319184;0.971836;W80_NSS1_MCS2:bytes=84020,ppdus=2,airtime_us=7416|W80_NSS2_MCS2:bytes=455878,ppdus=15,airtime_us=20748;146.25;0.4480493464434169;154.15740939309458;5.750688;0.962696;W20_NSS1_MCS10:bytes=63792,ppdus=2,airtime_us=4760|W20_NSS2_MCS7:bytes=183600,ppdus=4,airtime_us=10272|W40_NSS1_MCS7:bytes=322074,ppdus=9,airtime_us=18092|W40_NSS2_MCS7:bytes=87132,ppdus=2,airtime_us=2504|W80_NSS1_MCS7:bytes=62238,ppdus=1,airtime_us=1676;351.0;0.502747369164489;440.40435458786936;4.53088;0.989712;W40_NSS2_MCS8:bytes=284736,ppdus=6,airtime_us=6856|W80_NSS2_MCS8:bytes=281624,ppdus=6,airtime_us=3432;735.0;0.8957102754561285;594.6116457073657;5.012957913989637;0.991569358;W40_NSS2_MCS8:bytes=65350,ppdus=1,airtime_us=1556|W80_NSS2_MCS8:bytes=561269.739248705,ppdus=13,airtime_us=6874.642;;;;;;;;;;;;;;;;;;;;;;;;;;;;;;;;;;;;;;;;;;;;;;;;;;;;;;;;;;;;
88;1;20;low;-60.0;ap_only_cochannel;ul;su;2;269.4416667;240.3398056931969;101.196752;0.3237531996655568;175.5;1.0;121.96078431372548;0.04976;0.999592;W40_NSS2_MCS4:bytes=6220,ppdus=2,airtime_us=408;219.375;1.0;208.9830258302583;3.398064;0.98374;W40_NSS1_MCS10:bytes=424758,ppdus=15,airtime_us=16260;490.0;0.9405678489102057;411.29234972677597;4.817056;0.988288;W40_NSS2_MCS5:bytes=35786,ppdus=1,airtime_us=1284|W80_NSS2_MCS5:bytes=566346,ppdus=19,airtime_us=10428;245.0;1.0;212.75213675213675;0.696976;0.996724;W80_NSS2_MCS3:bytes=87122,ppdus=7,airtime_us=3276;122.5;0.9432848076495101;109.13651591289782;4.169888;0.961792;W20_NSS2_MCS2:bytes=29562,ppdus=1,airtime_us=5444|W80_NSS2_MCS1:bytes=491674,ppdus=11,airtime_us=32764;243.75;1.0;229.3868835790544;1.804816;0.992132;W40_NSS1_MCS11:bytes=225602,ppdus=9,airtime_us=7868;234.0;1.0;226.8544180333791;12.559568;0.944636;W40_NSS2_MCS5:bytes=1569946,ppdus=29,airtime_us=55364;131.625;0.8504442492620976;127.52265352722029;4.244464;0.966716;W20_NSS2_MCS6:bytes=79348,ppdus=4,airtime_us=5056|W40_NSS1_MCS6:bytes=451210,ppdus=15,airtime_us=28228;243.75;0.9402195744740307;220.51299826689774;4.580496;0.979228;W20_NSS2_MCS7:bytes=34228,ppdus=2,airtime_us=1992|W40_NSS1_MCS11:bytes=538334,ppdus=21,airtime_us=18780;245.0;0.8417285480455349;255.57828986241242;12.111344;0.952612;W80_NSS1_MCS5:bytes=1274308,ppdus=28,airtime_us=43088|W80_NSS2_MCS5:bytes=239610,ppdus=7,airtime_us=4300;408.333334;1.0;382.9948717948718;0.298736;0.99922;W80_NSS1_MCS9:bytes=37342,ppdus=1,airtime_us=780;292.5;0.9957741120200017;271.865533801256;5.88752;0.978344;W40_NSS1_MCS7:bytes=3110,ppdus=1,airtime_us=220|W40_NSS2_MCS7:bytes=732830,ppdus=23,airtime_us=21436;219.375;0.9203654169505405;218.84759456481822;9.534752;0.956432;W20_NSS2_MCS10:bytes=32674,ppdus=1,airtime_us=1252|W40_NSS1_MCS10:bytes=1096932,ppdus=24,airtime_us=41184|W80_NSS1_MCS10:bytes=62238,ppdus=1,airtime_us=1132;245.0;0.8200982914618928;230.1887063901211;7.680016;0.966636;W20_NSS2_MCS10:bytes=172706,ppdus=5,airtime_us=6596|W80_NSS1_MCS5:bytes=787296,ppdus=20,airtime_us=26768;219.375;0.9002959081742277;163.1769952329694;4.24456;0.973988;W20_NSS1_MCS2:bytes=14002,ppdus=1,airtime_us=5164|W20_NSS1_MCS10:bytes=38898,ppdus=1,airtime_us=2892|W40_NSS1_MCS10:bytes=477670,ppdus=11,airtime_us=17956;122.5;1.0;102.59128386336867;0.3484;0.996604;W80_NSS2_MCS1:bytes=43550,ppdus=9,airtime_us=3396;490.0;0.9502366708903943;439.64378975560766;10.505728;0.976104;W80_NSS1_MCS5:bytes=65350,ppdus=1,airtime_us=2188|W80_NSS2_MCS5:bytes=1247866,ppdus=23,airtime_us=21708;551.25;0.991462664264053;414.6332574031891;1.456192;0.996488;W40_NSS2_MCS6:bytes=1554,ppdus=1,airtime_us=100|W80_NSS2_MCS6:bytes=180470,ppdus=13,airtime_us=3412;245.0;1.0;231.8463329452852;1.593248;0.993128;W80_NSS2_MCS3:bytes=199156,ppdus=6,airtime_us=6872;245.0;0.9877922470711095;227.02769230769232;11.215168;0.9506;W20_NSS2_MCS3:bytes=17114,ppdus=1,airtime_us=2404|W80_NSS2_MCS3:bytes=1384782,ppdus=29,airtime_us=46996;;;;;;;;;;;;;;;;;;;;;;;;;;;;;;;;;;;;;;;;;;;;;;;;;;;;;;;;;;;;
89;1;20;low;-60.0;ap_only_cochannel;dl;su;0;278.02192989473684;64.12528208909669;0.935472;-1242.9787234042553;183.75;1.0;86.64347826086957;0.039856;0.99954;W80_NSS1_MCS4:bytes=4982,ppdus=5,airtime_us=460;816.666668;1.0;67.52941176470588;0.004592;0.999932;W80_NSS2_MCS9:bytes=574,ppdus=1,airtime_us=68;275.625;1.0;80.07272727272728;0.035232;0.99956;W80_NSS1_MCS6:bytes=4404,ppdus=6,airtime_us=440;14.625;0.7678571428571429;9.058823529411764;0.009856;0.998912;W20_NSS2_MCS0:bytes=946,ppdus=7,airtime_us=956|W40_NSS2_MCS0:bytes=286,ppdus=1,airtime_us=132;175.5;1.0;62.18803418803419;0.029104;0.999532;W40_NSS2_MCS4:bytes=3638,ppdus=5,airtime_us=468;131.625;0.903617164682094;55.12074303405573;0.071216;0.998708;W20_NSS2_MCS6:bytes=8044,ppdus=10,airtime_us=1096|W40_NSS1_MCS6:bytes=858,ppdus=3,airtime_us=196;459.375;1.0;127.36842105263158;0.07744;0.999392;W80_NSS1_MCS10:bytes=9680,ppdus=8,airtime_us=608;122.5;1.0;59.773049645390074;0.067424;0.998872;W80_NSS2_MCS1:bytes=8428,ppdus=10,airtime_us=1128;122.5;0.8084775854416334;68.27272727272727;0.072096;0.998944;W80_NSS1_MCS1:bytes=1726,ppdus=1,airtime_us=284|W80_NSS2_MCS1:bytes=7286,ppdus=5,airtime_us=772;459.375;1.0;102.23834196891191;0.078928;0.999228;W80_NSS1_MCS10:bytes=9866,ppdus=11,airtime_us=772;263.25;1.0;98.93906810035843;0.110416;0.998884;W40_NSS2_MCS6:bytes=13802,ppdus=11,airtime_us=1116;735.0;0.8478964401294499;24.235294117647058;0.009888;0.999592;W40_NSS2_MCS8:bytes=188,ppdus=2,airtime_us=136|W80_NSS2_MCS8:bytes=1048,ppdus=4,airtime_us=272;131.625;1.0;76.89398280802293;0.107344;0.998604;W40_NSS1_MCS6:bytes=13418,ppdus=11,airtime_us=1396;243.75;0.6493646607528171;106.26751592356688;0.133472;0.998744;W20_NSS1_MCS11:bytes=5850,ppdus=3,airtime_us=532|W40_NSS1_MCS11:bytes=10834,ppdus=7,airtime_us=724;122.5;1.0;33.75609756097561;0.022144;0.999344;W80_NSS2_MCS1:bytes=2768,ppdus=8,airtime_us=656;122.5;1.0;77.72972972972973;0.011504;0.999852;W80_NSS2_MCS1:bytes=1438,ppdus=1,airtime_us=148;351.0;1.0;17.83529411764706;0.006064;0.99966;W40_NSS2_MCS8:bytes=758,ppdus=5,airtime_us=340;;;;0.0;;;367.5;0.8571428571428571;11.247863247863247;0.005264;0.999532;W80_NSS1_MCS4:bytes=94,ppdus=1,airtime_us=60|W80_NSS2_MCS4:bytes=564,ppdus=6,airtime_us=408;183.75;0.7719105243857719;53.20975609756098;0.043632;0.99918;W40_NSS2_MCS2:bytes=1244,ppdus=2,airtime_us=232|W80_NSS2_MCS2:bytes=4210,ppdus=7,airtime_us=588;;;;;;;;;;;;;;;;;;;;;;;;;;;;;;;;;;;;;;;;;;;;;;;;;;;;;;;;;;;;
89;1;20;low;-60.0;ap_only_cochannel;dl;su;1;331.9072918;85.41891834477043;1.0307520000000001;0.9181480459725873;61.25;1.0;43.74429223744292;0.03832;0.999124;W80_NSS1_MCS1:bytes=4790,ppdus=5,airtime_us=876;263.25;1.0;118.88;0.047552;0.9996;W40_NSS2_MCS6:bytes=5944,ppdus=4,airtime_us=400;612.5;1.0;182.66666666666666;0.046032000000000003;0.999748;W80_NSS2_MCS7:bytes=5754,ppdus=3,airtime_us=252;61.25;0.6513906447534766;48.30534351145038;0.050624;0.998952;W40_NSS2_MCS1:bytes=2206,ppdus=1,airtime_us=356|W80_NSS1_MCS1:bytes=4122,ppdus=3,airtime_us=692;816.666668;1.0;178.31351351351353;0.131952;0.99926;W80_NSS2_MCS9:bytes=16494,ppdus=9,airtime_us=740;183.75;0.8480845442536328;65.54112554112554;0.06056;0.999076;W20_NSS2_MCS2:bytes=1150,ppdus=1,airtime_us=276|W80_NSS2_MCS2:bytes=6420,ppdus=6,airtime_us=648;490.0;1.0;138.9724770642202;0.060592;0.999564;W80_NSS2_MCS5:bytes=7574,ppdus=5,airtime_us=436;245.0;1.0;12.533333333333333;0.002256;0.99982;W80_NSS1_MCS5:bytes=282,ppdus=3,airtime_us=180;816.666668;1.0;170.64406779661016;0.080544;0.999528;W80_NSS2_MCS9:bytes=10068,ppdus=6,airtime_us=472;243.75;1.0;98.69527896995709;0.091984;0.999068;W40_NSS1_MCS11:bytes=11498,ppdus=11,airtime_us=932;612.5;1.0;15.899159663865547;0.007568;0.999524;W80_NSS2_MCS7:bytes=946,ppdus=7,airtime_us=476;245.0;1.0;115.04;0.011504;0.9999;W80_NSS2_MCS3:bytes=1438,ppdus=1,airtime_us=100;109.6875;1.0;42.679611650485434;0.017584;0.999588;W20_NSS1_MCS10:bytes=2198,ppdus=5,airtime_us=412;122.5;1.0;49.48837209302326;0.034048;0.999312;W80_NSS1_MCS3:bytes=4256,ppdus=8,airtime_us=688;243.75;1.0;136.28070175438597;0.124288;0.999088;W40_NSS1_MCS11:bytes=15536,ppdus=8,airtime_us=912;459.375;1.0;12.533333333333333;0.001504;0.99988;W80_NSS1_MCS10:bytes=188,ppdus=2,airtime_us=120;87.75;1.0;38.86631016042781;0.029072;0.999252;W40_NSS2_MCS2:bytes=3634,ppdus=7,airtime_us=748;612.5;0.59958071278826;38.93877551020408;0.007632;0.999804;W80_NSS1_MCS7:bytes=382,ppdus=1,airtime_us=60|W80_NSS2_MCS7:bytes=572,ppdus=2,airtime_us=136;175.5;0.6855439642324889;84.40251572327044;0.10736;0.998728;W20_NSS1_MCS9:bytes=2302,ppdus=1,airtime_us=236|W20_NSS2_MCS8:bytes=9200,ppdus=8,airtime_us=896|W40_NSS1_MCS8:bytes=1918,ppdus=1,airtime_us=140;175.5;0.5864420377055756;115.95348837209302;0.079776;0.999312;W20_NSS2_MCS8:bytes=5848,ppdus=4,airtime_us=512|W80_NSS1_MCS8:bytes=2110,ppdus=1,airtime_us=92|W80_NSS2_MCS8:bytes=2014,ppdus=1,airtime_us=84;;;;;;;;;;;;;;;;;;;;;;;;;;;;;;;;;;;;;;;;;;;;;;;;;;;;;;;;;;;;
89;1;20;low;-60.0;ap_only_cochannel;dl;su;2;208.07675442105264;77.07705605285493;0.97512;0.5332531744451422;175.5;1.0;53.142857142857146;0.026784;0.999496;W40_NSS2_MCS4:bytes=3348,ppdus=6,airtime_us=504;219.375;1.0;68.0;0.020672;0.999696;W40_NSS1_MCS10:bytes=2584,ppdus=4,airtime_us=304;490.0;0.8151796060254924;147.52136752136752;0.13808;0.999064;W40_NSS2_MCS5:bytes=3190,ppdus=1,airtime_us=164|W80_NSS2_MCS5:bytes=14070,ppdus=9,airtime_us=772;245.0;1.0;81.89803921568627;0.083536;0.99898;W80_NSS2_MCS3:bytes=10442,ppdus=11,airtime_us=1020;61.25;1.0;47.054545454545455;0.020704;0.99956;W80_NSS1_MCS1:bytes=2588,ppdus=2,airtime_us=440;243.75;1.0;93.63636363636364;0.06592;0.999296;W40_NSS1_MCS11:bytes=8240,ppdus=8,airtime_us=704;245.0;1.0;173.30103806228374;0.200336;0.998844;W80_NSS1_MCS5:bytes=25042,ppdus=7,airtime_us=1156;61.25;0.7759426612651916;36.56980056980057;0.051344;0.998596;W20_NSS2_MCS1:bytes=1438,ppdus=1,airtime_us=452|W80_NSS1_MCS1:bytes=4980,ppdus=6,airtime_us=952;;;;0.0;;;234.0;0.44288696689531765;83.30434782608695;0.053648;0.999356;W40_NSS1_MCS5:bytes=958,ppdus=1,airtime_us=124|W40_NSS2_MCS5:bytes=2970,ppdus=3,airtime_us=284|W80_NSS1_MCS5:bytes=1820,ppdus=2,airtime_us=168|W80_NSS2_MCS5:bytes=958,ppdus=1,airtime_us=68;408.333334;1.0;183.47826086956522;0.05064;0.999724;W80_NSS1_MCS9:bytes=6330,ppdus=3,airtime_us=276;73.125;0.8870532703978422;37.075;0.047456;0.99872;W20_NSS1_MCS7:bytes=5262,ppdus=9,airtime_us=1036|W40_NSS2_MCS0:bytes=670,ppdus=1,airtime_us=244;219.375;1.0;34.46808510638298;0.01296;0.999624;W40_NSS1_MCS10:bytes=1620,ppdus=6,airtime_us=376;245.0;1.0;12.533333333333333;0.000752;0.99994;W80_NSS1_MCS5:bytes=94,ppdus=1,airtime_us=60;219.375;1.0;84.22695035460993;0.047504;0.999436;W40_NSS1_MCS10:bytes=5938,ppdus=7,airtime_us=564;122.5;1.0;11.058823529411764;0.002256;0.999796;W80_NSS2_MCS1:bytes=282,ppdus=3,airtime_us=204;234.0;1.0;123.74193548387096;0.061376;0.999504;W40_NSS2_MCS5:bytes=7672,ppdus=4,airtime_us=496;275.625;1.0;86.69473684210526;0.032944;0.99962;W80_NSS1_MCS6:bytes=4118,ppdus=5,airtime_us=380;122.5;1.0;70.06451612903226;0.026064;0.999628;W80_NSS1_MCS3:bytes=3258,ppdus=3,airtime_us=372;58.5;0.8571428571428571;36.694063926940636;0.032144;0.999124;W40_NSS1_MCS3:bytes=3444,ppdus=6,airtime_us=776|W40_NSS2_MCS3:bytes=574,ppdus=1,airtime_us=100;;;;;;;;;;;;;;;;;;;;;;;;;;;;;;;;;;;;;;;;;;;;;;;;;;;;;;;;;;;;
90;1;20;low;-60.0;ap_only_cochannel;ul_dl;su;0;253.59791669999998;177.5839899207301;16.728448;0.5925435319820405;87.75;1.0;82.22276923076923;1.068896;0.987;W20_NSS2_MCS4:bytes=133612,ppdus=14,airtime_us=13000;408.333334;0.7704428264766415;292.0;0.722992;0.997524;W40_NSS1_MCS9:bytes=20746,ppdus=1,airtime_us=908|W80_NSS1_MCS9:bytes=69628,ppdus=4,airtime_us=1568;551.25;1.0;346.97949886104783;0.609296;0.998244;W80_NSS2_MCS6:bytes=76162,ppdus=11,airtime_us=1756;30.625;0.6471460340993328;19.48014440433213;0.021584;0.998892;W20_NSS1_MCS7:bytes=382,ppdus=1,airtime_us=92|W20_NSS2_MCS0:bytes=570,ppdus=3,airtime_us=508|W80_NSS1_MCS0:bytes=1746,ppdus=1,airtime_us=508;367.5;1.0;322.2026666666667;1.933216;0.994;W80_NSS2_MCS4:bytes=241652,ppdus=12,airtime_us=6000;263.25;0.8328205879480418;221.98373983739836;0.655296;0.997048;W40_NSS2_MCS6:bytes=68218,ppdus=7,airtime_us=2508|W80_NSS1_MCS6:bytes=13694,ppdus=1,airtime_us=444;219.375;0.75;11.393939393939394;0.003008;0.999736;W20_NSS2_MCS10:bytes=282,ppdus=3,airtime_us=204|W40_NSS1_MCS10:bytes=94,ppdus=1,airtime_us=60;58.5;0.9760019792182089;52.64544138929088;0.582048;0.988944;W40_NSS1_MCS1:bytes=1746,ppdus=1,airtime_us=524|W40_NSS2_MCS1:bytes=71010,ppdus=13,airtime_us=10532;122.5;1.0;115.73677634319034;1.111536;0.990396;W80_NSS2_MCS1:bytes=138942,ppdus=9,airtime_us=9604;459.375;0.46565828059885783;252.8390243902439;1.243968;0.99508;W20_NSS2_MCS10:bytes=22066,ppdus=3,airtime_us=972|W40_NSS1_MCS10:bytes=61022,ppdus=3,airtime_us=2372|W80_NSS1_MCS10:bytes=72408,ppdus=6,airtime_us=1576;551.25;0.88703125366896;351.23298969072164;0.681392;0.99806;W40_NSS2_MCS6:bytes=9622,ppdus=1,airtime_us=356|W80_NSS2_MCS6:bytes=75552,ppdus=8,airtime_us=1584;351.0;1.0;329.6482939632546;3.516688;0.989332;W40_NSS2_MCS8:bytes=439586,ppdus=11,airtime_us=10668;263.25;0.9166189111747851;151.7391304347826;0.16752;0.998896;W40_NSS2_MCS6:bytes=19194,ppdus=7,airtime_us=1020|W80_NSS2_MCS6:bytes=1746,ppdus=1,airtime_us=84;243.75;0.981010101010101;119.27710843373494;0.0792;0.999336;W20_NSS2_MCS11:bytes=188,ppdus=2,airtime_us=136|W40_NSS1_MCS11:bytes=9712,ppdus=4,airtime_us=528;58.5;1.0;38.325581395348834;0.013184;0.999656;W40_NSS2_MCS1:bytes=1648,ppdus=2,airtime_us=344;29.25;0.5981524249422633;21.208163265306123;0.020784;0.99902;W20_NSS2_MCS1:bytes=1554,ppdus=1,airtime_us=484|W40_NSS1_MCS1:bytes=94,ppdus=1,airtime_us=76|W40_NSS2_MCS1:bytes=950,ppdus=5,airtime_us=420;367.5;1.0;320.663829787234;0.904272;0.99718;W80_NSS1_MCS8:bytes=113034,ppdus=7,airtime_us=2820;87.75;0.5060423067415334;115.08636456004876;2.26536;0.980316;W40_NSS1_MCS4:bytes=143296,ppdus=4,airtime_us=13264|W40_NSS2_MCS4:bytes=32866,ppdus=1,airtime_us=1556|W80_NSS1_MCS4:bytes=107008,ppdus=4,airtime_us=4864;367.5;1.0;309.2931242460796;1.025616;0.996684;W80_NSS2_MCS4:bytes=128202,ppdus=9,airtime_us=3316;183.75;0.8713349968808484;77.72121212121212;0.102592;0.99868;W20_NSS1_MCS2:bytes=1650,ppdus=1,airtime_us=652|W80_NSS2_MCS2:bytes=11174,ppdus=3,airtime_us=668;;;;;;;;;;;;;;;;;;;;;;;;;;;;;;;;;;;;;;;;;;;;;;;;;;;;;;;;;;;;
90;1;20;low;-60.0;ap_only_cochannel;ul_dl;su;1;323.0520834;198.41290430348994;17.430336;0.7526460543676614;29.25;0.9706433479075578;23.806691449814128;0.025616;0.998924;W20_NSS1_MCS1:bytes=94,ppdus=1,airtime_us=108|W20_NSS2_MCS1:bytes=3108,ppdus=2,airtime_us=968;275.625;0.9270430107526881;212.57142857142858;0.8928;0.9958;W40_NSS1_MCS6:bytes=8142,ppdus=1,airtime_us=540|W80_NSS1_MCS6:bytes=103458,ppdus=13,airtime_us=3660;612.5;1.0;331.030303030303;0.393264;0.998812;W80_NSS2_MCS7:bytes=49158,ppdus=9,airtime_us=1188;58.5;0.8222598198362979;45.3008803728638;0.349904;0.992276;W20_NSS2_MCS1:bytes=7774,ppdus=3,airtime_us=2316|W40_NSS2_MCS1:bytes=35964,ppdus=8,airtime_us=5408;390.0;1.0;308.04812030075186;0.819408;0.99734;W40_NSS2_MCS9:bytes=102426,ppdus=9,airtime_us=2660;87.75;0.9118646811265781;77.61306532663316;0.98848;0.987264;W20_NSS2_MCS2:bytes=10890,ppdus=1,airtime_us=2052|W40_NSS2_MCS2:bytes=112670,ppdus=7,airtime_us=10684;490.0;0.724098816280744;320.25201072386056;3.822528;0.988064;W20_NSS2_MCS6:bytes=38898,ppdus=1,airtime_us=2420|W40_NSS2_MCS5:bytes=92932,ppdus=2,airtime_us=3304|W80_NSS2_MCS5:bytes=345986,ppdus=9,airtime_us=6212;490.0;1.0;326.9268292682927;0.053616;0.999836;W80_NSS2_MCS5:bytes=6702,ppdus=1,airtime_us=164;816.666668;1.0;245.47368421052633;0.037312;0.999848;W80_NSS2_MCS9:bytes=4664,ppdus=2,airtime_us=152;243.75;1.0;199.46997140133462;0.836976;0.995804;W40_NSS1_MCS11:bytes=104622,ppdus=15,airtime_us=4196;292.5;0.954914430484463;252.0;0.309456;0.998772;W20_NSS2_MCS7:bytes=94,ppdus=1,airtime_us=68|W40_NSS2_MCS7:bytes=36938,ppdus=1,airtime_us=1076|W80_NSS2_MCS7:bytes=1650,ppdus=1,airtime_us=84;245.0;0.932069372242366;180.59960552268245;0.732512;0.995944;W40_NSS2_MCS3:bytes=6220,ppdus=2,airtime_us=552|W80_NSS2_MCS3:bytes=85344,ppdus=12,airtime_us=3504;29.25;1.0;27.258304412493803;0.21992;0.991932;W40_NSS2_MCS0:bytes=27490,ppdus=9,airtime_us=8068;117.0;1.0;112.36500268384326;1.674688;0.985096;W40_NSS2_MCS3:bytes=209336,ppdus=10,airtime_us=14904;243.75;1.0;219.4822695035461;0.990304;0.995488;W40_NSS1_MCS11:bytes=123788,ppdus=8,airtime_us=4512;219.375;1.0;163.2611464968153;0.205056;0.998744;W40_NSS1_MCS10:bytes=25632,ppdus=6,airtime_us=1256;43.875;1.0;40.46140503035559;0.186608;0.995388;W40_NSS1_MCS2:bytes=23326,ppdus=7,airtime_us=4612;306.25;1.0;126.45045045045045;0.056144;0.999556;W80_NSS1_MCS7:bytes=7018,ppdus=5,airtime_us=444;735.0;0.7423326458199979;415.2354388843314;2.024688;0.995124;W40_NSS1_MCS8:bytes=34210,ppdus=1,airtime_us=1612|W40_NSS2_MCS8:bytes=31002,ppdus=1,airtime_us=772|W80_NSS2_MCS8:bytes=187874,ppdus=7,airtime_us=2492;735.0;0.861967886801259;340.65147842947164;2.811056;0.991748;W20_NSS1_MCS8:bytes=48502,ppdus=1,airtime_us=4476|W80_NSS2_MCS8:bytes=302880,ppdus=8,airtime_us=3776;;;;;;;;;;;;;;;;;;;;;;;;;;;;;;;;;;;;;;;;;;;;;;;;;;;;;;;;;;;;
90;1;20;low;-60.0;ap_only_cochannel;ul_dl;su;2;187.4541667;131.58290970992425;17.713664;0.6950764289229883;367.5;0.7280845500911417;101.46847267631948;0.868976;0.991436;W20_NSS1_MCS2:bytes=12734,ppdus=1,airtime_us=4700|W20_NSS1_MCS4:bytes=5050,ppdus=1,airtime_us=972|W40_NSS2_MCS4:bytes=11752,ppdus=2,airtime_us=664|W80_NSS2_MCS4:bytes=79086,ppdus=9,airtime_us=2228;219.375;1.0;203.84679832435668;1.362512;0.993316;W40_NSS1_MCS10:bytes=170314,ppdus=9,airtime_us=6684;234.0;0.6527355623100304;153.59151193633951;0.463232;0.996984;W40_NSS1_MCS5:bytes=20108,ppdus=2,airtime_us=1480|W40_NSS2_MCS5:bytes=37796,ppdus=4,airtime_us=1536;73.125;0.41520427591585807;102.39107457428068;0.697488;0.993188;W20_NSS1_MCS7:bytes=36200,ppdus=4,airtime_us=4160|W80_NSS1_MCS3:bytes=17784,ppdus=2,airtime_us=1256|W80_NSS2_MCS3:bytes=33202,ppdus=5,airtime_us=1396;58.5;0.931224574022758;49.055676066522054;0.542752;0.988936;W20_NSS1_MCS2:bytes=4666,ppdus=1,airtime_us=1756|W40_NSS2_MCS1:bytes=63178,ppdus=11,airtime_us=9308;121.875;0.5300770772749089;155.24435678281833;2.83352;0.981748;W20_NSS1_MCS11:bytes=187748,ppdus=4,airtime_us=12528|W40_NSS1_MCS11:bytes=166442,ppdus=5,airtime_us=5724;234.0;1.0;188.42748091603053;0.296208;0.998428;W40_NSS2_MCS5:bytes=37026,ppdus=5,airtime_us=1572;58.5;0.6993686868686869;29.171270718232044;0.12672;0.995656;W20_NSS1_MCS1:bytes=4762,ppdus=1,airtime_us=2652|W40_NSS2_MCS1:bytes=11078,ppdus=3,airtime_us=1692;121.875;0.8134321434370143;122.13314447592067;1.379616;0.988704;W20_NSS1_MCS11:bytes=140278,ppdus=5,airtime_us=9468|W20_NSS2_MCS7:bytes=32174,ppdus=1,airtime_us=1828;117.0;0.8070653380909374;107.48518002784961;4.322624;0.959784;W20_NSS1_MCS5:bytes=38898,ppdus=1,airtime_us=5372|W20_NSS2_MCS5:bytes=436080,ppdus=8,airtime_us=30320|W40_NSS1_MCS5:bytes=65350,ppdus=1,airtime_us=4524;408.333334;0.7938300372428352;111.6420233463035;0.803376;0.992804;W20_NSS1_MCS0:bytes=4666,ppdus=1,airtime_us=5164|W80_NSS1_MCS9:bytes=79718,ppdus=5,airtime_us=1820|W80_NSS2_MCS9:bytes=16038,ppdus=1,airtime_us=212;14.625;1.0;14.041297935103245;0.03808;0.997288;W40_NSS1_MCS0:bytes=4760,ppdus=2,airtime_us=2712;219.375;1.0;182.457399103139;0.325504;0.998216;W40_NSS1_MCS10:bytes=40688,ppdus=6,airtime_us=1784;234.0;0.645107625449854;197.6778523489933;0.471264;0.997616;W40_NSS2_MCS5:bytes=38002,ppdus=9,airtime_us=1844|W80_NSS2_MCS5:bytes=20906,ppdus=3,airtime_us=540;219.375;1.0;187.4102079395085;0.39656;0.997884;W20_NSS2_MCS10:bytes=49570,ppdus=5,airtime_us=2116;58.5;0.7342339878575727;31.50883239982766;0.585056;0.981432;W20_NSS1_MCS1:bytes=19436,ppdus=2,airtime_us=10744|W40_NSS2_MCS1:bytes=53696,ppdus=8,airtime_us=7824;490.0;1.0;258.4516129032258;0.128192;0.999504;W80_NSS2_MCS5:bytes=16024,ppdus=4,airtime_us=496;131.625;0.5414317556050872;131.5;0.244064;0.998144;W20_NSS2_MCS6:bytes=16518,ppdus=1,airtime_us=1060|W40_NSS2_MCS6:bytes=13990,ppdus=7,airtime_us=796;122.5;0.5146941312261387;74.71310116086235;0.360416;0.995176;W40_NSS1_MCS3:bytes=21864,ppdus=2,airtime_us=3096|W80_NSS1_MCS3:bytes=23188,ppdus=4,airtime_us=1728;245.0;1.0;229.4409005628518;1.467504;0.993604;W80_NSS2_MCS3:bytes=183438,ppdus=7,airtime_us=6396;;;;;;;;;;;;;;;;;;;;;;;;;;;;;;;;;;;;;;;;;;;;;;;;;;;;;;;;;;;;
91;1;25;high;-41.5;isolated;ul;su;0;485.6416668;408.383088123707;238.781424;0.5059383788814791;367.5;0.9713310047177717;336.57674418604654;18.235728;0.94582;W20_NSS2_MCS6:bytes=65350,ppdus=1,airtime_us=4036|W80_NSS2_MCS4:bytes=2214116,ppdus=36,airtime_us=50144;816.666668;1.0;730.5441310282075;12.845888;0.982416;W80_NSS2_MCS9:bytes=1605736,ppdus=28,airtime_us=17584;551.25;1.0;510.72012027060885;8.153136;0.984036;W80_NSS2_MCS6:bytes=1019142,ppdus=19,airtime_us=15964;146.25;1.0;142.77362573943154;3.958256;0.972276;W40_NSS1_MCS7:bytes=494782,ppdus=13,airtime_us=27724;367.5;1.0;354.1079132701159;25.542512;0.927868;W80_NSS2_MCS4:bytes=3192814,ppdus=49,airtime_us=72132;551.25;1.0;511.7724450411143;12.198608;0.976164;W80_NSS2_MCS6:bytes=1524826,ppdus=27,airtime_us=23836;918.75;1.0;832.0482269503547;18.771008;0.97744;W80_NSS2_MCS10:bytes=2346376,ppdus=36,airtime_us=22560;122.5;1.0;120.28408351997687;6.659408;0.944636;W80_NSS2_MCS1:bytes=832426,ppdus=17,airtime_us=55364;122.5;1.0;120.72366396009129;9.099184;0.924628;W80_NSS2_MCS1:bytes=1137398,ppdus=19,airtime_us=75372;918.75;1.0;824.0592383638929;9.348128;0.988656;W80_NSS2_MCS10:bytes=1168516,ppdus=20,airtime_us=11344;551.25;0.9935911591284372;478.56309148264984;9.709088;0.979712;W20_NSS1_MCS4:bytes=7778,ppdus=1,airtime_us=1468|W80_NSS2_MCS6:bytes=1205858,ppdus=21,airtime_us=18820;735.0;1.0;655.7333333333333;7.829456;0.98806;W80_NSS2_MCS8:bytes=978682,ppdus=21,airtime_us=11940;551.25;1.0;512.5681337689795;10.667568;0.979188;W80_NSS2_MCS6:bytes=1333446,ppdus=23,airtime_us=20812;1020.833334;1.0;885.1591111111111;3.983216;0.9955;W80_NSS2_MCS11:bytes=497902,ppdus=9,airtime_us=4500;122.5;1.0;120.54897620365246;3.485312;0.971088;W80_NSS2_MCS1:bytes=435664,ppdus=8,airtime_us=28912;122.5;1.0;120.50580070985856;9.099152;0.924492;W80_NSS2_MCS1:bytes=1137394,ppdus=21,airtime_us=75508;735.0;0.9711320956356015;513.3135238095238;10.779584;0.979;W20_NSS1_MCS5:bytes=38898,ppdus=1,airtime_us=5372|W80_NSS2_MCS8:bytes=1308550,ppdus=23,airtime_us=15628;367.5;0.5950411247765823;252.58225725306053;6.024592;0.976148;W80_NSS1_MCS4:bytes=304964,ppdus=6,airtime_us=13576|W80_NSS2_MCS4:bytes=448110,ppdus=9,airtime_us=10276;367.5;1.0;351.07162089391494;10.43104;0.970288;W80_NSS2_MCS4:bytes=1303880,ppdus=24,airtime_us=29712;183.75;1.0;179.72487781618787;12.061696;0.932888;W80_NSS2_MCS2:bytes=1507712,ppdus=26,airtime_us=67112;612.5;1.0;569.9963824912577;18.90792;0.966828;W80_NSS2_MCS7:bytes=2363490,ppdus=37,airtime_us=33172;91.875;1.0;83.39393939393939;0.286208;0.996568;W80_NSS1_MCS2:bytes=35776,ppdus=6,airtime_us=3432;816.666668;0.9511042448497972;503.1706197398623;7.891728;0.984316;W20_NSS1_MCS7:bytes=48234,ppdus=1,airtime_us=5324|W80_NSS2_MCS9:bytes=938232,ppdus=18,airtime_us=10360;918.75;1.0;439.2;0.298656;0.99932;W80_NSS2_MCS10:bytes=37332,ppdus=6,airtime_us=680;61.25;1.0;60.43534275550428;2.514352;0.958396;W80_NSS2_MCS0:bytes=314294,ppdus=9,airtime_us=41604;;;;;;;;;;;;;;;;;;;;;;;;;;;;;;
91;1;25;high;-41.5;isolated;ul;su;1;596.8437501666667;515.506483384128;259.20075235724136;0.4685273841044113;183.75;0.9959494572322527;179.0116985278738;12.288723475862069;0.9313524;W20_NSS1_MCS11:bytes=6222,ppdus=1,airtime_us=460|W80_NSS2_MCS2:bytes=1529868.43448276,ppdus=28,airtime_us=68187.6;490.0;1.0;451.13650793650794;3.410592;0.99244;W80_NSS2_MCS5:bytes=426324,ppdus=10,airtime_us=7560;490.0;1.0;457.5371074214843;9.148912;0.980004;W80_NSS2_MCS5:bytes=1143614,ppdus=23,airtime_us=19996;816.666668;1.0;723.6207584830339;11.601088;0.983968;W80_NSS2_MCS9:bytes=1450136,ppdus=28,airtime_us=16032;1020.833334;1.0;892.6462427745664;24.708448;0.97232;W80_NSS2_MCS11:bytes=3088556,ppdus=52,airtime_us=27680;612.5;1.0;414.84444444444443;0.074672;0.99982;W80_NSS2_MCS7:bytes=9334,ppdus=1,airtime_us=180;245.0;1.0;237.31309724564363;10.13232;0.957304;W80_NSS2_MCS3:bytes=1266540,ppdus=22,airtime_us=42696;61.25;1.0;60.07040454222853;1.692784;0.97182;W80_NSS2_MCS0:bytes=211598,ppdus=9,airtime_us=28180;122.5;1.0;120.50638602227444;4.717584;0.960852;W80_NSS1_MCS3:bytes=589698,ppdus=13,airtime_us=39148;1020.833334;1.0;883.3933399274646;10.717328;0.987868;W80_NSS2_MCS11:bytes=1339666,ppdus=25,airtime_us=12132;918.75;1.0;812.6472868217054;6.709216;0.991744;W80_NSS2_MCS10:bytes=838652,ppdus=16,airtime_us=8256;;;;0.0;;;612.5;0.9662653550477299;493.1011836578847;10.331456;0.979048;W20_NSS1_MCS10:bytes=43566,ppdus=1,airtime_us=3228|W80_NSS2_MCS7:bytes=1247866,ppdus=23,airtime_us=17724;735.0;1.0;672.3961720281333;23.326768;0.965308;W80_NSS2_MCS8:bytes=2915846,ppdus=49,airtime_us=34692;735.0;0.9550799213090955;540.719568853373;11.638448;0.978476;W20_NSS1_MCS10:bytes=65350,ppdus=1,airtime_us=4812|W80_NSS2_MCS8:bytes=1389456,ppdus=26,airtime_us=16712;367.5;1.0;352.5273927392739;17.090528;0.95152;W80_NSS2_MCS4:bytes=2136316,ppdus=36,airtime_us=48480;183.75;1.0;179.99375260308204;13.82928;0.923168;W80_NSS2_MCS2:bytes=1728660,ppdus=28,airtime_us=76832;918.75;1.0;819.4872118724345;10.381264;0.987332;W80_NSS2_MCS10:bytes=1297658,ppdus=23,airtime_us=12668;1020.833334;1.0;896.584777663566;23.97642888137931;0.973258046;W80_NSS2_MCS11:bytes=2997053.61017241,ppdus=49,airtime_us=26741.954;1020.833334;1.0;887.7261410788382;3.423072;0.996144;W80_NSS2_MCS11:bytes=427884,ppdus=8,airtime_us=3856;918.75;0.9922488945180941;639.4520353982301;14.451616;0.9774;W20_NSS1_MCS2:bytes=14002,ppdus=1,airtime_us=5164|W80_NSS2_MCS10:bytes=1792450,ppdus=31,airtime_us=17436;918.75;1.0;814.2453598913536;7.194672;0.991164;W80_NSS2_MCS10:bytes=899334,ppdus=17,airtime_us=8836;175.5;1.0;169.45544554455446;1.09536;0.993536;W40_NSS1_MCS8:bytes=136920,ppdus=4,airtime_us=6464;122.5;0.9901199496004465;118.71724165294503;23.93672;0.798372;W40_NSS1_MCS2:bytes=29562,ppdus=1,airtime_us=5436|W80_NSS2_MCS1:bytes=2962528,ppdus=48,airtime_us=196192;612.5;1.0;555.0220440881764;3.323472;0.994012;W80_NSS2_MCS7:bytes=415434,ppdus=9,airtime_us=5988;;;;;;;;;;;;;;;;;;;;;;;;;;;;;;
91;1;25;high;-41.5;isolated;ul;su;2;441.3478261304348;382.9418157148283;204.80371642451195;0.5812351272126417;;;;0.0;;;292.5;1.0;283.0011413838816;26.64213242451193;0.905858569;W40_NSS2_MCS7:bytes=3330266.55306399,ppdus=54,airtime_us=94141.431;918.75;1.0;796.311320754717;2.701088;0.996608;W80_NSS2_MCS10:bytes=337636,ppdus=8,airtime_us=3392;490.0;0.5105375489549749;314.80028429282163;5.315088;0.983116;W80_NSS1_MCS5:bytes=325192,ppdus=6,airtime_us=10936|W80_NSS2_MCS5:bytes=339194,ppdus=7,airtime_us=5948;918.75;1.0;811.572192513369;7.891728;0.990276;W80_NSS2_MCS10:bytes=986466,ppdus=19,airtime_us=9724;122.5;1.0;120.85591064912087;21.858;0.81914;W80_NSS2_MCS1:bytes=2732250,ppdus=43,airtime_us=180860;490.0;1.0;464.35744680851064;6.54744;0.9859;W80_NSS2_MCS5:bytes=818430,ppdus=13,airtime_us=14100;275.625;1.0;246.30079155672823;0.746784;0.996968;W80_NSS1_MCS6:bytes=93348,ppdus=6,airtime_us=3032;245.0;1.0;236.50599336903852;7.41872;0.968632;W80_NSS2_MCS3:bytes=927340,ppdus=18,airtime_us=31368;245.0;0.9748351868395921;236.27331453007005;20.77504;0.912072;W20_NSS2_MCS9:bytes=65350,ppdus=1,airtime_us=2740|W80_NSS2_MCS3:bytes=2531530,ppdus=41,airtime_us=85188;122.5;1.0;120.70100269014429;9.870928;0.91822;W80_NSS2_MCS1:bytes=1233866,ppdus=21,airtime_us=81780;61.25;1.0;60.223480007303266;1.319376;0.978092;W80_NSS1_MCS1:bytes=164922,ppdus=7,airtime_us=21908;122.5;1.0;117.47415730337079;1.04552;0.9911;W80_NSS1_MCS3:bytes=130690,ppdus=7,airtime_us=8900;459.375;1.0;400.36482084690556;0.983296;0.997544;W80_NSS1_MCS10:bytes=122912,ppdus=6,airtime_us=2456;918.75;1.0;795.3570996978852;5.265264;0.99338;W80_NSS2_MCS10:bytes=658158,ppdus=15,airtime_us=6620;551.25;0.9896737411034883;438.94440398154893;14.464096;0.967048;W20_NSS2_MCS1:bytes=18670,ppdus=1,airtime_us=5172|W80_NSS2_MCS6:bytes=1789342,ppdus=29,airtime_us=27780;;;;0.0;;;551.25;0.9731971549200344;499.6770160877139;19.505392;0.960964;W20_NSS2_MCS11:bytes=65350,ppdus=1,airtime_us=2212|W80_NSS2_MCS6:bytes=2372824,ppdus=38,airtime_us=36824;612.5;1.0;567.5710761055228;11.962128;0.978924;W80_NSS2_MCS7:bytes=1495266,ppdus=25,airtime_us=21076;1020.833334;1.0;854.1546391752578;2.651296;0.996896;W80_NSS2_MCS11:bytes=331412,ppdus=8,airtime_us=3104;58.5;1.0;57.868591793840814;5.066048;0.912456;W40_NSS1_MCS3:bytes=633256,ppdus=18,airtime_us=87544;510.416667;1.0;298.03592814371257;0.199088;0.999332;W80_NSS1_MCS11:bytes=24886,ppdus=5,airtime_us=668;122.5;1.0;111.21361702127659;0.522704;0.9953;W80_NSS2_MCS1:bytes=65338,ppdus=7,airtime_us=4700;490.0;1.0;459.88795986622074;8.800416;0.980864;W80_NSS2_MCS5:bytes=1100052,ppdus=20,airtime_us=19136;551.25;1.0;516.2095728620905;23.252144;0.954956;W80_NSS2_MCS6:bytes=2906518,ppdus=45,airtime_us=45044;;;;;;;;;;;;;;;;;;;;;;;;;;;;;;
92;1;25;high;-41.5;isolated;dl;su;0;651.70000024;79.96132959186944;4.2060319999999995;0.7333150049557633;551.25;0.973099634454963;85.18163672654691;0.170704;0.997996;W20_NSS1_MCS3:bytes=574,ppdus=1,airtime_us=204|W80_NSS2_MCS6:bytes=20764,ppdus=26,airtime_us=1800;816.666668;0.970747467691233;80.36491228070176;0.183232;0.99772;W20_NSS1_MCS1:bytes=670,ppdus=1,airtime_us=412|W80_NSS2_MCS9:bytes=22234,ppdus=27,airtime_us=1868;816.666668;0.975230862173125;89.99611650485437;0.185392;0.99794;W20_NSS1_MCS5:bytes=574,ppdus=1,airtime_us=124|W80_NSS2_MCS9:bytes=22600,ppdus=28,airtime_us=1936;612.5;0.9666927558918167;88.28406909788868;0.183984;0.997916;W20_NSS2_MCS5:bytes=766,ppdus=1,airtime_us=116|W80_NSS2_MCS7:bytes=22232,ppdus=28,airtime_us=1968;551.25;0.9228616733513665;84.25147347740668;0.171536;0.997964;W20_NSS1_MCS7:bytes=1654,ppdus=1,airtime_us=236|W80_NSS2_MCS6:bytes=19788,ppdus=26,airtime_us=1800;918.75;0.9087688219663419;83.8020618556701;0.162576;0.99806;W20_NSS1_MCS11:bytes=1854,ppdus=1,airtime_us=172|W80_NSS2_MCS10:bytes=18468,ppdus=26,airtime_us=1768;918.75;0.9247941735275491;52.19834710743802;0.101056;0.998064;W20_NSS2_MCS8:bytes=950,ppdus=1,airtime_us=100|W80_NSS2_MCS10:bytes=11682,ppdus=27,airtime_us=1836;245.0;0.9681800911854104;68.14239482200647;0.168448;0.997528;W20_NSS1_MCS4:bytes=670,ppdus=1,airtime_us=172|W80_NSS2_MCS3:bytes=20386,ppdus=27,airtime_us=2300;551.25;0.9598995161890584;79.91078066914498;0.171968;0.997848;W20_NSS1_MCS3:bytes=862,ppdus=1,airtime_us=284|W80_NSS2_MCS6:bytes=20634,ppdus=27,airtime_us=1868;918.75;0.9695232896652111;89.00404858299595;0.175872;0.998024;W20_NSS1_MCS6:bytes=670,ppdus=1,airtime_us=140|W80_NSS2_MCS10:bytes=21314,ppdus=27,airtime_us=1836;551.25;0.9686094452773614;87.11836734693877;0.170752;0.99804;W20_NSS1_MCS10:bytes=670,ppdus=1,airtime_us=108|W80_NSS2_MCS6:bytes=20674,ppdus=27,airtime_us=1852;816.666668;0.9632879045996593;96.62551440329219;0.18784;0.998056;W20_NSS1_MCS11:bytes=862,ppdus=1,airtime_us=108|W80_NSS2_MCS9:bytes=22618,ppdus=27,airtime_us=1836;918.75;0.9685888420065635;90.9594882729211;0.17064;0.998124;W20_NSS1_MCS11:bytes=670,ppdus=1,airtime_us=92|W80_NSS2_MCS10:bytes=20660,ppdus=26,airtime_us=1784;1020.833334;0.969841555635578;85.77606177606178;0.177728;0.997928;W20_NSS1_MCS3:bytes=670,ppdus=1,airtime_us=236|W80_NSS2_MCS11:bytes=21546,ppdus=27,airtime_us=1836;490.0;0.9612410071942447;86.53696498054475;0.17792;0.997944;W20_NSS1_MCS6:bytes=862,ppdus=1,airtime_us=156|W80_NSS2_MCS5:bytes=21378,ppdus=27,airtime_us=1900;183.75;0.9670826373194458;64.30963665086888;0.162832;0.997468;W20_NSS1_MCS8:bytes=670,ppdus=1,airtime_us=108|W80_NSS2_MCS2:bytes=19684,ppdus=26,airtime_us=2424;735.0;0.9509976057462091;50.42253521126761;0.10024;0.998012;W40_NSS1_MCS1:bytes=614,ppdus=1,airtime_us=220|W80_NSS2_MCS8:bytes=11916,ppdus=26,airtime_us=1768;551.25;0.9512389380530973;90.0398406374502;0.1808;0.997992;W20_NSS1_MCS9:bytes=1102,ppdus=1,airtime_us=140|W80_NSS2_MCS6:bytes=21498,ppdus=27,airtime_us=1868;735.0;0.9762920345203849;76.80761904761904;0.161296;0.9979;W20_NSS1_MCS1:bytes=478,ppdus=1,airtime_us=316|W80_NSS2_MCS8:bytes=19684,ppdus=26,airtime_us=1784;245.0;0.9691528545119705;71.68316831683168;0.17376;0.997576;W20_NSS1_MCS9:bytes=670,ppdus=1,airtime_us=108|W80_NSS2_MCS3:bytes=21050,ppdus=27,airtime_us=2316;612.5;0.9653707052441229;75.23809523809524;0.17696;0.997648;W20_NSS2_MCS0:bytes=766,ppdus=1,airtime_us=484|W80_NSS2_MCS7:bytes=21354,ppdus=27,airtime_us=1868;551.25;0.9650547445255474;85.96078431372548;0.17536;0.99796;W20_NSS1_MCS7:bytes=766,ppdus=1,airtime_us=140|W80_NSS2_MCS6:bytes=21154,ppdus=27,airtime_us=1900;816.666668;0.9772986322188449;77.98518518518519;0.168448;0.99784;W20_NSS2_MCS0:bytes=478,ppdus=1,airtime_us=324|W80_NSS2_MCS9:bytes=20578,ppdus=27,airtime_us=1836;918.75;0.9729755178907721;86.6938775510204;0.16992;0.99804;W20_NSS1_MCS5:bytes=574,ppdus=1,airtime_us=124|W80_NSS2_MCS10:bytes=20666,ppdus=27,airtime_us=1836;245.0;0.9436097031136857;71.74025974025975;0.176768;0.997536;W20_NSS2_MCS7:bytes=1246,ppdus=1,airtime_us=132|W80_NSS2_MCS3:bytes=20850,ppdus=27,airtime_us=2332;;;;;;;;;;;;;;;;;;;;;;;;;;;;;;
92;1;25;high;-41.5;isolated;dl;su;1;793.80000048;80.13882977817174;4.545568;0.70794466021214;1020.833334;0.9364218388760448;82.99630996309963;0.179936;0.997832;W20_NSS2_MCS4:bytes=1430,ppdus=1,airtime_us=196|W80_NSS2_MCS11:bytes=21062,ppdus=29,airtime_us=1972;551.25;0.9700625558534406;83.82022471910112;0.17904;0.997864;W20_NSS2_MCS7:bytes=670,ppdus=1,airtime_us=100|W80_NSS2_MCS6:bytes=21710,ppdus=29,airtime_us=2036;816.666668;0.9741091802703177;87.98455598455598;0.182304;0.997928;W20_NSS2_MCS10:bytes=590,ppdus=1,airtime_us=84|W80_NSS2_MCS9:bytes=22198,ppdus=29,airtime_us=1988;816.666668;0.9660641502746766;87.15057915057915;0.180576;0.997928;W20_NSS2_MCS6:bytes=766,ppdus=1,airtime_us=100|W80_NSS2_MCS9:bytes=21806,ppdus=29,airtime_us=1972;1020.833334;0.9681972321510403;74.86106346483704;0.174576;0.997668;W40_NSS1_MCS0:bytes=694,ppdus=1,airtime_us=428|W80_NSS2_MCS11:bytes=21128,ppdus=28,airtime_us=1904;816.666668;0.966526830973606;87.34351145038168;0.183072;0.997904;W20_NSS1_MCS8:bytes=766,ppdus=1,airtime_us=124|W80_NSS2_MCS9:bytes=22118,ppdus=29,airtime_us=1972;735.0;0.9639782699540326;73.29249617151608;0.19144;0.997388;W40_NSS1_MCS0:bytes=862,ppdus=1,airtime_us=524|W80_NSS2_MCS8:bytes=23068,ppdus=30,airtime_us=2088;918.75;0.9698795180722891;80.59420289855072;0.177952;0.997792;W40_NSS1_MCS1:bytes=670,ppdus=1,airtime_us=236|W80_NSS2_MCS10:bytes=21574,ppdus=29,airtime_us=1972;367.5;0.9655017114033507;77.36585365853658;0.177632;0.997704;W20_NSS2_MCS2:bytes=766,ppdus=1,airtime_us=196|W80_NSS2_MCS4:bytes=21438,ppdus=29,airtime_us=2100;1020.833334;0.9522793238859485;70.9939393939394;0.187424;0.99736;W40_NSS1_MCS0:bytes=1118,ppdus=1,airtime_us=668|W80_NSS2_MCS11:bytes=22310,ppdus=29,airtime_us=1972;1020.833334;0.9745702640439483;87.82879377431907;0.180576;0.997944;W20_NSS2_MCS8:bytes=574,ppdus=1,airtime_us=84|W80_NSS2_MCS11:bytes=21998,ppdus=29,airtime_us=1972;245.0;0.9474469205123706;70.14153846153846;0.182368;0.9974;W20_NSS2_MCS9:bytes=1198,ppdus=1,airtime_us=116|W80_NSS2_MCS3:bytes=21598,ppdus=29,airtime_us=2484;918.75;0.9669542709232096;88.81226053639847;0.18544;0.997912;W20_NSS2_MCS8:bytes=766,ppdus=1,airtime_us=100|W80_NSS2_MCS10:bytes=22414,ppdus=29,airtime_us=1988;816.666668;0.9736648926408515;84.48062015503876;0.174368;0.997936;W20_NSS1_MCS11:bytes=574,ppdus=1,airtime_us=92|W80_NSS2_MCS9:bytes=21222,ppdus=29,airtime_us=1972;918.75;0.970598560645954;82.56521739130434;0.182304;0.997792;W20_NSS1_MCS3:bytes=670,ppdus=1,airtime_us=236|W80_NSS2_MCS10:bytes=22118,ppdus=29,airtime_us=1972;367.5;0.9792858381001907;82.70967741935483;0.184608;0.997768;W20_NSS2_MCS6:bytes=478,ppdus=1,airtime_us=84|W80_NSS2_MCS4:bytes=22598,ppdus=29,airtime_us=2148;816.666668;0.97130375192736;88.10566037735849;0.186784;0.99788;W20_NSS2_MCS3:bytes=670,ppdus=1,airtime_us=148|W80_NSS2_MCS9:bytes=22678,ppdus=29,airtime_us=1972;1020.833334;0.9703487342892547;75.8255033557047;0.180768;0.997616;W40_NSS1_MCS0:bytes=670,ppdus=1,airtime_us=412|W80_NSS2_MCS11:bytes=21926,ppdus=29,airtime_us=1972;1020.833334;0.9435884266392741;67.72173913043478;0.186912;0.99724;W20_NSS2_MCS0:bytes=1318,ppdus=1,airtime_us=788|W80_NSS2_MCS11:bytes=22046,ppdus=29,airtime_us=1972;1020.833334;0.9647297172852012;79.99263351749539;0.173744;0.997828;W40_NSS1_MCS1:bytes=766,ppdus=1,airtime_us=268|W80_NSS2_MCS11:bytes=20952,ppdus=28,airtime_us=1904;918.75;0.9650643072151783;73.70084033613445;0.175408;0.99762;W20_NSS1_MCS1:bytes=766,ppdus=1,airtime_us=476|W80_NSS2_MCS10:bytes=21160,ppdus=28,airtime_us=1904;1020.833334;0.9750889679715302;76.67886855241265;0.184336;0.997596;W40_NSS1_MCS0:bytes=574,ppdus=1,airtime_us=364|W80_NSS2_MCS11:bytes=22468,ppdus=30,airtime_us=2040;735.0;0.9663858170967176;85.02985074626865;0.182304;0.997856;W40_NSS1_MCS3:bytes=766,ppdus=1,airtime_us=156|W80_NSS2_MCS8:bytes=22022,ppdus=29,airtime_us=1988;183.75;0.9669200207289688;66.34957020057307;0.185248;0.997208;W20_NSS2_MCS6:bytes=766,ppdus=1,airtime_us=100|W80_NSS2_MCS2:bytes=22390,ppdus=29,airtime_us=2692;735.0;0.9712520381017764;87.12523364485982;0.186448;0.99786;W20_NSS2_MCS9:bytes=670,ppdus=1,airtime_us=84|W80_NSS2_MCS8:bytes=22636,ppdus=30,airtime_us=2056;;;;;;;;;;;;;;;;;;;;;;;;;;;;;;
92;1;25;high;-41.5;isolated;dl;su;2;750.51666696;82.11127481274511;4.733104;0.6901231257214807;918.75;0.9704403070678549;85.37099811676083;0.181328;0.997876;W20_NSS2_MCS11:bytes=670,ppdus=1,airtime_us=84|W80_NSS2_MCS10:bytes=21996,ppdus=30,airtime_us=2040;612.5;0.9709428397952988;85.87709497206704;0.184464;0.997852;W40_NSS1_MCS9:bytes=670,ppdus=1,airtime_us=76|W80_NSS2_MCS7:bytes=22388,ppdus=30,airtime_us=2072;918.75;0.9625900529467928;86.13831775700935;0.184336;0.99786;W20_NSS2_MCS9:bytes=862,ppdus=1,airtime_us=100|W80_NSS2_MCS10:bytes=22180,ppdus=30,airtime_us=2040;918.75;0.9719077568134172;89.83050847457628;0.1908;0.997876;W20_NSS2_MCS11:bytes=670,ppdus=1,airtime_us=84|W80_NSS2_MCS10:bytes=23180,ppdus=30,airtime_us=2040;918.75;0.967741935483871;88.77009345794393;0.189968;0.99786;W20_NSS2_MCS6:bytes=766,ppdus=1,airtime_us=100|W80_NSS2_MCS10:bytes=22980,ppdus=30,airtime_us=2040;183.75;0.9658157020458122;64.80453257790369;0.183008;0.997176;W20_NSS2_MCS3:bytes=782,ppdus=1,airtime_us=164|W80_NSS2_MCS2:bytes=22094,ppdus=29,airtime_us=2660;490.0;0.9715740347899873;84.93693693693693;0.18856;0.99778;W20_NSS2_MCS6:bytes=670,ppdus=1,airtime_us=100|W80_NSS2_MCS5:bytes=22900,ppdus=30,airtime_us=2120;1020.833334;0.9759248385202584;88.46753246753246;0.190736;0.997844;W20_NSS2_MCS4:bytes=574,ppdus=1,airtime_us=116|W80_NSS2_MCS11:bytes=23268,ppdus=30,airtime_us=2040;816.666668;0.9442517343904856;86.48571428571428;0.193728;0.99776;W20_NSS2_MCS10:bytes=1350,ppdus=1,airtime_us=116|W80_NSS2_MCS9:bytes=22866,ppdus=31,airtime_us=2124;816.666668;0.9755307357831017;87.04267161410019;0.187664;0.997844;W20_NSS2_MCS7:bytes=574,ppdus=1,airtime_us=84|W80_NSS2_MCS9:bytes=22884,ppdus=30,airtime_us=2072;551.25;0.9721714570526666;89.50185873605948;0.192608;0.997848;W20_NSS2_MCS4:bytes=670,ppdus=1,airtime_us=116|W80_NSS2_MCS6:bytes=23406,ppdus=29,airtime_us=2036;816.666668;0.9757211741815414;87.72541743970315;0.189136;0.997844;W20_NSS2_MCS10:bytes=574,ppdus=1,airtime_us=84|W80_NSS2_MCS9:bytes=23068,ppdus=30,airtime_us=2072;918.75;0.9143897996357013;84.92817679558011;0.184464;0.997828;W20_NSS2_MCS11:bytes=1974,ppdus=1,airtime_us=132|W80_NSS2_MCS10:bytes=21084,ppdus=30,airtime_us=2040;918.75;0.966640536538629;85.8392523364486;0.183696;0.99786;W20_NSS2_MCS11:bytes=766,ppdus=1,airtime_us=84|W80_NSS2_MCS10:bytes=22196,ppdus=30,airtime_us=2056;1020.833334;0.9718605627887442;77.68352365415987;0.19048;0.997548;W40_NSS1_MCS0:bytes=670,ppdus=1,airtime_us=412|W80_NSS2_MCS11:bytes=23140,ppdus=30,airtime_us=2040;551.25;0.9424928441321884;81.91119005328596;0.184464;0.997748;W20_NSS2_MCS4:bytes=1326,ppdus=1,airtime_us=180|W80_NSS2_MCS6:bytes=21732,ppdus=30,airtime_us=2072;918.75;0.9709931595809161;86.34766355140187;0.184784;0.99786;W20_NSS2_MCS7:bytes=670,ppdus=1,airtime_us=100|W80_NSS2_MCS10:bytes=22428,ppdus=30,airtime_us=2040;1020.833334;0.93075;62.66318537859008;0.192;0.996936;W40_NSS1_MCS0:bytes=1662,ppdus=1,airtime_us=956|W80_NSS2_MCS11:bytes=22338,ppdus=31,airtime_us=2108;735.0;0.972020379186503;88.85343228200371;0.191568;0.997844;W20_NSS2_MCS10:bytes=670,ppdus=1,airtime_us=84|W80_NSS2_MCS8:bytes=23276,ppdus=30,airtime_us=2072;1020.833334;0.8975319703510629;56.772254335260115;0.196432;0.99654;W20_NSS2_MCS0:bytes=862,ppdus=1,airtime_us=532|W40_NSS1_MCS0:bytes=1654,ppdus=1,airtime_us=956|W80_NSS2_MCS11:bytes=22038,ppdus=29,airtime_us=1972;245.0;0.9758030520192227;70.07976366322009;0.189776;0.997292;W40_NSS1_MCS4:bytes=574,ppdus=1,airtime_us=108|W80_NSS2_MCS3:bytes=23148,ppdus=30,airtime_us=2600;1020.833334;0.9168533930857875;81.67320261437908;0.199936;0.997552;W20_NSS2_MCS3:bytes=2078,ppdus=1,airtime_us=340|W80_NSS2_MCS11:bytes=22914,ppdus=31,airtime_us=2108;367.5;0.977265525982256;80.92307692307692;0.201984;0.997504;W20_NSS2_MCS2:bytes=574,ppdus=1,airtime_us=164|W80_NSS2_MCS4:bytes=24674,ppdus=31,airtime_us=2332;490.0;0.9725612253255795;86.4353982300885;0.195344;0.99774;W40_NSS1_MCS3:bytes=670,ppdus=1,airtime_us=140|W80_NSS2_MCS5:bytes=23748,ppdus=30,airtime_us=2120;551.25;0.9789705235371755;83.72007366482505;0.18184;0.997828;W20_NSS2_MCS7:bytes=478,ppdus=1,airtime_us=84|W80_NSS2_MCS6:bytes=22252,ppdus=30,airtime_us=2088;;;;;;;;;;;;;;;;;;;;;;;;;;;;;;
93;1;25;high;-41.5;isolated;ul_dl;su;0;472.87333344;414.7272375411349;205.31945209898242;0.24478224419529981;367.5;1.0;351.1818038224609;8.893328;0.974676;W80_NSS2_MCS4:bytes=1111666,ppdus=19,airtime_us=25324;816.666668;1.0;585.6019656019656;0.95336;0.998372;W80_NSS2_MCS9:bytes=119170,ppdus=7,airtime_us=1628;551.25;1.0;516.089260808926;25.162448;0.951244;W80_NSS2_MCS6:bytes=3145306,ppdus=49,airtime_us=48756;146.25;1.0;143.52813959203735;4.672128;0.967448;W20_NSS2_MCS7:bytes=584016,ppdus=10,airtime_us=32552;367.5;1.0;189.46875;0.194016;0.998976;W80_NSS2_MCS4:bytes=24252,ppdus=8,airtime_us=1024;551.25;1.0;501.6439393939394;4.237888;0.991552;W80_NSS2_MCS6:bytes=529736,ppdus=12,airtime_us=8448;918.75;0.974044100007467;724.5271942446043;20.141856;0.9722;W20_NSS2_MCS6:bytes=65350,ppdus=1,airtime_us=4036|W80_NSS2_MCS10:bytes=2452382,ppdus=41,airtime_us=23764;122.5;1.0;119.48662131519275;3.161616;0.97354;W80_NSS2_MCS1:bytes=395202,ppdus=11,airtime_us=26460;122.5;1.0;120.53603564142928;8.332556098982424;0.93087083;W80_NSS2_MCS1:bytes=1041569.5123728,ppdus=20,airtime_us=69129.17;918.75;1.0;798.5076209410205;4.819792;0.993964;W80_NSS2_MCS10:bytes=602474,ppdus=13,airtime_us=6036;551.25;1.0;504.7937462417318;6.715776;0.986696;W80_NSS2_MCS6:bytes=839472,ppdus=18,airtime_us=13304;735.0;1.0;645.2291666666666;3.964288;0.993856;W80_NSS2_MCS8:bytes=495536,ppdus=12,airtime_us=6144;551.25;1.0;512.7529905561385;9.773072;0.98094;W80_NSS2_MCS6:bytes=1221634,ppdus=21,airtime_us=19060;1020.833334;1.0;863.5070883315158;3.167344;0.996332;W80_NSS2_MCS11:bytes=395918,ppdus=9,airtime_us=3668;122.5;0.9879674265604704;118.64446294754372;6.269648;0.947156;W20_NSS1_MCS5:bytes=9430,ppdus=1,airtime_us=1340|W80_NSS2_MCS1:bytes=774276,ppdus=16,airtime_us=51504;122.5;1.0;119.99336062852717;4.33752;0.963852;W80_NSS2_MCS1:bytes=542190,ppdus=13,airtime_us=36148;735.0;1.0;666.8230508474576;7.868512;0.9882;W80_NSS2_MCS8:bytes=983564,ppdus=18,airtime_us=11800;367.5;1.0;352.90045846608126;18.165904;0.948524;W80_NSS2_MCS4:bytes=2270738,ppdus=37,airtime_us=51476;367.5;1.0;348.26986128625475;4.418848;0.987312;W80_NSS2_MCS4:bytes=552356,ppdus=12,airtime_us=12688;183.75;0.9844443487222685;174.12709215917772;20.058048;0.884808;W20_NSS2_MCS3:bytes=39002,ppdus=1,airtime_us=5396|W80_NSS2_MCS2:bytes=2468254,ppdus=41,airtime_us=109796;612.5;1.0;566.9208722741433;10.918896;0.98074;W80_NSS2_MCS7:bytes=1364862,ppdus=23,airtime_us=19260;183.75;1.0;178.6562211981567;6.202944;0.96528;W80_NSS2_MCS2:bytes=775368,ppdus=16,airtime_us=34720;408.333334;1.0;378.81632653061223;3.563904;0.990592;W80_NSS1_MCS9:bytes=445488,ppdus=12,airtime_us=9408;918.75;1.0;828.3194403963859;11.367856;0.986276;W80_NSS2_MCS10:bytes=1420982,ppdus=23,airtime_us=13724;58.5;1.0;57.855468636403295;7.957904;0.862452;W40_NSS1_MCS3:bytes=994738,ppdus=29,airtime_us=137548;;;;;;;;;;;;;;;;;;;;;;;;;;;;;;
93;1;25;high;-41.5;isolated;ul_dl;su;1;579.29500016;508.2524305786305;231.17293776444353;0.28723723056743156;183.75;1.0;178.27138037259792;4.861104;0.972732;W80_NSS2_MCS2:bytes=607638,ppdus=13,airtime_us=27268;490.0;1.0;457.9058092278269;7.66168;0.983268;W80_NSS2_MCS5:bytes=957710,ppdus=19,airtime_us=16732;490.0;1.0;461.07133096474445;6.74824;0.985364;W80_NSS2_MCS5:bytes=843530,ppdus=15,airtime_us=14636;816.666668;1.0;725.4491241147969;7.78552;0.989268;W80_NSS2_MCS9:bytes=973190,ppdus=19,airtime_us=10732;1020.833334;1.0;881.9278064260214;8.89336;0.989916;W80_NSS2_MCS11:bytes=1111670,ppdus=21,airtime_us=10084;612.5;1.0;550.0290620871863;4.996464;0.990916;W80_NSS2_MCS7:bytes=624558,ppdus=15,airtime_us=9084;245.0;1.0;237.58402696060529;20.227428887372014;0.914862;W80_NSS2_MCS3:bytes=2528428.6109215,ppdus=41,airtime_us=85138;219.375;1.0;211.46443514644352;2.62808;0.987572;W20_NSS2_MCS10:bytes=328510,ppdus=7,airtime_us=12428;245.0;0.9761456548910565;228.13990519582126;19.829008;0.913084;W20_NSS2_MCS4:bytes=59126,ppdus=1,airtime_us=5444|W80_NSS2_MCS3:bytes=2419500,ppdus=40,airtime_us=81472;1020.833334;0.9848151840371345;737.919540229885;20.54368;0.97216;W20_NSS2_MCS3:bytes=38994,ppdus=1,airtime_us=5396|W80_NSS2_MCS11:bytes=2528966,ppdus=39,airtime_us=22444;918.75;0.9522991670160585;768.0426770126091;3.167408;0.995876;W80_NSS1_MCS10:bytes=18886,ppdus=1,airtime_us=380|W80_NSS2_MCS10:bytes=377040,ppdus=8,airtime_us=3744;183.75;0.9857087011664357;174.7653781944266;21.774368;0.875408;W20_NSS2_MCS3:bytes=38898,ppdus=1,airtime_us=5380|W80_NSS2_MCS2:bytes=2682898,ppdus=43,airtime_us=119212;612.5;1.0;477.22004357298476;0.876176;0.998164;W80_NSS2_MCS7:bytes=109522,ppdus=7,airtime_us=1836;735.0;0.9850507032669159;618.7494317188319;14.154512;0.977124;W20_NSS1_MCS9:bytes=26450,ppdus=1,airtime_us=2220|W80_NSS2_MCS8:bytes=1742864,ppdus=28,airtime_us=20656;735.0;1.0;658.1933701657458;7.624512;0.988416;W80_NSS2_MCS8:bytes=953064,ppdus=20,airtime_us=11584;367.5;1.0;350.46774193548384;8.343936;0.976192;W80_NSS2_MCS4:bytes=1042992,ppdus=20,airtime_us=23808;183.75;1.0;179.197544305543;7.5666768770715285;0.957774662;W80_NSS2_MCS2:bytes=945834.609633941,ppdus=18,airtime_us=42225.338;918.75;1.0;809.9086142322097;4.324912;0.99466;W80_NSS2_MCS10:bytes=540614,ppdus=11,airtime_us=5340;1020.833334;1.0;875.5649546827794;2.318496;0.997352;W80_NSS2_MCS11:bytes=289812,ppdus=6,airtime_us=2648;1020.833334;1.0;882.4832280019446;7.261072;0.991772;W80_NSS2_MCS11:bytes=907634,ppdus=17,airtime_us=8228;918.75;1.0;819.8991354466859;9.10416;0.988896;W80_NSS2_MCS10:bytes=1138020,ppdus=20,airtime_us=11104;918.75;1.0;819.6882352941177;8.918208;0.98912;W80_NSS2_MCS10:bytes=1114776,ppdus=20,airtime_us=10880;175.5;1.0;172.11057360055287;11.954112;0.930544;W40_NSS1_MCS8:bytes=1494264,ppdus=24,airtime_us=69456;122.5;1.0;120.893556940666;14.042512;0.883844;W80_NSS2_MCS1:bytes=1755314,ppdus=27,airtime_us=116156;306.25;0.881370399215995;309.36385863525226;5.567312;0.982004;W80_NSS1_MCS7:bytes=613358,ppdus=13,airtime_us=16668|W80_NSS2_MCS7:bytes=82556,ppdus=4,airtime_us=1328;;;;;;;;;;;;;;;;;;;;;;;;;;;;;;
93;1;25;high;-41.5;isolated;ul_dl;su;2;422.95833344;386.1962269037664;198.76150157671304;0.38131025676786046;816.666668;1.0;711.4569190600522;6.539712;0.990808;W80_NSS2_MCS9:bytes=817464,ppdus=18,airtime_us=9192;146.25;1.0;143.88211148509976;14.021024;0.902552;W40_NSS1_MCS7:bytes=1752628,ppdus=30,airtime_us=97448;918.75;1.0;827.1852115179523;18.614976;0.977496;W80_NSS2_MCS10:bytes=2326872,ppdus=38,airtime_us=22504;490.0;1.0;454.25562762304463;4.762416;0.989516;W80_NSS2_MCS5:bytes=595302,ppdus=13,airtime_us=10484;459.375;0.8206870654045865;467.3343419062027;6.17816;0.98678;W80_NSS1_MCS10:bytes=633792,ppdus=14,airtime_us=11832|W80_NSS2_MCS10:bytes=138478,ppdus=3,airtime_us=1388;122.5;1.0;120.19965427830596;4.450272;0.962976;W80_NSS2_MCS1:bytes=556284,ppdus=12,airtime_us=37024;490.0;1.0;464.4414448193976;14.863984;0.967996;W80_NSS2_MCS5:bytes=1857998,ppdus=29,airtime_us=32004;551.25;1.0;498.9737720553171;4.185392;0.991612;W80_NSS2_MCS6:bytes=523174,ppdus=13,airtime_us=8388;122.5;1.0;120.4249616082647;6.900832;0.942696;W80_NSS1_MCS3:bytes=862604,ppdus=18,airtime_us=57304;245.0;1.0;237.67588424437298;5.913376;0.97512;W80_NSS2_MCS3:bytes=739172,ppdus=12,airtime_us=24880;122.5;1.0;120.47916930479929;7.611392;0.936824;W80_NSS2_MCS1:bytes=951424,ppdus=18,airtime_us=63176;122.5;1.0;118.26600648796312;2.770736;0.976572;W80_NSS2_MCS1:bytes=346342,ppdus=13,airtime_us=23428;245.0;1.0;235.83598326359834;2.254592;0.99044;W80_NSS2_MCS3:bytes=281824,ppdus=6,airtime_us=9560;918.75;1.0;830.050587532364;16.670736;0.979916;W80_NSS2_MCS10:bytes=2083842,ppdus=33,airtime_us=20084;459.375;1.0;432.69565217391306;3.901184;0.990984;W80_NSS1_MCS10:bytes=487648,ppdus=10,airtime_us=9016;551.25;1.0;474.88301886792453;1.510128;0.99682;W80_NSS2_MCS6:bytes=188766,ppdus=7,airtime_us=3180;219.375;1.0;214.15934191609594;18.184995936424144;0.915086609;W20_NSS2_MCS10:bytes=2273124.49205302,ppdus=36,airtime_us=84913.391;275.625;0.7829792473484433;297.91603381573293;8.316624;0.972084;W80_NSS1_MCS6:bytes=813968,ppdus=14,airtime_us=24344|W80_NSS2_MCS6:bytes=225610,ppdus=5,airtime_us=3572;306.25;1.0;292.2781641168289;4.20296;0.98562;W80_NSS1_MCS7:bytes=525370,ppdus=13,airtime_us=14380;1020.833334;1.0;888.9848812095032;9.8784;0.988888;W80_NSS2_MCS11:bytes=1234800,ppdus=22,airtime_us=11112;61.25;0.8905155190871998;60.16351767191215;7.218937640288906;0.880011377;W40_NSS1_MCS3:bytes=98795.2050361132,ppdus=3,airtime_us=13644.623|W80_NSS2_MCS0:bytes=803572,ppdus=22,airtime_us=106344;1020.833334;1.0;873.9786359901397;8.509056;0.990264;W80_NSS2_MCS11:bytes=1063632,ppdus=22,airtime_us=9736;122.5;0.9171965245060418;104.13125273443197;2.856112;0.972572;W20_NSS1_MCS4:bytes=29562,ppdus=1,airtime_us=5436|W80_NSS2_MCS1:bytes=327452,ppdus=10,airtime_us=21992;490.0;0.9956761494290145;408.77182351827304;17.269792;0.957752;W40_NSS1_MCS0:bytes=9334,ppdus=1,airtime_us=5164|W80_NSS2_MCS5:bytes=2149390,ppdus=35,airtime_us=37084;275.625;1.0;256.4816753926702;1.175712;0.995416;W80_NSS1_MCS6:bytes=146964,ppdus=6,airtime_us=4584;;;;;;;;;;;;;;;;;;;;;;;;;;;;;;
94;1;25;high;-41.5;ap_only_cochannel;ul;su;0;350.66000008;257.89793259673144;113.78866736573599;0.5042086880798853;87.75;0.9333904843549078;80.30981067125646;0.18664;0.997676;W40_NSS1_MCS4:bytes=21776,ppdus=4,airtime_us=2192|W40_NSS2_MCS4:bytes=1554,ppdus=1,airtime_us=132;390.0;0.39655487652850346;287.28531635495426;5.775584;0.979896;W40_NSS1_MCS9:bytes=222496,ppdus=6,airtime_us=9416|W40_NSS2_MCS9:bytes=286292,ppdus=6,airtime_us=6200|W80_NSS1_MCS9:bytes=213160,ppdus=6,airtime_us=4488;275.625;0.9713590396775716;257.9175480250378;4.779728;0.981468;W20_NSS2_MCS9:bytes=17112,ppdus=2,airtime_us=808|W80_NSS1_MCS6:bytes=580354,ppdus=17,airtime_us=17724;61.25;1.0;60.07804611816073;3.522496;0.941368;W80_NSS2_MCS0:bytes=440312,ppdus=18,airtime_us=58632;183.75;0.9341677126629689;173.74183950293164;7.941392;0.954292;W20_NSS2_MCS6:bytes=65350,ppdus=1,airtime_us=4036|W80_NSS1_MCS4:bytes=927324,ppdus=26,airtime_us=41672;275.625;0.9666980970341162;206.47787610619469;0.373312;0.998192;W40_NSS1_MCS6:bytes=1554,ppdus=1,airtime_us=140|W80_NSS1_MCS6:bytes=45110,ppdus=7,airtime_us=1668;459.375;1.0;194.3181818181818;0.1368;0.999296;W80_NSS1_MCS10:bytes=17100,ppdus=8,airtime_us=704;122.5;0.9868285524811987;115.62607064197732;11.33968;0.901928;W20_NSS1_MCS3:bytes=18670,ppdus=1,airtime_us=5164|W80_NSS2_MCS1:bytes=1398790,ppdus=27,airtime_us=92908;122.5;1.0;95.6923076923077;0.34832;0.99636;W80_NSS2_MCS1:bytes=43540,ppdus=14,airtime_us=3640;438.75;1.0;379.14068136272545;3.783824;0.99002;W40_NSS2_MCS10:bytes=472978,ppdus=23,airtime_us=9980;275.625;1.0;135.1304347826087;0.024864;0.999816;W80_NSS1_MCS6:bytes=3108,ppdus=2,airtime_us=184;735.0;0.5955163298617632;388.38148667601683;1.107664;0.997148;W80_NSS1_MCS8:bytes=56004,ppdus=6,airtime_us=1528|W80_NSS2_MCS8:bytes=82454,ppdus=7,airtime_us=1324;551.25;1.0;499.93704918032785;6.099232;0.9878;W80_NSS2_MCS6:bytes=762404,ppdus=18,airtime_us=12200;1020.833334;0.9579155477418648;852.5006862475981;12.42264;0.985428;W80_NSS1_MCS11:bytes=65350,ppdus=1,airtime_us=1084|W80_NSS2_MCS11:bytes=1487480,ppdus=28,airtime_us=13488;61.25;1.0;60.51041574418416;5.653445543646442;0.906570704;W80_NSS1_MCS1:bytes=706680.692955805,ppdus=21,airtime_us=93429.296;122.5;1.0;120.60589839930002;9.373008;0.922284;W80_NSS2_MCS1:bytes=1171626,ppdus=21,airtime_us=77716;351.0;0.9201828220098806;274.11408861767046;8.265088;0.969848;W20_NSS1_MCS8:bytes=59126,ppdus=1,airtime_us=5436|W20_NSS2_MCS5:bytes=23336,ppdus=2,airtime_us=1720|W40_NSS2_MCS8:bytes=950674,ppdus=21,airtime_us=22996;87.75;1.0;79.34112646121147;0.29864;0.996236;W40_NSS1_MCS4:bytes=37330,ppdus=7,airtime_us=3764;367.5;0.9298295070136665;305.80689655172415;1.418944;0.99536;W40_NSS2_MCS4:bytes=12446,ppdus=1,airtime_us=628|W80_NSS2_MCS4:bytes=164922,ppdus=7,airtime_us=4012;183.75;1.0;179.00139729855613;6.149056;0.965648;W80_NSS2_MCS2:bytes=768632,ppdus=16,airtime_us=34352;612.5;0.931203178493374;360.624145785877;5.066048;0.985952;W20_NSS1_MCS6:bytes=43566,ppdus=1,airtime_us=5356|W80_NSS2_MCS7:bytes=589690,ppdus=17,airtime_us=8692;183.75;1.0;167.02186878727633;1.008144;0.993964;W80_NSS2_MCS2:bytes=126018,ppdus=9,airtime_us=6036;816.666668;0.993240093922754;707.3325154568203;8.221093822089552;0.988377328;W80_NSS1_MCS9:bytes=6946.72776119403,ppdus=1,airtime_us=186.672|W80_NSS2_MCS9:bytes=1020690,ppdus=23,airtime_us=11436;918.75;0.9139800551489644;406.17263157894735;4.630368;0.9886;W20_NSS1_MCS2:bytes=14002,ppdus=1,airtime_us=5164|W80_NSS1_MCS10:bytes=35786,ppdus=1,airtime_us=668|W80_NSS2_MCS10:bytes=529008,ppdus=16,airtime_us=5568;61.25;1.0;60.379995056438986;5.862656;0.902904;W80_NSS2_MCS0:bytes=732832,ppdus=22,airtime_us=97096;;;;;;;;;;;;;;;;;;;;;;;;;;;;;;
94;1;25;high;-41.5;ap_only_cochannel;ul;su;1;479.77000008;366.551098514957;145.111856;0.14841862764463565;183.75;0.8999996327431515;170.47362654562528;4.356624;0.974444;W20_NSS1_MCS11:bytes=54458,ppdus=1,airtime_us=3628|W80_NSS2_MCS2:bytes=490120,ppdus=10,airtime_us=21928;490.0;0.9650689583555523;400.5643620011242;2.850416;0.992884;W20_NSS2_MCS5:bytes=12446,ppdus=1,airtime_us=916|W80_NSS2_MCS5:bytes=343856,ppdus=10,airtime_us=6200;490.0;0.9794361887389754;422.20997558423437;4.841904;0.988532;W40_NSS2_MCS5:bytes=12446,ppdus=1,airtime_us=484|W80_NSS2_MCS5:bytes=592792,ppdus=22,airtime_us=10984;390.0;0.9705887620059575;300.53102107938406;8.041008;0.973244;W20_NSS2_MCS2:bytes=29562,ppdus=1,airtime_us=5444|W40_NSS2_MCS9:bytes=975564,ppdus=24,airtime_us=21312;510.416667;1.0;476.7052938724469;9.148928;0.980808;W80_NSS1_MCS11:bytes=1143616,ppdus=22,airtime_us=19192;612.5;0.9329702214066823;522.746195982958;6.870976;0.986856;W80_NSS1_MCS7:bytes=57570,ppdus=1,airtime_us=1548|W80_NSS2_MCS7:bytes=801302,ppdus=19,airtime_us=11596;245.0;0.9900052705325809;217.90196078431373;2.489312;0.988576;W20_NSS1_MCS8:bytes=3110,ppdus=1,airtime_us=332|W80_NSS2_MCS3:bytes=308054,ppdus=17,airtime_us=11092;219.375;1.0;199.99243856332703;1.692736;0.991536;W20_NSS2_MCS10:bytes=211592,ppdus=12,airtime_us=8464;245.0;0.9931998367727644;231.88915174045286;5.48928;0.976328;W40_NSS2_MCS3:bytes=4666,ppdus=1,airtime_us=372|W80_NSS2_MCS3:bytes=681494,ppdus=17,airtime_us=23300;510.416667;1.0;458.29160530191456;1.24472;0.997284;W80_NSS1_MCS11:bytes=155590,ppdus=5,airtime_us=2716;438.75;0.830272118871429;358.3623877443212;2.71352;0.992428;W20_NSS2_MCS11:bytes=57570,ppdus=1,airtime_us=1956|W40_NSS2_MCS10:bytes=281620,ppdus=8,airtime_us=5616;91.875;0.9607840077963913;92.676269395473;13.331296;0.856152;W80_NSS1_MCS2:bytes=1601062,ppdus=31,airtime_us=140948|W80_NSS2_MCS2:bytes=65350,ppdus=1,airtime_us=2900;306.25;0.6719288262013882;246.9435382685069;3.149024;0.987248;W20_NSS2_MCS10:bytes=99576,ppdus=4,airtime_us=3888|W40_NSS1_MCS10:bytes=29562,ppdus=1,airtime_us=1132|W80_NSS1_MCS7:bytes=264490,ppdus=15,airtime_us=7732;735.0;1.0;601.9274611398964;1.394064;0.997684;W80_NSS2_MCS8:bytes=174258,ppdus=7,airtime_us=2316;735.0;1.0;666.3236641221374;6.983072;0.98952;W80_NSS2_MCS8:bytes=872884,ppdus=16,airtime_us=10480;367.5;0.934983793205682;328.52884458244813;8.041072;0.975524;W80_NSS1_MCS4:bytes=65350,ppdus=1,airtime_us=2892|W80_NSS2_MCS4:bytes=939784,ppdus=20,airtime_us=21584;195.0;0.6747716861527041;140.29599177800617;8.19048;0.94162;W20_NSS2_MCS9:bytes=690838,ppdus=13,airtime_us=29092|W80_NSS1_MCS2:bytes=332972,ppdus=6,airtime_us=29288;918.75;1.0;813.7394636015325;3.398176;0.995824;W80_NSS2_MCS10:bytes=424772,ppdus=8,airtime_us=4176;1020.833334;1.0;182.8235294117647;0.012432;0.999932;W80_NSS2_MCS11:bytes=1554,ppdus=1,airtime_us=68;1020.833334;0.6891917125896203;355.22869263401464;3.684432;0.989628;W20_NSS2_MCS0:bytes=9334,ppdus=1,airtime_us=5172|W80_NSS1_MCS11:bytes=133810,ppdus=3,airtime_us=2276|W80_NSS2_MCS11:bytes=317410,ppdus=7,airtime_us=2924;918.75;1.0;765.880266075388;2.763296;0.996392;W80_NSS2_MCS10:bytes=345412,ppdus=10,airtime_us=3608;438.75;0.8378717616271208;363.7176334442355;10.05752;0.972348;W20_NSS2_MCS11:bytes=203826,ppdus=5,airtime_us=7012|W40_NSS2_MCS10:bytes=1053364,ppdus=24,airtime_us=20640;175.5;0.9931752343042819;169.4438456296847;10.941328;0.935428;W20_NSS1_MCS8:bytes=9334,ppdus=1,airtime_us=908|W20_NSS2_MCS8:bytes=1358332,ppdus=28,airtime_us=63664;122.5;0.9754665072223;117.44053923928743;12.684048;0.891996;W40_NSS2_MCS1:bytes=38898,ppdus=1,airtime_us=5380|W80_NSS2_MCS1:bytes=1546608,ppdus=28,airtime_us=102624;612.5;1.0;559.139704351447;10.742192;0.980788;W80_NSS2_MCS7:bytes=1342774,ppdus=27,airtime_us=19212;;;;;;;;;;;;;;;;;;;;;;;;;;;;;;
94;1;25;high;-41.5;ap_only_cochannel;ul;su;2;425.76000008;315.4459180671648;132.92405615195366;0.42919479032102514;816.666668;0.9501935521999941;610.6646616541353;3.248736;0.99468;W40_NSS1_MCS9:bytes=20226,ppdus=1,airtime_us=876|W80_NSS2_MCS9:bytes=385866,ppdus=11,airtime_us=4444;61.25;1.0;60.33277518286772;2.738384;0.954612;W80_NSS2_MCS0:bytes=342298,ppdus=11,airtime_us=45388;918.75;1.0;771.9443585780525;3.995584;0.994824;W80_NSS2_MCS10:bytes=499448,ppdus=14,airtime_us=5176;490.0;1.0;460.54218533886586;7.991328;0.982648;W80_NSS2_MCS5:bytes=998916,ppdus=18,airtime_us=17352;918.75;1.0;805.4614235938278;6.472688;0.991964;W80_NSS2_MCS10:bytes=809086,ppdus=17,airtime_us=8036;122.5;0.9351870145512626;107.01165382411004;6.721616;0.937188;W20_NSS1_MCS2:bytes=14002,ppdus=1,airtime_us=5164|W80_NSS1_MCS1:bytes=40454,ppdus=1,airtime_us=5340|W80_NSS2_MCS1:bytes=785746,ppdus=17,airtime_us=52308;234.0;0.9413575716218414;177.40841105050148;4.032848;0.977268;W20_NSS2_MCS2:bytes=29562,ppdus=1,airtime_us=5444|W40_NSS2_MCS5:bytes=474544,ppdus=18,airtime_us=17288;551.25;1.0;507.4140127388535;6.37312;0.98744;W80_NSS2_MCS6:bytes=796640,ppdus=16,airtime_us=12560;245.0;0.7785531922464484;138.4822913458577;3.597216;0.974024;W40_NSS1_MCS3:bytes=99574,ppdus=5,airtime_us=13868|W80_NSS2_MCS3:bytes=350078,ppdus=11,airtime_us=12108;245.0;0.8650247237797809;199.45104207628785;2.028816;0.989828;W80_NSS1_MCS3:bytes=34230,ppdus=1,airtime_us=2284|W80_NSS2_MCS3:bytes=219372,ppdus=12,airtime_us=7888;122.5;0.9280212536058765;113.63221627710504;4.842096;0.957388;W20_NSS1_MCS6:bytes=43566,ppdus=1,airtime_us=5356|W80_NSS2_MCS1:bytes=561696,ppdus=10,airtime_us=37256;122.5;0.9123507812379972;123.44997629208156;3.124272;0.974692;W20_NSS2_MCS9:bytes=34230,ppdus=1,airtime_us=1460|W80_NSS2_MCS1:bytes=356304,ppdus=10,airtime_us=23848;245.0;0.8432812376345659;198.40085642916617;6.671824;0.966372;W20_NSS1_MCS10:bytes=130700,ppdus=2,airtime_us=9624|W80_NSS2_MCS3:bytes=703278,ppdus=17,airtime_us=24004;918.75;1.0;318.09090909090907;0.111968;0.999648;W80_NSS2_MCS10:bytes=13996,ppdus=4,airtime_us=352;918.75;1.0;754.4471299093656;3.995552;0.994704;W80_NSS2_MCS10:bytes=499444,ppdus=16,airtime_us=5296;551.25;0.5617886648564331;332.0671462829736;1.107776;0.996664;W40_NSS2_MCS6:bytes=60680,ppdus=2,airtime_us=1976|W80_NSS2_MCS6:bytes=77792,ppdus=4,airtime_us=1360;122.5;0.911391512567897;119.1364187060819;5.900112;0.950476;W20_NSS1_MCS10:bytes=65350,ppdus=1,airtime_us=4812|W80_NSS2_MCS1:bytes=672164,ppdus=14,airtime_us=44712;275.625;0.8084033105128875;258.3446351332496;7.406224;0.971332;W20_NSS2_MCS11:bytes=177376,ppdus=4,airtime_us=6080|W80_NSS1_MCS6:bytes=748402,ppdus=17,airtime_us=22588;306.25;0.9872911316303659;292.008396145406;24.48432;0.916152;W20_NSS2_MCS7:bytes=24894,ppdus=1,airtime_us=1428|W40_NSS1_MCS7:bytes=14002,ppdus=1,airtime_us=812|W80_NSS1_MCS7:bytes=3021644,ppdus=54,airtime_us=81608;487.5;1.0;455.65915768854063;7.443648;0.983664;W40_NSS2_MCS11:bytes=930456,ppdus=16,airtime_us=16336;61.25;0.9181868112605611;62.47344405913488;2.738336;0.956168;W40_NSS2_MCS3:bytes=28004,ppdus=2,airtime_us=2024|W80_NSS2_MCS0:bytes=314288,ppdus=12,airtime_us=41808;1020.833334;1.0;414.7733333333333;0.124432;0.9997;W80_NSS2_MCS11:bytes=15554,ppdus=3,airtime_us=300;122.5;1.0;120.55665412730376;12.383640151953667;0.897279497;W80_NSS2_MCS1:bytes=1547955.01899421,ppdus=29,airtime_us=102720.503;490.0;1.0;227.007299270073;0.1244;0.999452;W80_NSS2_MCS5:bytes=15550,ppdus=5,airtime_us=548;275.625;0.9952745616434193;257.38756355103635;5.26512;0.979544;W20_NSS2_MCS6:bytes=3110,ppdus=1,airtime_us=244|W80_NSS1_MCS6:bytes=655030,ppdus=23,airtime_us=20212;;;;;;;;;;;;;;;;;;;;;;;;;;;;;;
95;1;25;high;-41.5;ap_only_cochannel;dl;su;0;200.3675;41.74919821178793;2.105696;0.8499994301150028;183.75;0.9652712815715622;60.652482269503544;0.136832;0.997744;W20_NSS1_MCS6:bytes=396,ppdus=2,airtime_us=152|W40_NSS1_MCS6:bytes=198,ppdus=1,airtime_us=60|W80_NSS1_MCS4:bytes=16510,ppdus=25,airtime_us=2044;43.875;0.9475511695906432;25.933649289099527;0.087552;0.996624;W20_NSS1_MCS0:bytes=574,ppdus=1,airtime_us=684|W20_NSS1_MCS4:bytes=10370,ppdus=15,airtime_us=2692;263.25;1.0;31.2;0.006864;0.99978;W40_NSS2_MCS6:bytes=858,ppdus=3,airtime_us=220;61.25;0.899930345948456;38.369710467706014;0.068912;0.998204;W40_NSS2_MCS0:bytes=862,ppdus=1,airtime_us=292|W80_NSS2_MCS0:bytes=7752,ppdus=8,airtime_us=1504;183.75;0.9732752084912812;54.958333333333336;0.084416;0.998464;W40_NSS1_MCS6:bytes=94,ppdus=1,airtime_us=60|W40_NSS2_MCS4:bytes=188,ppdus=2,airtime_us=136|W80_NSS1_MCS4:bytes=10270,ppdus=17,airtime_us=1340;131.625;0.5891508886049484;34.4015984015984;0.137744;0.995996;W20_NSS1_MCS0:bytes=1338,ppdus=3,airtime_us=1620|W40_NSS1_MCS6:bytes=10144,ppdus=16,airtime_us=1488|W40_NSS2_MCS6:bytes=5736,ppdus=12,airtime_us=896;918.75;0.7860394537177542;11.612334801762115;0.021088;0.998184;W20_NSS1_MCS0:bytes=94,ppdus=1,airtime_us=156|W40_NSS1_MCS10:bytes=470,ppdus=5,airtime_us=300|W80_NSS2_MCS10:bytes=2072,ppdus=20,airtime_us=1360;122.5;1.0;66.00682593856655;0.07736;0.998828;W80_NSS2_MCS1:bytes=9670,ppdus=9,airtime_us=1172;122.5;0.8294729162867044;63.94169096209912;0.087728;0.998628;W20_NSS1_MCS6:bytes=1870,ppdus=1,airtime_us=284|W80_NSS2_MCS1:bytes=9096,ppdus=8,airtime_us=1088;43.875;0.5502836513666839;33.287553648068666;0.062048;0.998136;W20_NSS1_MCS4:bytes=4268,ppdus=10,airtime_us=1320|W40_NSS1_MCS10:bytes=3488,ppdus=8,airtime_us=544;43.875;0.9333147321428571;30.50212765957447;0.057344;0.99812;W20_NSS1_MCS4:bytes=6690,ppdus=11,airtime_us=1796|W20_NSS2_MCS6:bytes=478,ppdus=1,airtime_us=84;735.0;0.510122838944495;30.265060240963855;0.140672;0.995352;W20_NSS1_MCS0:bytes=2616,ppdus=4,airtime_us=3072|W20_NSS1_MCS9:bytes=990,ppdus=1,airtime_us=140|W20_NSS2_MCS8:bytes=1722,ppdus=3,airtime_us=268|W40_NSS1_MCS8:bytes=2296,ppdus=4,airtime_us=304|W40_NSS2_MCS8:bytes=990,ppdus=1,airtime_us=84|W80_NSS2_MCS8:bytes=8970,ppdus=11,airtime_us=780;219.375;0.5129239040529363;26.90403337969402;0.154752;0.994248;W20_NSS1_MCS0:bytes=3514,ppdus=3,airtime_us=4020|W20_NSS1_MCS10:bytes=5908,ppdus=6,airtime_us=728|W20_NSS2_MCS10:bytes=9922,ppdus=11,airtime_us=1004;243.75;1.0;11.058823529411764;0.000752;0.999932;W20_NSS2_MCS11:bytes=94,ppdus=1,airtime_us=68;122.5;0.5781536580395353;53.775342465753425;0.078512;0.99854;W20_NSS1_MCS5:bytes=2070,ppdus=1,airtime_us=332|W80_NSS1_MCS1:bytes=2070,ppdus=1,airtime_us=316|W80_NSS2_MCS1:bytes=5674,ppdus=7,airtime_us=812;122.5;1.0;63.63898916967509;0.070512;0.998892;W80_NSS2_MCS1:bytes=8814,ppdus=9,airtime_us=1108;351.0;0.418854928971158;17.744112030553786;0.111504;0.993716;W20_NSS1_MCS0:bytes=4462,ppdus=5,airtime_us=5132|W20_NSS1_MCS8:bytes=766,ppdus=1,airtime_us=124|W20_NSS2_MCS8:bytes=1532,ppdus=2,airtime_us=200|W40_NSS1_MCS8:bytes=1340,ppdus=2,airtime_us=152|W40_NSS2_MCS8:bytes=5838,ppdus=9,airtime_us=676;183.75;0.8377646062658763;69.26686217008798;0.09448;0.998636;W40_NSS1_MCS4:bytes=958,ppdus=1,airtime_us=140|W40_NSS1_MCS6:bytes=958,ppdus=1,airtime_us=108|W80_NSS1_MCS4:bytes=9894,ppdus=13,airtime_us=1116;183.75;1.0;61.45985401459854;0.06736;0.998904;W80_NSS1_MCS4:bytes=8420,ppdus=14,airtime_us=1096;183.75;1.0;69.73271889400921;0.060528;0.999132;W80_NSS2_MCS2:bytes=7566,ppdus=9,airtime_us=868;73.125;0.34225204810876764;27.849514563106798;0.183584;0.993408;W20_NSS1_MCS0:bytes=3064,ppdus=4,airtime_us=3568|W20_NSS1_MCS6:bytes=4654,ppdus=5,airtime_us=828|W20_NSS1_MCS7:bytes=7854,ppdus=9,airtime_us=1324|W20_NSS2_MCS7:bytes=6418,ppdus=7,airtime_us=764|W40_NSS1_MCS7:bytes=958,ppdus=1,airtime_us=108;183.75;1.0;60.27272727272727;0.042432;0.999296;W80_NSS2_MCS2:bytes=5304,ppdus=8,airtime_us=704;7.3125;1.0;6.993882691615689;0.077744;0.988884;W20_NSS1_MCS0:bytes=9718,ppdus=9,airtime_us=11116;219.375;0.7272485718081573;51.64322469982847;0.120432;0.997668;W20_NSS1_MCS2:bytes=2956,ppdus=2,airtime_us=1192|W20_NSS1_MCS10:bytes=1150,ppdus=1,airtime_us=140|W20_NSS2_MCS10:bytes=10948,ppdus=10,airtime_us=1000;61.25;1.0;42.25850340136054;0.074544;0.998236;W80_NSS2_MCS0:bytes=9318,ppdus=9,airtime_us=1764;;;;;;;;;;;;;;;;;;;;;;;;;;;;;;
95;1;25;high;-41.5;ap_only_cochannel;dl;su;1;265.03916672;42.41876140321961;2.251056;0.12713499562608954;183.75;0.6600352556031226;56.93189964157706;0.063536;0.998884;W20_NSS1_MCS11:bytes=1350,ppdus=1,airtime_us=140|W20_NSS2_MCS2:bytes=1350,ppdus=1,airtime_us=308|W80_NSS2_MCS2:bytes=5242,ppdus=7,airtime_us=668;58.5;0.5;6.962962962962963;0.001504;0.999784;W20_NSS1_MCS0:bytes=94,ppdus=1,airtime_us=156|W20_NSS1_MCS5:bytes=94,ppdus=1,airtime_us=60;7.3125;1.0;6.8714153561517115;0.059424;0.991352;W20_NSS1_MCS0:bytes=7428,ppdus=10,airtime_us=8648;7.3125;0.9153029632905794;7.323076923076923;0.072352;0.99012;W20_NSS1_MCS0:bytes=8278,ppdus=9,airtime_us=9548|W20_NSS1_MCS2:bytes=766,ppdus=1,airtime_us=332;7.3125;0.6335609352369129;9.98038203407331;0.077328;0.992252;W20_NSS1_MCS0:bytes=6124,ppdus=6,airtime_us=7000|W20_NSS1_MCS5:bytes=3542,ppdus=5,airtime_us=748;306.25;0.8198079457729242;64.18126888217523;0.084976;0.998676;W20_NSS1_MCS7:bytes=1914,ppdus=3,airtime_us=356|W80_NSS1_MCS7:bytes=8708,ppdus=14,airtime_us=968;122.5;1.0;53.04347826086956;0.05856;0.998896;W80_NSS1_MCS3:bytes=7320,ppdus=12,airtime_us=1104;61.25;0.8432157148053838;42.455598455598455;0.087968;0.997928;W20_NSS2_MCS10:bytes=862,ppdus=1,airtime_us=84|W40_NSS2_MCS0:bytes=862,ppdus=1,airtime_us=292|W80_NSS2_MCS0:bytes=9272,ppdus=8,airtime_us=1696;245.0;0.8873213962741906;67.22188449848025;0.088464;0.998684;W80_NSS1_MCS3:bytes=1246,ppdus=1,airtime_us=140|W80_NSS2_MCS3:bytes=9812,ppdus=14,airtime_us=1176;1020.833334;0.6362773029439696;26.602105263157895;0.101088;0.9962;W20_NSS1_MCS0:bytes=2298,ppdus=3,airtime_us=2676|W20_NSS1_MCS11:bytes=2298,ppdus=3,airtime_us=308|W80_NSS2_MCS11:bytes=8040,ppdus=12,airtime_us=816;121.875;0.8040194227137847;24.032414910858996;0.118624;0.995064;W20_NSS1_MCS0:bytes=2906,ppdus=3,airtime_us=3348|W20_NSS1_MCS11:bytes=11922,ppdus=15,airtime_us=1588;183.75;1.0;61.45454545454545;0.064896;0.998944;W80_NSS2_MCS2:bytes=8112,ppdus=12,airtime_us=1056;612.5;0.6786248131539612;52.470588235294116;0.085632;0.998368;W40_NSS2_MCS7:bytes=3440,ppdus=8,airtime_us=544|W80_NSS2_MCS7:bytes=7264,ppdus=16,airtime_us=1088;351.0;0.588047220855878;43.14058355437666;0.130112;0.996984;W20_NSS1_MCS0:bytes=766,ppdus=1,airtime_us=892|W20_NSS2_MCS8:bytes=5934,ppdus=9,airtime_us=820|W40_NSS2_MCS8:bytes=9564,ppdus=18,airtime_us=1304;351.0;0.8334991708126036;27.981438515081205;0.09648;0.996552;W20_NSS1_MCS0:bytes=1914,ppdus=3,airtime_us=2260|W20_NSS1_MCS10:bytes=94,ppdus=1,airtime_us=60|W40_NSS2_MCS8:bytes=10052,ppdus=14,airtime_us=1128;183.75;1.0;62.40650406504065;0.092112;0.998524;W80_NSS1_MCS4:bytes=11514,ppdus=19,airtime_us=1476;183.75;1.0;68.84792626728111;0.05976;0.999132;W80_NSS2_MCS2:bytes=7470,ppdus=9,airtime_us=868;438.75;0.6499477533960293;69.6;0.030624;0.99956;W20_NSS2_MCS10:bytes=1340,ppdus=2,airtime_us=168|W40_NSS2_MCS10:bytes=2488,ppdus=4,airtime_us=272;243.75;0.4958351600175362;17.23460521344919;0.18248;0.989412;W20_NSS1_MCS0:bytes=7764,ppdus=6,airtime_us=8808|W20_NSS1_MCS4:bytes=3736,ppdus=4,airtime_us=896|W20_NSS2_MCS11:bytes=11310,ppdus=9,airtime_us=884;1020.833334;0.5772274988692899;67.25475285171103;0.141504;0.997896;W20_NSS1_MCS0:bytes=1054,ppdus=1,airtime_us=1212|W40_NSS2_MCS11:bytes=6424,ppdus=4,airtime_us=368|W80_NSS2_MCS11:bytes=10210,ppdus=7,airtime_us=524;219.375;0.7929438258476167;23.42271062271062;0.127888;0.99454;W20_NSS1_MCS0:bytes=3310,ppdus=5,airtime_us=3900|W20_NSS2_MCS10:bytes=12676,ppdus=18,airtime_us=1560;219.375;0.7234497505345688;84.48172043010753;0.157136;0.99814;W20_NSS1_MCS10:bytes=3260,ppdus=2,airtime_us=344|W20_NSS2_MCS10:bytes=2172,ppdus=2,airtime_us=200|W40_NSS1_MCS10:bytes=14210,ppdus=15,airtime_us=1316;61.25;0.7837990403612758;37.39313984168865;0.056688;0.998484;W20_NSS2_MCS8:bytes=766,ppdus=1,airtime_us=100|W80_NSS1_MCS0:bytes=766,ppdus=1,airtime_us=252|W80_NSS2_MCS0:bytes=5554,ppdus=7,airtime_us=1164;122.5;0.9036235530951182;47.87951807228916;0.063584;0.998672;W20_NSS1_MCS2:bytes=766,ppdus=1,airtime_us=332|W80_NSS2_MCS1:bytes=7182,ppdus=9,airtime_us=996;292.5;0.6827742422608133;31.29451476793249;0.148336;0.99526;W20_NSS1_MCS0:bytes=2722,ppdus=3,airtime_us=3140|W20_NSS1_MCS8:bytes=670,ppdus=1,airtime_us=108|W20_NSS2_MCS7:bytes=766,ppdus=1,airtime_us=100|W40_NSS1_MCS7:bytes=1724,ppdus=2,airtime_us=200|W40_NSS2_MCS7:bytes=12660,ppdus=14,airtime_us=1192;;;;;;;;;;;;;;;;;;;;;;;;;;;;;;
95;1;25;high;-41.5;ap_only_cochannel;dl;su;2;167.67;37.520297569110326;1.92928;-313.83028720626635;195.0;0.5657458563535912;21.611940298507463;0.05792;0.99732;W20_NSS1_MCS0:bytes=858,ppdus=3,airtime_us=1108|W20_NSS2_MCS9:bytes=764,ppdus=2,airtime_us=136|W40_NSS1_MCS9:bytes=4096,ppdus=16,airtime_us=960|W40_NSS2_MCS9:bytes=1522,ppdus=7,airtime_us=476;61.25;0.8840096910963052;37.31073446327684;0.052832;0.998584;W20_NSS2_MCS7:bytes=766,ppdus=1,airtime_us=100|W80_NSS2_MCS0:bytes=5838,ppdus=9,airtime_us=1316;219.375;0.5859591836734694;35.662299854439595;0.098;0.997252;W20_NSS1_MCS2:bytes=3732,ppdus=6,airtime_us=1688|W20_NSS2_MCS10:bytes=7178,ppdus=11,airtime_us=924|W80_NSS2_MCS10:bytes=1340,ppdus=2,airtime_us=136;234.0;0.9724097446433813;48.49822064056939;0.054512;0.998876;W20_NSS1_MCS0:bytes=94,ppdus=1,airtime_us=156|W20_NSS1_MCS5:bytes=94,ppdus=1,airtime_us=60|W40_NSS2_MCS5:bytes=6626,ppdus=11,airtime_us=908;219.375;0.7426640036872023;39.628614916286146;0.104144;0.997372;W20_NSS1_MCS2:bytes=3350,ppdus=5,airtime_us=1484|W20_NSS2_MCS10:bytes=9668,ppdus=14,airtime_us=1144;122.5;1.0;55.75903614457831;0.055536;0.999004;W80_NSS2_MCS1:bytes=6942,ppdus=9,airtime_us=996;21.9375;1.0;18.51073985680191;0.062048;0.996648;W20_NSS1_MCS2:bytes=7756,ppdus=10,airtime_us=3352;131.625;0.7160246790061697;21.63029756537421;0.095952;0.995564;W20_NSS1_MCS0:bytes=2640,ppdus=4,airtime_us=3088|W20_NSS1_MCS11:bytes=766,ppdus=1,airtime_us=108|W40_NSS1_MCS6:bytes=8588,ppdus=14,airtime_us=1240;245.0;1.0;55.54430379746835;0.070208;0.998736;W80_NSS2_MCS3:bytes=8776,ppdus=16,airtime_us=1264;245.0;0.9351780185758514;63.02439024390244;0.082688;0.998688;W20_NSS2_MCS9:bytes=670,ppdus=1,airtime_us=84|W80_NSS2_MCS3:bytes=9666,ppdus=15,airtime_us=1228;122.5;0.9138644128753821;61.61772853185595;0.088976;0.998556;W20_NSS1_MCS6:bytes=958,ppdus=1,airtime_us=172|W80_NSS2_MCS1:bytes=10164,ppdus=10,airtime_us=1272;122.5;1.0;53.96363636363636;0.047488;0.99912;W80_NSS2_MCS1:bytes=5936,ppdus=8,airtime_us=880;245.0;0.8545109211775879;66.01880877742947;0.08424;0.998724;W20_NSS2_MCS10:bytes=766,ppdus=1,airtime_us=84|W40_NSS2_MCS3:bytes=766,ppdus=1,airtime_us=116|W80_NSS2_MCS3:bytes=8998,ppdus=13,airtime_us=1076;7.3125;0.9245665390677775;7.374014113740141;0.071056;0.990364;W20_NSS1_MCS0:bytes=8212,ppdus=10,airtime_us=9528|W20_NSS1_MCS9:bytes=670,ppdus=1,airtime_us=108;459.375;0.5631119343741731;37.88471177944862;0.120928;0.996808;W20_NSS1_MCS0:bytes=1244,ppdus=2,airtime_us=1464|W20_NSS1_MCS11:bytes=5360,ppdus=8,airtime_us=768|W80_NSS1_MCS10:bytes=8512,ppdus=16,airtime_us=960;263.25;0.57951578447662;53.4984126984127;0.134816;0.99748;W20_NSS1_MCS1:bytes=1532,ppdus=2,airtime_us=952|W40_NSS2_MCS6:bytes=9766,ppdus=13,airtime_us=1092|W80_NSS2_MCS6:bytes=5554,ppdus=7,airtime_us=476;122.5;1.0;61.48344370860927;0.074272;0.998792;W80_NSS2_MCS1:bytes=9284,ppdus=10,airtime_us=1208;551.25;0.5117850667545739;37.16385911179173;0.097072;0.997388;W20_NSS1_MCS0:bytes=572,ppdus=2,airtime_us=744|W20_NSS1_MCS11:bytes=670,ppdus=1,airtime_us=92|W40_NSS1_MCS6:bytes=574,ppdus=1,airtime_us=92|W80_NSS1_MCS6:bytes=4108,ppdus=10,airtime_us=664|W80_NSS2_MCS6:bytes=6210,ppdus=15,airtime_us=1020;146.25;0.49282845668387837;12.08318890814558;0.055776;0.995384;W20_NSS1_MCS0:bytes=3154,ppdus=7,airtime_us=3828|W20_NSS1_MCS8:bytes=382,ppdus=1,airtime_us=92|W40_NSS1_MCS7:bytes=3436,ppdus=10,airtime_us=696;243.75;0.76640625;21.51260504201681;0.08192;0.996192;W20_NSS1_MCS0:bytes=2392,ppdus=4,airtime_us=2832|W20_NSS2_MCS11:bytes=7848,ppdus=12,airtime_us=976;61.25;0.9166847944311507;36.99798792756539;0.073552;0.998012;W20_NSS1_MCS3:bytes=766,ppdus=1,airtime_us=268|W80_NSS2_MCS0:bytes=8428,ppdus=10,airtime_us=1720;7.3125;0.8749183540169824;7.588599752168525;0.048992;0.993544;W20_NSS1_MCS0:bytes=5358,ppdus=9,airtime_us=6332|W20_NSS1_MCS8:bytes=766,ppdus=1,airtime_us=124;122.5;1.0;58.30943396226415;0.061808;0.99894;W80_NSS2_MCS1:bytes=7726,ppdus=9,airtime_us=1060;14.625;0.9050033061494379;11.86919555264879;0.072592;0.993884;W20_NSS1_MCS0:bytes=862,ppdus=1,airtime_us=1004|W20_NSS2_MCS0:bytes=8212,ppdus=10,airtime_us=5112;7.3125;0.4486528699726669;13.461235216819974;0.081952;0.993912;W20_NSS1_MCS0:bytes=4596,ppdus=6,airtime_us=5352|W20_NSS1_MCS6:bytes=1436,ppdus=2,airtime_us=280|W80_NSS1_MCS6:bytes=4212,ppdus=6,airtime_us=456;;;;;;;;;;;;;;;;;;;;;;;;;;;;;;
96;1;25;high;-41.5;ap_only_cochannel;ul_dl;su;0;250.85590279166667;185.50472930692862;67.70013147240805;0.28542196523056174;367.5;0.8928686228589796;238.65205479452055;0.348432;0.99854;W80_NSS1_MCS4:bytes=4666,ppdus=1,airtime_us=252|W80_NSS2_MCS4:bytes=38888,ppdus=6,airtime_us=1208;195.0;0.5989767240758089;247.80357142857142;0.888128;0.996416;W40_NSS1_MCS9:bytes=66496,ppdus=4,airtime_us=2928|W80_NSS2_MCS9:bytes=44520,ppdus=4,airtime_us=656;275.625;0.7845927310973472;198.76887340301974;3.4228;0.98278;W20_NSS1_MCS9:bytes=31790,ppdus=1,airtime_us=2668|W20_NSS2_MCS6:bytes=60372,ppdus=2,airtime_us=3784|W80_NSS1_MCS6:bytes=335688,ppdus=20,airtime_us=10768;61.25;1.0;60.42455616603678;7.610352;0.874052;W80_NSS2_MCS0:bytes=951294,ppdus=27,airtime_us=125948;183.75;1.0;111.09677419354838;0.041328;0.999628;W80_NSS1_MCS4:bytes=5166,ppdus=3,airtime_us=372;551.25;1.0;429.5353535353535;1.360768;0.996832;W80_NSS2_MCS6:bytes=170096,ppdus=12,airtime_us=3168;438.75;1.0;334.609375;0.68528;0.997952;W40_NSS2_MCS10:bytes=85660,ppdus=8,airtime_us=2048;122.5;1.0;119.33586468760787;1.382864;0.988412;W80_NSS2_MCS1:bytes=172858,ppdus=5,airtime_us=11588;122.5;1.0;76.97560975609755;0.050496;0.999344;W80_NSS2_MCS1:bytes=6312,ppdus=4,airtime_us=656;459.375;0.6145062846829947;297.3882725832013;2.251824;0.992428;W20_NSS2_MCS10:bytes=108508,ppdus=4,airtime_us=4208|W80_NSS1_MCS10:bytes=172970,ppdus=7,airtime_us=3364;263.25;0.9814426675469402;240.55202104759627;4.022992;0.983276;W20_NSS1_MCS6:bytes=4666,ppdus=1,airtime_us=620|W40_NSS2_MCS6:bytes=493542,ppdus=17,airtime_us=15972|W80_NSS2_MCS6:bytes=4666,ppdus=1,airtime_us=132;;;;0.0;;;131.625;0.8950838067185637;122.13276231263383;1.14072;0.99066;W20_NSS1_MCS10:bytes=6702,ppdus=1,airtime_us=540|W20_NSS2_MCS6:bytes=8258,ppdus=1,airtime_us=564|W40_NSS1_MCS6:bytes=127630,ppdus=9,airtime_us=8236;510.416667;0.8895547600852672;217.85761226725083;1.591232;0.992696;W20_NSS1_MCS0:bytes=3110,ppdus=1,airtime_us=3452|W40_NSS2_MCS11:bytes=12638,ppdus=1,airtime_us=260|W80_NSS1_MCS11:bytes=176936,ppdus=12,airtime_us=3424|W80_NSS2_MCS11:bytes=6220,ppdus=2,airtime_us=168;122.5;1.0;120.16598704725354;6.011664;0.949972;W80_NSS2_MCS1:bytes=751458,ppdus=15,airtime_us=50028;122.5;0.878478523548519;96.91951463876211;3.482512;0.964068;W20_NSS1_MCS2:bytes=14002,ppdus=1,airtime_us=5164|W40_NSS2_MCS1:bytes=38898,ppdus=1,airtime_us=5380|W80_NSS2_MCS1:bytes=382414,ppdus=7,airtime_us=25388;367.5;1.0;323.97018633540375;2.086368;0.99356;W80_NSS1_MCS8:bytes=260796,ppdus=14,airtime_us=6440;183.75;0.528305043700328;168.0777058279371;7.26768;0.95676;W20_NSS2_MCS6:bytes=55322,ppdus=1,airtime_us=3428|W40_NSS2_MCS4:bytes=373194,ppdus=17,airtime_us=18052|W80_NSS1_MCS4:bytes=479944,ppdus=16,airtime_us=21760;175.5;0.7259679458702115;130.78435754189945;0.468208;0.99642;W20_NSS2_MCS4:bytes=16038,ppdus=1,airtime_us=1524|W40_NSS2_MCS4:bytes=42488,ppdus=2,airtime_us=2056;183.75;0.9607101976720458;171.79476464101225;11.839408;0.931084;W40_NSS2_MCS2:bytes=58146,ppdus=1,airtime_us=5364|W80_NSS2_MCS2:bytes=1421780,ppdus=28,airtime_us=63552;306.25;1.0;12.533333333333333;0.000752;0.99994;W80_NSS1_MCS7:bytes=94,ppdus=1,airtime_us=60;183.75;1.0;175.76404494382024;1.001152;0.994304;W80_NSS2_MCS2:bytes=125144,ppdus=4,airtime_us=5696;195.0;1.0;147.40939597315437;0.087856;0.999404;W40_NSS1_MCS9:bytes=10982,ppdus=3,airtime_us=596;438.75;1.0;351.65432098765433;0.227872;0.999352;W40_NSS2_MCS10:bytes=28484,ppdus=2,airtime_us=648;58.5;1.0;57.90719092061873;10.429443472408042;0.819893811;W40_NSS1_MCS3:bytes=1303680.43405101,ppdus=34,airtime_us=180106.189;;;;;;;;;;;;;;;;;;;;;;;;;;;;;;
96;1;25;high;-41.5;ap_only_cochannel;ul_dl;su;1;296.7433334;192.59411986774612;87.618304;0.24242475805888208;183.75;1.0;179.34546496632754;5.006608;0.972084;W80_NSS2_MCS2:bytes=625826,ppdus=11,airtime_us=27916;117.0;0.9160820992465576;98.06369426751593;0.184752;0.998116;W40_NSS1_MCS5:bytes=21156,ppdus=6,airtime_us=1752|W40_NSS2_MCS5:bytes=1938,ppdus=1,airtime_us=132;58.5;0.5266399833662543;82.74408602150538;0.615616;0.99256;W20_NSS1_MCS5:bytes=40526,ppdus=3,airtime_us=5684|W20_NSS2_MCS9:bytes=9622,ppdus=1,airtime_us=452|W40_NSS2_MCS5:bytes=26804,ppdus=6,airtime_us=1304;816.666668;0.7297680803600892;313.70186335403724;2.424288;0.992272;W20_NSS1_MCS2:bytes=6222,ppdus=1,airtime_us=2316|W40_NSS1_MCS9:bytes=40642,ppdus=3,airtime_us=1812|W40_NSS2_MCS9:bytes=35026,ppdus=3,airtime_us=892|W80_NSS2_MCS9:bytes=221146,ppdus=9,airtime_us=2708;510.416667;1.0;12.533333333333333;0.001504;0.99988;W80_NSS1_MCS11:bytes=188,ppdus=2,airtime_us=120;306.25;1.0;277.23943661971833;1.259776;0.995456;W80_NSS1_MCS7:bytes=157472,ppdus=8,airtime_us=4544;245.0;0.7952922232323165;215.6465537801097;14.467296;0.932912;W20_NSS2_MCS8:bytes=328976,ppdus=6,airtime_us=15368|W80_NSS1_MCS3:bytes=41220,ppdus=2,airtime_us=2792|W80_NSS2_MCS3:bytes=1438216,ppdus=32,airtime_us=48928;61.25;1.0;60.45404882765289;5.001968;0.91726;W80_NSS2_MCS0:bytes=625246,ppdus=17,airtime_us=82740;245.0;1.0;231.17018444571212;4.862896;0.978964;W80_NSS2_MCS3:bytes=607862,ppdus=19,airtime_us=21036;243.75;0.7579321300913464;169.21717485998755;2.175456;0.987144;W20_NSS1_MCS3:bytes=7778,ppdus=1,airtime_us=2188|W20_NSS1_MCS11:bytes=50270,ppdus=1,airtime_us=3356|W20_NSS2_MCS11:bytes=206106,ppdus=7,airtime_us=7196|W80_NSS2_MCS11:bytes=7778,ppdus=1,airtime_us=116;918.75;0.9773020705484802;383.51706571574124;3.011376;0.992148;W20_NSS1_MCS0:bytes=3494,ppdus=1,airtime_us=3884|W40_NSS2_MCS10:bytes=5050,ppdus=1,airtime_us=148|W80_NSS2_MCS10:bytes=367878,ppdus=11,airtime_us=3820;183.75;1.0;177.77672003461706;6.573472;0.963024;W80_NSS2_MCS2:bytes=821684,ppdus=20,airtime_us=36976;292.5;0.8630836186757976;209.02341137123747;0.999968;0.995216;W20_NSS1_MCS10:bytes=17114,ppdus=1,airtime_us=1308|W40_NSS2_MCS7:bytes=107882,ppdus=9,airtime_us=3476;351.0;0.9035466407178224;299.4076458752515;2.976112;0.99006;W40_NSS1_MCS8:bytes=35882,ppdus=1,airtime_us=1692|W40_NSS2_MCS8:bytes=336132,ppdus=10,airtime_us=8248;367.5;1.0;307.2207792207792;0.567744;0.998152;W80_NSS1_MCS8:bytes=70968,ppdus=6,airtime_us=1848;367.5;0.8904667085865996;263.22758620689655;0.916032;0.99652;W80_NSS1_MCS4:bytes=12542,ppdus=1,airtime_us=604|W80_NSS2_MCS4:bytes=101962,ppdus=11,airtime_us=2876;183.75;1.0;176.18872870249018;2.150912;0.987792;W80_NSS2_MCS2:bytes=268864,ppdus=8,airtime_us=12208;121.875;0.6298870147502128;155.8995515695067;0.695312;0.99554;W20_NSS1_MCS11:bytes=54746,ppdus=1,airtime_us=3644|W40_NSS2_MCS10:bytes=32168,ppdus=4,airtime_us=816;487.5;0.7646702573502693;220.06041759218127;3.962848;0.981992;W20_NSS1_MCS4:bytes=29658,ppdus=1,airtime_us=5468|W20_NSS1_MCS11:bytes=69034,ppdus=3,airtime_us=4692|W20_NSS2_MCS11:bytes=17880,ppdus=2,airtime_us=696|W40_NSS2_MCS11:bytes=378784,ppdus=16,airtime_us=7152;121.875;0.7514907573047108;129.3731918997107;1.07328;0.991704;W20_NSS1_MCS11:bytes=100820,ppdus=6,airtime_us=6952|W20_NSS2_MCS11:bytes=33340,ppdus=4,airtime_us=1344;219.375;0.8879400583989863;160.27373068432672;0.290416;0.998188;W40_NSS1_MCS10:bytes=32234,ppdus=9,airtime_us=1628|W80_NSS1_MCS10:bytes=4068,ppdus=2,airtime_us=184;219.375;1.0;172.74603174603175;0.348256;0.997984;W40_NSS1_MCS10:bytes=43532,ppdus=8,airtime_us=2016;61.25;0.755356531889629;68.32176005500172;3.97496;0.94182;W20_NSS1_MCS8:bytes=59126,ppdus=1,airtime_us=5436|W20_NSS2_MCS8:bytes=62430,ppdus=1,airtime_us=2900|W80_NSS2_MCS0:bytes=375314,ppdus=13,airtime_us=49844;122.5;0.9535842883181307;113.44186046511628;23.648544;0.791536;W20_NSS2_MCS2:bytes=29562,ppdus=1,airtime_us=5444|W40_NSS1_MCS2:bytes=29562,ppdus=1,airtime_us=5436|W40_NSS2_MCS1:bytes=78084,ppdus=2,airtime_us=10792|W80_NSS2_MCS1:bytes=2818860,ppdus=46,airtime_us=186792;612.5;1.0;338.25867507886437;0.428912;0.998732;W80_NSS2_MCS7:bytes=53614,ppdus=9,airtime_us=1268;;;;;;;;;;;;;;;;;;;;;;;;;;;;;;
96;1;25;high;-41.5;ap_only_cochannel;ul_dl;su;2;305.5833334;187.608486853039;75.71683359299702;0.2747039573221006;816.666668;0.8952842988118243;419.0008613264427;1.94584;0.995356;W20_NSS1_MCS10:bytes=25470,ppdus=1,airtime_us=1916|W80_NSS2_MCS9:bytes=217760,ppdus=10,airtime_us=2728;61.25;1.0;60.388635454181674;3.018224;0.95002;W80_NSS2_MCS0:bytes=377278,ppdus=11,airtime_us=49980;219.375;0.9643336815400686;164.44171779141104;0.107216;0.999348;W40_NSS1_MCS10:bytes=12924,ppdus=2,airtime_us=584|W80_NSS2_MCS10:bytes=478,ppdus=1,airtime_us=68;438.75;0.4466369615955867;51.46132848043676;0.226224;0.995604;W20_NSS1_MCS0:bytes=3110,ppdus=1,airtime_us=3452|W40_NSS2_MCS10:bytes=12630,ppdus=5,airtime_us=548|W80_NSS2_MCS5:bytes=12538,ppdus=3,airtime_us=396;219.375;0.6798700255748156;256.33887569279494;1.295024;0.994948;W40_NSS1_MCS10:bytes=110056,ppdus=8,airtime_us=4416|W80_NSS2_MCS10:bytes=51822,ppdus=3,airtime_us=636;122.5;1.0;82.91666666666667;0.12736;0.998464;W80_NSS2_MCS1:bytes=15920,ppdus=8,airtime_us=1536;490.0;0.9347905323398227;274.1457635848571;4.258032;0.984468;W20_NSS1_MCS2:bytes=14002,ppdus=1,airtime_us=5164|W40_NSS1_MCS5:bytes=20706,ppdus=1,airtime_us=1468|W80_NSS2_MCS5:bytes=497546,ppdus=13,airtime_us=8900;275.625;0.4254951273184533;214.62168674698796;2.850176;0.98672;W20_NSS2_MCS6:bytes=95386,ppdus=5,airtime_us=6100|W40_NSS2_MCS6:bytes=35978,ppdus=1,airtime_us=1156|W80_NSS1_MCS6:bytes=151592,ppdus=6,airtime_us=4712|W80_NSS2_MCS6:bytes=73316,ppdus=4,airtime_us=1312;122.5;1.0;120.80350877192983;5.50864;0.9544;W80_NSS1_MCS3:bytes=688580,ppdus=12,airtime_us=45600;122.5;1.0;119.83427998663548;2.869312;0.976056;W80_NSS1_MCS3:bytes=358664,ppdus=10,airtime_us=23944;122.5;1.0;119.9887323943662;2.726144;0.97728;W80_NSS2_MCS1:bytes=340768,ppdus=8,airtime_us=22720;122.5;0.9451405065604539;118.75531823271037;5.515472;0.953556;W20_NSS1_MCS9:bytes=37822,ppdus=1,airtime_us=3148|W80_NSS2_MCS1:bytes=651612,ppdus=12,airtime_us=43296;122.5;1.0;120.14898803787062;8.477232;0.929444;W80_NSS1_MCS3:bytes=1059654,ppdus=25,airtime_us=70556;459.375;0.8669811320754717;42.4;0.01696;0.9996;W80_NSS1_MCS10:bytes=1838,ppdus=3,airtime_us=196|W80_NSS2_MCS10:bytes=282,ppdus=3,airtime_us=204;459.375;0.8991818006952818;273.7091492776886;6.820832;0.97508;W20_NSS1_MCS0:bytes=4666,ppdus=1,airtime_us=5164|W20_NSS1_MCS10:bytes=64082,ppdus=1,airtime_us=4732|W40_NSS1_MCS10:bytes=17210,ppdus=1,airtime_us=684|W80_NSS1_MCS10:bytes=766646,ppdus=19,airtime_us=14340;551.25;0.7961514430586596;180.33802816901408;2.663232;0.985232;W20_NSS1_MCS6:bytes=31694,ppdus=1,airtime_us=3900|W20_NSS2_MCS1:bytes=18958,ppdus=1,airtime_us=5252|W20_NSS2_MCS6:bytes=17210,ppdus=1,airtime_us=1108|W80_NSS2_MCS6:bytes=265042,ppdus=11,airtime_us=4508;122.5;1.0;120.76363215702665;11.844917903219242;0.901916515;W80_NSS2_MCS1:bytes=1480614.73790241,ppdus=24,airtime_us=98083.485;551.25;1.0;497.5406613047364;2.226992;0.995524;W80_NSS2_MCS6:bytes=278374,ppdus=7,airtime_us=4476;292.5;0.8872979551193612;191.98769298405196;0.9378356897777778;0.995115126;W20_NSS1_MCS7:bytes=11658,ppdus=1,airtime_us=1324|W40_NSS1_MCS7:bytes=1554,ppdus=1,airtime_us=140|W40_NSS2_MCS7:bytes=104017.461222222,ppdus=10,airtime_us=3420.874;510.416667;1.0;479.31548311990684;4.940784;0.989692;W80_NSS1_MCS11:bytes=617598,ppdus=11,airtime_us=10308;61.25;0.8307370640903745;59.460379127871924;3.550736;0.940284;W20_NSS2_MCS3:bytes=75126,ppdus=5,airtime_us=10580|W80_NSS2_MCS0:bytes=368716,ppdus=16,airtime_us=49136;487.5;0.9129743763079733;299.1952662721894;2.224816;0.992564;W20_NSS1_MCS8:bytes=24202,ppdus=1,airtime_us=2252|W40_NSS2_MCS11:bytes=253900,ppdus=16,airtime_us=5184;122.5;1.0;111.43139678615574;0.721184;0.993528;W80_NSS2_MCS1:bytes=90148,ppdus=10,airtime_us=6472;490.0;0.5068738792588166;96.98550724637681;0.053536;0.999448;W40_NSS2_MCS5:bytes=3300,ppdus=2,airtime_us=232|W80_NSS2_MCS5:bytes=3392,ppdus=4,airtime_us=320;275.625;0.9212871086630756;214.23861171366593;0.790112;0.996312;W40_NSS2_MCS6:bytes=7774,ppdus=3,airtime_us=396|W80_NSS1_MCS6:bytes=90990,ppdus=13,airtime_us=3292;;;;;;;;;;;;;;;;;;;;;;;;;;;;;;
97;1;25;medium;-50.0;isolated;ul;su;0;452.05381958333334;385.6809469879252;193.10374526010364;0.6038125604125006;367.5;1.0;351.8126171143036;4.506016;0.987192;W80_NSS2_MCS4:bytes=563252,ppdus=10,airtime_us=12808;816.666668;0.9759500941267204;527.8909168992914;9.833552;0.981372;W20_NSS1_MCS4:bytes=29562,ppdus=1,airtime_us=5436|W80_NSS2_MCS9:bytes=1199632,ppdus=22,airtime_us=13192;551.25;1.0;504.2982561635598;6.709184;0.986696;W80_NSS2_MCS6:bytes=838648,ppdus=18,airtime_us=13304;146.25;1.0;142.83222090152694;6.248624;0.956252;W20_NSS2_MCS7:bytes=781078,ppdus=17,airtime_us=43748;367.5;1.0;353.8223815213062;7.107584;0.979912;W80_NSS2_MCS4:bytes=888448,ppdus=14,airtime_us=20088;551.25;1.0;511.9419136662025;10.294128;0.979892;W80_NSS2_MCS6:bytes=1286766,ppdus=23,airtime_us=20108;;;;0.0;;;122.5;1.0;119.66022159461221;2.203184;0.981588;W80_NSS2_MCS1:bytes=275398,ppdus=7,airtime_us=18412;122.5;1.0;120.26017175841194;6.833664;0.943176;W80_NSS2_MCS1:bytes=854208,ppdus=18,airtime_us=56824;918.75;0.9678729889967503;648.6915027208037;6.198896;0.990444;W20_NSS2_MCS4:bytes=24894,ppdus=1,airtime_us=2324|W80_NSS2_MCS10:bytes=749968,ppdus=12,airtime_us=7232;551.25;0.9349317028291713;390.8283870967742;7.269408;0.9814;W20_NSS2_MCS4:bytes=59126,ppdus=1,airtime_us=5444|W80_NSS2_MCS6:bytes=849550,ppdus=13,airtime_us=13156;735.0;1.0;665.2919828439459;8.066;0.987876;W80_NSS2_MCS8:bytes=1008250,ppdus=19,airtime_us=12124;551.25;1.0;513.5374292304466;9.79624;0.980924;W80_NSS2_MCS6:bytes=1224530,ppdus=21,airtime_us=19076;1020.833334;1.0;887.6196868008949;12.696512;0.985696;W80_NSS2_MCS11:bytes=1587064,ppdus=28,airtime_us=14304;122.5;1.0;120.82671444604146;24.546672;0.796844;W80_NSS2_MCS1:bytes=3068334,ppdus=49,airtime_us=203156;61.25;1.0;59.60490870996708;0.79656;0.986636;W80_NSS1_MCS1:bytes=99570,ppdus=7,airtime_us=13364;735.0;1.0;671.5104999433944;8.830481260103626;0.986849824;W80_NSS2_MCS8:bytes=1103810.15751295,ppdus=19,airtime_us=13150.176;367.5;0.973299394078063;337.89052253744734;19.58008;0.942052;W20_NSS2_MCS6:bytes=65350,ppdus=1,airtime_us=4036|W80_NSS2_MCS4:bytes=2382160,ppdus=38,airtime_us=53912;367.5;1.0;353.42540716612376;6.510096;0.98158;W80_NSS2_MCS4:bytes=813762,ppdus=13,airtime_us=18420;183.75;1.0;178.20796397917547;5.066096;0.971572;W80_NSS2_MCS2:bytes=633262,ppdus=15,airtime_us=28428;612.5;1.0;562.0635051546392;5.452016;0.9903;W80_NSS2_MCS7:bytes=681502,ppdus=13,airtime_us=9700;183.75;1.0;178.88886701446992;7.269328;0.959364;W80_NSS2_MCS2:bytes=908666,ppdus=19,airtime_us=40636;816.666668;1.0;716.3009404388715;6.398;0.991068;W80_NSS2_MCS9:bytes=799750,ppdus=17,airtime_us=8932;459.375;1.0;261.93684210526317;0.199072;0.99924;W80_NSS1_MCS10:bytes=24884,ppdus=6,airtime_us=760;117.0;0.5029149807264108;77.19886790273205;10.692352;0.861496;W40_NSS1_MCS3:bytes=664376,ppdus=18,airtime_us=91800|W40_NSS2_MCS3:bytes=672168,ppdus=12,airtime_us=46704;;;;;;;;;;;;;;;;;;;;;;;;;;;;;;
97;1;25;medium;-50.0;isolated;ul;su;1;516.04500012;402.87693993255454;236.44099513209824;0.5186915480597412;183.75;0.9692306678192807;177.12184138103578;16.990944;0.904072;W20_NSS1_MCS11:bytes=65350,ppdus=1,airtime_us=4348|W80_NSS2_MCS2:bytes=2058518,ppdus=35,airtime_us=91580;490.0;1.0;451.5625657202944;3.435488;0.992392;W80_NSS2_MCS5:bytes=429436,ppdus=10,airtime_us=7608;490.0;1.0;459.49165714285715;8.041104;0.9825;W80_NSS2_MCS5:bytes=1005138,ppdus=19,airtime_us=17500;816.666668;1.0;736.4223525779562;19.082176;0.974088;W80_NSS2_MCS9:bytes=2385272,ppdus=38,airtime_us=25912;510.416667;1.0;476.9723160027009;2.825584;0.994076;W80_NSS1_MCS11:bytes=353198,ppdus=7,airtime_us=5924;612.5;1.0;532.401179941003;1.443872;0.997288;W80_NSS2_MCS7:bytes=180484,ppdus=6,airtime_us=2712;245.0;1.0;236.92329585883022;6.65944;0.971892;W80_NSS2_MCS3:bytes=832430,ppdus=15,airtime_us=28108;219.375;1.0;213.38863976083707;4.568224;0.978592;W40_NSS1_MCS10:bytes=571028,ppdus=12,airtime_us=21408;245.0;0.976729962721342;228.3512177586052;20.326912;0.910984;W20_NSS2_MCS4:bytes=59126,ppdus=1,airtime_us=5444|W80_NSS2_MCS3:bytes=2481738,ppdus=41,airtime_us=83572;510.416667;1.0;457.7723292469352;1.045552;0.997716;W80_NSS1_MCS11:bytes=130694,ppdus=5,airtime_us=2284;918.75;0.8997604066644375;512.7314195831694;5.215504;0.989828;W20_NSS1_MCS11:bytes=65350,ppdus=1,airtime_us=4348|W80_NSS2_MCS10:bytes=586588,ppdus=12,airtime_us=5824;183.75;1.0;178.72878111040205;6.721632;0.962392;W80_NSS2_MCS2:bytes=840204,ppdus=18,airtime_us=37608;612.5;1.0;558.364390378767;8.078416;0.985532;W80_NSS2_MCS7:bytes=1009802,ppdus=21,airtime_us=14468;735.0;1.0;148.0;0.012432;0.999916;W80_NSS2_MCS8:bytes=1554,ppdus=1,airtime_us=84;367.5;0.6929600005793344;410.82781703235406;4.418864;0.989244;W80_NSS1_MCS8:bytes=382762,ppdus=7,airtime_us=8676|W80_NSS2_MCS8:bytes=169596,ppdus=4,airtime_us=2080;367.5;1.0;353.98012680987983;29.924064;0.915464;W80_NSS2_MCS4:bytes=3740508,ppdus=58,airtime_us=84536;195.0;0.7583402903928891;187.86703677280806;22.668071600275862;0.879339814;W20_NSS2_MCS9:bytes=2148764,ppdus=36,airtime_us=90256|W80_NSS2_MCS2:bytes=684744.950034483,ppdus=10,airtime_us=30404.186;918.75;1.0;819.2207151664611;10.630208;0.987024;W80_NSS2_MCS10:bytes=1328776,ppdus=24,airtime_us=12976;510.416667;1.0;457.9445114595899;1.518544;0.996684;W80_NSS1_MCS11:bytes=189818,ppdus=7,airtime_us=3316;1020.833334;1.0;296.1904761904762;0.07464;0.999748;W80_NSS2_MCS11:bytes=9330,ppdus=3,airtime_us=252;918.75;0.9906637333318175;711.7819489715635;25.330896;0.964412;W20_NSS2_MCS2:bytes=29562,ppdus=1,airtime_us=5444|W80_NSS2_MCS10:bytes=3136800,ppdus=48,airtime_us=30144;918.75;0.9467676953629653;623.0083735092616;9.821104;0.984236;W20_NSS1_MCS11:bytes=65350,ppdus=1,airtime_us=4348|W80_NSS2_MCS10:bytes=1162288,ppdus=22,airtime_us=11416;175.5;1.0;171.96282930350054;15.248288;0.911328;W40_NSS1_MCS8:bytes=1906036,ppdus=32,airtime_us=88672;122.5;1.0;120.41404975160835;6.658123531822387;0.944706423;W80_NSS2_MCS1:bytes=832265.441477798,ppdus=17,airtime_us=55293.577;612.5;1.0;550.4936268829664;5.700912;0.989644;W80_NSS2_MCS7:bytes=712614,ppdus=17,airtime_us=10356;;;;;;;;;;;;;;;;;;;;;;;;;;;;;;
97;1;25;medium;-50.0;isolated;ul;su;2;465.28985517391305;413.5166042671531;235.87196161614128;0.5192526499715455;816.666668;0.9767312849742852;697.5886736214605;22.467936;0.967792;W20_NSS2_MCS10:bytes=65350,ppdus=1,airtime_us=2436|W80_NSS2_MCS9:bytes=2743142,ppdus=43,airtime_us=29772;146.25;1.0;143.23203690463532;1.4999227393605292;0.989528022;W40_NSS1_MCS7:bytes=187490.342420066,ppdus=5,airtime_us=10471.978;918.75;1.0;792.3041474654378;2.75088;0.996528;W80_NSS2_MCS10:bytes=343860,ppdus=8,airtime_us=3472;;;;0.0;;;918.75;1.0;813.0031055900621;8.377184;0.989696;W80_NSS2_MCS10:bytes=1047148,ppdus=20,airtime_us=10304;122.5;1.0;120.48962762530601;7.48096;0.937912;W80_NSS2_MCS1:bytes=935120,ppdus=18,airtime_us=62088;490.0;1.0;462.05026455026456;11.17792;0.975808;W80_NSS2_MCS5:bytes=1397240,ppdus=24,airtime_us=24192;275.625;0.7307619416451743;300.584520123839;1.941776;0.99354;W80_NSS1_MCS6:bytes=177372,ppdus=6,airtime_us=5448|W80_NSS2_MCS6:bytes=65350,ppdus=1,airtime_us=1012;245.0;0.9778480733755875;236.50795686856134;23.600656;0.900212;W20_NSS2_MCS9:bytes=65350,ppdus=1,airtime_us=2740|W80_NSS2_MCS3:bytes=2884732,ppdus=46,airtime_us=97048;245.0;1.0;237.41129355226272;4.742528;0.980024;W80_NSS2_MCS3:bytes=592816,ppdus=10,airtime_us=19976;122.5;1.0;120.65862785862785;9.285888;0.92304;W80_NSS2_MCS1:bytes=1160736,ppdus=20,airtime_us=76960;122.5;1.0;120.1124031007752;2.974944;0.975232;W80_NSS2_MCS1:bytes=371868,ppdus=8,airtime_us=24768;245.0;1.0;237.78830939972255;25.368208;0.893316;W80_NSS2_MCS3:bytes=3171026,ppdus=51,airtime_us=106684;918.75;0.9716598768906787;756.9072706384376;18.447344;0.975628;W20_NSS2_MCS9:bytes=65350,ppdus=1,airtime_us=2740|W80_NSS2_MCS10:bytes=2240568,ppdus=36,airtime_us=21632;918.75;1.0;780.5114754098361;1.904448;0.99756;W80_NSS2_MCS10:bytes=238056,ppdus=6,airtime_us=2440;551.25;0.99135510470186;449.17970049916806;17.277248;0.961536;W20_NSS2_MCS1:bytes=18670,ppdus=1,airtime_us=5172|W80_NSS2_MCS6:bytes=2140986,ppdus=35,airtime_us=33292;;;;0.0;;;551.25;1.0;516.2818003913894;9.49752;0.981604;W80_NSS2_MCS6:bytes=1187190,ppdus=19,airtime_us=18396;612.5;0.9797003037965246;543.2433344583193;25.75408;0.952592;W20_NSS2_MCS8:bytes=65350,ppdus=1,airtime_us=3044|W80_NSS2_MCS7:bytes=3153910,ppdus=51,airtime_us=44364;1020.833334;1.0;887.2916780354707;13.007696;0.98534;W80_NSS2_MCS11:bytes=1625962,ppdus=29,airtime_us=14660;61.25;0.6416242523312404;59.360458705480205;2.15336;0.963724;W40_NSS1_MCS3:bytes=96464,ppdus=4,airtime_us=13408|W80_NSS2_MCS0:bytes=172706,ppdus=5,airtime_us=22868;510.416667;1.0;469.0;2.6264;0.9944;W80_NSS1_MCS11:bytes=328300,ppdus=8,airtime_us=5600;122.5;1.0;120.65427935859438;10.290918876780758;0.914707386;W80_NSS2_MCS1:bytes=1286364.85959759,ppdus=22,airtime_us=85292.614;490.0;0.9936451871177172;384.30350601779173;11.750464;0.969424;W20_NSS2_MCS0:bytes=9334,ppdus=1,airtime_us=5172|W80_NSS2_MCS5:bytes=1459474,ppdus=27,airtime_us=25404;275.625;1.0;262.4174279690794;1.49368;0.994308;W80_NSS1_MCS6:bytes=186710,ppdus=5,airtime_us=5692;;;;;;;;;;;;;;;;;;;;;;;;;;;;;;
98;1;25;medium;-50.0;isolated;dl;su;0;651.70000024;80.55822497841928;4.260336;0.7192371444478186;551.25;0.9678123813140904;80.09125475285171;0.168512;0.997896;W20_NSS1_MCS3:bytes=678,ppdus=1,airtime_us=236|W80_NSS2_MCS6:bytes=20386,ppdus=27,airtime_us=1868;816.666668;0.9736697247706422;78.70036101083032;0.1744;0.997784;W20_NSS1_MCS1:bytes=574,ppdus=1,airtime_us=364|W80_NSS2_MCS9:bytes=21226,ppdus=27,airtime_us=1852;816.666668;0.9678987511524599;91.95375722543352;0.190896;0.997924;W20_NSS1_MCS5:bytes=766,ppdus=1,airtime_us=156|W80_NSS2_MCS9:bytes=23096,ppdus=28,airtime_us=1920;612.5;0.9644184318097362;86.80645161290323;0.172224;0.998016;W20_NSS2_MCS5:bytes=766,ppdus=1,airtime_us=116|W80_NSS2_MCS7:bytes=20762,ppdus=27,airtime_us=1868;551.25;0.9657913540550197;88.50592885375494;0.179136;0.997976;W20_NSS1_MCS7:bytes=766,ppdus=1,airtime_us=140|W80_NSS2_MCS6:bytes=21626,ppdus=27,airtime_us=1884;918.75;0.967936447166922;86.70539419087137;0.167168;0.998072;W20_NSS1_MCS11:bytes=670,ppdus=1,airtime_us=92|W80_NSS2_MCS10:bytes=20226,ppdus=27,airtime_us=1836;918.75;0.936096256684492;36.48780487804878;0.05984;0.99836;W40_NSS1_MCS8:bytes=478,ppdus=1,airtime_us=76|W80_NSS2_MCS10:bytes=7002,ppdus=23,airtime_us=1564;245.0;0.970747467691233;72.71111111111111;0.183232;0.99748;W20_NSS1_MCS4:bytes=670,ppdus=1,airtime_us=172|W80_NSS2_MCS3:bytes=22234,ppdus=27,airtime_us=2348;551.25;0.9662465850004407;81.19499105545617;0.181552;0.997764;W20_NSS1_MCS3:bytes=766,ppdus=1,airtime_us=268|W80_NSS2_MCS6:bytes=21928,ppdus=28,airtime_us=1968;918.75;0.9622691061892673;88.72233009708738;0.182768;0.99794;W20_NSS1_MCS6:bytes=862,ppdus=1,airtime_us=156|W80_NSS2_MCS10:bytes=21984,ppdus=28,airtime_us=1904;551.25;0.9582788671023965;86.19718309859155;0.14688;0.998296;W20_NSS1_MCS10:bytes=766,ppdus=1,airtime_us=108|W80_NSS2_MCS6:bytes=17594,ppdus=23,airtime_us=1596;816.666668;0.9503331852509995;88.10176125244618;0.18008;0.997956;W20_NSS1_MCS11:bytes=1118,ppdus=1,airtime_us=124|W80_NSS2_MCS9:bytes=21392,ppdus=28,airtime_us=1920;918.75;1.0;95.42857142857143;0.181696;0.998096;W80_NSS2_MCS10:bytes=22712,ppdus=28,airtime_us=1904;1020.833334;0.9394021986008904;76.04145077720207;0.176112;0.997684;W20_NSS1_MCS3:bytes=1334,ppdus=1,airtime_us=412|W80_NSS2_MCS11:bytes=20680,ppdus=28,airtime_us=1904;490.0;0.9695758786667877;84.21414913957935;0.176176;0.997908;W20_NSS1_MCS6:bytes=670,ppdus=1,airtime_us=140|W80_NSS2_MCS5:bytes=21352,ppdus=28,airtime_us=1952;183.75;0.9707372466806429;68.34626865671642;0.183168;0.99732;W20_NSS1_MCS8:bytes=670,ppdus=1,airtime_us=108|W80_NSS2_MCS2:bytes=22226,ppdus=27,airtime_us=2572;735.0;0.9682907965970611;68.18079096045197;0.144816;0.997876;W40_NSS1_MCS1:bytes=574,ppdus=1,airtime_us=204|W80_NSS2_MCS8:bytes=17528,ppdus=28,airtime_us=1920;551.25;0.9450071073205402;88.28235294117647;0.180096;0.99796;W20_NSS1_MCS9:bytes=1238,ppdus=1,airtime_us=156|W80_NSS2_MCS6:bytes=21274,ppdus=27,airtime_us=1884;735.0;0.9744639202776048;78.73204903677758;0.179824;0.997716;W20_NSS1_MCS1:bytes=574,ppdus=1,airtime_us=364|W80_NSS2_MCS8:bytes=21904,ppdus=28,airtime_us=1920;245.0;0.9650292184075968;71.81639344262295;0.175232;0.99756;W20_NSS1_MCS9:bytes=766,ppdus=1,airtime_us=108|W80_NSS2_MCS3:bytes=21138,ppdus=27,airtime_us=2332;612.5;1.0;88.71057884231537;0.177776;0.997996;W80_NSS2_MCS7:bytes=22222,ppdus=29,airtime_us=2004;551.25;0.9685031966904851;85.429718875502;0.170176;0.998008;W20_NSS1_MCS7:bytes=670,ppdus=1,airtime_us=124|W80_NSS2_MCS6:bytes=20602,ppdus=27,airtime_us=1868;816.666668;0.9746107572540693;81.32374100719424;0.180864;0.997776;W20_NSS2_MCS0:bytes=574,ppdus=1,airtime_us=372|W80_NSS2_MCS9:bytes=22034,ppdus=27,airtime_us=1852;918.75;0.9694035985021463;91.81551362683439;0.175184;0.998092;W20_NSS1_MCS5:bytes=670,ppdus=1,airtime_us=140|W80_NSS2_MCS10:bytes=21228,ppdus=26,airtime_us=1768;245.0;0.9689325790596309;69.45571658615137;0.172528;0.997516;W20_NSS2_MCS7:bytes=670,ppdus=1,airtime_us=100|W80_NSS2_MCS3:bytes=20896,ppdus=28,airtime_us=2384;;;;;;;;;;;;;;;;;;;;;;;;;;;;;;
98;1;25;medium;-50.0;isolated;dl;su;1;793.80000048;81.47921807170295;4.5908;0.6983512214712323;1020.833334;0.9743795750758794;85.83908045977012;0.179232;0.997912;W20_NSS2_MCS4:bytes=574,ppdus=1,airtime_us=116|W80_NSS2_MCS11:bytes=21830,ppdus=29,airtime_us=1972;551.25;0.9608253044900927;83.66539923954373;0.176032;0.997896;W20_NSS2_MCS7:bytes=862,ppdus=1,airtime_us=100|W80_NSS2_MCS6:bytes=21142,ppdus=29,airtime_us=2004;816.666668;0.966526830973606;88.35521235521236;0.183072;0.997928;W20_NSS2_MCS10:bytes=766,ppdus=1,airtime_us=84|W80_NSS2_MCS9:bytes=22118,ppdus=29,airtime_us=1988;816.666668;0.9681178723050029;89.81682242990654;0.192208;0.99786;W20_NSS2_MCS6:bytes=766,ppdus=1,airtime_us=100|W80_NSS2_MCS9:bytes=23260,ppdus=30,airtime_us=2040;1020.833334;0.9763064476182614;80.6189683860233;0.193808;0.997596;W40_NSS1_MCS0:bytes=574,ppdus=1,airtime_us=364|W80_NSS2_MCS11:bytes=23652,ppdus=30,airtime_us=2040;816.666668;0.9399024551541705;86.87253141831239;0.193552;0.997772;W20_NSS1_MCS8:bytes=1454,ppdus=1,airtime_us=188|W80_NSS2_MCS9:bytes=22740,ppdus=30,airtime_us=2040;735.0;0.9362079673498359;65.05627705627705;0.180336;0.997228;W20_NSS2_MCS0:bytes=1438,ppdus=1,airtime_us=852|W80_NSS2_MCS8:bytes=21104,ppdus=28,airtime_us=1920;918.75;0.9665968951683237;81.9;0.183456;0.99776;W40_NSS1_MCS1:bytes=766,ppdus=1,airtime_us=268|W80_NSS2_MCS10:bytes=22166,ppdus=29,airtime_us=1972;367.5;0.9670225589805407;79.2764505119454;0.185824;0.997656;W20_NSS2_MCS2:bytes=766,ppdus=1,airtime_us=196|W80_NSS2_MCS4:bytes=22462,ppdus=29,airtime_us=2148;1020.833334;0.975313951488044;79.63013698630137;0.186016;0.997664;W40_NSS1_MCS0:bytes=574,ppdus=1,airtime_us=364|W80_NSS2_MCS11:bytes=22678,ppdus=29,airtime_us=1972;1020.833334;0.9749344978165939;89.10505836575875;0.1832;0.997944;W20_NSS2_MCS8:bytes=574,ppdus=1,airtime_us=84|W80_NSS2_MCS11:bytes=22326,ppdus=29,airtime_us=1972;245.0;0.9659555555555556;69.6594427244582;0.18;0.997416;W20_NSS2_MCS9:bytes=766,ppdus=1,airtime_us=84|W80_NSS2_MCS3:bytes=21734,ppdus=29,airtime_us=2500;918.75;0.9700625558534406;87.08171206225681;0.17904;0.997944;W20_NSS2_MCS8:bytes=670,ppdus=1,airtime_us=84|W80_NSS2_MCS10:bytes=21710,ppdus=29,airtime_us=1972;816.666668;0.9741394845918183;85.6988416988417;0.177568;0.997928;W20_NSS2_MCS11:bytes=574,ppdus=1,airtime_us=84|W80_NSS2_MCS9:bytes=21622,ppdus=29,airtime_us=1988;918.75;0.9795324141474694;86.0184162062615;0.186832;0.997828;W20_NSS2_MCS3:bytes=478,ppdus=1,airtime_us=132|W80_NSS2_MCS10:bytes=22876,ppdus=30,airtime_us=2040;367.5;1.0;78.49742710120069;0.183056;0.997668;W80_NSS2_MCS4:bytes=22882,ppdus=31,airtime_us=2332;816.666668;0.9645304686052972;76.58156028368795;0.172768;0.997744;W20_NSS1_MCS3:bytes=766,ppdus=1,airtime_us=268|W80_NSS2_MCS9:bytes=20830,ppdus=29,airtime_us=1988;1020.833334;0.9719641811030212;77.97063621533442;0.191184;0.997548;W40_NSS1_MCS0:bytes=670,ppdus=1,airtime_us=412|W80_NSS2_MCS11:bytes=23228,ppdus=30,airtime_us=2040;1020.833334;0.9442027773130333;69.29855072463768;0.191264;0.99724;W20_NSS2_MCS0:bytes=1334,ppdus=1,airtime_us=788|W80_NSS2_MCS11:bytes=22574,ppdus=29,airtime_us=1972;1020.833334;0.9695620570597856;79.7536231884058;0.176096;0.997792;W40_NSS1_MCS1:bytes=670,ppdus=1,airtime_us=236|W80_NSS2_MCS11:bytes=21342,ppdus=29,airtime_us=1972;918.75;1.0;90.11764705882354;0.18384;0.99796;W80_NSS2_MCS10:bytes=22980,ppdus=30,airtime_us=2040;1020.833334;0.9868927589367553;80.22058823529412;0.17456;0.997824;W40_NSS1_MCS0:bytes=286,ppdus=1,airtime_us=204|W80_NSS2_MCS11:bytes=21534,ppdus=29,airtime_us=1972;735.0;0.9712174585445486;90.05029013539652;0.186224;0.997932;W20_NSS2_MCS3:bytes=670,ppdus=1,airtime_us=148|W80_NSS2_MCS8:bytes=22608,ppdus=28,airtime_us=1920;183.75;0.9751062537947783;64.86075949367088;0.184464;0.997156;W20_NSS2_MCS6:bytes=574,ppdus=1,airtime_us=100|W80_NSS2_MCS2:bytes=22484,ppdus=30,airtime_us=2744;735.0;0.9713626260899298;91.03501945525292;0.187168;0.997944;W20_NSS2_MCS9:bytes=670,ppdus=1,airtime_us=84|W80_NSS2_MCS8:bytes=22726,ppdus=29,airtime_us=1972;;;;;;;;;;;;;;;;;;;;;;;;;;;;;;
98;1;25;medium;-50.0;isolated;dl;su;2;750.51666696;84.23801580993232;4.73528;0.6881345608930824;918.75;0.9676000338380848;89.04708097928437;0.189136;0.997876;W20_NSS2_MCS11:bytes=766,ppdus=1,airtime_us=84|W80_NSS2_MCS10:bytes=22876,ppdus=30,airtime_us=2040;612.5;0.9723346271368404;89.53049907578558;0.193744;0.997836;W40_NSS1_MCS9:bytes=670,ppdus=1,airtime_us=76|W80_NSS2_MCS7:bytes=23548,ppdus=30,airtime_us=2088;918.75;0.9436134453781513;85.61151079136691;0.1904;0.997776;W20_NSS2_MCS9:bytes=1342,ppdus=1,airtime_us=116|W80_NSS2_MCS10:bytes=22458,ppdus=31,airtime_us=2108;918.75;0.948905109489051;90.4860853432282;0.195088;0.997844;W20_NSS2_MCS11:bytes=1246,ppdus=1,airtime_us=100|W80_NSS2_MCS10:bytes=23140,ppdus=30,airtime_us=2056;918.75;0.9705649767155786;85.09158878504672;0.182096;0.99786;W20_NSS2_MCS6:bytes=670,ppdus=1,airtime_us=100|W80_NSS2_MCS10:bytes=22092,ppdus=30,airtime_us=2040;183.75;0.9754952185792349;63.65217391304348;0.187392;0.997056;W20_NSS2_MCS3:bytes=574,ppdus=1,airtime_us=132|W80_NSS2_MCS2:bytes=22850,ppdus=31,airtime_us=2812;490.0;0.9601923590702645;81.51724137931035;0.179664;0.997796;W20_NSS2_MCS6:bytes=894,ppdus=1,airtime_us=116|W80_NSS2_MCS5:bytes=21564,ppdus=30,airtime_us=2088;1020.833334;0.9706885991775308;84.81632653061224;0.182864;0.997844;W20_NSS2_MCS4:bytes=670,ppdus=1,airtime_us=116|W80_NSS2_MCS11:bytes=22188,ppdus=30,airtime_us=2040;816.666668;0.9755140346386827;87.63364485981309;0.187536;0.99786;W20_NSS2_MCS10:bytes=574,ppdus=1,airtime_us=84|W80_NSS2_MCS9:bytes=22868,ppdus=30,airtime_us=2056;816.666668;0.9764541799983592;91.81920903954803;0.195024;0.997876;W20_NSS2_MCS7:bytes=574,ppdus=1,airtime_us=84|W80_NSS2_MCS9:bytes=23804,ppdus=30,airtime_us=2040;551.25;0.936757850294661;79.64273204903678;0.181904;0.997716;W20_NSS2_MCS4:bytes=1438,ppdus=1,airtime_us=196|W80_NSS2_MCS6:bytes=21300,ppdus=30,airtime_us=2088;816.666668;0.9714041826717883;93.53293413173652;0.18744;0.997996;W20_NSS2_MCS10:bytes=670,ppdus=1,airtime_us=84|W80_NSS2_MCS9:bytes=22760,ppdus=28,airtime_us=1920;918.75;0.9731570512820513;91.0948905109489;0.19968;0.997808;W20_NSS2_MCS11:bytes=670,ppdus=1,airtime_us=84|W80_NSS2_MCS10:bytes=24290,ppdus=31,airtime_us=2108;918.75;0.9715136054421769;85.83941605839416;0.18816;0.997808;W20_NSS2_MCS11:bytes=670,ppdus=1,airtime_us=84|W80_NSS2_MCS10:bytes=22850,ppdus=31,airtime_us=2108;1020.833334;0.9724075446833045;79.22349102773246;0.194256;0.997548;W40_NSS1_MCS0:bytes=670,ppdus=1,airtime_us=412|W80_NSS2_MCS11:bytes=23612,ppdus=30,airtime_us=2040;551.25;0.9751837440553394;83.95644283121597;0.18504;0.997796;W20_NSS2_MCS4:bytes=574,ppdus=1,airtime_us=116|W80_NSS2_MCS6:bytes=22556,ppdus=30,airtime_us=2088;918.75;0.9758681577398469;89.5894538606403;0.190288;0.997876;W20_NSS2_MCS7:bytes=574,ppdus=1,airtime_us=84|W80_NSS2_MCS10:bytes=23212,ppdus=30,airtime_us=2040;1020.833334;0.9764445173998687;78.86084142394822;0.194944;0.997528;W40_NSS1_MCS0:bytes=574,ppdus=1,airtime_us=364|W80_NSS2_MCS11:bytes=23794,ppdus=31,airtime_us=2108;735.0;0.9688440575937526;91.91028037383178;0.196688;0.99786;W20_NSS2_MCS10:bytes=766,ppdus=1,airtime_us=84|W80_NSS2_MCS8:bytes=23820,ppdus=30,airtime_us=2056;1020.833334;0.9748796498905908;76.03993344425957;0.1828;0.997596;W40_NSS1_MCS0:bytes=574,ppdus=1,airtime_us=364|W80_NSS2_MCS11:bytes=22276,ppdus=30,airtime_us=2040;245.0;0.9676000338380848;69.84342688330871;0.189136;0.997292;W40_NSS1_MCS4:bytes=766,ppdus=1,airtime_us=124|W80_NSS2_MCS3:bytes=22876,ppdus=30,airtime_us=2584;1020.833334;0.9725274725274725;92.03018867924528;0.195104;0.99788;W20_NSS2_MCS3:bytes=670,ppdus=1,airtime_us=148|W80_NSS2_MCS11:bytes=23718,ppdus=29,airtime_us=1972;367.5;0.9490472592965667;76.0;0.190608;0.997492;W20_NSS2_MCS2:bytes=1214,ppdus=1,airtime_us=276|W80_NSS2_MCS4:bytes=22612,ppdus=30,airtime_us=2232;490.0;0.9792624728850325;83.36347197106691;0.1844;0.997788;W40_NSS1_MCS3:bytes=478,ppdus=1,airtime_us=124|W80_NSS2_MCS5:bytes=22572,ppdus=30,airtime_us=2088;551.25;0.9437171683482031;85.8175313059034;0.191888;0.997764;W20_NSS2_MCS7:bytes=1350,ppdus=1,airtime_us=132|W80_NSS2_MCS6:bytes=22636,ppdus=30,airtime_us=2104;;;;;;;;;;;;;;;;;;;;;;;;;;;;;;
99;1;25;medium;-50.0;isolated;ul_dl;su;0;435.82500011999997;367.6321526849901;200.60603471415357;0.2526644267692212;367.5;1.0;347.88150655945833;6.576352;0.981096;W80_NSS2_MCS4:bytes=822044,ppdus=18,airtime_us=18904;816.666668;0.9806344901675641;643.8549135385913;24.42528;0.962064;W20_NSS2_MCS4:bytes=59126,ppdus=1,airtime_us=5444|W80_NSS2_MCS9:bytes=2994034,ppdus=47,airtime_us=32492;551.25;1.0;502.0630372492837;5.60704;0.988832;W80_NSS2_MCS6:bytes=700880,ppdus=16,airtime_us=11168;146.25;1.0;143.14488791689448;1.047248;0.992684;W40_NSS1_MCS7:bytes=130906,ppdus=3,airtime_us=7316;367.5;0.9241895348634869;262.82643494168764;4.59736;0.982508;W20_NSS1_MCS6:bytes=43566,ppdus=1,airtime_us=5356|W80_NSS2_MCS4:bytes=531104,ppdus=10,airtime_us=12136;551.25;1.0;503.4915466499687;3.216304;0.993612;W80_NSS2_MCS6:bytes=402038,ppdus=9,airtime_us=6388;918.75;1.0;817.2464995115597;10.039056;0.987716;W80_NSS2_MCS10:bytes=1254882,ppdus=23,airtime_us=12284;122.5;0.9854555822674957;115.30689422860992;10.269232;0.91094;W20_NSS1_MCS3:bytes=18670,ppdus=1,airtime_us=5164|W80_NSS2_MCS1:bytes=1264984,ppdus=22,airtime_us=83896;122.5;1.0;120.76686426052375;12.87568;0.893384;W80_NSS2_MCS1:bytes=1609460,ppdus=26,airtime_us=106616;918.75;1.0;727.1666666666666;1.675392;0.997696;W80_NSS2_MCS10:bytes=209424,ppdus=8,airtime_us=2304;551.25;1.0;505.0123119015048;5.906624;0.988304;W80_NSS2_MCS6:bytes=738328,ppdus=16,airtime_us=11696;735.0;0.9737319887501926;630.0318584070797;19.934208;0.96836;W20_NSS2_MCS9:bytes=65454,ppdus=1,airtime_us=2740|W80_NSS2_MCS8:bytes=2426322,ppdus=41,airtime_us=28900;551.25;1.0;11.529411764705882;0.001568;0.999864;W80_NSS2_MCS6:bytes=196,ppdus=2,airtime_us=136;510.416667;1.0;452.91603053435114;1.423968;0.996856;W80_NSS1_MCS11:bytes=177996,ppdus=6,airtime_us=3144;122.5;1.0;120.86452218835521;11.810322714153562;0.90228462;W80_NSS2_MCS1:bytes=1476290.3392692,ppdus=22,airtime_us=97715.38;122.5;1.0;119.89785583450059;4.451088;0.962876;W80_NSS2_MCS1:bytes=556386,ppdus=13,airtime_us=37124;367.5;1.0;332.49284928492847;1.208944;0.996364;W80_NSS1_MCS8:bytes=151118,ppdus=7,airtime_us=3636;367.5;1.0;349.55792933442893;8.50824;0.97566;W80_NSS2_MCS4:bytes=1063530,ppdus=21,airtime_us=24340;367.5;0.9773102883173157;345.218746254345;23.04128;0.933256;W20_NSS2_MCS8:bytes=65350,ppdus=1,airtime_us=3044|W80_NSS2_MCS4:bytes=2814810,ppdus=45,airtime_us=63700;183.75;1.0;178.98439271078558;8.211088;0.954124;W80_NSS2_MCS2:bytes=1026386,ppdus=21,airtime_us=45876;612.5;1.0;568.4209133024488;10.306608;0.981868;W80_NSS2_MCS7:bytes=1288326,ppdus=21,airtime_us=18132;183.75;1.0;178.50095602294456;1.493696;0.991632;W80_NSS2_MCS2:bytes=186712,ppdus=4,airtime_us=8368;816.666668;1.0;735.4007434944238;15.825824;0.97848;W80_NSS2_MCS9:bytes=1978228,ppdus=32,airtime_us=21520;459.375;1.0;418.2517623363545;1.661296;0.996028;W80_NSS1_MCS10:bytes=207662,ppdus=7,airtime_us=3972;61.25;0.8273311794090755;59.9742822303514;6.492336;0.891748;W40_NSS1_MCS3:bytes=140128,ppdus=4,airtime_us=19376|W80_NSS2_MCS0:bytes=671414,ppdus=19,airtime_us=88876;;;;;;;;;;;;;;;;;;;;;;;;;;;;;;
99;1;25;medium;-50.0;isolated;ul_dl;su;1;540.95333348;478.26387881869977;264.545426152554;0.1730704293411972;183.75;1.0;179.73354248366013;13.749616;0.9235;W80_NSS2_MCS2:bytes=1718702,ppdus=29,airtime_us=76500;490.0;1.0;459.0467872738615;8.830224;0.980764;W80_NSS2_MCS5:bytes=1103778,ppdus=21,airtime_us=19236;490.0;1.0;451.2118018967334;3.4256;0.992408;W80_NSS2_MCS5:bytes=428200,ppdus=10,airtime_us=7592;816.666668;1.0;734.4365616234945;17.80568;0.975756;W80_NSS2_MCS9:bytes=2225710,ppdus=37,airtime_us=24244;1020.833334;0.9736071139227623;762.9166538283778;19.808368;0.974036;W20_NSS2_MCS5:bytes=65350,ppdus=1,airtime_us=4532|W80_NSS2_MCS11:bytes=2410696,ppdus=38,airtime_us=21432;612.5;0.9371251320516546;428.8698163812668;8.314928;0.980612;W20_NSS1_MCS9:bytes=65350,ppdus=1,airtime_us=5420|W80_NSS2_MCS7:bytes=974016,ppdus=20,airtime_us=13968;245.0;0.9763868603106031;235.595511796186;22.14021544262295;0.90602446;W20_NSS2_MCS8:bytes=65350,ppdus=1,airtime_us=3044|W80_NSS2_MCS3:bytes=2702176.93032787,ppdus=44,airtime_us=90931.54;219.375;0.8602802519445312;213.96248856358645;7.483552;0.965024;W20_NSS2_MCS10:bytes=804744,ppdus=14,airtime_us=30120|W40_NSS1_MCS10:bytes=130700,ppdus=2,airtime_us=4856;245.0;1.0;237.030879290048;10.470128;0.955828;W80_NSS2_MCS3:bytes=1308766,ppdus=23,airtime_us=44172;510.416667;0.73694590383825;534.4691358024692;5.021872;0.990604;W80_NSS1_MCS11:bytes=462606,ppdus=11,airtime_us=7844|W80_NSS2_MCS11:bytes=165128,ppdus=4,airtime_us=1552;918.75;1.0;828.0580789277736;17.793312;0.978512;W80_NSS2_MCS10:bytes=2224164,ppdus=36,airtime_us=21488;183.75;1.0;179.19104991394147;4.99728;0.972112;W80_NSS2_MCS2:bytes=624660,ppdus=12,airtime_us=27888;306.25;1.0;280.61383647798743;1.784704;0.99364;W80_NSS1_MCS7:bytes=223088,ppdus=10,airtime_us=6360;735.0;1.0;667.226173541963;5.62872;0.991564;W80_NSS2_MCS8:bytes=703590,ppdus=13,airtime_us=8436;735.0;1.0;671.9201506591337;14.271584;0.97876;W80_NSS2_MCS8:bytes=1783948,ppdus=30,airtime_us=21240;367.5;0.9897999472586902;305.1546070912526;10.981904;0.964012;W20_NSS1_MCS2:bytes=14002,ppdus=1,airtime_us=5164|W80_NSS2_MCS4:bytes=1358736,ppdus=22,airtime_us=30824;195.0;0.9926928922882703;190.52398020688318;21.383386709931035;0.887765379;W20_NSS2_MCS9:bytes=2653392,ppdus=42,airtime_us=111320|W80_NSS2_MCS2:bytes=19531.3387413793,ppdus=1,airtime_us=914.621;918.75;0.9735754178197515;776.7198492462312;19.784608;0.974528;W20_NSS2_MCS11:bytes=65350,ppdus=1,airtime_us=2212|W80_NSS2_MCS10:bytes=2407726,ppdus=39,airtime_us=23260;1020.833334;1.0;866.2222222222222;4.895888;0.994348;W80_NSS2_MCS11:bytes=611986,ppdus=13,airtime_us=5652;1020.833334;1.0;882.5029239766081;9.05448;0.98974;W80_NSS2_MCS11:bytes=1131810,ppdus=21,airtime_us=10260;459.375;1.0;395.39039665970773;1.515136;0.996168;W80_NSS1_MCS10:bytes=189392,ppdus=10,airtime_us=3832;918.75;1.0;828.5037783375315;15.787968;0.980944;W80_NSS2_MCS10:bytes=1973496,ppdus=32,airtime_us=19056;175.5;1.0;170.94503133393016;7.637824;0.95532;W20_NSS2_MCS8:bytes=954728,ppdus=18,airtime_us=44680;122.5;0.9951765682923307;117.724406659582;5.317376;0.954832;W20_NSS1_MCS2:bytes=3206,ppdus=1,airtime_us=1228|W80_NSS2_MCS1:bytes=661466,ppdus=13,airtime_us=43940;612.5;1.0;558.6273062730627;6.661072;0.988076;W80_NSS2_MCS7:bytes=832634,ppdus=17,airtime_us=11924;;;;;;;;;;;;;;;;;;;;;;;;;;;;;;
99;1;25;medium;-50.0;isolated;ul_dl;su;2;398.40333344;353.90771452679826;184.11343608436633;0.44683373009216165;816.666668;0.9639231715369005;607.4486921529175;14.491296;0.976144;W20_NSS1_MCS10:bytes=65350,ppdus=1,airtime_us=4812|W80_NSS2_MCS9:bytes=1746062,ppdus=29,airtime_us=19044;146.25;1.0;142.10649006622518;2.145808;0.9849;W20_NSS2_MCS7:bytes=268226,ppdus=7,airtime_us=15100;918.75;0.9927089929016563;651.2200746015599;15.363584;0.976408;W20_NSS1_MCS2:bytes=14002,ppdus=1,airtime_us=5164|W80_NSS2_MCS10:bytes=1906446,ppdus=31,airtime_us=18428;490.0;1.0;456.59724349157733;4.770528;0.989552;W80_NSS2_MCS5:bytes=596316,ppdus=12,airtime_us=10448;459.375;1.0;428.0213428190307;3.85048;0.991004;W80_NSS1_MCS10:bytes=481310,ppdus=11,airtime_us=8996;122.5;1.0;120.53381555153707;2.666208;0.97788;W80_NSS2_MCS1:bytes=333276,ppdus=6,airtime_us=22120;490.0;1.0;464.37622670636233;16.845712;0.963724;W80_NSS2_MCS5:bytes=2105714,ppdus=33,airtime_us=36276;551.25;1.0;508.417018014565;5.30584;0.989564;W80_NSS2_MCS6:bytes=663230,ppdus=13,airtime_us=10436;122.5;1.0;120.49060864210202;4.69576;0.961028;W80_NSS1_MCS3:bytes=586970,ppdus=13,airtime_us=38972;245.0;0.9028212327055997;216.85649790390195;5.379776;0.975192;W80_NSS1_MCS3:bytes=65350,ppdus=1,airtime_us=4316|W80_NSS2_MCS3:bytes=607122,ppdus=11,airtime_us=20492;131.625;0.8447319163542555;127.95731393473561;14.91624;0.883428;W20_NSS2_MCS6:bytes=1575028,ppdus=26,airtime_us=97384|W80_NSS2_MCS1:bytes=289502,ppdus=5,airtime_us=19188;122.5;0.7716348463907997;131.87304147465437;18.314528;0.86112;W20_NSS2_MCS9:bytes=522800,ppdus=8,airtime_us=21920|W80_NSS2_MCS1:bytes=1766516,ppdus=28,airtime_us=116960;122.5;1.0;117.60615384615384;0.611552;0.9948;W80_NSS1_MCS3:bytes=76444,ppdus=4,airtime_us=5200;459.375;1.0;433.0961625282167;3.837232;0.99114;W80_NSS1_MCS10:bytes=479654,ppdus=9,airtime_us=8860;459.375;1.0;424.7178082191781;2.480352;0.99416;W80_NSS1_MCS10:bytes=310044,ppdus=8,airtime_us=5840;551.25;0.9997644015336998;501.087962962963;3.46352;0.993088;W80_NSS1_MCS6:bytes=102,ppdus=1,airtime_us=60|W80_NSS2_MCS6:bytes=432838,ppdus=9,airtime_us=6852;122.5;1.0;120.34371341606182;4.111904;0.965832;W80_NSS2_MCS1:bytes=513988,ppdus=10,airtime_us=34168;275.625;1.0;265.25180655919957;1.908752;0.992804;W80_NSS1_MCS6:bytes=238594,ppdus=5,airtime_us=7196;306.25;1.0;295.18890814558057;2.043888;0.993076;W80_NSS1_MCS7:bytes=255486,ppdus=5,airtime_us=6924;1020.833334;1.0;875.3979238754325;8.09568;0.990752;W80_NSS2_MCS11:bytes=1011960,ppdus=20,airtime_us=9248;117.0;1.0;115.184426917268;10.982144;0.904656;W40_NSS2_MCS3:bytes=1372768,ppdus=24,airtime_us=95344;1020.833334;1.0;901.5514482758621;13.072496;0.9855;W80_NSS2_MCS11:bytes=1634062,ppdus=25,airtime_us=14500;122.5;0.9750080259394595;119.65689400448387;18.926396084366328;0.841827784;W20_NSS2_MCS4:bytes=59126,ppdus=1,airtime_us=5444|W80_NSS2_MCS1:bytes=2306673.51054579,ppdus=37,airtime_us=152728.216;490.0;1.0;457.74868743437173;5.231152;0.988572;W80_NSS2_MCS5:bytes=653894,ppdus=13,airtime_us=11428;275.625;1.0;244.96260162601627;0.602608;0.99754;W80_NSS1_MCS6:bytes=75326,ppdus=5,airtime_us=2460;;;;;;;;;;;;;;;;;;;;;;;;;;;;;;
100;1;25;medium;-50.0;ap_only_cochannel;ul;su;0;323.53472225;227.13400833149242;76.16701982227671;0.49236741972148956;367.5;0.9565270853361354;291.3941368078176;1.431328;0.995088;W20_NSS2_MCS6:bytes=7778,ppdus=1,airtime_us=532|W80_NSS2_MCS4:bytes=171138,ppdus=11,airtime_us=4380;390.0;0.5259845411595799;173.75199419869472;1.916832;0.988968;W20_NSS1_MCS9:bytes=82460,ppdus=4,airtime_us=6960|W40_NSS1_MCS9:bytes=26450,ppdus=1,airtime_us=1132|W40_NSS2_MCS9:bytes=126028,ppdus=4,airtime_us=2800|W80_NSS1_MCS9:bytes=4666,ppdus=1,airtime_us=140;263.25;0.674694379052575;245.81725888324874;3.099264;0.987392;W40_NSS2_MCS6:bytes=261382,ppdus=13,airtime_us=8676|W80_NSS1_MCS6:bytes=126026,ppdus=5,airtime_us=3932;146.25;0.5623350631107353;168.63245651861433;9.385408;0.944344;W40_NSS1_MCS7:bytes=659718,ppdus=13,airtime_us=36780|W40_NSS2_MCS7:bytes=473004,ppdus=10,airtime_us=13528|W80_NSS2_MCS0:bytes=40454,ppdus=1,airtime_us=5348;;;;0.0;;;263.25;1.0;233.45454545454547;1.705152;0.992696;W40_NSS2_MCS6:bytes=213144,ppdus=14,airtime_us=7304;918.75;1.0;182.8235294117647;0.049728;0.999728;W80_NSS2_MCS10:bytes=6216,ppdus=4,airtime_us=272;122.5;0.8884138402806894;108.80432172869148;2.900288;0.973344;W80_NSS1_MCS1:bytes=40454,ppdus=1,airtime_us=5340|W80_NSS2_MCS1:bytes=322082,ppdus=5,airtime_us=21316;122.5;0.9646054442662299;115.51773981603154;2.813088;0.975648;W80_NSS1_MCS1:bytes=12446,ppdus=1,airtime_us=1676|W80_NSS2_MCS1:bytes=339190,ppdus=9,airtime_us=22676;219.375;0.7499866073820111;204.56986301369864;0.298672;0.99854;W40_NSS1_MCS10:bytes=28000,ppdus=4,airtime_us=1232|W40_NSS2_MCS10:bytes=9334,ppdus=1,airtime_us=228;551.25;1.0;435.62666666666667;0.784128;0.9982;W80_NSS2_MCS6:bytes=98016,ppdus=6,airtime_us=1800;351.0;0.9700043062170205;314.4800404244568;2.489424;0.992084;W20_NSS2_MCS9:bytes=9334,ppdus=1,airtime_us=436|W40_NSS2_MCS8:bytes=301844,ppdus=10,airtime_us=7480;263.25;1.0;233.16795865633074;1.082832;0.995356;W40_NSS2_MCS6:bytes=135354,ppdus=9,airtime_us=4644;487.5;0.5879841112214499;314.9609035621199;2.90016;0.990792;W40_NSS1_MCS11:bytes=149364,ppdus=6,airtime_us=5224|W40_NSS2_MCS11:bytes=213156,ppdus=8,airtime_us=3984;122.5;0.6827603326300111;87.7805447470817;1.804768;0.97944;W20_NSS1_MCS5:bytes=71568,ppdus=4,airtime_us=10000|W80_NSS2_MCS1:bytes=154028,ppdus=8,airtime_us=10560;61.25;0.9063773350922268;63.42864347225363;11.168235822276708;0.82392441;W80_NSS1_MCS1:bytes=1265329.47778459,ppdus=39,airtime_us=167427.59|W80_NSS2_MCS1:bytes=130700,ppdus=2,airtime_us=8648;367.5;0.9675695583289323;293.68979591836734;2.302528;0.99216;W20_NSS2_MCS5:bytes=9334,ppdus=1,airtime_us=692|W80_NSS1_MCS8:bytes=278482,ppdus=21,airtime_us=7148;367.5;0.8093964831543662;263.56200280767433;4.505856;0.982904;W20_NSS1_MCS6:bytes=14002,ppdus=1,airtime_us=1756|W40_NSS2_MCS4:bytes=93352,ppdus=4,airtime_us=4496|W80_NSS2_MCS4:bytes=455878,ppdus=15,airtime_us=10844;367.5;1.0;289.4325581395349;0.248912;0.99914;W80_NSS2_MCS4:bytes=31114,ppdus=3,airtime_us=860;183.75;0.9129192995125474;161.06426286711255;4.4312;0.972488;W40_NSS2_MCS2:bytes=48234,ppdus=1,airtime_us=4452|W80_NSS2_MCS2:bytes=505666,ppdus=17,airtime_us=23060;292.5;1.0;271.33170731707315;1.779936;0.99344;W40_NSS2_MCS7:bytes=222492,ppdus=8,airtime_us=6560;91.875;0.7031394367894589;79.72137710168134;1.593152;0.980016;W20_NSS1_MCS6:bytes=59118,ppdus=5,airtime_us=7436|W80_NSS1_MCS2:bytes=140026,ppdus=7,airtime_us=12548;408.333334;1.0;381.34185001182874;6.447728;0.983092;W80_NSS1_MCS9:bytes=805966,ppdus=21,airtime_us=16908;918.75;0.9615746006626774;427.95767195767195;0.323536;0.999244;W80_NSS1_MCS10:bytes=1554,ppdus=1,airtime_us=76|W80_NSS2_MCS10:bytes=38888,ppdus=6,airtime_us=680;117.0;0.9406983591757915;108.9043704728575;10.704864;0.901704;W20_NSS2_MCS3:bytes=38898,ppdus=1,airtime_us=5380|W40_NSS2_MCS3:bytes=1258756,ppdus=24,airtime_us=87568|W80_NSS2_MCS0:bytes=40454,ppdus=1,airtime_us=5348;;;;;;;;;;;;;;;;;;;;;;;;;;;;;;
100;1;25;medium;-50.0;ap_only_cochannel;ul;su;1;421.18500012;310.020627016816;120.81128503761302;0.32360728229965074;243.75;0.7619223402270655;214.56365608569743;6.4830610376130196;0.969784906;W20_NSS2_MCS11:bytes=617448.629701628,ppdus=20,airtime_us=21523.094|W80_NSS2_MCS2:bytes=192934,ppdus=5,airtime_us=8692;234.0;1.0;215.5523978685613;1.456272;0.993244;W40_NSS2_MCS5:bytes=182034,ppdus=9,airtime_us=6756;234.0;0.7716116044748734;193.09039376455107;7.63016;0.960484;W20_NSS1_MCS5:bytes=38898,ppdus=1,airtime_us=5372|W40_NSS1_MCS9:bytes=178932,ppdus=4,airtime_us=7536|W40_NSS2_MCS5:bytes=735940,ppdus=24,airtime_us=26608;816.666668;0.9082674850782706;611.0015220700152;9.634272;0.984232;W20_NSS2_MCS9:bytes=45122,ppdus=1,airtime_us=1908|W40_NSS2_MCS9:bytes=65350,ppdus=1,airtime_us=1396|W80_NSS2_MCS9:bytes=1093812,ppdus=28,airtime_us=12464;1020.833334;0.8739494890574028;591.5271565495208;1.481184;0.997496;W40_NSS1_MCS11:bytes=23338,ppdus=1,airtime_us=812|W80_NSS2_MCS11:bytes=161810,ppdus=7,airtime_us=1692;292.5;1.0;274.84200196270854;4.481024;0.983696;W40_NSS2_MCS7:bytes=560128,ppdus=16,airtime_us=16304;245.0;0.9573375508082153;228.65504702194357;7.294096;0.9681;W20_NSS2_MCS8:bytes=38898,ppdus=1,airtime_us=1828|W80_NSS2_MCS3:bytes=872864,ppdus=26,airtime_us=30072;219.375;0.9168980099532013;198.4672280784406;13.480688;0.932076;W20_NSS2_MCS10:bytes=1545052,ppdus=28,airtime_us=57904|W40_NSS1_MCS0:bytes=9334,ppdus=1,airtime_us=5164|W40_NSS1_MCS10:bytes=130700,ppdus=2,airtime_us=4856;245.0;1.0;222.91228070175438;1.829664;0.991792;W80_NSS2_MCS3:bytes=228708,ppdus=12,airtime_us=8208;1020.833334;0.47673758158537194;349.0608695652174;3.21136;0.9908;W20_NSS2_MCS11:bytes=42010,ppdus=1,airtime_us=1444|W40_NSS1_MCS11:bytes=168038,ppdus=5,airtime_us=5772|W80_NSS2_MCS11:bytes=191372,ppdus=8,airtime_us=1984;918.75;0.5833301970093945;454.3439658007234;5.52664;0.987836;W40_NSS1_MCS10:bytes=141590,ppdus=3,airtime_us=5300|W80_NSS1_MCS10:bytes=146258,ppdus=3,airtime_us=2708|W80_NSS2_MCS10:bytes=402982,ppdus=11,airtime_us=4156;183.75;1.0;174.46625766871165;4.095072;0.976528;W80_NSS2_MCS2:bytes=511884,ppdus=20,airtime_us=23472;612.5;1.0;547.0241187384045;4.717536;0.991376;W80_NSS2_MCS7:bytes=589692,ppdus=16,airtime_us=8624;351.0;1.0;333.19396473368477;7.3316;0.977996;W40_NSS2_MCS8:bytes=916450,ppdus=17,airtime_us=22004;175.5;0.8572478412640088;140.46451612903226;0.087088;0.99938;W40_NSS1_MCS8:bytes=9332,ppdus=2,airtime_us=520|W40_NSS2_MCS8:bytes=1554,ppdus=1,airtime_us=100;367.5;1.0;331.19663259170176;2.20312;0.993348;W80_NSS2_MCS4:bytes=275390,ppdus=11,airtime_us=6652;183.75;0.7558189945136262;162.06662628709873;1.070288;0.993396;W20_NSS2_MCS9:bytes=32668,ppdus=4,airtime_us=1552|W80_NSS2_MCS2:bytes=101118,ppdus=11,airtime_us=5052;918.75;0.8058541821811671;582.3575547866205;8.078464;0.986128;W20_NSS2_MCS11:bytes=65350,ppdus=1,airtime_us=2212|W40_NSS1_MCS10:bytes=65350,ppdus=1,airtime_us=2428|W40_NSS2_MCS10:bytes=65350,ppdus=1,airtime_us=1252|W80_NSS2_MCS10:bytes=813758,ppdus=15,airtime_us=7980;510.416667;1.0;408.58297258297256;1.132592;0.997228;W80_NSS1_MCS11:bytes=141574,ppdus=11,airtime_us=2772;487.5;1.0;381.6353591160221;1.38152;0.99638;W40_NSS2_MCS11:bytes=172690,ppdus=13,airtime_us=3620;459.375;1.0;428.4636657840541;5.825392;0.986404;W80_NSS1_MCS10:bytes=728174,ppdus=17,airtime_us=13596;219.375;0.9769250037903507;205.90566677977606;4.854432;0.976424;W20_NSS1_MCS10:bytes=14002,ppdus=1,airtime_us=1068|W40_NSS1_MCS10:bytes=592802,ppdus=17,airtime_us=22508;175.5;1.0;169.23859649122807;3.086912;0.98176;W40_NSS1_MCS8:bytes=385864,ppdus=12,airtime_us=18240;87.75;0.6571782763231928;75.21938351254481;10.493104;0.8605;W40_NSS2_MCS1:bytes=38898,ppdus=1,airtime_us=5380|W40_NSS2_MCS2:bytes=861980,ppdus=22,airtime_us=79816|W80_NSS1_MCS1:bytes=410760,ppdus=12,airtime_us=54304;306.25;0.8990547790226634;256.6838407494145;3.945744;0.984628;W20_NSS1_MCS8:bytes=4666,ppdus=1,airtime_us=476|W40_NSS1_MCS7:bytes=45122,ppdus=1,airtime_us=2524|W80_NSS1_MCS7:bytes=443430,ppdus=15,airtime_us=12372;;;;;;;;;;;;;;;;;;;;;;;;;;;;;;
100;1;25;medium;-50.0;ap_only_cochannel;ul;su;2;377.79166672;291.34771594867937;87.27020051778656;0.5664068185389177;816.666668;0.9459511110338956;408.9449378330373;0.920944;0.997748;W20_NSS1_MCS10:bytes=6222,ppdus=1,airtime_us=508|W80_NSS2_MCS9:bytes=108896,ppdus=12,airtime_us=1744;146.25;0.9000385951370128;98.08201892744479;0.124368;0.998732;W20_NSS2_MCS7:bytes=13992,ppdus=6,airtime_us=1128|W40_NSS1_MCS7:bytes=1554,ppdus=1,airtime_us=140;918.75;1.0;753.6978417266187;1.257168;0.998332;W80_NSS2_MCS10:bytes=157146,ppdus=5,airtime_us=1668;117.0;0.8286015107552552;121.23339517625232;1.306896;0.98922;W20_NSS2_MCS10:bytes=28000,ppdus=4,airtime_us=1264|W40_NSS1_MCS5:bytes=135362,ppdus=5,airtime_us=9516;438.75;0.9406590643597013;349.9038675398493;11.327088;0.967628;W20_NSS2_MCS2:bytes=29562,ppdus=1,airtime_us=5444|W40_NSS2_MCS10:bytes=1331866,ppdus=35,airtime_us=26396|W80_NSS2_MCS10:bytes=54458,ppdus=1,airtime_us=532;61.25;0.8065806178586542;63.03959983326386;6.04928;0.90404;W20_NSS2_MCS2:bytes=4666,ppdus=1,airtime_us=916|W40_NSS1_MCS2:bytes=29562,ppdus=1,airtime_us=5436|W40_NSS2_MCS2:bytes=46678,ppdus=1,airtime_us=4308|W80_NSS1_MCS1:bytes=609904,ppdus=24,airtime_us=80976|W80_NSS2_MCS1:bytes=65350,ppdus=1,airtime_us=4324;490.0;0.7999987758150011;381.26954492415405;5.227968;0.986288;W40_NSS2_MCS5:bytes=130700,ppdus=2,airtime_us=4584|W80_NSS2_MCS5:bytes=522796,ppdus=10,airtime_us=9128;263.25;0.5001608234158893;157.41772151898735;0.049744;0.999684;W40_NSS2_MCS6:bytes=3110,ppdus=1,airtime_us=148|W80_NSS2_MCS6:bytes=3108,ppdus=2,airtime_us=168;195.0;0.47169925723813855;179.071661237785;5.2776;0.970528;W20_NSS2_MCS9:bytes=311180,ppdus=10,airtime_us=13320|W40_NSS1_MCS3:bytes=38898,ppdus=1,airtime_us=5372|W80_NSS2_MCS3:bytes=309622,ppdus=11,airtime_us=10780;245.0;1.0;222.0168313208928;2.427088;0.989068;W80_NSS2_MCS3:bytes=303386,ppdus=17,airtime_us=10932;131.625;0.8424240535666292;109.39682539682539;4.107632;0.962452;W40_NSS1_MCS6:bytes=432546,ppdus=11,airtime_us=26868|W80_NSS1_MCS1:bytes=80908,ppdus=2,airtime_us=10680;122.5;1.0;112.96305732484076;1.418816;0.98744;W80_NSS2_MCS1:bytes=177352,ppdus=16,airtime_us=12560;219.375;0.48916309162812144;190.95663775850568;1.144976;0.994004;W20_NSS1_MCS10:bytes=3108,ppdus=2,airtime_us=344|W20_NSS2_MCS10:bytes=70010,ppdus=5,airtime_us=2884|W80_NSS2_MCS3:bytes=70004,ppdus=8,airtime_us=2768;918.75;0.7590894049568545;590.7619047619048;3.771424;0.993616;W40_NSS2_MCS10:bytes=113572,ppdus=8,airtime_us=2544|W80_NSS2_MCS10:bytes=357856,ppdus=12,airtime_us=3840;918.75;1.0;774.0530465949821;4.319216;0.99442;W80_NSS2_MCS10:bytes=539902,ppdus=15,airtime_us=5580;551.25;0.9807892004153687;362.74439461883406;0.647136;0.998216;W40_NSS2_MCS6:bytes=1554,ppdus=1,airtime_us=100|W80_NSS2_MCS6:bytes=79338,ppdus=9,airtime_us=1684;122.5;1.0;114.05885320329578;2.713232;0.976212;W80_NSS2_MCS1:bytes=339154,ppdus=27,airtime_us=23788;551.25;0.9296277159694769;468.6023335252659;8.667048517786561;0.98150447;W20_NSS2_MCS11:bytes=76240,ppdus=2,airtime_us=2632|W80_NSS2_MCS6:bytes=1007141.06472332,ppdus=20,airtime_us=15863.53;292.5;0.9161705222889734;253.43769812240916;4.157392;0.983596;W20_NSS1_MCS8:bytes=3110,ppdus=1,airtime_us=332|W20_NSS2_MCS7:bytes=40454,ppdus=1,airtime_us=2276|W40_NSS2_MCS7:bytes=476110,ppdus=13,airtime_us=13796;487.5;0.8936682579817958;402.3476268412439;4.916688;0.98778;W40_NSS1_MCS11:bytes=65350,ppdus=1,airtime_us=2204|W40_NSS2_MCS11:bytes=549236,ppdus=16,airtime_us=10016;61.25;0.8193511469373538;62.13431810374442;5.787936;0.906848;W40_NSS1_MCS3:bytes=77796,ppdus=2,airtime_us=10744|W40_NSS2_MCS3:bytes=52902,ppdus=1,airtime_us=3684|W80_NSS2_MCS0:bytes=592794,ppdus=21,airtime_us=78724;487.5;0.9000128573265332;325.198606271777;0.373328;0.998852;W40_NSS2_MCS11:bytes=42000,ppdus=6,airtime_us=1048|W80_NSS2_MCS11:bytes=4666,ppdus=1,airtime_us=100;122.5;0.9451316167641443;117.84094332761934;9.074224;0.922996;W20_NSS2_MCS4:bytes=62236,ppdus=2,airtime_us=5784|W80_NSS2_MCS1:bytes=1072042,ppdus=21,airtime_us=71220;490.0;1.0;428.891495601173;1.170016;0.997272;W80_NSS2_MCS5:bytes=146252,ppdus=6,airtime_us=2728;275.625;1.0;235.62773722627736;1.032992;0.995616;W80_NSS1_MCS6:bytes=129124,ppdus=12,airtime_us=4384;;;;;;;;;;;;;;;;;;;;;;;;;;;;;;
101;1;25;medium;-50.0;ap_only_cochannel;dl;su;0;304.393116;60.4873711230654;0.97936;0.866339293197861;175.5;0.9131627056672761;23.782608695652176;0.017504;0.999264;W20_NSS1_MCS6:bytes=190,ppdus=1,airtime_us=76|W40_NSS2_MCS4:bytes=1998,ppdus=9,airtime_us=660;408.333334;1.0;56.433734939759034;0.037472;0.999336;W80_NSS1_MCS9:bytes=4684,ppdus=10,airtime_us=664;275.625;1.0;75.84905660377359;0.01608;0.999788;W80_NSS1_MCS6:bytes=2010,ppdus=3,airtime_us=212;61.25;1.0;43.728155339805824;0.072064;0.998352;W80_NSS2_MCS0:bytes=9008,ppdus=8,airtime_us=1648;367.5;1.0;58.11764705882353;0.023712;0.999592;W80_NSS2_MCS4:bytes=2964,ppdus=6,airtime_us=408;131.625;0.5005800464037123;70.36734693877551;0.027584;0.999608;W40_NSS1_MCS6:bytes=1726,ppdus=1,airtime_us=156|W40_NSS2_MCS6:bytes=1722,ppdus=3,airtime_us=236;219.375;1.0;50.93333333333333;0.012224;0.99976;W40_NSS1_MCS10:bytes=1528,ppdus=4,airtime_us=240;29.25;0.7924801156905278;17.126934984520123;0.022128;0.998708;W20_NSS2_MCS1:bytes=2192,ppdus=8,airtime_us=1088|W40_NSS1_MCS1:bytes=574,ppdus=1,airtime_us=204;122.5;0.9113391655450875;72.93251533742331;0.095104;0.998696;W80_NSS1_MCS1:bytes=1054,ppdus=1,airtime_us=188|W80_NSS2_MCS1:bytes=10834,ppdus=7,airtime_us=1116;918.75;1.0;22.352941176470587;0.00152;0.999932;W80_NSS2_MCS10:bytes=190,ppdus=1,airtime_us=68;;;;0.0;;;;;;0.0;;;551.25;1.0;105.17647058823529;0.021456;0.999796;W80_NSS2_MCS6:bytes=2682,ppdus=3,airtime_us=204;1020.833334;1.0;103.29411764705883;0.042144;0.999592;W80_NSS2_MCS11:bytes=5268,ppdus=6,airtime_us=408;122.5;1.0;83.78947368421052;0.12736;0.99848;W80_NSS2_MCS1:bytes=15920,ppdus=8,airtime_us=1520;122.5;0.7605633802816901;47.333333333333336;0.12496;0.99736;W20_NSS2_MCS1:bytes=1246,ppdus=1,airtime_us=404|W40_NSS1_MCS1:bytes=2494,ppdus=1,airtime_us=732|W80_NSS2_MCS1:bytes=11880,ppdus=12,airtime_us=1504;175.5;0.8088009812940816;115.43362831858407;0.104352;0.999096;W20_NSS2_MCS8:bytes=10550,ppdus=5,airtime_us=788|W40_NSS2_MCS8:bytes=2494,ppdus=1,airtime_us=116;367.5;0.7990850171559283;98.05607476635514;0.041968;0.999572;W80_NSS1_MCS4:bytes=1054,ppdus=1,airtime_us=92|W80_NSS2_MCS4:bytes=4192,ppdus=4,airtime_us=336;183.75;1.0;19.847619047619048;0.008336;0.99958;W80_NSS1_MCS4:bytes=1042,ppdus=7,airtime_us=420;91.875;1.0;20.0;0.00304;0.999848;W80_NSS1_MCS2:bytes=380,ppdus=2,airtime_us=152;612.5;1.0;108.94117647058823;0.022224;0.999796;W80_NSS2_MCS7:bytes=2778,ppdus=3,airtime_us=204;183.75;1.0;62.690265486725664;0.028336;0.999548;W80_NSS2_MCS2:bytes=3542,ppdus=5,airtime_us=452;390.0;1.0;71.50561797752809;0.025456;0.999644;W40_NSS2_MCS9:bytes=3182,ppdus=5,airtime_us=356;438.75;0.4899874843554443;34.61371841155235;0.076704;0.997784;W20_NSS1_MCS0:bytes=1438,ppdus=1,airtime_us=1628|W20_NSS1_MCS10:bytes=2014,ppdus=1,airtime_us=204|W20_NSS2_MCS10:bytes=1438,ppdus=1,airtime_us=116|W40_NSS2_MCS10:bytes=4698,ppdus=3,airtime_us=268;30.625;1.0;28.90376569037657;0.027632;0.999044;W80_NSS1_MCS0:bytes=3454,ppdus=1,airtime_us=956;;;;;;;;;;;;;;;;;;;;;;;;;;;;;;
101;1;25;medium;-50.0;ap_only_cochannel;dl;su;1;310.69250008;74.36177719530859;1.665424;0.7605161985003647;91.875;0.8146751740139211;70.60750853242321;0.165504;0.997656;W20_NSS1_MCS11:bytes=2684,ppdus=2,airtime_us=280|W80_NSS1_MCS2:bytes=16854,ppdus=9,airtime_us=1948|W80_NSS2_MCS2:bytes=1150,ppdus=1,airtime_us=116;245.0;0.8839011787502018;123.24378109452736;0.099088;0.999196;W40_NSS1_MCS5:bytes=1438,ppdus=1,airtime_us=156|W80_NSS1_MCS5:bytes=10948,ppdus=6,airtime_us=648;234.0;0.8570717131474104;48.3855421686747;0.032128;0.999336;W40_NSS1_MCS5:bytes=574,ppdus=1,airtime_us=92|W40_NSS2_MCS5:bytes=3442,ppdus=7,airtime_us=572;816.666668;1.0;196.38095238095238;0.065984;0.999664;W80_NSS2_MCS9:bytes=8248,ppdus=4,airtime_us=336;243.75;1.0;133.10344827586206;0.03088;0.999768;W40_NSS1_MCS11:bytes=3860,ppdus=2,airtime_us=232;306.25;0.8333333333333334;38.13333333333333;0.013728;0.99964;W40_NSS1_MCS7:bytes=286,ppdus=1,airtime_us=60|W80_NSS1_MCS7:bytes=1430,ppdus=5,airtime_us=300;122.5;0.8418009087154068;80.03305785123968;0.038736;0.999516;W20_NSS1_MCS8:bytes=766,ppdus=1,airtime_us=124|W80_NSS1_MCS3:bytes=4076,ppdus=2,airtime_us=360;219.375;0.7353949579831933;91.67950693374422;0.238;0.997404;W20_NSS2_MCS10:bytes=21878,ppdus=9,airtime_us=1348|W80_NSS2_MCS0:bytes=7872,ppdus=4,airtime_us=1248;245.0;1.0;102.24;0.061344;0.9994;W80_NSS2_MCS3:bytes=7668,ppdus=6,airtime_us=600;243.75;1.0;63.733333333333334;0.003824;0.99994;W40_NSS1_MCS11:bytes=478,ppdus=1,airtime_us=60;109.6875;1.0;12.533333333333333;0.002256;0.99982;W20_NSS1_MCS10:bytes=282,ppdus=3,airtime_us=180;87.75;0.9374541303106907;59.313180169286575;0.196208;0.996692;W20_NSS1_MCS3:bytes=1534,ppdus=1,airtime_us=476|W40_NSS2_MCS2:bytes=22992,ppdus=12,airtime_us=2832;146.25;1.0;64.73239436619718;0.036768;0.999432;W40_NSS1_MCS7:bytes=4596,ppdus=6,airtime_us=568;735.0;0.4317343173431734;60.59627329192546;0.039024;0.999356;W20_NSS2_MCS8:bytes=956,ppdus=2,airtime_us=168|W40_NSS2_MCS8:bytes=1816,ppdus=4,airtime_us=272|W80_NSS2_MCS8:bytes=2106,ppdus=3,airtime_us=204;735.0;0.8126361655773421;60.0;0.03672;0.999388;W40_NSS2_MCS8:bytes=860,ppdus=2,airtime_us=136|W80_NSS2_MCS8:bytes=3730,ppdus=7,airtime_us=476;183.75;1.0;65.04854368932038;0.0268;0.999588;W80_NSS1_MCS4:bytes=3350,ppdus=5,airtime_us=412;87.75;0.8082427017744706;48.19310344827586;0.055904;0.99884;W40_NSS2_MCS2:bytes=5648,ppdus=8,airtime_us=976|W80_NSS2_MCS2:bytes=1340,ppdus=2,airtime_us=184;438.75;0.8911161731207289;39.022222222222226;0.03512;0.9991;W20_NSS2_MCS10:bytes=478,ppdus=1,airtime_us=84|W40_NSS2_MCS10:bytes=3912,ppdus=12,airtime_us=816;510.416667;1.0;95.73333333333333;0.045952;0.99952;W80_NSS1_MCS11:bytes=5744,ppdus=8,airtime_us=480;510.416667;1.0;118.85271317829458;0.061328;0.999484;W80_NSS1_MCS11:bytes=7666,ppdus=7,airtime_us=516;219.375;1.0;25.57983193277311;0.012176;0.999524;W20_NSS2_MCS10:bytes=1522,ppdus=7,airtime_us=476;438.75;0.7944765045342127;137.8409090909091;0.19408;0.998592;W20_NSS1_MCS11:bytes=1918,ppdus=1,airtime_us=172|W40_NSS1_MCS10:bytes=3068,ppdus=2,airtime_us=216|W40_NSS2_MCS10:bytes=19274,ppdus=11,airtime_us=1020;61.25;1.0;43.756468797564686;0.114992;0.997372;W80_NSS2_MCS0:bytes=14374,ppdus=13,airtime_us=2628;122.5;1.0;57.94871794871795;0.0452;0.99922;W80_NSS2_MCS1:bytes=5650,ppdus=7,airtime_us=780;612.5;1.0;22.352941176470587;0.01368;0.999388;W80_NSS2_MCS7:bytes=1710,ppdus=9,airtime_us=612;;;;;;;;;;;;;;;;;;;;;;;;;;;;;;
101;1;25;medium;-50.0;ap_only_cochannel;dl;su;2;318.37833336;72.96171415459234;1.789968;0.1580646617899395;390.0;0.6666666666666666;11.510204081632653;0.002256;0.999804;W40_NSS1_MCS9:bytes=94,ppdus=1,airtime_us=60|W40_NSS2_MCS9:bytes=188,ppdus=2,airtime_us=136;146.25;1.0;98.04444444444445;0.070592;0.99928;W20_NSS2_MCS7:bytes=8824,ppdus=4,airtime_us=720;459.375;0.8190548048563001;185.13015873015874;0.233264;0.99874;W20_NSS2_MCS10:bytes=2494,ppdus=1,airtime_us=148|W40_NSS2_MCS10:bytes=2782,ppdus=1,airtime_us=116|W80_NSS1_MCS10:bytes=23882,ppdus=11,airtime_us=996;490.0;0.8558797524314765;111.42857142857143;0.09048;0.999188;W20_NSS1_MCS10:bytes=1630,ppdus=1,airtime_us=172|W80_NSS2_MCS5:bytes=9680,ppdus=8,airtime_us=640;918.75;0.8390115163147792;120.81159420289855;0.066688;0.999448;W80_NSS1_MCS10:bytes=1342,ppdus=1,airtime_us=76|W80_NSS2_MCS10:bytes=6994,ppdus=7,airtime_us=476;122.5;0.8711869764501343;68.58536585365853;0.101232;0.998524;W40_NSS2_MCS1:bytes=1630,ppdus=1,airtime_us=276|W80_NSS2_MCS1:bytes=11024,ppdus=8,airtime_us=1200;490.0;1.0;11.058823529411764;0.003008;0.999728;W80_NSS2_MCS5:bytes=376,ppdus=4,airtime_us=272;551.25;0.8827506833549129;136.9655172413793;0.111216;0.999188;W20_NSS1_MCS11:bytes=1630,ppdus=1,airtime_us=156|W80_NSS2_MCS6:bytes=12272,ppdus=8,airtime_us=656;245.0;1.0;91.77464788732394;0.104256;0.998864;W80_NSS2_MCS3:bytes=13032,ppdus=12,airtime_us=1136;117.0;0.7532869296210364;61.32806324110672;0.062064;0.998988;W40_NSS2_MCS3:bytes=5844,ppdus=6,airtime_us=760|W80_NSS2_MCS3:bytes=1914,ppdus=3,airtime_us=252;122.5;1.0;22.456692913385826;0.011408;0.999492;W80_NSS2_MCS1:bytes=1426,ppdus=7,airtime_us=508;61.25;0.9191087103308575;48.95867768595041;0.23696;0.99516;W80_NSS1_MCS1:bytes=27224,ppdus=20,airtime_us=4576|W80_NSS2_MCS1:bytes=2396,ppdus=2,airtime_us=264;117.0;1.0;21.83783783783784;0.012928;0.999408;W40_NSS2_MCS3:bytes=1616,ppdus=8,airtime_us=592;219.375;0.9166443671394167;90.5939393939394;0.119584;0.99868;W20_NSS1_MCS10:bytes=1246,ppdus=1,airtime_us=140|W40_NSS1_MCS10:bytes=13702,ppdus=13,airtime_us=1180;438.75;0.7887168141592921;26.58823529411765;0.014464;0.999456;W40_NSS2_MCS10:bytes=1426,ppdus=7,airtime_us=476|W80_NSS2_MCS10:bytes=382,ppdus=1,airtime_us=68;551.25;1.0;11.058823529411764;0.00376;0.99966;W80_NSS2_MCS6:bytes=470,ppdus=5,airtime_us=340;122.5;0.8334058286211397;55.733333333333334;0.036784;0.99934;W40_NSS2_MCS1:bytes=766,ppdus=1,airtime_us=164|W80_NSS2_MCS1:bytes=3832,ppdus=4,airtime_us=496;275.625;0.8709133805190428;71.92727272727272;0.047472;0.99934;W80_NSS1_MCS6:bytes=5168,ppdus=8,airtime_us=592|W80_NSS2_MCS6:bytes=766,ppdus=1,airtime_us=68;292.5;1.0;11.058823529411764;0.000752;0.999932;W40_NSS2_MCS7:bytes=94,ppdus=1,airtime_us=68;243.75;1.0;100.448;0.100448;0.999;W20_NSS2_MCS11:bytes=12556,ppdus=10,airtime_us=1000;61.25;0.8480801335559266;39.4078947368421;0.09584;0.997568;W40_NSS1_MCS0:bytes=94,ppdus=1,airtime_us=108|W40_NSS2_MCS0:bytes=1726,ppdus=1,airtime_us=532|W80_NSS2_MCS0:bytes=10160,ppdus=8,airtime_us=1792;1020.833334;1.0;199.2941176470588;0.040656;0.999796;W80_NSS2_MCS11:bytes=5082,ppdus=3,airtime_us=204;122.5;1.0;65.77514792899409;0.088928;0.998648;W80_NSS2_MCS1:bytes=11116,ppdus=10,airtime_us=1352;117.0;0.6291344123856439;69.6;0.068208;0.99902;W20_NSS2_MCS5:bytes=5364,ppdus=6,airtime_us=728|W80_NSS2_MCS5:bytes=3162,ppdus=3,airtime_us=252;263.25;0.8275779376498801;92.66666666666667;0.06672;0.99928;W20_NSS1_MCS6:bytes=1438,ppdus=1,airtime_us=220|W40_NSS2_MCS6:bytes=6902,ppdus=5,airtime_us=500;;;;;;;;;;;;;;;;;;;;;;;;;;;;;;
102;1;25;medium;-50.0;ap_only_cochannel;ul_dl;su;0;256.99826391666664;144.20008401767103;16.730444937362638;0.6929403009346804;183.75;1.0;174.91472868217053;0.992816;0.994324;W80_NSS1_MCS4:bytes=124102,ppdus=5,airtime_us=5676;195.0;0.8181499239854988;115.9457627118644;0.136816;0.99882;W20_NSS2_MCS4:bytes=3110,ppdus=1,airtime_us=340|W40_NSS1_MCS9:bytes=13992,ppdus=6,airtime_us=840;131.625;0.9536489151873767;48.285714285714285;0.016224;0.999664;W40_NSS1_MCS6:bytes=1934,ppdus=3,airtime_us=276|W80_NSS1_MCS6:bytes=94,ppdus=1,airtime_us=60;30.625;0.6313807266982623;38.414856171865516;1.266;0.967044;W20_NSS1_MCS7:bytes=58334,ppdus=3,airtime_us=6548|W80_NSS1_MCS0:bytes=99916,ppdus=6,airtime_us=26408;367.5;0.6968354430379747;67.23404255319149;0.02528;0.999624;W40_NSS1_MCS4:bytes=958,ppdus=1,airtime_us=140|W80_NSS2_MCS4:bytes=2202,ppdus=3,airtime_us=236;263.25;1.0;172.65185185185186;0.093232;0.99946;W40_NSS2_MCS6:bytes=11654,ppdus=3,airtime_us=540;438.75;1.0;328.1311475409836;0.160128;0.999512;W40_NSS2_MCS10:bytes=20016,ppdus=2,airtime_us=488;61.25;1.0;57.638364779874216;0.586528;0.989824;W80_NSS1_MCS1:bytes=73316,ppdus=12,airtime_us=10176;122.5;0.7269289109111133;73.22473158089596;0.79112;0.989196;W20_NSS1_MCS6:bytes=11946,ppdus=1,airtime_us=1500|W40_NSS1_MCS1:bytes=15058,ppdus=1,airtime_us=4172|W80_NSS2_MCS1:bytes=71886,ppdus=7,airtime_us=5132;219.375;0.6705580394104984;239.16831683168317;0.579744;0.997576;W40_NSS1_MCS10:bytes=48594,ppdus=3,airtime_us=1924|W40_NSS2_MCS10:bytes=23874,ppdus=1,airtime_us=500;551.25;1.0;95.1864406779661;0.044928;0.999528;W80_NSS2_MCS6:bytes=5616,ppdus=6,airtime_us=472;175.5;1.0;154.71549295774648;0.219696;0.99858;W20_NSS2_MCS8:bytes=27462,ppdus=3,airtime_us=1420;131.625;0.34173492963663094;81.38461538461539;0.152352;0.998128;W20_NSS1_MCS6:bytes=6318,ppdus=1,airtime_us=828|W20_NSS2_MCS6:bytes=6218,ppdus=3,airtime_us=540|W40_NSS1_MCS6:bytes=6508,ppdus=2,airtime_us=504;1020.833334;0.94452370761402;191.15454545454546;0.672864;0.99648;W20_NSS1_MCS1:bytes=4666,ppdus=1,airtime_us=2604|W80_NSS2_MCS11:bytes=79442,ppdus=5,airtime_us=916;58.5;0.8664697744242864;57.84986519086136;1.630672;0.971812;W20_NSS1_MCS5:bytes=176616,ppdus=8,airtime_us=24576|W80_NSS1_MCS1:bytes=27218,ppdus=1,airtime_us=3612;29.25;1.0;27.841302136317395;0.218944;0.992136;W20_NSS2_MCS1:bytes=27368,ppdus=6,airtime_us=7864;;;;0.0;;;175.5;0.8;108.67796610169492;0.12824;0.99882;W40_NSS1_MCS4:bytes=3206,ppdus=1,airtime_us=348|W40_NSS2_MCS4:bytes=12824,ppdus=4,airtime_us=832;367.5;0.6910493176272106;182.1289437585734;0.531088;0.997084;W20_NSS1_MCS8:bytes=7874,ppdus=1,airtime_us=764|W80_NSS1_MCS4:bytes=12636,ppdus=2,airtime_us=664|W80_NSS2_MCS4:bytes=45876,ppdus=8,airtime_us=1488;183.75;0.9593053030857285;136.29069990412273;2.843024;0.97914;W20_NSS1_MCS2:bytes=14462,ppdus=1,airtime_us=5324|W80_NSS2_MCS2:bytes=340916,ppdus=12,airtime_us=15536;612.5;1.0;500.253164556962;1.26464;0.997472;W80_NSS2_MCS7:bytes=158080,ppdus=8,airtime_us=2528;183.75;0.820275654910057;144.70800832188024;1.7434529373626373;0.987951925;W40_NSS2_MCS2:bytes=39167.6171703297,ppdus=2,airtime_us=3656.075|W80_NSS2_MCS2:bytes=178764,ppdus=10,airtime_us=8392;195.0;1.0;171.82933333333332;0.515488;0.997;W20_NSS2_MCS9:bytes=64436,ppdus=6,airtime_us=3000;438.75;1.0;263.22222222222223;0.151616;0.999424;W40_NSS2_MCS10:bytes=18952,ppdus=4,airtime_us=576;30.625;0.7620373309889538;29.94989943316877;1.965552;0.934372;W20_NSS1_MCS3:bytes=19726,ppdus=1,airtime_us=5452|W40_NSS2_MCS0:bytes=38740,ppdus=2,airtime_us=10728|W80_NSS1_MCS0:bytes=187228,ppdus=10,airtime_us=49448;;;;;;;;;;;;;;;;;;;;;;;;;;;;;;
102;1;25;medium;-50.0;ap_only_cochannel;ul_dl;su;1;303.76388891666664;173.67814520345976;17.104925287054545;0.7950682496150484;183.75;1.0;175.76525276002323;1.209968;0.993116;W80_NSS2_MCS2:bytes=151246,ppdus=5,airtime_us=6884;490.0;1.0;247.41935483870967;0.12272;0.999504;W80_NSS2_MCS5:bytes=15340,ppdus=4,airtime_us=496;245.0;0.8264893617021276;148.03149606299212;0.1504;0.998984;W40_NSS2_MCS5:bytes=3262,ppdus=1,airtime_us=164|W80_NSS1_MCS5:bytes=15538,ppdus=7,airtime_us=852;390.0;1.0;288.27838827838826;0.3148;0.998908;W40_NSS2_MCS9:bytes=39350,ppdus=5,airtime_us=1092;1020.833334;0.7460087082728593;139.1919191919192;0.11024;0.999208;W40_NSS1_MCS11:bytes=3500,ppdus=2,airtime_us=216|W80_NSS2_MCS11:bytes=10280,ppdus=8,airtime_us=576;;;;0.0;;;117.0;0.7031845829672158;72.68392497287242;1.875536;0.974196;W20_NSS1_MCS3:bytes=30136,ppdus=2,airtime_us=8344|W20_NSS2_MCS3:bytes=39450,ppdus=3,airtime_us=5580|W40_NSS2_MCS3:bytes=164856,ppdus=10,airtime_us=11880;30.625;0.8078297343482989;34.56107382550336;0.205984;0.99404;W20_NSS2_MCS10:bytes=4948,ppdus=4,airtime_us=416|W80_NSS1_MCS0:bytes=20800,ppdus=2,airtime_us=5544;122.5;1.0;79.6923076923077;0.012432;0.999844;W80_NSS1_MCS3:bytes=1554,ppdus=1,airtime_us=156;487.5;0.9133391952001655;310.5863453815261;0.618688;0.998008;W20_NSS2_MCS11:bytes=6702,ppdus=1,airtime_us=276|W40_NSS2_MCS11:bytes=70634,ppdus=9,airtime_us=1716;438.75;0.8884706388470639;277.55223880597015;0.446304;0.998392;W40_NSS1_MCS10:bytes=6222,ppdus=1,airtime_us=284|W40_NSS2_MCS10:bytes=49566,ppdus=7,airtime_us=1324;87.75;0.7159852705126994;49.40408163265306;0.677824;0.98628;W20_NSS1_MCS2:bytes=11254,ppdus=1,airtime_us=4156|W20_NSS1_MCS3:bytes=12810,ppdus=1,airtime_us=3564|W40_NSS2_MCS2:bytes=60664,ppdus=8,airtime_us=6000;306.25;0.5502179944510504;234.69767441860466;0.20184;0.99914;W40_NSS2_MCS7:bytes=5626,ppdus=1,airtime_us=212|W80_NSS1_MCS7:bytes=13882,ppdus=3,airtime_us=516|W80_NSS2_MCS7:bytes=5722,ppdus=1,airtime_us=132;87.75;0.9431058176820889;78.95117540687161;0.17464;0.997788;W20_NSS1_MCS8:bytes=20588,ppdus=2,airtime_us=1976|W20_NSS2_MCS8:bytes=1242,ppdus=3,airtime_us=236;735.0;1.0;355.56043956043953;0.258848;0.999272;W80_NSS2_MCS8:bytes=32356,ppdus=6,airtime_us=728;175.5;1.0;143.98389261744967;0.429072;0.99702;W40_NSS2_MCS4:bytes=53634,ppdus=9,airtime_us=2980;87.75;0.7177717940087512;65.79377162629758;0.760576;0.98844;W20_NSS2_MCS2:bytes=15654,ppdus=1,airtime_us=2916|W40_NSS1_MCS2:bytes=11178,ppdus=1,airtime_us=2092|W40_NSS2_MCS2:bytes=68240,ppdus=6,airtime_us=6552;219.375;0.8704382602899516;186.07751937984497;0.192032;0.998968;W40_NSS1_MCS10:bytes=20894,ppdus=3,airtime_us=916|W40_NSS2_MCS10:bytes=3110,ppdus=1,airtime_us=116;243.75;1.0;146.66666666666666;0.04576;0.999688;W20_NSS2_MCS11:bytes=5720,ppdus=2,airtime_us=312;487.5;0.8854969923417336;94.99559471365639;0.603792;0.993644;W20_NSS2_MCS0:bytes=8642,ppdus=1,airtime_us=4788|W40_NSS2_MCS11:bytes=66832,ppdus=8,airtime_us=1568;459.375;1.0;395.03370786516854;0.562528;0.998576;W80_NSS1_MCS10:bytes=70316,ppdus=4,airtime_us=1424;459.375;1.0;390.62068965517244;0.815616;0.997912;W80_NSS1_MCS10:bytes=101952,ppdus=6,airtime_us=2088;61.25;0.9600668739103855;57.5245168255172;3.7594852870545457;0.934645513;W40_NSS2_MCS0:bytes=18766,ppdus=1,airtime_us=5188|W80_NSS2_MCS0:bytes=451169.660881818,ppdus=21,airtime_us=60166.487;61.25;0.9178516295681147;53.91909896298331;3.140464;0.941756;W20_NSS1_MCS2:bytes=13790,ppdus=1,airtime_us=5084|W20_NSS2_MCS1:bytes=18458,ppdus=1,airtime_us=5108|W80_NSS1_MCS1:bytes=360310,ppdus=19,airtime_us=48052;292.5;0.7680751897076383;141.2843537414966;0.415376;0.99706;W20_NSS1_MCS7:bytes=12042,ppdus=1,airtime_us=1372|W40_NSS2_MCS7:bytes=39880,ppdus=8,airtime_us=1568;;;;;;;;;;;;;;;;;;;;;;;;;;;;;;
102;1;25;medium;-50.0;ap_only_cochannel;ul_dl;su;2;325.333333375;186.82465498089033;15.784401735535369;0.7998139811976115;195.0;0.9117981827815609;168.59222497932174;1.630624;0.990328;W20_NSS1_MCS10:bytes=17978,ppdus=1,airtime_us=1356|W20_NSS2_MCS9:bytes=185850,ppdus=11,airtime_us=8316;61.25;1.0;58.31183469004383;0.372496;0.993612;W80_NSS2_MCS0:bytes=46562,ppdus=5,airtime_us=6388;438.75;1.0;316.0;0.551104;0.998256;W40_NSS2_MCS10:bytes=68888,ppdus=8,airtime_us=1744;234.0;1.0;196.41237113402062;0.609664;0.996896;W40_NSS2_MCS5:bytes=76208,ppdus=8,airtime_us=3104;438.75;0.6656296156626127;337.62334217506634;0.509136;0.998492;W40_NSS2_MCS10:bytes=42362,ppdus=7,airtime_us=1196|W80_NSS2_MCS10:bytes=21280,ppdus=2,airtime_us=312;122.5;1.0;98.64987405541562;0.156656;0.998412;W80_NSS2_MCS1:bytes=19582,ppdus=5,airtime_us=1588;117.0;1.0;58.57471264367816;0.040768;0.999304;W40_NSS1_MCS5:bytes=5096,ppdus=6,airtime_us=696;263.25;1.0;175.343653250774;0.226544;0.998708;W40_NSS2_MCS6:bytes=28318,ppdus=7,airtime_us=1292;117.0;0.6698249227600412;77.37051792828686;0.07768;0.998996;W20_NSS1_MCS9:bytes=3206,ppdus=1,airtime_us=316|W40_NSS2_MCS3:bytes=6504,ppdus=4,airtime_us=688;245.0;1.0;173.88785046728972;0.297696;0.998288;W80_NSS2_MCS3:bytes=37212,ppdus=8,airtime_us=1712;58.5;0.567337807606264;49.47426674045379;0.7152;0.985544;W20_NSS1_MCS6:bytes=24006,ppdus=3,airtime_us=3076|W40_NSS1_MCS1:bytes=14674,ppdus=1,airtime_us=4060|W40_NSS2_MCS1:bytes=50720,ppdus=6,airtime_us=7320;29.25;1.0;28.830425735108072;1.7598257355353686;0.938959426;W40_NSS1_MCS1:bytes=219978.216941921,ppdus=16,airtime_us=61040.574;;;;0.0;;;918.75;0.6006973269134983;267.68888888888887;0.192736;0.99928;W80_NSS1_MCS10:bytes=9620,ppdus=2,airtime_us=264|W80_NSS2_MCS10:bytes=14472,ppdus=6,airtime_us=456;918.75;1.0;318.4347826086956;0.117184;0.999632;W80_NSS2_MCS10:bytes=14648,ppdus=4,airtime_us=368;275.625;1.0;200.9187935034803;0.346384;0.998276;W80_NSS1_MCS6:bytes=43298,ppdus=9,airtime_us=1724;61.25;0.5527120813961324;77.17628705148206;2.37456;0.969232;W80_NSS1_MCS1:bytes=164056,ppdus=6,airtime_us=21736|W80_NSS2_MCS1:bytes=132764,ppdus=6,airtime_us=9032;263.25;0.5;11.058823529411764;0.003008;0.999728;W20_NSS2_MCS6:bytes=188,ppdus=2,airtime_us=136|W40_NSS2_MCS6:bytes=188,ppdus=2,airtime_us=136;612.5;1.0;240.91228070175438;0.164784;0.999316;W80_NSS2_MCS7:bytes=20598,ppdus=7,airtime_us=684;510.416667;0.8534282447534393;323.73731343283583;0.433808;0.99866;W40_NSS2_MCS11:bytes=7948,ppdus=2,airtime_us=248|W80_NSS1_MCS11:bytes=46278,ppdus=7,airtime_us=1092;30.625;1.0;30.317315798347664;0.719248;0.976276;W80_NSS1_MCS0:bytes=89906,ppdus=5,airtime_us=23724;1020.833334;1.0;588.4345047923323;0.73672;0.998748;W80_NSS2_MCS11:bytes=92090,ppdus=9,airtime_us=1252;122.5;0.8450470965738537;78.06868686868687;0.154576;0.99802;W80_NSS1_MCS1:bytes=2994,ppdus=1,airtime_us=444|W80_NSS2_MCS1:bytes=16328,ppdus=8,airtime_us=1536;490.0;0.8462139189931327;397.94887218045113;3.175632;0.99202;W40_NSS2_MCS5:bytes=61046,ppdus=1,airtime_us=2148|W80_NSS2_MCS5:bytes=335908,ppdus=6,airtime_us=5832;263.25;1.0;210.02409638554218;0.418368;0.998008;W40_NSS2_MCS6:bytes=52296,ppdus=6,airtime_us=1992;;;;;;;;;;;;;;;;;;;;;;;;;;;;;;
103;1;25;low;-60.0;isolated;ul;su;0;343.68333344;311.4143383476225;207.8101904568276;0.5140652494261022;183.75;1.0;119.58974358974359;0.037312;0.999688;W80_NSS1_MCS4:bytes=4664,ppdus=2,airtime_us=312;816.666668;1.0;732.346656705267;7.841968;0.989292;W80_NSS2_MCS9:bytes=980246,ppdus=17,airtime_us=10708;551.25;1.0;513.8265895953757;16.356128;0.968168;W80_NSS2_MCS6:bytes=2044516,ppdus=34,airtime_us=31832;146.25;1.0;143.34400522705;7.020416;0.951024;W20_NSS2_MCS7:bytes=877552,ppdus=16,airtime_us=48976;367.5;1.0;188.4848484848485;0.07464;0.999604;W80_NSS2_MCS4:bytes=9330,ppdus=3,airtime_us=396;551.25;1.0;511.7285382830626;7.05776;0.986208;W80_NSS2_MCS6:bytes=882220,ppdus=16,airtime_us=13792;219.375;1.0;215.0475457170356;13.406064;0.93766;W40_NSS1_MCS10:bytes=1675758,ppdus=27,airtime_us=62340;122.5;0.9577490925220193;106.12007684918348;3.535072;0.966688;W20_NSS1_MCS3:bytes=18670,ppdus=1,airtime_us=5164|W80_NSS2_MCS1:bytes=423214,ppdus=9,airtime_us=28148;122.5;1.0;120.54738545564884;4.767408;0.960452;W80_NSS2_MCS1:bytes=595926,ppdus=11,airtime_us=39548;219.375;1.0;214.3668855964564;5.61384;0.973812;W40_NSS1_MCS10:bytes=701730,ppdus=13,airtime_us=26188;275.625;1.0;267.0057882192714;3.136784;0.988252;W80_NSS1_MCS6:bytes=392098,ppdus=7,airtime_us=11748;735.0;1.0;655.6103286384977;4.46864;0.993184;W80_NSS2_MCS8:bytes=558580,ppdus=12,airtime_us=6816;551.25;1.0;513.1624144368388;6.597216;0.987144;W80_NSS2_MCS6:bytes=824652,ppdus=14,airtime_us=12856;243.75;1.0;235.65083298912296;6.846128;0.970948;W40_NSS1_MCS11:bytes=855766,ppdus=17,airtime_us=29052;122.5;1.0;120.67019587083112;7.294272;0.939552;W80_NSS2_MCS1:bytes=911784,ppdus=16,airtime_us=60448;122.5;1.0;120.64776390840704;5.837904;0.951612;W80_NSS2_MCS1:bytes=729738,ppdus=13,airtime_us=48388;735.0;1.0;675.1862464183381;16.96608;0.974872;W80_NSS2_MCS8:bytes=2120760,ppdus=34,airtime_us=25128;367.5;0.9767251769412247;320.5150684931507;14.974464;0.95328;W20_NSS1_MCS6:bytes=43566,ppdus=1,airtime_us=5356|W80_NSS2_MCS4:bytes=1828242,ppdus=29,airtime_us=41364;367.5;1.0;351.8576804652754;8.22784;0.976616;W80_NSS2_MCS4:bytes=1028480,ppdus=18,airtime_us=23384;183.75;1.0;180.19020928445508;15.945392;0.911508;W80_NSS2_MCS2:bytes=1993174,ppdus=31,airtime_us=88492;306.25;1.0;289.7651821862348;1.717728;0.994072;W80_NSS1_MCS7:bytes=214716,ppdus=6,airtime_us=5928;183.75;1.0;180.15739191123157;17.748334456827585;0.901484284;W80_NSS2_MCS2:bytes=2218541.80710345,ppdus=34,airtime_us=98515.716;816.666668;1.0;735.5498436957276;16.941184;0.976968;W80_NSS2_MCS9:bytes=2117648,ppdus=34,airtime_us=23032;219.375;1.0;215.0645643917597;14.949568;0.930488;W40_NSS1_MCS10:bytes=1868696,ppdus=30,airtime_us=69512;61.25;1.0;58.92267227774855;0.448048;0.992396;W80_NSS2_MCS0:bytes=56006,ppdus=5,airtime_us=7604;;;;;;;;;;;;;;;;;;;;;;;;;;;;;;
103;1;25;low;-60.0;isolated;ul;su;1;345.11050730434783;317.5143692013406;215.32618409911177;0.49896643517691863;183.75;1.0;178.86768023540952;7.294224;0.95922;W80_NSS2_MCS2:bytes=911778,ppdus=19,airtime_us=40780;490.0;1.0;451.6776429809359;4.169888;0.990768;W80_NSS2_MCS5:bytes=521236,ppdus=12,airtime_us=9232;490.0;1.0;458.67172937521576;5.315088;0.988412;W80_NSS2_MCS5:bytes=664386,ppdus=13,airtime_us=11588;816.666668;1.0;733.8460053101617;24.322592;0.966856;W80_NSS2_MCS9:bytes=3040324,ppdus=50,airtime_us=33144;243.75;1.0;228.95676359039192;3.622096;0.98418;W40_NSS1_MCS11:bytes=452762,ppdus=17,airtime_us=15820;612.5;1.0;568.8192128085391;10.23192;0.982012;W80_NSS2_MCS7:bytes=1278990,ppdus=21,airtime_us=17988;245.0;0.9763767861817154;235.40601281863744;22.130773738979965;0.905988919;W20_NSS2_MCS8:bytes=65350,ppdus=1,airtime_us=3044|W80_NSS2_MCS3:bytes=2700996.7173725,ppdus=44,airtime_us=90967.081;219.375;0.9988976080790998;210.4130158967087;11.277296;0.946404;W20_NSS1_MCS10:bytes=1554,ppdus=1,airtime_us=172|W20_NSS2_MCS10:bytes=1408108,ppdus=36,airtime_us=53424;245.0;1.0;235.90992923010938;8.800384;0.962696;W80_NSS2_MCS3:bytes=1100048,ppdus=22,airtime_us=37304;243.75;1.0;235.2366442035355;9.634352;0.959044;W40_NSS1_MCS11:bytes=1204294,ppdus=25,airtime_us=40956;219.375;1.0;189.71428571428572;0.435584;0.997704;W40_NSS1_MCS10:bytes=54448,ppdus=6,airtime_us=2296;183.75;1.0;179.0168098617856;1.916912;0.989292;W80_NSS2_MCS2:bytes=239614,ppdus=5,airtime_us=10708;612.5;1.0;543.4476534296028;4.81712;0.991136;W80_NSS2_MCS7:bytes=602140,ppdus=16,airtime_us=8864;735.0;0.8677528451793;589.286467486819;5.364864;0.990896;W80_NSS1_MCS8:bytes=88686,ppdus=3,airtime_us=2100|W80_NSS2_MCS8:bytes=581922,ppdus=11,airtime_us=7004;;;;0.0;;;367.5;1.0;348.8210612916495;6.783872;0.980552;W80_NSS2_MCS4:bytes=847984,ppdus=18,airtime_us=19448;183.75;1.0;178.51944990176818;1.817328;0.98982;W80_NSS2_MCS2:bytes=227166,ppdus=5,airtime_us=10180;219.375;1.0;213.48886308855512;6.1342903601317955;0.971266462;W40_NSS1_MCS10:bytes=766786.295016474,ppdus=17,airtime_us=28733.538;243.75;1.0;236.08445863000244;15.385152;0.934832;W40_NSS1_MCS11:bytes=1923144,ppdus=36,airtime_us=65168;243.75;1.0;234.95268956578096;5.800512;0.975312;W40_NSS1_MCS11:bytes=725064,ppdus=16,airtime_us=24688;219.375;1.0;214.3954485231081;11.003632;0.948676;W40_NSS1_MCS10:bytes=1375454,ppdus=25,airtime_us=51324;219.375;0.9784725562151229;215.52431664891728;24.28528;0.88732;W20_NSS2_MCS11:bytes=65350,ppdus=1,airtime_us=2212|W40_NSS1_MCS10:bytes=2970310,ppdus=47,airtime_us=110468;87.75;1.0;86.41211738718839;4.38144;0.949296;W20_NSS1_MCS8:bytes=547680,ppdus=16,airtime_us=50704;;;;0.0;;;612.5;0.974374538761304;535.3622336517267;20.401584;0.961892;W20_NSS2_MCS8:bytes=65350,ppdus=1,airtime_us=3044|W80_NSS2_MCS7:bytes=2484848,ppdus=42,airtime_us=35064;;;;;;;;;;;;;;;;;;;;;;;;;;;;;;
103;1;25;low;-60.0;isolated;ul;su;2;292.73550730434783;267.41510580582576;169.97290597743;0.5976436316521523;816.666668;1.0;732.5898726680485;9.895824;0.986492;W80_NSS2_MCS9:bytes=1236978,ppdus=21,airtime_us=13508;146.25;1.0;142.81896991330953;2.240544;0.984312;W20_NSS2_MCS7:bytes=280068,ppdus=6,airtime_us=15688;219.375;1.0;214.1863210878551;2.882790026523888;0.986540737;W40_NSS1_MCS10:bytes=360348.753315486,ppdus=7,airtime_us=13459.263;490.0;0.9697406073178185;422.46870109546165;17.27728;0.959104;W20_NSS1_MCS10:bytes=65350,ppdus=1,airtime_us=4812|W80_NSS2_MCS5:bytes=2094310,ppdus=33,airtime_us=36084;219.375;0.9935330070710225;203.26037737824552;17.321187950906097;0.914783254;W20_NSS1_MCS2:bytes=14002,ppdus=1,airtime_us=5164|W40_NSS1_MCS10:bytes=2151146.49386326,ppdus=35,airtime_us=80052.746;122.5;1.0;120.44829578278451;3.335936;0.972304;W80_NSS2_MCS1:bytes=416992,ppdus=8,airtime_us=27696;245.0;1.0;229.93103448275863;0.746816;0.996752;W80_NSS1_MCS5:bytes=93352,ppdus=4,airtime_us=3248;;;;0.0;;;245.0;0.9732313434547665;228.97092477959106;19.530304;0.914704;W20_NSS1_MCS9:bytes=65350,ppdus=1,airtime_us=5420|W80_NSS2_MCS3:bytes=2375938,ppdus=37,airtime_us=79876;245.0;0.9589442483624817;224.3938817227039;12.733904;0.943252;W20_NSS1_MCS9:bytes=65350,ppdus=1,airtime_us=5420|W80_NSS2_MCS3:bytes=1526388,ppdus=24,airtime_us=51328;122.5;1.0;120.43790087463557;6.609632;0.94512;W80_NSS2_MCS1:bytes=826204,ppdus=16,airtime_us=54880;122.5;1.0;120.36261079774376;4.77984;0.960288;W80_NSS2_MCS1:bytes=597480,ppdus=12,airtime_us=39712;245.0;0.9710942261877906;229.72046944063405;18.086352;0.921268;W20_NSS1_MCS10:bytes=65350,ppdus=1,airtime_us=4812|W80_NSS2_MCS3:bytes=2195444,ppdus=36,airtime_us=73920;;;;0.0;;;219.375;1.0;214.1367668097282;5.987264;0.97204;W40_NSS1_MCS10:bytes=748408,ppdus=14,airtime_us=27960;275.625;1.0;267.9631467044649;3.024768;0.988712;W80_NSS1_MCS6:bytes=378096,ppdus=6,airtime_us=11288;122.5;0.894998827071825;118.92118085411293;4.978992;0.958132;W20_NSS1_MCS10:bytes=65350,ppdus=1,airtime_us=4812|W80_NSS2_MCS1:bytes=557024,ppdus=12,airtime_us=37056;551.25;1.0;507.783595113438;2.32768;0.995416;W80_NSS2_MCS6:bytes=290960,ppdus=6,airtime_us=4584;612.5;0.6842079829902387;437.50528541226214;1.65552;0.996216;W80_NSS1_MCS7:bytes=65350,ppdus=1,airtime_us=1756|W80_NSS2_MCS7:bytes=141590,ppdus=3,airtime_us=2028;243.75;1.0;231.9750566893424;3.273632;0.985888;W40_NSS1_MCS11:bytes=409204,ppdus=12,airtime_us=14112;61.25;1.0;60.412942675159236;4.742416;0.9215;W80_NSS2_MCS0:bytes=592802,ppdus=17,airtime_us=78500;243.75;1.0;232.23736719357348;3.584816;0.984564;W40_NSS1_MCS11:bytes=448102,ppdus=13,airtime_us=15436;122.5;0.966371786107133;119.33525638850239;14.065808;0.882132;W20_NSS2_MCS4:bytes=59126,ppdus=1,airtime_us=5444|W80_NSS2_MCS1:bytes=1699100,ppdus=26,airtime_us=112424;490.0;1.0;460.89088863892016;4.916784;0.989332;W80_NSS2_MCS5:bytes=614598,ppdus=11,airtime_us=10668;551.25;1.0;509.79658703071675;5.974816;0.98828;W80_NSS2_MCS6:bytes=746852,ppdus=14,airtime_us=11720;;;;;;;;;;;;;;;;;;;;;;;;;;;;;;
104;1;25;low;-60.0;isolated;dl;su;0;485.05000015999997;78.98293122397733;3.7472769917647057;0.7322847325585211;367.5;0.5919437846397466;89.41592920353982;0.161664;0.998192;W80_NSS2_MCS4:bytes=11962,ppdus=15,airtime_us=1164|W80_NSS2_MCS6:bytes=8246,ppdus=9,airtime_us=644;816.666668;0.9599036850921273;91.84615384615384;0.152832;0.998336;W80_NSS2_MCS4:bytes=766,ppdus=1,airtime_us=84|W80_NSS2_MCS9:bytes=18338,ppdus=23,airtime_us=1580;816.666668;0.6056615512235587;95.01477832512315;0.154304;0.998376;W80_NSS1_MCS9:bytes=7606,ppdus=9,airtime_us=604|W80_NSS2_MCS9:bytes=11682,ppdus=15,airtime_us=1020;612.5;0.9700041806020067;89.0046511627907;0.153088;0.99828;W20_NSS1_MCS5:bytes=574,ppdus=1,airtime_us=124|W80_NSS2_MCS7:bytes=18562,ppdus=23,airtime_us=1596;367.5;0.5195624737063526;86.43636363636364;0.152128;0.99824;W80_NSS2_MCS4:bytes=9880,ppdus=12,airtime_us=928|W80_NSS2_MCS6:bytes=9136,ppdus=12,airtime_us=832;551.25;0.9628119234877173;93.41496598639456;0.164784;0.998236;W80_NSS2_MCS6:bytes=19832,ppdus=24,airtime_us=1696|W80_NSS2_MCS10:bytes=766,ppdus=1,airtime_us=68;551.25;0.9411875945537065;51.59024390243903;0.084608;0.99836;W40_NSS1_MCS8:bytes=622,ppdus=1,airtime_us=76|W80_NSS2_MCS6:bytes=9954,ppdus=23,airtime_us=1564;122.5;0.7128148740503798;66.4717607973422;0.160064;0.997592;W80_NSS1_MCS3:bytes=14262,ppdus=17,airtime_us=1804|W80_NSS2_MCS3:bytes=5746,ppdus=7,airtime_us=604;551.25;0.9861286254728878;74.2990990990991;0.164944;0.99778;W20_NSS2_MCS3:bytes=286,ppdus=1,airtime_us=100|W80_NSS2_MCS6:bytes=20332,ppdus=30,airtime_us=2120;459.375;0.9696713515798373;65.8295652173913;0.151408;0.9977;W40_NSS1_MCS6:bytes=574,ppdus=1,airtime_us=92|W80_NSS1_MCS10:bytes=18352,ppdus=36,airtime_us=2208;551.25;0.9540119504908238;88.41509433962264;0.149952;0.998304;W80_NSS2_MCS4:bytes=862,ppdus=1,airtime_us=84|W80_NSS2_MCS6:bytes=17882,ppdus=23,airtime_us=1612;735.0;0.5457800830460541;94.0776525717544;0.15695699176470587;0.998331623;W80_NSS2_MCS8:bytes=10708,ppdus=14,airtime_us=952|W80_NSS2_MCS9:bytes=8911.62397058823,ppdus=11,airtime_us=716.377;459.375;0.9552476359891396;70.1543513957307;0.170896;0.997564;W80_NSS1_MCS10:bytes=20406,ppdus=37,airtime_us=2300|W80_NSS2_MCS6:bytes=478,ppdus=1,airtime_us=68|W80_NSS2_MCS10:bytes=478,ppdus=1,airtime_us=68;243.75;0.9063767462821091;74.27615062761507;0.142016;0.998088;W40_NSS1_MCS11:bytes=16090,ppdus=23,airtime_us=1748|W80_NSS2_MCS1:bytes=1662,ppdus=1,airtime_us=164;490.0;0.5393538594969645;83.47511312217195;0.147584;0.998232;W80_NSS1_MCS5:bytes=8498,ppdus=11,airtime_us=852|W80_NSS2_MCS5:bytes=9950,ppdus=13,airtime_us=916;122.5;0.6251055743243243;60.717948717948715;0.151552;0.997504;W80_NSS2_MCS1:bytes=11842,ppdus=15,airtime_us=1644|W80_NSS2_MCS2:bytes=7102,ppdus=9,airtime_us=852;735.0;0.9710562206394908;59.05145413870246;0.105584;0.998212;W40_NSS1_MCS1:bytes=382,ppdus=1,airtime_us=156|W80_NSS2_MCS8:bytes=12816,ppdus=24,airtime_us=1632;551.25;0.6530054644808743;81.33333333333333;0.140544;0.998272;W80_NSS2_MCS4:bytes=6096,ppdus=8,airtime_us=608|W80_NSS2_MCS6:bytes=11472,ppdus=16,airtime_us=1120;367.5;0.8413315629742033;98.08372093023256;0.168704;0.99828;W80_NSS1_MCS8:bytes=17742,ppdus=21,airtime_us=1500|W80_NSS2_MCS8:bytes=3346,ppdus=3,airtime_us=220;245.0;0.7255965292841648;70.38167938931298;0.14752;0.997904;W80_NSS2_MCS2:bytes=5060,ppdus=6,airtime_us=568|W80_NSS2_MCS3:bytes=13380,ppdus=18,airtime_us=1528;612.5;0.9554014900662252;92.03809523809524;0.154624;0.99832;W80_NSS2_MCS6:bytes=862,ppdus=1,airtime_us=68|W80_NSS2_MCS7:bytes=18466,ppdus=23,airtime_us=1612;275.625;0.9639047516431419;82.31485587583148;0.148496;0.998196;W80_NSS1_MCS6:bytes=17892,ppdus=22,airtime_us=1736|W80_NSS2_MCS6:bytes=670,ppdus=1,airtime_us=68;816.666668;1.0;85.6470588235294;0.139776;0.998368;W80_NSS2_MCS9:bytes=17472,ppdus=24,airtime_us=1632;459.375;0.9543505193938816;68.0259319286872;0.167888;0.997532;W40_NSS1_MCS5:bytes=958,ppdus=1,airtime_us=124|W80_NSS1_MCS10:bytes=20028,ppdus=38,airtime_us=2344;245.0;0.8422245108135943;63.25732899022801;0.15536;0.997544;W40_NSS2_MCS7:bytes=3064,ppdus=4,airtime_us=336|W80_NSS2_MCS3:bytes=16356,ppdus=26,airtime_us=2120;;;;;;;;;;;;;;;;;;;;;;;;;;;;;;
104;1;25;low;-60.0;isolated;dl;su;1;520.8333336;76.59700176679924;4.1815606355294115;0.698435171639614;243.75;0.9723533378287256;75.63570127504553;0.166096;0.997804;W20_NSS1_MCS4:bytes=574,ppdus=1,airtime_us=156|W40_NSS1_MCS11:bytes=20188,ppdus=26,airtime_us=2040;551.25;1.0;85.83578947368422;0.163088;0.9981;W80_NSS2_MCS6:bytes=20386,ppdus=27,airtime_us=1900;816.666668;0.9636035351135608;74.2363315696649;0.168368;0.997732;W40_NSS1_MCS10:bytes=766,ppdus=1,airtime_us=76|W80_NSS2_MCS9:bytes=20280,ppdus=32,airtime_us=2192;816.666668;0.9667790559301864;83.68464730290457;0.161344;0.998072;W40_NSS1_MCS6:bytes=670,ppdus=1,airtime_us=92|W80_NSS2_MCS9:bytes=19498,ppdus=27,airtime_us=1836;490.0;0.9691894793344069;72.06963249516441;0.14904;0.997932;W20_NSS2_MCS0:bytes=574,ppdus=1,airtime_us=372|W80_NSS2_MCS5:bytes=18056,ppdus=24,airtime_us=1696;816.666668;0.956225878529352;85.61739130434782;0.157536;0.99816;W20_NSS1_MCS8:bytes=862,ppdus=1,airtime_us=124|W80_NSS2_MCS9:bytes=18830,ppdus=25,airtime_us=1716;735.0;1.0;89.94432548179871;0.168016;0.998132;W80_NSS2_MCS8:bytes=21002,ppdus=27,airtime_us=1868;459.375;0.9183161416225258;60.03347280334728;0.172176;0.997132;W40_NSS1_MCS1:bytes=1758,ppdus=1,airtime_us=540|W80_NSS1_MCS10:bytes=19764,ppdus=38,airtime_us=2328;367.5;1.0;78.77712031558185;0.15976;0.997972;W80_NSS2_MCS4:bytes=19970,ppdus=27,airtime_us=2028;243.75;1.0;76.69097888675624;0.159824;0.997916;W40_NSS1_MCS11:bytes=19978,ppdus=27,airtime_us=2084;243.75;0.967402938600759;76.5512104283054;0.164432;0.997852;W20_NSS1_MCS8:bytes=670,ppdus=1,airtime_us=108|W40_NSS1_MCS11:bytes=19884,ppdus=26,airtime_us=2040;245.0;1.0;73.0289608177172;0.171472;0.997652;W80_NSS2_MCS3:bytes=21434,ppdus=27,airtime_us=2348;612.5;0.9692575938331651;91.7642105263158;0.174352;0.9981;W80_NSS2_MCS7:bytes=21124,ppdus=26,airtime_us=1832|W80_NSS2_MCS10:bytes=670,ppdus=1,airtime_us=68;816.666668;1.0;89.52505446623094;0.164368;0.998164;W80_NSS2_MCS9:bytes=20546,ppdus=27,airtime_us=1836;735.0;0.9419256724645946;77.21834862385322;0.168336;0.99782;W20_NSS1_MCS3:bytes=1222,ppdus=1,airtime_us=380|W80_NSS2_MCS8:bytes=19820,ppdus=26,airtime_us=1800;367.5;0.9632472891277228;82.21696252465483;0.166736;0.997972;W80_NSS2_MCS2:bytes=766,ppdus=1,airtime_us=100|W80_NSS2_MCS4:bytes=20076,ppdus=26,airtime_us=1928;816.666668;0.9684705882352941;84.15841584158416;0.17;0.99798;W20_NSS1_MCS3:bytes=670,ppdus=1,airtime_us=236|W80_NSS2_MCS9:bytes=20580,ppdus=26,airtime_us=1784;459.375;0.9487030745007043;62.281290322580645;0.193072;0.9969;W80_NSS1_MCS0:bytes=1238,ppdus=1,airtime_us=380|W80_NSS1_MCS10:bytes=22896,ppdus=44,airtime_us=2720;367.5;0.9398716601414306;63.20936035460676;0.16551263552941176;0.997381517;W40_NSS2_MCS0:bytes=574,ppdus=1,airtime_us=212|W80_NSS1_MCS0:bytes=670,ppdus=1,airtime_us=220|W80_NSS2_MCS4:bytes=19445.0794411765,ppdus=30,airtime_us=2186.483;243.75;0.9631056738271843;71.71675302245251;0.166096;0.997684;W20_NSS2_MCS1:bytes=766,ppdus=1,airtime_us=276|W40_NSS1_MCS11:bytes=19996,ppdus=26,airtime_us=2040;459.375;0.9744548286604361;58.745098039215684;0.17976;0.99694;W40_NSS2_MCS1:bytes=574,ppdus=1,airtime_us=132|W80_NSS1_MCS10:bytes=21896,ppdus=48,airtime_us=2928;459.375;0.9639223813112283;63.95180722891566;0.169856;0.997344;W80_NSS1_MCS0:bytes=766,ppdus=1,airtime_us=252|W80_NSS1_MCS10:bytes=20466,ppdus=39,airtime_us=2404;735.0;0.9684111268269684;87.82608695652173;0.16968;0.998068;W20_NSS2_MCS3:bytes=670,ppdus=1,airtime_us=148|W80_NSS2_MCS8:bytes=20540,ppdus=26,airtime_us=1784;183.75;0.9715079916608756;63.252747252747255;0.161168;0.997452;W20_NSS1_MCS6:bytes=574,ppdus=1,airtime_us=124|W80_NSS2_MCS2:bytes=19572,ppdus=26,airtime_us=2424;735.0;0.927311747690585;86.95334685598377;0.171472;0.998028;W20_NSS1_MCS9:bytes=1558,ppdus=1,airtime_us=188|W80_NSS2_MCS8:bytes=19876,ppdus=26,airtime_us=1784;;;;;;;;;;;;;;;;;;;;;;;;;;;;;;
104;1;25;low;-60.0;isolated;dl;su;2;576.9750003199999;77.9172780730551;4.231072;0.6881914794520871;816.666668;0.9720762794317961;91.76785714285714;0.164448;0.998208;W20_NSS1_MCS11:bytes=574,ppdus=1,airtime_us=92|W80_NSS2_MCS9:bytes=19982,ppdus=25,airtime_us=1700;612.5;0.9664798879327596;88.05286343612335;0.159904;0.998184;W20_NSS2_MCS9:bytes=670,ppdus=1,airtime_us=84|W80_NSS2_MCS7:bytes=19318,ppdus=25,airtime_us=1732;816.666668;0.7337936325278097;77.24444444444444;0.166848;0.99784;W80_NSS1_MCS9:bytes=5552,ppdus=8,airtime_us=512|W80_NSS2_MCS9:bytes=15304,ppdus=24,airtime_us=1648;459.375;0.9732550554468362;66.75583203732504;0.171696;0.997428;W20_NSS1_MCS11:bytes=574,ppdus=1,airtime_us=92|W80_NSS1_MCS10:bytes=20888,ppdus=40,airtime_us=2480;459.375;0.9550196682059175;71.3048780487805;0.187104;0.997376;W40_NSS1_MCS10:bytes=286,ppdus=1,airtime_us=60|W40_NSS2_MCS6:bytes=766,ppdus=1,airtime_us=84|W80_NSS1_MCS10:bytes=22336,ppdus=40,airtime_us=2480;183.75;0.9681710213776722;62.186115214180205;0.1684;0.997292;W20_NSS1_MCS3:bytes=670,ppdus=1,airtime_us=236|W80_NSS2_MCS2:bytes=20380,ppdus=26,airtime_us=2472;490.0;0.9691443308464585;88.0892494929006;0.173712;0.998028;W20_NSS1_MCS6:bytes=670,ppdus=1,airtime_us=140|W80_NSS2_MCS5:bytes=21044,ppdus=26,airtime_us=1832;551.25;0.9616463048267575;81.85245901639344;0.159776;0.998048;W20_NSS1_MCS4:bytes=766,ppdus=1,airtime_us=188|W80_NSS2_MCS6:bytes=19206,ppdus=25,airtime_us=1764;816.666668;0.964262386861995;90.63002114164905;0.171472;0.998108;W20_NSS1_MCS10:bytes=766,ppdus=1,airtime_us=108|W80_NSS2_MCS9:bytes=20668,ppdus=26,airtime_us=1784;816.666668;0.858330915772169;88.95483870967742;0.165456;0.99814;W80_NSS1_MCS9:bytes=2930,ppdus=3,airtime_us=212|W80_NSS2_MCS9:bytes=17752,ppdus=24,airtime_us=1648;551.25;1.0;89.41825902335457;0.168464;0.998116;W80_NSS2_MCS6:bytes=21058,ppdus=27,airtime_us=1884;816.666668;0.9595988001499812;87.08571428571429;0.170688;0.99804;W20_NSS1_MCS10:bytes=862,ppdus=1,airtime_us=108|W80_NSS2_MCS9:bytes=20474,ppdus=27,airtime_us=1852;459.375;0.9275006574910143;70.74108527131783;0.182512;0.99742;W20_NSS2_MCS11:bytes=1654,ppdus=1,airtime_us=116|W80_NSS1_MCS10:bytes=21160,ppdus=40,airtime_us=2464;816.666668;0.8731304796286746;77.71543086172345;0.15512;0.998004;W40_NSS2_MCS11:bytes=1230,ppdus=1,airtime_us=84|W80_NSS1_MCS9:bytes=1230,ppdus=1,airtime_us=76|W80_NSS2_MCS9:bytes=16930,ppdus=27,airtime_us=1836;459.375;0.95;57.96143250688705;0.16832;0.997096;W80_NSS1_MCS0:bytes=670,ppdus=1,airtime_us=220|W80_NSS1_MCS10:bytes=19988,ppdus=42,airtime_us=2568|W80_NSS2_MCS0:bytes=382,ppdus=1,airtime_us=116;551.25;1.0;85.8360655737705;0.167552;0.998048;W80_NSS2_MCS6:bytes=20944,ppdus=28,airtime_us=1952;459.375;0.9662292213473316;62.8021978021978;0.18288;0.997088;W20_NSS1_MCS7:bytes=670,ppdus=1,airtime_us=124|W20_NSS2_MCS7:bytes=102,ppdus=1,airtime_us=68|W80_NSS1_MCS10:bytes=22088,ppdus=44,airtime_us=2720;551.25;0.9652102824961395;76.58434782608695;0.176144;0.9977;W20_NSS2_MCS0:bytes=766,ppdus=1,airtime_us=484|W80_NSS2_MCS6:bytes=21252,ppdus=26,airtime_us=1816;735.0;1.0;94.00896860986548;0.167712;0.998216;W80_NSS2_MCS8:bytes=20964,ppdus=26,airtime_us=1784;612.5;0.9580453616275674;48.28672150411281;0.164368;0.996596;W20_NSS2_MCS0:bytes=862,ppdus=1,airtime_us=532|W80_NSS2_MCS7:bytes=19684,ppdus=42,airtime_us=2872;245.0;0.9416595053948248;70.40672268907564;0.167568;0.99762;W20_NSS2_MCS4:bytes=1222,ppdus=1,airtime_us=164|W80_NSS2_MCS3:bytes=19724,ppdus=26,airtime_us=2216;735.0;0.9597384399813171;82.18809980806142;0.17128;0.997916;W20_NSS1_MCS3:bytes=862,ppdus=1,airtime_us=284|W80_NSS2_MCS8:bytes=20548,ppdus=26,airtime_us=1800;367.5;0.9769594138629133;76.13211009174312;0.165968;0.99782;W20_NSS1_MCS2:bytes=478,ppdus=1,airtime_us=220|W80_NSS2_MCS4:bytes=20268,ppdus=26,airtime_us=1960;490.0;0.9164528086683775;79.2542372881356;0.168336;0.997876;W20_NSS2_MCS3:bytes=1758,ppdus=1,airtime_us=308|W80_NSS2_MCS5:bytes=19284,ppdus=26,airtime_us=1816;551.25;0.9052641765047417;82.672;0.165344;0.998;W20_NSS1_MCS7:bytes=1958,ppdus=1,airtime_us=268|W80_NSS2_MCS6:bytes=18710,ppdus=25,airtime_us=1732;;;;;;;;;;;;;;;;;;;;;;;;;;;;;;
105;1;25;low;-60.0;isolated;ul_dl;su;0;330.33000008;296.94226281258506;157.1967986652174;0.33358459142980557;367.5;1.0;339.1960461285008;1.647136;0.995144;W80_NSS2_MCS4:bytes=205892,ppdus=6,airtime_us=4856;816.666668;1.0;721.6161616161617;4.00064;0.994456;W80_NSS2_MCS9:bytes=500080,ppdus=10,airtime_us=5544;551.25;1.0;506.4794086589229;3.837088;0.992424;W80_NSS2_MCS6:bytes=479636,ppdus=10,airtime_us=7576;73.125;1.0;13.066666666666666;0.001568;0.99988;W20_NSS1_MCS7:bytes=196,ppdus=2,airtime_us=120;367.5;0.9837058967853125;329.1552382124831;21.389824;0.935016;W20_NSS1_MCS6:bytes=43566,ppdus=1,airtime_us=5356|W80_NSS2_MCS4:bytes=2630162,ppdus=43,airtime_us=59628;551.25;1.0;506.9230769230769;1.5816;0.99688;W80_NSS2_MCS6:bytes=197700,ppdus=4,airtime_us=3120;219.375;1.0;213.61486180335297;3.771584;0.982344;W40_NSS1_MCS10:bytes=471448,ppdus=10,airtime_us=17656;122.5;0.9815555129080566;118.35849171068602;16.871382676503238;0.857455241;W20_NSS2_MCS3:bytes=38898,ppdus=1,airtime_us=5380|W80_NSS2_MCS1:bytes=2070024.8345629,ppdus=35,airtime_us=137164.759;122.5;1.0;78.8169014084507;0.067152;0.999148;W80_NSS2_MCS1:bytes=8394,ppdus=5,airtime_us=852;219.375;1.0;213.83962051050372;3.786672;0.982292;W40_NSS1_MCS10:bytes=473334,ppdus=9,airtime_us=17708;551.25;0.8792299233170717;460.07809847198644;4.335776;0.990576;W80_NSS1_MCS6:bytes=65454,ppdus=1,airtime_us=1948|W80_NSS2_MCS6:bytes=476518,ppdus=9,airtime_us=7476;735.0;1.0;659.7004739336493;5.567872;0.99156;W80_NSS2_MCS8:bytes=695984,ppdus=14,airtime_us=8440;551.25;0.9202154113195772;478.0792540792541;6.563072;0.986272;W80_NSS1_MCS6:bytes=65454,ppdus=1,airtime_us=1948|W80_NSS2_MCS6:bytes=754930,ppdus=13,airtime_us=11780;243.75;1.0;235.2863629705581;6.4252;0.972692;W40_NSS1_MCS11:bytes=803150,ppdus=17,airtime_us=27308;122.5;1.0;120.53876384423008;4.048656;0.966412;W80_NSS2_MCS1:bytes=506082,ppdus=9,airtime_us=33588;122.5;0.9891256495834087;118.47134635584291;21.824567988714154;0.815781886;W20_NSS2_MCS2:bytes=29666,ppdus=1,airtime_us=5476|W80_NSS2_MCS1:bytes=2698404.99858927,ppdus=43,airtime_us=178742.114;735.0;1.0;587.5521628498727;0.923632;0.998428;W80_NSS2_MCS8:bytes=115454,ppdus=5,airtime_us=1572;183.75;0.980582905111207;180.53951392242072;4.486768;0.975148;W80_NSS1_MCS4:bytes=549956,ppdus=12,airtime_us=24560|W80_NSS2_MCS4:bytes=10890,ppdus=1,airtime_us=292;183.75;1.0;179.64492753623188;4.759872;0.973504;W80_NSS1_MCS4:bytes=594984,ppdus=12,airtime_us=26496;183.75;1.0;179.97831151777015;16.994992;0.905572;W80_NSS2_MCS2:bytes=2124374,ppdus=35,airtime_us=94428;306.25;1.0;293.13584789941734;3.823664;0.986956;W80_NSS1_MCS7:bytes=477958,ppdus=11,airtime_us=13044;183.75;1.0;179.21181665905283;4.707536;0.973732;W80_NSS2_MCS2:bytes=588442,ppdus=11,airtime_us=26268;408.333334;1.0;382.2505023442733;2.2828;0.994028;W80_NSS1_MCS9:bytes=285350,ppdus=7,airtime_us=5972;219.375;1.0;212.787600960489;3.89912;0.981676;W40_NSS1_MCS10:bytes=487390,ppdus=11,airtime_us=18324;117.0;1.0;115.23511333077218;9.598624;0.916704;W40_NSS2_MCS3:bytes=1199828,ppdus=20,airtime_us=83296;;;;;;;;;;;;;;;;;;;;;;;;;;;;;;
105;1;25;low;-60.0;isolated;ul_dl;su;1;351.63666672;322.4577606661643;215.05625876422764;0.24357153775520257;183.75;0.9756717718097819;181.1437049025558;21.48944;0.881368;W20_NSS2_MCS11:bytes=65350,ppdus=1,airtime_us=2212|W80_NSS2_MCS2:bytes=2620830,ppdus=41,airtime_us=116420;490.0;1.0;459.5396547410558;7.34712;0.984012;W80_NSS2_MCS5:bytes=918390,ppdus=17,airtime_us=15988;490.0;1.0;456.8787656135195;7.461744;0.983668;W80_NSS2_MCS5:bytes=932718,ppdus=19,airtime_us=16332;816.666668;0.9862031049314496;604.0755568085706;17.141248;0.971624;W20_NSS2_MCS2:bytes=29562,ppdus=1,airtime_us=5444|W80_NSS2_MCS9:bytes=2113094,ppdus=33,airtime_us=22932;243.75;1.0;214.46153846153845;0.200736;0.999064;W40_NSS1_MCS11:bytes=25092,ppdus=2,airtime_us=936;612.5;1.0;555.3297637795275;7.052688;0.9873;W80_NSS2_MCS7:bytes=881586,ppdus=19,airtime_us=12700;245.0;1.0;236.34839986803036;2.865488;0.987876;W80_NSS2_MCS3:bytes=358186,ppdus=7,airtime_us=12124;219.375;1.0;208.59737717752984;4.262896;0.979564;W20_NSS2_MCS10:bytes=532862,ppdus=17,airtime_us=20436;245.0;1.0;237.49259191512712;10.386976;0.956264;W80_NSS2_MCS3:bytes=1298372,ppdus=22,airtime_us=43736;243.75;1.0;236.42500878117318;10.769632;0.954448;W40_NSS1_MCS11:bytes=1346204,ppdus=24,airtime_us=45552;219.375;1.0;213.73598189590143;10.200336;0.952276;W40_NSS1_MCS10:bytes=1275042,ppdus=25,airtime_us=47724;183.75;1.0;180.0034081226924;5.070336;0.971832;W80_NSS2_MCS2:bytes=633792,ppdus=10,airtime_us=28168;612.5;1.0;565.2145402708481;9.515952;0.983164;W80_NSS2_MCS7:bytes=1189494,ppdus=21,airtime_us=16836;735.0;0.9935028810186894;645.1878199946107;9.577168;0.985156;W20_NSS1_MCS9:bytes=7778,ppdus=1,airtime_us=684|W80_NSS2_MCS8:bytes=1189368,ppdus=20,airtime_us=14160;735.0;1.0;673.0516192900579;19.036592;0.971716;W80_NSS2_MCS8:bytes=2379574,ppdus=39,airtime_us=28284;367.5;1.0;351.5638379605886;9.315330764227642;0.97350316;W80_NSS2_MCS4:bytes=1164416.34552846,ppdus=19,airtime_us=26496.84;91.875;1.0;90.0661487236404;1.622992;0.98198;W80_NSS1_MCS2:bytes=202874,ppdus=7,airtime_us=18020;219.375;1.0;214.16839232683202;10.673296;0.950164;W40_NSS1_MCS10:bytes=1334162,ppdus=25,airtime_us=49836;243.75;1.0;233.10513447432763;1.9068;0.99182;W40_NSS1_MCS11:bytes=238350,ppdus=7,airtime_us=8180;243.75;0.9898928648000122;203.39301839004514;7.388048;0.963676;W20_NSS2_MCS0:bytes=9334,ppdus=1,airtime_us=5172|W40_NSS1_MCS11:bytes=914172,ppdus=20,airtime_us=31152;219.375;1.0;214.19018404907976;3.351648;0.984352;W40_NSS1_MCS10:bytes=418956,ppdus=8,airtime_us=15648;219.375;1.0;214.48242424242423;9.909088;0.9538;W40_NSS1_MCS10:bytes=1238636,ppdus=22,airtime_us=46200;175.5;0.7652725355475279;194.33541955552224;20.741808;0.893268;W40_NSS1_MCS8:bytes=1984142,ppdus=31,airtime_us=92196|W40_NSS2_MCS8:bytes=608584,ppdus=10,airtime_us=14536;122.5;1.0;120.02244039270687;1.369216;0.988592;W80_NSS2_MCS1:bytes=171152,ppdus=4,airtime_us=11408;612.5;1.0;558.6312849162011;6.39968;0.988544;W80_NSS2_MCS7:bytes=799960,ppdus=16,airtime_us=11456;;;;;;;;;;;;;;;;;;;;;;;;;;;;;;
105;1;25;low;-60.0;isolated;ul_dl;su;2;312.17166672;287.4691491508245;189.53362879655202;0.3124944331793066;816.666668;1.0;718.6906232453678;5.119952;0.992876;W80_NSS2_MCS9:bytes=639994,ppdus=13,airtime_us=7124;146.25;1.0;143.33323402353642;7.697568;0.946296;W20_NSS2_MCS7:bytes=962196,ppdus=18,airtime_us=53704;219.375;1.0;212.66729714393796;4.497488;0.978852;W40_NSS1_MCS10:bytes=562186,ppdus=13,airtime_us=21148;490.0;1.0;462.6533665835411;5.194672;0.988772;W80_NSS2_MCS5:bytes=649334,ppdus=11,airtime_us=11228;219.375;0.9938840992696036;203.91378312179916;18.315536;0.91018;W20_NSS1_MCS2:bytes=14002,ppdus=1,airtime_us=5164|W40_NSS1_MCS10:bytes=2275440,ppdus=36,airtime_us=84656;122.5;1.0;120.15528350515464;5.967392;0.950336;W80_NSS2_MCS1:bytes=745924,ppdus=16,airtime_us=49664;490.0;1.0;458.41944194419443;4.074432;0.991112;W80_NSS2_MCS5:bytes=509304,ppdus=10,airtime_us=8888;551.25;1.0;512.5973224255858;17.470961160474307;0.965916792;W80_NSS2_MCS6:bytes=2183870.14505929,ppdus=37,airtime_us=34083.208;245.0;1.0;236.71126246655314;7.78496;0.967112;W80_NSS2_MCS3:bytes=973120,ppdus=18,airtime_us=32888;245.0;1.0;237.71722265321955;19.61072;0.917504;W80_NSS2_MCS3:bytes=2451340,ppdus=40,airtime_us=82496;122.5;1.0;119.15107913669065;2.119936;0.982208;W80_NSS2_MCS1:bytes=264992,ppdus=8,airtime_us=17792;122.5;1.0;119.61472951901163;3.988912;0.966652;W80_NSS2_MCS1:bytes=498614,ppdus=13,airtime_us=33348;245.0;0.7559071588116208;191.84951630240056;2.141808;0.988836;W80_NSS1_MCS3:bytes=65350,ppdus=1,airtime_us=4316|W80_NSS2_MCS3:bytes=202376,ppdus=4,airtime_us=6848;219.375;1.0;214.02287508409958;7.634624;0.964328;W40_NSS1_MCS10:bytes=954328,ppdus=18,airtime_us=35672;219.375;1.0;214.9451313755796;17.800896;0.917184;W40_NSS1_MCS10:bytes=2225112,ppdus=36,airtime_us=82816;551.25;1.0;504.94758228362457;4.970704;0.990156;W80_NSS2_MCS6:bytes=621338,ppdus=13,airtime_us=9844;122.5;1.0;120.0392477514309;3.523392;0.970648;W80_NSS2_MCS1:bytes=440424,ppdus=10,airtime_us=29352;275.625;1.0;257.03986135181975;1.186496;0.995384;W80_NSS1_MCS6:bytes=148312,ppdus=6,airtime_us=4616;612.5;1.0;566.533185020393;12.22352;0.978424;W80_NSS2_MCS7:bytes=1527940,ppdus=26,airtime_us=21576;243.75;1.0;186.90196078431373;0.076256;0.999592;W40_NSS1_MCS11:bytes=9532,ppdus=2,airtime_us=408;117.0;1.0;114.68915277916376;4.5972;0.959916;W40_NSS2_MCS3:bytes=574650,ppdus=13,airtime_us=40084;243.75;1.0;235.72186453772855;3.661232;0.984468;W40_NSS1_MCS11:bytes=457654,ppdus=9,airtime_us=15532;122.5;1.0;120.62479980922753;7.274379636077706;0.939694162;W80_NSS2_MCS1:bytes=909297.454509713,ppdus=16,airtime_us=60305.838;490.0;0.9955508737142149;407.6044297649116;16.78352;0.958824;W20_NSS2_MCS0:bytes=9334,ppdus=1,airtime_us=5172|W80_NSS2_MCS5:bytes=2088606,ppdus=33,airtime_us=36004;551.25;0.9998597232422084;506.18447615732686;5.817072;0.988508;W80_NSS1_MCS6:bytes=102,ppdus=1,airtime_us=60|W80_NSS2_MCS6:bytes=727032,ppdus=14,airtime_us=11432;;;;;;;;;;;;;;;;;;;;;;;;;;;;;;
106;1;25;low;-60.0;ap_only_cochannel;ul;su;0;289.76916672;236.38444767166283;90.66554453744426;-0.05745731867622128;367.5;0.9337188380494778;329.8047611083236;23.662832;0.928252;W40_NSS2_MCS4:bytes=130700,ppdus=2,airtime_us=6088|W80_NSS1_MCS4:bytes=65350,ppdus=1,airtime_us=2892|W80_NSS2_MCS4:bytes=2761804,ppdus=48,airtime_us=62768;816.666668;0.8879992047686459;553.3219535324798;4.667824;0.991564;W40_NSS1_MCS9:bytes=65350,ppdus=1,airtime_us=2732|W80_NSS2_MCS9:bytes=518128,ppdus=10,airtime_us=5704;263.25;1.0;253.74638844301765;6.32336;0.97508;W40_NSS2_MCS6:bytes=790420,ppdus=14,airtime_us=24920;292.5;0.8929870745879284;248.98139946855625;3.3732;0.986452;W40_NSS1_MCS7:bytes=45122,ppdus=1,airtime_us=2524|W40_NSS2_MCS7:bytes=376528,ppdus=12,airtime_us=11024;367.5;1.0;278.2056631892697;0.746704;0.997316;W80_NSS2_MCS4:bytes=93338,ppdus=11,airtime_us=2684;551.25;0.9584429546334753;474.2929532858274;4.792256;0.989896;W20_NSS2_MCS10:bytes=24894,ppdus=1,airtime_us=964|W80_NSS2_MCS6:bytes=574138,ppdus=13,airtime_us=9140;219.375;0.962427971155025;200.53119761594337;4.306608;0.978524;W20_NSS2_MCS6:bytes=20226,ppdus=1,airtime_us=1284|W40_NSS1_MCS10:bytes=518100,ppdus=24,airtime_us=20192;122.5;1.0;112.13927916921197;0.734288;0.993452;W80_NSS2_MCS1:bytes=91786,ppdus=9,airtime_us=6548;131.625;1.0;127.60123929287407;2.800592;0.978052;W40_NSS1_MCS6:bytes=350074,ppdus=13,airtime_us=21948;219.375;1.0;186.99203475742215;1.032944;0.994476;W40_NSS1_MCS10:bytes=129118,ppdus=15,airtime_us=5524;131.625;0.9750052223097071;121.90597453476984;1.991456;0.983664;W20_NSS1_MCS6:bytes=6222,ppdus=1,airtime_us=812|W20_NSS2_MCS6:bytes=242710,ppdus=13,airtime_us=15524;367.5;1.0;172.74074074074073;0.037312;0.999784;W80_NSS1_MCS8:bytes=4664,ppdus=2,airtime_us=216;109.6875;1.0;72.27906976744185;0.012432;0.999828;W20_NSS1_MCS10:bytes=1554,ppdus=1,airtime_us=172;243.75;1.0;215.58285714285714;1.207264;0.9944;W40_NSS1_MCS11:bytes=150908,ppdus=12,airtime_us=5600;122.5;0.9785094148953594;99.94310296072251;2.3154325374442597;0.976832493;W20_NSS1_MCS0:bytes=3110,ppdus=1,airtime_us=3452|W40_NSS2_MCS1:bytes=3110,ppdus=1,airtime_us=484|W80_NSS2_MCS1:bytes=283209.067180532,ppdus=12,airtime_us=19231.507;61.25;0.8447716588781794;56.823521656008964;3.447824;0.939324;W20_NSS2_MCS2:bytes=57566,ppdus=3,airtime_us=10668|W40_NSS1_MCS2:bytes=9334,ppdus=1,airtime_us=1756|W80_NSS1_MCS1:bytes=364078,ppdus=13,airtime_us=48252;735.0;0.7865829045291907;518.3687150837989;4.082672;0.992124;W40_NSS2_MCS8:bytes=108914,ppdus=3,airtime_us=2668|W80_NSS2_MCS8:bytes=401420,ppdus=14,airtime_us=5208;367.5;1.0;335.452763622109;3.42296;0.989796;W80_NSS2_MCS4:bytes=427870,ppdus=15,airtime_us=10204;367.5;0.9893677394651733;323.38971807628525;2.340048;0.992764;W40_NSS1_MCS4:bytes=3110,ppdus=1,airtime_us=332|W80_NSS2_MCS4:bytes=289396,ppdus=10,airtime_us=6904;183.75;1.0;163.32808398950132;0.497824;0.996952;W80_NSS2_MCS2:bytes=62228,ppdus=6,airtime_us=3048;292.5;0.979062630395865;263.6841171251109;2.377376;0.990984;W40_NSS1_MCS7:bytes=6222,ppdus=1,airtime_us=396|W40_NSS2_MCS7:bytes=290950,ppdus=11,airtime_us=8620;183.75;0.7959162257881159;142.63174306205175;1.82968;0.987172;W40_NSS2_MCS2:bytes=46676,ppdus=2,airtime_us=4376|W80_NSS2_MCS2:bytes=182034,ppdus=9,airtime_us=8452;390.0;1.0;346.9418282548476;4.007872;0.988448;W40_NSS2_MCS9:bytes=500984,ppdus=24,airtime_us=11552;219.375;0.9256624403650106;220.79568002009293;7.032784;0.968148;W40_NSS1_MCS10:bytes=813748,ppdus=20,airtime_us=30656|W80_NSS1_MCS10:bytes=65350,ppdus=1,airtime_us=1196;117.0;0.8281744892324683;90.12640589230617;3.622;0.959812;W40_NSS1_MCS3:bytes=59124,ppdus=2,airtime_us=8200|W40_NSS2_MCS0:bytes=18670,ppdus=1,airtime_us=5172|W40_NSS2_MCS3:bytes=374956,ppdus=20,airtime_us=26816;;;;;;;;;;;;;;;;;;;;;;;;;;;;;;
106;1;25;low;-60.0;ap_only_cochannel;ul;su;1;312.74416672;259.0906873781827;92.407712;0.38838969297606973;121.875;0.9290529904137399;122.54506751812679;7.36888;0.939868;W20_NSS1_MCS11:bytes=855760,ppdus=20,airtime_us=57232|W80_NSS2_MCS2:bytes=65350,ppdus=1,airtime_us=2900;490.0;0.933036072949305;403.84241019698726;2.788128;0.993096;W40_NSS2_MCS5:bytes=23338,ppdus=1,airtime_us=852|W80_NSS2_MCS5:bytes=325178,ppdus=13,airtime_us=6052;490.0;1.0;454.7958182206102;8.526512;0.981252;W80_NSS2_MCS5:bytes=1065814,ppdus=23,airtime_us=18748;816.666668;1.0;702.2300884955753;5.713344;0.991864;W80_NSS2_MCS9:bytes=714168,ppdus=18,airtime_us=8136;243.75;0.8658614013497731;135.0378406985975;2.041232;0.984884;W20_NSS1_MCS0:bytes=4666,ppdus=1,airtime_us=5164|W20_NSS1_MCS11:bytes=20226,ppdus=1,airtime_us=1372|W20_NSS2_MCS5:bytes=9334,ppdus=1,airtime_us=692|W40_NSS1_MCS11:bytes=220928,ppdus=12,airtime_us=7888;146.25;0.7925291617108203;144.86304809735367;5.999648;0.958584;W20_NSS1_MCS9:bytes=34230,ppdus=1,airtime_us=2860|W20_NSS2_MCS7:bytes=65350,ppdus=1,airtime_us=3636|W40_NSS1_MCS7:bytes=594362,ppdus=15,airtime_us=33332|W40_NSS2_MCS7:bytes=56014,ppdus=1,airtime_us=1588;117.0;0.5545063540993993;127.59113874854256;2.626336;0.979416;W20_NSS1_MCS8:bytes=40454,ppdus=1,airtime_us=3740|W20_NSS2_MCS8:bytes=23338,ppdus=1,airtime_us=1124|W40_NSS2_MCS3:bytes=182040,ppdus=6,airtime_us=12792|W80_NSS2_MCS3:bytes=82460,ppdus=4,airtime_us=2928;109.6875;1.0;105.02389751170239;1.705168;0.983764;W20_NSS1_MCS10:bytes=213146,ppdus=13,airtime_us=16236;245.0;0.8833315479378683;166.69642857142858;1.4936;0.99104;W40_NSS1_MCS3:bytes=21782,ppdus=1,airtime_us=3036|W80_NSS2_MCS3:bytes=164918,ppdus=9,airtime_us=5924;243.75;1.0;209.10267579340385;1.344112;0.993572;W40_NSS1_MCS11:bytes=168014,ppdus=17,airtime_us=6428;219.375;0.8068675210610232;194.015520470966;2.900144;0.985052;W20_NSS1_MCS10:bytes=26450,ppdus=1,airtime_us=1980|W20_NSS2_MCS10:bytes=43564,ppdus=2,airtime_us=1704|W40_NSS1_MCS10:bytes=292504,ppdus=12,airtime_us=11264;183.75;0.9701644313973791;155.11607142857142;1.667808;0.989248;W20_NSS1_MCS3:bytes=3110,ppdus=1,airtime_us=908|W40_NSS2_MCS2:bytes=3110,ppdus=1,airtime_us=340|W80_NSS2_MCS2:bytes=202256,ppdus=12,airtime_us=9504;306.25;0.8984268992304691;278.7302068666739;10.294064;0.963068;W20_NSS2_MCS7:bytes=65350,ppdus=1,airtime_us=3636|W40_NSS2_MCS7:bytes=65350,ppdus=1,airtime_us=1844|W80_NSS1_MCS7:bytes=1156058,ppdus=25,airtime_us=31452;735.0;1.0;578.1891891891892;1.369152;0.997632;W80_NSS2_MCS8:bytes=171144,ppdus=8,airtime_us=2368;735.0;0.7172102432265848;509.9341840161182;3.037168;0.994044;W40_NSS2_MCS8:bytes=107360,ppdus=2,airtime_us=2568|W80_NSS2_MCS8:bytes=272286,ppdus=7,airtime_us=3388;175.5;0.9026544645853359;155.281077500552;2.813072;0.981884;W40_NSS2_MCS4:bytes=317404,ppdus=10,airtime_us=15080|W80_NSS1_MCS2:bytes=34230,ppdus=1,airtime_us=3036;183.75;0.9596779042212874;171.66687427707092;7.717456;0.955044;W40_NSS2_MCS2:bytes=38898,ppdus=1,airtime_us=3604|W80_NSS2_MCS2:bytes=925784,ppdus=18,airtime_us=41352;243.75;0.8879120382403128;206.45785943423738;5.663552;0.972568;W20_NSS1_MCS10:bytes=79352,ppdus=2,airtime_us=5896|W40_NSS1_MCS11:bytes=628592,ppdus=16,airtime_us=21536;243.75;0.9816594916553636;205.91378263509412;1.35656;0.993412;W20_NSS1_MCS11:bytes=3110,ppdus=1,airtime_us=252|W40_NSS1_MCS11:bytes=166460,ppdus=16,airtime_us=6336;243.75;0.7391109868604976;172.3855421686747;0.28616;0.99834;W20_NSS2_MCS11:bytes=9332,ppdus=2,airtime_us=424|W40_NSS1_MCS11:bytes=26438,ppdus=7,airtime_us=1236;219.375;0.6834008270660582;190.68845760980594;0.746736;0.996084;W20_NSS2_MCS10:bytes=29552,ppdus=6,airtime_us=1432|W40_NSS1_MCS10:bytes=63790,ppdus=3,airtime_us=2484;219.375;0.9265416774547283;210.20970065631502;5.25272;0.975012;W20_NSS2_MCS10:bytes=38898,ppdus=1,airtime_us=1476|W20_NSS2_MCS11:bytes=9334,ppdus=1,airtime_us=372|W40_NSS1_MCS10:bytes=608358,ppdus=19,airtime_us=23140;351.0;0.6554775649692937;238.41065171688857;4.082544;0.982876;W40_NSS1_MCS8:bytes=175816,ppdus=6,airtime_us=8312|W40_NSS2_MCS8:bytes=334502,ppdus=19,airtime_us=8812;122.5;0.7361259910006428;88.19527559055118;0.896064;0.98984;W40_NSS2_MCS1:bytes=29556,ppdus=4,airtime_us=4288|W80_NSS2_MCS1:bytes=82452,ppdus=8,airtime_us=5872;612.5;1.0;550.3443770415306;4.717552;0.991428;W80_NSS2_MCS7:bytes=589694,ppdus=15,airtime_us=8572;;;;;;;;;;;;;;;;;;;;;;;;;;;;;;
106;1;25;low;-60.0;ap_only_cochannel;ul;su;2;223.65833336;184.40511495317105;68.31506671466667;0.5434849007759917;408.333334;1.0;371.90845518118243;2.340048;0.993708;W80_NSS1_MCS9:bytes=292506,ppdus=11,airtime_us=6292;61.25;0.571443876457804;62.764649375600385;1.045408;0.983344;W20_NSS1_MCS7:bytes=56002,ppdus=7,airtime_us=6484|W80_NSS2_MCS0:bytes=74674,ppdus=7,airtime_us=10172;219.375;1.0;203.20612914994527;2.227952;0.989036;W40_NSS1_MCS10:bytes=278494,ppdus=15,airtime_us=10964;234.0;0.8220286823858778;224.37763519706692;2.937552;0.986908;W40_NSS2_MCS5:bytes=301844,ppdus=10,airtime_us=10904|W80_NSS1_MCS5:bytes=65350,ppdus=1,airtime_us=2188;219.375;0.9760073222402764;201.11271975180972;1.555808;0.992264;W20_NSS2_MCS10:bytes=4666,ppdus=1,airtime_us=228|W40_NSS1_MCS10:bytes=189810,ppdus=11,airtime_us=7508;122.5;0.8068524473312216;92.4806962318304;3.995536;0.956796;W20_NSS2_MCS2:bytes=59124,ppdus=2,airtime_us=10888|W40_NSS2_MCS1:bytes=37342,ppdus=1,airtime_us=5172|W80_NSS2_MCS1:bytes=402976,ppdus=14,airtime_us=27144;117.0;0.8275884996204587;123.63829422846378;2.887696;0.976644;W40_NSS1_MCS5:bytes=298728,ppdus=12,airtime_us=21040|W40_NSS2_MCS5:bytes=62234,ppdus=3,airtime_us=2316;551.25;0.9743619926546756;452.8358208955224;3.39808;0.992496;W40_NSS1_MCS6:bytes=10890,ppdus=1,airtime_us=716|W80_NSS2_MCS6:bytes=413870,ppdus=13,airtime_us=6788;122.5;0.6533230492351202;132.70969576343475;1.86696;0.985932;W20_NSS2_MCS9:bytes=80904,ppdus=4,airtime_us=3536|W80_NSS1_MCS3:bytes=152466,ppdus=11,airtime_us=10532;245.0;0.847457196288832;190.28156849196753;4.40616;0.976844;W20_NSS1_MCS9:bytes=38898,ppdus=1,airtime_us=3244|W40_NSS2_MCS3:bytes=45118,ppdus=3,airtime_us=3260|W80_NSS2_MCS3:bytes=466754,ppdus=23,airtime_us=16652;61.25;0.6477542246316613;57.60843160060502;0.6532107146666667;0.988661196;W40_NSS2_MCS1:bytes=28761.3393333333,ppdus=1,airtime_us=4054.804|W80_NSS1_MCS1:bytes=52890,ppdus=7,airtime_us=7284;97.5;0.8333174610732822;99.06132075471699;0.672032;0.993216;W20_NSS1_MCS9:bytes=70002,ppdus=9,airtime_us=6156|W20_NSS2_MCS9:bytes=14002,ppdus=1,airtime_us=628;117.0;0.47041955701594257;110.48067226890757;4.207104;0.96192;W20_NSS1_MCS10:bytes=245828,ppdus=10,airtime_us=18456|W40_NSS2_MCS3:bytes=247388,ppdus=8,airtime_us=17392|W80_NSS1_MCS3:bytes=32672,ppdus=2,airtime_us=2232;219.375;0.9565430028645288;126.05019815059445;1.14504;0.990916;W20_NSS1_MCS0:bytes=3110,ppdus=1,airtime_us=3452|W20_NSS2_MCS9:bytes=3110,ppdus=1,airtime_us=180|W40_NSS1_MCS10:bytes=136910,ppdus=9,airtime_us=5452;219.375;0.894258774552826;196.12033511043413;4.120096;0.978992;W20_NSS1_MCS11:bytes=54458,ppdus=1,airtime_us=3628|W40_NSS1_MCS10:bytes=460554,ppdus=11,airtime_us=17380;551.25;0.9543739430492967;278.36462585034013;3.273568;0.98824;W20_NSS2_MCS1:bytes=18670,ppdus=1,airtime_us=5172|W80_NSS2_MCS6:bytes=390526,ppdus=15,airtime_us=6588;122.5;1.0;118.80933039340837;4.09512;0.965532;W80_NSS2_MCS1:bytes=511890,ppdus=17,airtime_us=34468;551.25;0.8502664729792275;386.745237040319;6.983072;0.981944;W20_NSS1_MCS11:bytes=65350,ppdus=1,airtime_us=4348|W40_NSS2_MCS6:bytes=65350,ppdus=1,airtime_us=2052|W80_NSS2_MCS6:bytes=742184,ppdus=14,airtime_us=11656;306.25;0.9320402890627926;247.47799227799229;1.281936;0.99482;W40_NSS1_MCS7:bytes=10890,ppdus=1,airtime_us=652|W80_NSS1_MCS7:bytes=149352,ppdus=12,airtime_us=4528;243.75;1.0;208.91766586730614;1.045424;0.994996;W40_NSS1_MCS11:bytes=130678,ppdus=13,airtime_us=5004;122.5;1.0;116.96435515230071;0.721904;0.993828;W80_NSS1_MCS3:bytes=90238,ppdus=5,airtime_us=6172;243.75;0.7591330026541171;213.28885346692473;7.493264;0.964868;W20_NSS2_MCS8:bytes=225610,ppdus=5,airtime_us=10596|W40_NSS1_MCS11:bytes=711048,ppdus=22,airtime_us=24536;58.5;1.0;54.87652645861601;0.323552;0.994104;W40_NSS2_MCS1:bytes=40444,ppdus=6,airtime_us=5896;245.0;1.0;205.46415094339622;0.435584;0.99788;W80_NSS1_MCS5:bytes=54448,ppdus=6,airtime_us=2120;131.625;0.6937743130833218;134.5825142265908;5.20296;0.96134;W20_NSS2_MCS6:bytes=451210,ppdus=15,airtime_us=28316|W40_NSS1_MCS6:bytes=133810,ppdus=3,airtime_us=8292|W40_NSS2_MCS6:bytes=65350,ppdus=1,airtime_us=2052;;;;;;;;;;;;;;;;;;;;;;;;;;;;;;
107;1;25;low;-60.0;ap_only_cochannel;dl;su;0;294.99833336;65.40319799333653;1.297664;-1724.6170212765958;367.5;1.0;124.54700854700855;0.058288;0.999532;W80_NSS2_MCS4:bytes=7286,ppdus=5,airtime_us=468;408.333334;0.8990421455938697;79.0909090909091;0.08352;0.998944;W20_NSS1_MCS4:bytes=1054,ppdus=1,airtime_us=252|W80_NSS1_MCS9:bytes=9386,ppdus=11,airtime_us=804;551.25;0.7071428571428572;140.0;0.13888;0.999008;W20_NSS2_MCS6:bytes=5084,ppdus=2,airtime_us=424|W80_NSS2_MCS6:bytes=12276,ppdus=6,airtime_us=568;73.125;1.0;12.533333333333333;0.002256;0.99982;W20_NSS1_MCS7:bytes=282,ppdus=3,airtime_us=180;367.5;0.8180092215893681;75.63076923076923;0.058992;0.99922;W40_NSS1_MCS4:bytes=1342,ppdus=1,airtime_us=172|W80_NSS2_MCS4:bytes=6032,ppdus=8,airtime_us=608;551.25;1.0;11.058823529411764;0.000752;0.999932;W80_NSS2_MCS6:bytes=94,ppdus=1,airtime_us=68;219.375;1.0;11.058823529411764;0.001504;0.999864;W20_NSS2_MCS10:bytes=188,ppdus=2,airtime_us=136;122.5;1.0;56.144578313253014;0.05592;0.999004;W80_NSS2_MCS1:bytes=6990,ppdus=9,airtime_us=996;122.5;1.0;51.93798449612403;0.0268;0.999484;W80_NSS2_MCS1:bytes=3350,ppdus=5,airtime_us=516;219.375;1.0;80.63157894736842;0.036768;0.999544;W40_NSS1_MCS10:bytes=4596,ppdus=6,airtime_us=456;551.25;0.8714805592798315;93.65022421524664;0.083536;0.999108;W40_NSS2_MCS6:bytes=1342,ppdus=1,airtime_us=100|W80_NSS2_MCS6:bytes=9100,ppdus=10,airtime_us=792;367.5;1.0;135.17948717948718;0.084352;0.999376;W80_NSS1_MCS8:bytes=10544,ppdus=8,airtime_us=624;551.25;0.5929436979638941;122.22670025188917;0.194096;0.998412;W20_NSS1_MCS10:bytes=2110,ppdus=1,airtime_us=204|W40_NSS1_MCS6:bytes=7766,ppdus=5,airtime_us=748|W80_NSS2_MCS6:bytes=14386,ppdus=7,airtime_us=636;243.75;1.0;12.533333333333333;0.000752;0.99994;W40_NSS1_MCS11:bytes=94,ppdus=1,airtime_us=60;58.5;0.6618669314796425;33.01639344262295;0.16112;0.99512;W20_NSS1_MCS1:bytes=2206,ppdus=1,airtime_us=1260|W20_NSS2_MCS1:bytes=4604,ppdus=2,airtime_us=1384|W40_NSS2_MCS1:bytes=13330,ppdus=7,airtime_us=2236;122.5;1.0;38.507462686567166;0.02064;0.999464;W80_NSS2_MCS1:bytes=2580,ppdus=6,airtime_us=536;367.5;1.0;98.37837837837837;0.05824;0.999408;W80_NSS1_MCS8:bytes=7280,ppdus=8,airtime_us=592;183.75;1.0;74.95652173913044;0.006896;0.999908;W80_NSS1_MCS4:bytes=862,ppdus=1,airtime_us=92;367.5;1.0;93.52380952380952;0.031424;0.999664;W80_NSS2_MCS4:bytes=3928,ppdus=4,airtime_us=336;183.75;1.0;52.0;0.019136;0.999632;W80_NSS2_MCS2:bytes=2392,ppdus=4,airtime_us=368;612.5;0.48801631820499747;62.752;0.031376;0.9995;W40_NSS1_MCS7:bytes=1434,ppdus=3,airtime_us=228|W40_NSS2_MCS7:bytes=574,ppdus=1,airtime_us=68|W80_NSS2_MCS7:bytes=1914,ppdus=3,airtime_us=204;91.875;1.0;20.0;0.00304;0.999848;W80_NSS1_MCS2:bytes=380,ppdus=2,airtime_us=152;390.0;1.0;56.8;0.037488;0.99934;W40_NSS2_MCS9:bytes=4686,ppdus=9,airtime_us=660;219.375;1.0;59.68;0.02984;0.9995;W40_NSS1_MCS10:bytes=3730,ppdus=7,airtime_us=500;61.25;0.8829669109482567;39.24183006535948;0.072048;0.998164;W20_NSS1_MCS3:bytes=1054,ppdus=1,airtime_us=348|W80_NSS2_MCS0:bytes=7952,ppdus=8,airtime_us=1488;;;;;;;;;;;;;;;;;;;;;;;;;;;;;;
107;1;25;low;-60.0;ap_only_cochannel;dl;su;1;270.24833336;61.903595093151594;1.298528;0.8968839699953935;91.875;1.0;34.72727272727273;0.012224;0.999648;W80_NSS1_MCS2:bytes=1528,ppdus=4,airtime_us=352;117.0;0.46537109778788505;63.85478547854785;0.077392;0.998788;W20_NSS2_MCS5:bytes=2682,ppdus=3,airtime_us=364|W40_NSS1_MCS5:bytes=4502,ppdus=5,airtime_us=588|W40_NSS2_MCS5:bytes=1628,ppdus=2,airtime_us=184|W80_NSS1_MCS5:bytes=862,ppdus=1,airtime_us=76;490.0;1.0;31.764705882352942;0.01296;0.999592;W80_NSS2_MCS5:bytes=1620,ppdus=6,airtime_us=408;408.333334;1.0;115.69811320754717;0.024528;0.999788;W80_NSS1_MCS9:bytes=3066,ppdus=3,airtime_us=212;243.75;0.8684065934065934;88.78048780487805;0.05824;0.999344;W20_NSS1_MCS11:bytes=958,ppdus=1,airtime_us=108|W40_NSS1_MCS11:bytes=6322,ppdus=7,airtime_us=548;612.5;1.0;103.17159763313609;0.069744;0.999324;W80_NSS2_MCS7:bytes=8718,ppdus=9,airtime_us=676;117.0;1.0;31.80952380952381;0.016032;0.999496;W40_NSS2_MCS3:bytes=2004,ppdus=6,airtime_us=504;29.25;0.8047034764826176;18.62857142857143;0.031296;0.99832;W20_NSS1_MCS10:bytes=382,ppdus=1,airtime_us=76|W40_NSS2_MCS0:bytes=3148,ppdus=10,airtime_us=1448|W80_NSS1_MCS0:bytes=382,ppdus=1,airtime_us=156;58.5;0.7777777777777778;30.56;0.027504;0.9991;W40_NSS1_MCS3:bytes=2674,ppdus=7,airtime_us=724|W40_NSS2_MCS3:bytes=478,ppdus=1,airtime_us=100|W80_NSS1_MCS3:bytes=286,ppdus=1,airtime_us=76;243.75;0.8657666836474783;85.34782608695652;0.062816;0.999264;W40_NSS1_MCS11:bytes=6798,ppdus=9,airtime_us=668|W80_NSS2_MCS11:bytes=1054,ppdus=1,airtime_us=68;219.375;0.6344858554108667;74.23333333333333;0.071264;0.99904;W20_NSS1_MCS10:bytes=2490,ppdus=3,airtime_us=340|W20_NSS2_MCS10:bytes=766,ppdus=1,airtime_us=84|W40_NSS1_MCS10:bytes=5652,ppdus=6,airtime_us=536;183.75;1.0;17.51260504201681;0.008336;0.999524;W80_NSS2_MCS2:bytes=1042,ppdus=7,airtime_us=476;292.5;1.0;11.058823529411764;0.001504;0.999864;W40_NSS2_MCS7:bytes=188,ppdus=2,airtime_us=136;735.0;0.8709150326797386;166.464;0.166464;0.999;W40_NSS1_MCS8:bytes=2686,ppdus=1,airtime_us=172|W80_NSS2_MCS8:bytes=18122,ppdus=11,airtime_us=828;735.0;0.9884492504300811;87.97837837837838;0.065104;0.99926;W80_NSS1_MCS8:bytes=94,ppdus=1,airtime_us=60|W80_NSS2_MCS8:bytes=8044,ppdus=10,airtime_us=680;87.75;0.7623423029242324;72.26877470355731;0.219408;0.996964;W40_NSS1_MCS4:bytes=20908,ppdus=10,airtime_us=2440|W40_NSS2_MCS4:bytes=6518,ppdus=5,airtime_us=596;183.75;1.0;66.83333333333333;0.051328;0.999232;W80_NSS2_MCS2:bytes=6416,ppdus=8,airtime_us=768;219.375;1.0;96.8695652173913;0.071296;0.999264;W40_NSS1_MCS10:bytes=8912,ppdus=8,airtime_us=736;243.75;1.0;97.24137931034483;0.07896;0.999188;W40_NSS1_MCS11:bytes=9870,ppdus=9,airtime_us=812;243.75;1.0;54.59047619047619;0.022928;0.99958;W40_NSS1_MCS11:bytes=2866,ppdus=7,airtime_us=420;219.375;0.625;11.569230769230769;0.006016;0.99948;W20_NSS2_MCS10:bytes=470,ppdus=5,airtime_us=340|W80_NSS1_MCS10:bytes=282,ppdus=3,airtime_us=180;219.375;1.0;17.51260504201681;0.008336;0.999524;W20_NSS2_MCS10:bytes=1042,ppdus=7,airtime_us=476;87.75;1.0;48.433734939759034;0.03216;0.999336;W20_NSS1_MCS8:bytes=4020,ppdus=6,airtime_us=664;61.25;0.8604368932038835;37.11711711711712;0.06592;0.998224;W20_NSS1_MCS2:bytes=1150,ppdus=1,airtime_us=476|W80_NSS1_MCS1:bytes=7090,ppdus=7,airtime_us=1300;612.5;0.7084421235857267;83.56363636363636;0.036768;0.99956;W40_NSS2_MCS7:bytes=1340,ppdus=2,airtime_us=168|W80_NSS2_MCS7:bytes=3256,ppdus=4,airtime_us=272;;;;;;;;;;;;;;;;;;;;;;;;;;;;;;
107;1;25;low;-60.0;ap_only_cochannel;dl;su;2;228.18836808333333;71.44184991014035;1.379712;0.3395928745385758;408.333334;1.0;12.533333333333333;0.003008;0.99976;W80_NSS1_MCS9:bytes=376,ppdus=4,airtime_us=240;73.125;1.0;43.14754098360656;0.042112;0.999024;W20_NSS1_MCS7:bytes=5264,ppdus=8,airtime_us=976;109.6875;0.8130718954248366;47.07692307692308;0.01224;0.99974;W20_NSS1_MCS10:bytes=1244,ppdus=2,airtime_us=200|W40_NSS1_MCS10:bytes=286,ppdus=1,airtime_us=60;234.0;1.0;74.23923444976077;0.062064;0.999164;W40_NSS2_MCS5:bytes=7758,ppdus=9,airtime_us=836;219.375;0.6862344037635508;90.95813953488373;0.078224;0.99914;W20_NSS1_MCS10:bytes=3068,ppdus=2,airtime_us=328|W20_NSS2_MCS10:bytes=6710,ppdus=5,airtime_us=532;58.5;0.6666666666666666;7.726027397260274;0.002256;0.999708;W20_NSS1_MCS0:bytes=94,ppdus=1,airtime_us=156|W40_NSS2_MCS1:bytes=188,ppdus=2,airtime_us=136;117.0;0.4599332220367279;74.10309278350516;0.115008;0.998448;W20_NSS1_MCS2:bytes=94,ppdus=1,airtime_us=92|W20_NSS2_MCS5:bytes=4984,ppdus=4,airtime_us=576|W40_NSS1_MCS5:bytes=6612,ppdus=6,airtime_us=744|W80_NSS1_MCS5:bytes=2686,ppdus=1,airtime_us=140;551.25;1.0;157.32642487046633;0.121456;0.999228;W80_NSS2_MCS6:bytes=15182,ppdus=9,airtime_us=772;;;;0.0;;;117.0;0.6238114923522117;59.36196319018405;0.077408;0.998696;W40_NSS1_MCS3:bytes=1246,ppdus=1,airtime_us=220|W40_NSS2_MCS3:bytes=6036,ppdus=6,airtime_us=776|W80_NSS1_MCS3:bytes=2394,ppdus=3,airtime_us=308;122.5;1.0;43.295597484276726;0.027536;0.999364;W80_NSS2_MCS1:bytes=3442,ppdus=7,airtime_us=636;122.5;0.919501515661839;59.08457711442786;0.047504;0.999196;W20_NSS1_MCS9:bytes=478,ppdus=1,airtime_us=92|W80_NSS2_MCS1:bytes=5460,ppdus=6,airtime_us=712;58.5;0.6;66.64652567975831;0.08824;0.998676;W40_NSS1_MCS3:bytes=6618,ppdus=3,airtime_us=1060|W80_NSS2_MCS3:bytes=4412,ppdus=2,airtime_us=264;219.375;0.8612417118746233;112.47457627118644;0.13272;0.99882;W20_NSS1_MCS10:bytes=2302,ppdus=1,airtime_us=220|W40_NSS1_MCS10:bytes=14288,ppdus=8,airtime_us=960;219.375;1.0;25.333333333333332;0.0152;0.9994;W40_NSS1_MCS10:bytes=1900,ppdus=10,airtime_us=600;551.25;1.0;65.27058823529411;0.022192;0.99966;W80_NSS2_MCS6:bytes=2774,ppdus=5,airtime_us=340;58.5;0.8570359281437125;23.857142857142858;0.021376;0.999104;W20_NSS2_MCS1:bytes=382,ppdus=1,airtime_us=164|W40_NSS2_MCS1:bytes=2290,ppdus=7,airtime_us=732;263.25;1.0;46.44444444444444;0.026752;0.999424;W40_NSS2_MCS6:bytes=3344,ppdus=8,airtime_us=576;612.5;1.0;219.25;0.168384;0.999232;W80_NSS2_MCS7:bytes=21048,ppdus=8,airtime_us=768;243.75;1.0;107.06306306306307;0.047536;0.999556;W40_NSS1_MCS11:bytes=5942,ppdus=5,airtime_us=444;61.25;1.0;26.44102564102564;0.020624;0.99922;W80_NSS2_MCS0:bytes=2578,ppdus=7,airtime_us=780;243.75;0.8946455418064069;129.5430711610487;0.138352;0.998932;W20_NSS1_MCS11:bytes=1822,ppdus=1,airtime_us=172|W40_NSS1_MCS11:bytes=15472,ppdus=8,airtime_us=896;58.5;0.9741474147414741;44.34146341463415;0.029088;0.999344;W20_NSS1_MCS1:bytes=94,ppdus=1,airtime_us=108|W40_NSS2_MCS1:bytes=3542,ppdus=1,airtime_us=548;490.0;1.0;109.52380952380952;0.0092;0.999916;W80_NSS2_MCS5:bytes=1150,ppdus=1,airtime_us=84;263.25;0.8924079065588499;69.5625;0.071232;0.998976;W20_NSS2_MCS6:bytes=958,ppdus=1,airtime_us=116|W40_NSS2_MCS6:bytes=7946,ppdus=11,airtime_us=908;;;;;;;;;;;;;;;;;;;;;;;;;;;;;;
108;1;25;low;-60.0;ap_only_cochannel;ul_dl;su;0;179.63541666666666;160.92889786231373;14.44728;0.6481061673344408;87.75;0.657923092464139;104.57042253521126;0.475168;0.995456;W40_NSS1_MCS4:bytes=39078,ppdus=7,airtime_us=3908|W80_NSS2_MCS4:bytes=20318,ppdus=3,airtime_us=636;97.5;0.6831514985692625;111.77699904428162;1.403472;0.987444;W20_NSS1_MCS9:bytes=119848,ppdus=6,airtime_us=10120|W40_NSS1_MCS9:bytes=55586,ppdus=3,airtime_us=2436;551.25;1.0;493.3868613138686;1.081504;0.997808;W80_NSS2_MCS6:bytes=135188,ppdus=4,airtime_us=2192;29.25;0.9106588478785789;25.337217771303713;0.139152;0.994508;W20_NSS2_MCS0:bytes=1554,ppdus=1,airtime_us=916|W40_NSS2_MCS0:bytes=15840,ppdus=4,airtime_us=4576;175.5;1.0;140.04671532846714;0.383728;0.99726;W40_NSS2_MCS4:bytes=47966,ppdus=9,airtime_us=2740;263.25;1.0;235.26919967663702;1.164112;0.995052;W40_NSS2_MCS6:bytes=145514,ppdus=9,airtime_us=4948;219.375;1.0;187.34056399132322;0.690912;0.996312;W40_NSS1_MCS10:bytes=86364,ppdus=10,airtime_us=3688;122.5;1.0;106.39229843561974;0.353648;0.996676;W80_NSS2_MCS1:bytes=44206,ppdus=7,airtime_us=3324;58.5;1.0;53.52310536044362;0.231648;0.995672;W40_NSS2_MCS1:bytes=28956,ppdus=6,airtime_us=4328;219.375;1.0;178.23041474654377;0.154704;0.999132;W40_NSS1_MCS10:bytes=19338,ppdus=3,airtime_us=868;131.625;0.45856106083684256;75.03193277310925;0.535728;0.99286;W20_NSS1_MCS4:bytes=11274,ppdus=1,airtime_us=2108|W20_NSS1_MCS6:bytes=20318,ppdus=3,airtime_us=2628|W20_NSS2_MCS6:bytes=4666,ppdus=1,airtime_us=340|W40_NSS1_MCS6:bytes=30708,ppdus=4,airtime_us=2064;367.5;0.7637651995204658;353.8787878787879;0.747392;0.997888;W80_NSS1_MCS8:bytes=71354,ppdus=5,airtime_us=1804|W80_NSS2_MCS8:bytes=22070,ppdus=1,airtime_us=308;551.25;1.0;500.0388619014573;2.882224;0.994236;W80_NSS2_MCS6:bytes=360278,ppdus=9,airtime_us=5764;121.875;1.0;113.66153846153846;0.265968;0.99766;W20_NSS1_MCS11:bytes=33246,ppdus=3,airtime_us=2340;58.5;0.5576249824954488;51.09838998211091;0.114256;0.997764;W20_NSS1_MCS5:bytes=6318,ppdus=1,airtime_us=924|W40_NSS2_MCS1:bytes=7964,ppdus=4,airtime_us=1312;29.25;0.47363426867290226;37.02383939774153;0.236064;0.993624;W20_NSS2_MCS1:bytes=13976,ppdus=4,airtime_us=4048|W40_NSS2_MCS1:bytes=10098,ppdus=3,airtime_us=1564|W80_NSS1_MCS1:bytes=5434,ppdus=1,airtime_us=764;175.5;0.44871851233129645;200.85651214128035;0.363952;0.998188;W40_NSS1_MCS8:bytes=20414,ppdus=3,airtime_us=1092|W40_NSS2_MCS8:bytes=9430,ppdus=1,airtime_us=276|W80_NSS1_MCS8:bytes=9332,ppdus=2,airtime_us=312|W80_NSS2_MCS8:bytes=6318,ppdus=1,airtime_us=132;175.5;1.0;151.04;0.392704;0.9974;W40_NSS2_MCS4:bytes=49088,ppdus=6,airtime_us=2600;183.75;1.0;161.53271028037383;0.138272;0.999144;W80_NSS1_MCS4:bytes=17284,ppdus=2,airtime_us=856;87.75;1.0;81.17512508934954;0.454256;0.994404;W40_NSS2_MCS2:bytes=56782,ppdus=7,airtime_us=5596;146.25;0.6915374794820354;141.13256113256114;0.87728;0.993784;W20_NSS2_MCS7:bytes=33826,ppdus=1,airtime_us=1908|W40_NSS1_MCS7:bytes=75834,ppdus=3,airtime_us=4308;43.875;0.35955404149891607;37.43768115942029;0.051664;0.99862;W20_NSS2_MCS2:bytes=2322,ppdus=1,airtime_us=484|W40_NSS1_MCS2:bytes=2006,ppdus=5,airtime_us=636|W40_NSS2_MCS2:bytes=2130,ppdus=1,airtime_us=260;195.0;1.0;127.7433962264151;0.135408;0.99894;W40_NSS1_MCS9:bytes=16926,ppdus=7,airtime_us=1060;219.375;1.0;194.76841406768415;1.174064;0.993972;W40_NSS1_MCS10:bytes=146758,ppdus=13,airtime_us=6028;;;;0.0;;;;;;;;;;;;;;;;;;;;;;;;;;;;;;;;
108;1;25;low;-60.0;ap_only_cochannel;ul_dl;su;1;238.57552091666668;141.27506328808212;12.047984;0.8290270262538092;91.875;1.0;76.96774193548387;0.19088;0.99752;W80_NSS1_MCS2:bytes=23860,ppdus=8,airtime_us=2480;117.0;0.5750097162844928;152.47407407407408;0.658688;0.99568;W20_NSS2_MCS5:bytes=47344,ppdus=4,airtime_us=3488|W80_NSS2_MCS5:bytes=34992,ppdus=4,airtime_us=832;234.0;1.0;132.5020920502092;0.126672;0.999044;W40_NSS2_MCS5:bytes=15834,ppdus=7,airtime_us=956;816.666668;0.9095326919301001;288.9645390070922;0.325952;0.998872;W20_NSS1_MCS9:bytes=3686,ppdus=1,airtime_us=348|W80_NSS2_MCS9:bytes=37058,ppdus=7,airtime_us=780;243.75;0.9392839014485963;202.05917159763314;0.409776;0.997972;W20_NSS1_MCS11:bytes=3110,ppdus=1,airtime_us=252|W40_NSS1_MCS11:bytes=48112,ppdus=4,airtime_us=1776;146.25;0.9093410754859884;127.7741935483871;0.63376;0.99504;W20_NSS1_MCS9:bytes=7182,ppdus=1,airtime_us=636|W40_NSS1_MCS7:bytes=72038,ppdus=7,airtime_us=4324;58.5;0.5296606721458215;68.17753120665742;0.196624;0.997116;W20_NSS2_MCS3:bytes=13018,ppdus=3,airtime_us=1964|W40_NSS2_MCS3:bytes=11560,ppdus=2,airtime_us=920;109.6875;0.7990008182953615;46.00099058940069;0.371504;0.991924;W20_NSS1_MCS10:bytes=37104,ppdus=4,airtime_us=2912|W40_NSS1_MCS0:bytes=9334,ppdus=1,airtime_us=5164;245.0;1.0;112.41379310344827;0.01304;0.999884;W80_NSS2_MCS3:bytes=1630,ppdus=1,airtime_us=116;243.75;1.0;143.01075268817203;0.1064;0.999256;W40_NSS1_MCS11:bytes=13300,ppdus=6,airtime_us=744;219.375;1.0;187.20406091370558;0.737584;0.99606;W40_NSS1_MCS10:bytes=92198,ppdus=11,airtime_us=3940;87.75;0.8572970530649129;63.48685258964144;0.637408;0.98996;W20_NSS1_MCS3:bytes=11370,ppdus=1,airtime_us=3164|W40_NSS2_MCS2:bytes=68306,ppdus=11,airtime_us=6876;146.25;0.41968951736858284;157.72121212121212;0.624576;0.99604;W20_NSS2_MCS7:bytes=17208,ppdus=2,airtime_us=1064|W40_NSS1_MCS7:bytes=32766,ppdus=3,airtime_us=1956|W40_NSS2_MCS7:bytes=28098,ppdus=3,airtime_us=940;351.0;1.0;325.9304703476483;1.91256;0.994132;W40_NSS2_MCS8:bytes=239070,ppdus=7,airtime_us=5868;175.5;1.0;128.89795918367346;0.050528;0.999608;W40_NSS1_MCS8:bytes=6316,ppdus=2,airtime_us=392;175.5;0.6305969478546906;99.83490354419023;0.890128;0.991084;W20_NSS1_MCS0:bytes=1554,ppdus=1,airtime_us=1756|W20_NSS2_MCS4:bytes=39548,ppdus=2,airtime_us=3720|W40_NSS2_MCS4:bytes=70164,ppdus=4,airtime_us=3440;87.75;0.9031713760148264;65.8647232976543;1.156848;0.982436;W20_NSS1_MCS2:bytes=14002,ppdus=1,airtime_us=5164|W40_NSS2_MCS2:bytes=130604,ppdus=8,airtime_us=12400;121.875;0.5794740391099124;132.29259589652096;0.5932;0.995516;W20_NSS1_MCS11:bytes=42968,ppdus=2,airtime_us=2920|W20_NSS2_MCS10:bytes=31182,ppdus=7,airtime_us=1564;243.75;1.0;208.96118909991742;1.012208;0.995156;W40_NSS1_MCS11:bytes=126526,ppdus=13,airtime_us=4844;1020.833334;0.8950097700285585;350.1578947368421;0.212896;0.999392;W40_NSS1_MCS11:bytes=2794,ppdus=5,airtime_us=364|W80_NSS2_MCS11:bytes=23818,ppdus=1,airtime_us=244;219.375;1.0;91.78305084745763;0.108304;0.99882;W20_NSS2_MCS10:bytes=13538,ppdus=11,airtime_us=1180;219.375;1.0;172.64864864864865;0.38328;0.99778;W40_NSS1_MCS10:bytes=47910,ppdus=9,airtime_us=2220;;;;0.0;;;58.5;0.7975436090052308;43.47307788630103;0.694352;0.984028;W20_NSS1_MCS2:bytes=8738,ppdus=1,airtime_us=3244|W20_NSS2_MCS1:bytes=8834,ppdus=1,airtime_us=2484|W40_NSS2_MCS1:bytes=69222,ppdus=13,airtime_us=10244;292.5;1.0;12.0;0.000816;0.999932;W40_NSS2_MCS7:bytes=102,ppdus=1,airtime_us=68;;;;;;;;;;;;;;;;;;;;;;;;;;;;;;
108;1;25;low;-60.0;ap_only_cochannel;ul_dl;su;2;181.73958333333334;125.6774757693594;10.6952;0.8158924896970579;390.0;1.0;355.17791411042947;0.926304;0.997392;W40_NSS2_MCS9:bytes=115788,ppdus=4,airtime_us=2608;73.125;1.0;56.50909090909091;0.024864;0.99956;W20_NSS1_MCS7:bytes=3108,ppdus=2,airtime_us=440;219.375;0.8926836307662707;176.552016985138;0.332624;0.998116;W40_NSS1_MCS10:bytes=37116,ppdus=8,airtime_us=1760|W80_NSS1_MCS10:bytes=4462,ppdus=1,airtime_us=124;245.0;1.0;222.42348754448398;2.000032;0.991008;W80_NSS1_MCS5:bytes=250004,ppdus=16,airtime_us=8992;219.375;1.0;156.39882697947215;0.213328;0.998636;W40_NSS1_MCS10:bytes=26666,ppdus=7,airtime_us=1364;29.25;0.6675789849467484;25.18846009741476;0.268912;0.989324;W20_NSS1_MCS1:bytes=3110,ppdus=1,airtime_us=1756|W20_NSS2_MCS1:bytes=22440,ppdus=8,airtime_us=6608|W40_NSS1_MCS1:bytes=8064,ppdus=2,airtime_us=2312;245.0;1.0;198.35616438356163;0.11584;0.999416;W80_NSS1_MCS5:bytes=14480,ppdus=2,airtime_us=584;131.625;0.5538518479352826;122.61264181523501;0.302608;0.997532;W20_NSS1_MCS11:bytes=7470,ppdus=1,airtime_us=540|W20_NSS2_MCS6:bytes=20950,ppdus=3,airtime_us=1468|W40_NSS2_MCS6:bytes=9406,ppdus=3,airtime_us=460;117.0;1.0;87.65;0.168288;0.99808;W40_NSS2_MCS3:bytes=21036,ppdus=8,airtime_us=1920;122.5;1.0;112.57689678742311;0.6588;0.994148;W80_NSS1_MCS3:bytes=82350,ppdus=9,airtime_us=5852;122.5;0.893809253707155;96.03891050583658;0.394912;0.995888;W20_NSS1_MCS6:bytes=5242,ppdus=1,airtime_us=684|W80_NSS2_MCS1:bytes=44122,ppdus=9,airtime_us=3428;97.5;0.4858872762888434;56.8898269311946;0.539088;0.990524;W20_NSS1_MCS9:bytes=32742,ppdus=5,airtime_us=2924|W40_NSS1_MCS1:bytes=7272,ppdus=4,airtime_us=2208|W40_NSS2_MCS1:bytes=27372,ppdus=10,airtime_us=4344;245.0;0.9108183110866473;164.07149576669804;1.395264;0.991496;W40_NSS1_MCS3:bytes=15554,ppdus=3,airtime_us=2292|W80_NSS2_MCS3:bytes=158854,ppdus=17,airtime_us=6212;219.375;0.8533240353324035;169.65633802816902;0.481824;0.99716;W20_NSS1_MCS10:bytes=8834,ppdus=1,airtime_us=700|W40_NSS1_MCS10:bytes=51394,ppdus=5,airtime_us=2140;;;;0.0;;;263.25;1.0;158.43478260869566;0.174912;0.998896;W40_NSS2_MCS6:bytes=21864,ppdus=8,airtime_us=1104;122.5;0.7502558853633572;96.27771556550952;0.687808;0.992856;W20_NSS1_MCS10:bytes=11754,ppdus=1,airtime_us=908|W40_NSS2_MCS1:bytes=9718,ppdus=1,airtime_us=1396|W80_NSS2_MCS1:bytes=64504,ppdus=10,airtime_us=4840;263.25;0.8847014243973703;172.13359528487229;0.700928;0.995928;W20_NSS1_MCS6:bytes=10102,ppdus=1,airtime_us=1276|W40_NSS2_MCS6:bytes=77514,ppdus=7,airtime_us=2796;292.5;0.486233790640857;131.3827160493827;0.340544;0.997408;W20_NSS1_MCS7:bytes=4666,ppdus=1,airtime_us=556|W20_NSS2_MCS7:bytes=9428,ppdus=2,airtime_us=632|W40_NSS1_MCS7:bytes=7776,ppdus=2,airtime_us=520|W40_NSS2_MCS7:bytes=20698,ppdus=5,airtime_us=884;243.75;1.0;179.64356435643563;0.290304;0.998384;W40_NSS1_MCS11:bytes=36288,ppdus=8,airtime_us=1616;29.25;1.0;15.851851851851851;0.006848;0.999568;W20_NSS1_MCS3:bytes=856,ppdus=4,airtime_us=432;243.75;0.985753258563201;100.73282442748092;0.052784;0.999476;W20_NSS2_MCS11:bytes=6504,ppdus=4,airtime_us=464|W40_NSS1_MCS11:bytes=94,ppdus=1,airtime_us=60;61.25;0.8633689326597174;51.01794453507341;0.500384;0.990192;W40_NSS1_MCS1:bytes=8546,ppdus=1,airtime_us=2396|W80_NSS1_MCS1:bytes=54002,ppdus=7,airtime_us=7412;234.0;1.0;13.882352941176471;0.003776;0.999728;W40_NSS2_MCS5:bytes=472,ppdus=4,airtime_us=272;131.625;0.7823224541252276;96.8;0.114224;0.99882;W20_NSS2_MCS6:bytes=11170,ppdus=5,airtime_us=980|W40_NSS2_MCS6:bytes=3108,ppdus=2,airtime_us=200;;;;;;;;;;;;;;;;;;;;;;;;;;;;;;
109;1;30;high;-41.5;isolated;ul;su;0;426.02314822222223;392.37856925591245;211.75816615397108;0.5618520858845533;367.5;1.0;354.20054200542006;1.5684;0.995572;W80_NSS2_MCS4:bytes=196050,ppdus=3,airtime_us=4428;816.666668;1.0;722.9893992932862;6.547392;0.990944;W80_NSS2_MCS9:bytes=818424,ppdus=16,airtime_us=9056;551.25;1.0;512.7812166488794;9.60952;0.98126;W80_NSS2_MCS6:bytes=1201190,ppdus=21,airtime_us=18740;146.25;1.0;143.26127568721645;8.5888;0.940048;W20_NSS2_MCS7:bytes=1073600,ppdus=20,airtime_us=59952;367.5;1.0;351.421635883905;10.655104;0.96968;W80_NSS2_MCS4:bytes=1331888,ppdus=24,airtime_us=30320;551.25;1.0;507.668430335097;2.302784;0.995464;W80_NSS2_MCS6:bytes=287848,ppdus=6,airtime_us=4536;918.75;1.0;828.4566596194503;20.37672;0.975404;W80_NSS2_MCS10:bytes=2547090,ppdus=41,airtime_us=24596;61.25;1.0;54.08695652173913;0.09952;0.99816;W80_NSS1_MCS1:bytes=12440,ppdus=4,airtime_us=1840;122.5;1.0;75.8048780487805;0.012432;0.999836;W80_NSS2_MCS1:bytes=1554,ppdus=1,airtime_us=164;918.75;1.0;816.2123476209201;8.302512;0.989828;W80_NSS2_MCS10:bytes=1037814,ppdus=19,airtime_us=10172;551.25;1.0;511.84839094159713;8.588816;0.98322;W80_NSS2_MCS6:bytes=1073602,ppdus=19,airtime_us=16780;367.5;0.7184464807815731;410.02923976608184;8.97472;0.978112;W80_NSS1_MCS8:bytes=805982,ppdus=13,airtime_us=18140|W80_NSS2_MCS8:bytes=315858,ppdus=5,airtime_us=3748;551.25;1.0;516.3324550769267;17.431200385375494;0.966240355;W80_NSS2_MCS6:bytes=2178900.04817194,ppdus=34,airtime_us=33759.645;1020.833334;1.0;863.946949602122;3.908496;0.995476;W80_NSS2_MCS11:bytes=488562,ppdus=11,airtime_us=4524;122.5;0.9648387289224911;116.11377591183417;8.850192;0.92378;W20_NSS1_MCS5:bytes=38898,ppdus=1,airtime_us=5372|W80_NSS2_MCS1:bytes=1067376,ppdus=20,airtime_us=70848;122.5;1.0;120.24587060152197;4.464549768595574;0.962871492;W80_NSS2_MCS1:bytes=558068.721074447,ppdus=11,airtime_us=37128.508;735.0;1.0;665.8270209157716;9.422784;0.985848;W80_NSS2_MCS8:bytes=1177848,ppdus=22,airtime_us=14152;183.75;1.0;177.48360655737704;2.078688;0.988288;W80_NSS1_MCS4:bytes=259836,ppdus=8,airtime_us=11712;;;;0.0;;;183.75;1.0;178.99801055272036;8.277584;0.953756;W80_NSS2_MCS2:bytes=1034698,ppdus=21,airtime_us=46244;306.25;1.0;294.7203848466627;3.92096;0.986696;W80_NSS1_MCS7:bytes=490120,ppdus=10,airtime_us=13304;183.75;1.0;179.04553476879633;4.057888;0.977336;W80_NSS2_MCS2:bytes=507236,ppdus=10,airtime_us=22664;;;;0.0;;;918.75;1.0;823.1126279863481;3.858752;0.995312;W80_NSS2_MCS10:bytes=482344,ppdus=8,airtime_us=4688;117.0;0.5158577037216372;117.98777884119856;19.231536;0.837004;W40_NSS2_MCS3:bytes=1240092,ppdus=20,airtime_us=86064|W80_NSS1_MCS3:bytes=1163850,ppdus=19,airtime_us=76932;245.0;1.0;237.85671309192202;17.078112;0.9282;W80_NSS2_MCS3:bytes=2134764,ppdus=34,airtime_us=71800;459.375;1.0;431.398133394036;7.580528;0.982428;W80_NSS1_MCS10:bytes=947566,ppdus=19,airtime_us=17572;490.0;1.0;462.265306122449;9.422816;0.979616;W80_NSS2_MCS5:bytes=1177852,ppdus=20,airtime_us=20384;;;;0.0;;;122.5;1.0;120.12622926757669;6.54736;0.945496;W80_NSS2_MCS1:bytes=818420,ppdus=18,airtime_us=54504
109;1;30;high;-41.5;isolated;ul;su;1;555.8735120714285;499.913594201592;223.70138978430364;0.541316289683134;612.5;1.0;568.8192128085391;3.41064;0.994004;W80_NSS2_MCS7:bytes=426330,ppdus=7,airtime_us=5996;122.5;1.0;120.46333433103861;4.829616;0.959908;W80_NSS1_MCS3:bytes=603702,ppdus=13,airtime_us=40092;219.375;1.0;208.26996625421822;1.481216;0.992888;W20_NSS2_MCS10:bytes=185152,ppdus=6,airtime_us=7112;122.5;0.9874430772211995;121.11480539800509;4.95408;0.959096;W80_NSS1_MCS3:bytes=611484,ppdus=12,airtime_us=40528|W80_NSS2_MCS3:bytes=7776,ppdus=2,airtime_us=376;1020.833334;1.0;894.8531187122736;21.347616;0.976144;W80_NSS2_MCS11:bytes=2668452,ppdus=44,airtime_us=23856;918.75;1.0;819.1179820992677;8.053568;0.990168;W80_NSS2_MCS10:bytes=1006696,ppdus=18,airtime_us=9832;183.75;1.0;179.66326607723116;9.509936;0.947068;W80_NSS2_MCS2:bytes=1188742,ppdus=21,airtime_us=52932;612.5;1.0;568.7814910025706;8.85024;0.98444;W80_NSS2_MCS7:bytes=1106280,ppdus=18,airtime_us=15560;735.0;1.0;675.8779661016949;11.165504;0.98348;W80_NSS2_MCS8:bytes=1395688,ppdus=22,airtime_us=16520;735.0;1.0;668.5703125;5.476928;0.991808;W80_NSS2_MCS8:bytes=684616,ppdus=12,airtime_us=8192;183.75;1.0;178.79359730412804;4.24456;0.97626;W80_NSS1_MCS4:bytes=530570,ppdus=13,airtime_us=23740;;;;0.0;;;918.75;1.0;803.1563367252544;6.945696;0.991352;W80_NSS2_MCS10:bytes=868212,ppdus=18,airtime_us=8648;1020.833334;1.0;884.930669800235;3.012304;0.996596;W80_NSS2_MCS11:bytes=376538,ppdus=7,airtime_us=3404;1020.833334;1.0;877.9723137771919;5.327536;0.993932;W80_NSS2_MCS11:bytes=665942,ppdus=13,airtime_us=6068;918.75;1.0;805.3803159173755;2.651312;0.996708;W80_NSS2_MCS10:bytes=331414,ppdus=7,airtime_us=3292;918.75;1.0;826.1762572915025;20.961744;0.974628;W80_NSS2_MCS10:bytes=2620218,ppdus=43,airtime_us=25372;175.5;1.0;170.74116581093324;6.783888;0.960268;W20_NSS2_MCS8:bytes=847986,ppdus=17,airtime_us=39732;122.5;0.9888079119213604;114.56583556562951;6.671856;0.941764;W20_NSS1_MCS2:bytes=9334,ppdus=1,airtime_us=3452|W80_NSS2_MCS1:bytes=824648,ppdus=16,airtime_us=54784;612.5;1.0;537.1068493150685;1.568352;0.99708;W80_NSS2_MCS7:bytes=196044,ppdus=6,airtime_us=2920;122.5;1.0;120.59448585966157;8.153152;0.932392;W80_NSS2_MCS1:bytes=1019144,ppdus=18,airtime_us=67608;735.0;1.0;669.6610519078721;7.792176;0.988364;W80_NSS2_MCS8:bytes=974022,ppdus=17,airtime_us=11636;816.666668;1.0;735.4067771747103;20.053072;0.972732;W80_NSS2_MCS9:bytes=2506634,ppdus=41,airtime_us=27268;61.25;0.9577781015142296;59.398345705196185;5.601264;0.9057;W40_NSS1_MCS2:bytes=29562,ppdus=1,airtime_us=5436|W80_NSS2_MCS0:bytes=670596,ppdus=20,airtime_us=88864;367.5;0.8215251038081677;299.42378680379005;5.858527010298103;0.980433996;W80_NSS1_MCS4:bytes=130700,ppdus=2,airtime_us=5784|W80_NSS2_MCS4:bytes=601615.876287263,ppdus=13,airtime_us=13782.004;122.5;1.0;120.85399002355102;17.001758774005552;0.859319839;W80_NSS2_MCS1:bytes=2125219.84675069,ppdus=33,airtime_us=140680.161;735.0;1.0;676.3353683353683;6.647024;0.990172;W80_NSS2_MCS8:bytes=830878,ppdus=13,airtime_us=9828;612.5;1.0;563.4829560949005;8.265168;0.985332;W80_NSS2_MCS7:bytes=1033146,ppdus=19,airtime_us=14668;816.666668;1.0;728.0690789473684;7.082656;0.990272;W80_NSS2_MCS9:bytes=885332,ppdus=16,airtime_us=9728;;;;0.0;;
109;1;30;high;-41.5;isolated;ul;su;2;436.4434524642857;389.8685820583035;173.281888;0.6456882274818505;122.5;1.0;75.8048780487805;0.012432;0.999836;W80_NSS2_MCS1:bytes=1554,ppdus=1,airtime_us=164;195.0;1.0;190.6464748931237;21.048896;0.889592;W20_NSS2_MCS9:bytes=2631112,ppdus=42,airtime_us=110408;122.5;0.8008849935018953;133.46275737736028;5.626256;0.957844;W80_NSS1_MCS3:bytes=563248,ppdus=12,airtime_us=37392|W80_NSS2_MCS3:bytes=140034,ppdus=3,airtime_us=4764;918.75;1.0;822.9619181946404;4.66784;0.994328;W80_NSS2_MCS10:bytes=583480,ppdus=10,airtime_us=5672;918.75;1.0;654.199460916442;0.970832;0.998516;W80_NSS2_MCS10:bytes=121354,ppdus=7,airtime_us=1484;275.625;1.0;247.93625498007967;0.995712;0.995984;W80_NSS1_MCS6:bytes=124464,ppdus=8,airtime_us=4016;122.5;1.0;120.56324879414969;3.09944;0.974292;W80_NSS2_MCS1:bytes=387430,ppdus=7,airtime_us=25708;551.25;1.0;514.9931402439024;21.621472;0.958016;W80_NSS2_MCS6:bytes=2702684,ppdus=44,airtime_us=41984;612.5;1.0;568.7160262417995;4.85456;0.991464;W80_NSS2_MCS7:bytes=606820,ppdus=10,airtime_us=8536;1020.833334;1.0;882.4716417910448;1.182512;0.99866;W80_NSS2_MCS11:bytes=147814,ppdus=3,airtime_us=1340;61.25;1.0;60.463840205184006;6.223664;0.897068;W80_NSS2_MCS0:bytes=777958,ppdus=21,airtime_us=102932;1020.833334;1.0;885.1932032724984;5.626288;0.993644;W80_NSS2_MCS11:bytes=703286,ppdus=13,airtime_us=6356;122.5;1.0;120.74735503422897;17.84984;0.852172;W80_NSS2_MCS1:bytes=2231230,ppdus=37,airtime_us=147828;490.0;1.0;461.1612511387792;6.074416;0.986828;W80_NSS2_MCS5:bytes=759302,ppdus=13,airtime_us=13172;551.25;1.0;509.99284862932063;6.846144;0.986576;W80_NSS2_MCS6:bytes=855768,ppdus=16,airtime_us=13424;735.0;1.0;671.9491552695092;16.704656;0.97514;W80_NSS2_MCS8:bytes=2088082,ppdus=35,airtime_us=24860;459.375;1.0;430.57232704402514;4.381504;0.989824;W80_NSS1_MCS10:bytes=547688,ppdus=12,airtime_us=10176;551.25;1.0;492.8888888888889;0.833968;0.998308;W80_NSS2_MCS6:bytes=104246,ppdus=3,airtime_us=1692;612.5;1.0;524.8781793842035;1.568336;0.997012;W80_NSS2_MCS7:bytes=196042,ppdus=7,airtime_us=2988;510.416667;1.0;476.93850520340584;4.032992;0.991544;W80_NSS1_MCS11:bytes=504124,ppdus=10,airtime_us=8456;275.625;0.7500030900438787;252.63075722092117;1.29448;0.994876;W40_NSS2_MCS6:bytes=40452,ppdus=2,airtime_us=1352|W80_NSS1_MCS6:bytes=121358,ppdus=5,airtime_us=3772;;;;0.0;;;510.416667;1.0;471.49376114081997;3.174096;0.993268;W80_NSS1_MCS11:bytes=396762,ppdus=9,airtime_us=6732;;;;0.0;;;367.5;1.0;340.8556701030928;2.116032;0.993792;W80_NSS2_MCS4:bytes=264504,ppdus=8,airtime_us=6208;122.5;1.0;120.60450039930474;10.269232;0.914852;W80_NSS2_MCS1:bytes=1283654,ppdus=23,airtime_us=85148;91.875;0.6192741678204282;111.84099766173031;5.165712;0.953812;W80_NSS1_MCS2:bytes=399874,ppdus=9,airtime_us=35260|W80_NSS2_MCS2:bytes=245840,ppdus=4,airtime_us=10928;122.5;1.0;119.86239341370185;3.261216;0.972792;W80_NSS2_MCS1:bytes=407652,ppdus=10,airtime_us=27208;245.0;0.5035337133513501;159.9455139847439;7.04528;0.955952;W80_NSS1_MCS3:bytes=437218,ppdus=9,airtime_us=29004|W80_NSS2_MCS3:bytes=443442,ppdus=9,airtime_us=15044;510.416667;0.9112763733130583;492.54534815681683;6.73408;0.986328;W80_NSS1_MCS11:bytes=767076,ppdus=16,airtime_us=12960|W80_NSS2_MCS11:bytes=74684,ppdus=2,airtime_us=712
110;1;30;high;-41.5;isolated;dl;su;0;654.6944447333333;67.75351376495567;4.002256;0.7462354966567619;551.25;0.965759961822954;68.70491803278688;0.134112;0.998048;W20_NSS1_MCS3:bytes=574,ppdus=1,airtime_us=204|W80_NSS2_MCS6:bytes=16190,ppdus=25,airtime_us=1748;816.666668;0.9638857430476909;63.703406813627254;0.127152;0.998004;W20_NSS1_MCS1:bytes=574,ppdus=1,airtime_us=364|W80_NSS2_MCS9:bytes=15320,ppdus=24,airtime_us=1632;816.666668;0.9681712321171121;76.2536997885835;0.144272;0.998108;W20_NSS1_MCS5:bytes=574,ppdus=1,airtime_us=124|W80_NSS2_MCS9:bytes=17460,ppdus=26,airtime_us=1768;612.5;0.9272366269563186;73.49356223175965;0.136992;0.998136;W20_NSS2_MCS5:bytes=1246,ppdus=1,airtime_us=148|W80_NSS2_MCS7:bytes=15878,ppdus=25,airtime_us=1716;551.25;0.9667246376811595;72.32704402515724;0.138;0.998092;W20_NSS1_MCS7:bytes=574,ppdus=1,airtime_us=108|W80_NSS2_MCS6:bytes=16676,ppdus=26,airtime_us=1800;918.75;0.9665734917307245;76.66071428571429;0.137376;0.998208;W20_NSS1_MCS11:bytes=574,ppdus=1,airtime_us=92|W80_NSS2_MCS10:bytes=16598,ppdus=25,airtime_us=1700;918.75;0.9281758393907926;51.589285714285715;0.092448;0.998208;W40_NSS1_MCS8:bytes=830,ppdus=1,airtime_us=92|W80_NSS2_MCS10:bytes=10726,ppdus=25,airtime_us=1700;245.0;0.9277346015543441;58.15177065767285;0.137936;0.997628;W20_NSS1_MCS4:bytes=1246,ppdus=1,airtime_us=284|W80_NSS2_MCS3:bytes=15996,ppdus=26,airtime_us=2088;551.25;0.9604859636706771;68.92682926829268;0.135648;0.998032;W20_NSS1_MCS3:bytes=670,ppdus=1,airtime_us=236|W80_NSS2_MCS6:bytes=16286,ppdus=25,airtime_us=1732;918.75;0.9651783547682601;72.29824561403508;0.131872;0.998176;W20_NSS1_MCS6:bytes=574,ppdus=1,airtime_us=124|W80_NSS2_MCS10:bytes=15910,ppdus=25,airtime_us=1700;551.25;0.9714967203339296;70.9090909090909;0.13416;0.998108;W20_NSS1_MCS10:bytes=478,ppdus=1,airtime_us=92|W80_NSS2_MCS6:bytes=16292,ppdus=26,airtime_us=1800;816.666668;0.9651445227107117;73.51785714285714;0.131744;0.998208;W20_NSS1_MCS11:bytes=574,ppdus=1,airtime_us=92|W80_NSS2_MCS9:bytes=15894,ppdus=25,airtime_us=1700;918.75;0.9449244060475162;73.75221238938053;0.133344;0.998192;W20_NSS1_MCS11:bytes=918,ppdus=1,airtime_us=108|W80_NSS2_MCS10:bytes=15750,ppdus=25,airtime_us=1700;1020.833334;0.966908797417272;70.36916835699797;0.138768;0.998028;W20_NSS1_MCS3:bytes=574,ppdus=1,airtime_us=204|W80_NSS2_MCS11:bytes=16772,ppdus=26,airtime_us=1768;490.0;0.9723954723954724;74.0;0.138528;0.998128;W20_NSS1_MCS6:bytes=478,ppdus=1,airtime_us=108|W80_NSS2_MCS5:bytes=16838,ppdus=25,airtime_us=1764;183.75;0.9732721986132856;61.24657534246575;0.143072;0.997664;W20_NSS1_MCS8:bytes=478,ppdus=1,airtime_us=92|W80_NSS2_MCS2:bytes=17406,ppdus=25,airtime_us=2244;735.0;0.9757281553398058;34.63716814159292;0.062624;0.998192;W40_NSS1_MCS1:bytes=190,ppdus=1,airtime_us=108|W80_NSS2_MCS8:bytes=7638,ppdus=25,airtime_us=1700;551.25;0.9638736115604443;77.76100628930817;0.148368;0.998092;W20_NSS1_MCS9:bytes=670,ppdus=1,airtime_us=108|W80_NSS2_MCS6:bytes=17876,ppdus=26,airtime_us=1800;735.0;0.9346943510033638;56.623973727422005;0.137936;0.997564;W20_NSS1_MCS1:bytes=1126,ppdus=1,airtime_us=668|W80_NSS2_MCS8:bytes=16116,ppdus=26,airtime_us=1768;245.0;0.9718359651190196;62.85925925925926;0.135776;0.99784;W20_NSS1_MCS9:bytes=478,ppdus=1,airtime_us=92|W80_NSS2_MCS3:bytes=16494,ppdus=25,airtime_us=2068;612.5;0.9733764063718392;67.62335216572505;0.143632;0.997876;W20_NSS2_MCS0:bytes=478,ppdus=1,airtime_us=324|W80_NSS2_MCS7:bytes=17476,ppdus=26,airtime_us=1800;551.25;0.9298265502777463;71.56997971602433;0.141136;0.998028;W20_NSS1_MCS7:bytes=1238,ppdus=1,airtime_us=188|W80_NSS2_MCS6:bytes=16404,ppdus=26,airtime_us=1784;816.666668;0.9581196581196582;61.348314606741575;0.13104;0.997864;W20_NSS2_MCS0:bytes=686,ppdus=1,airtime_us=436|W80_NSS2_MCS9:bytes=15694,ppdus=25,airtime_us=1700;918.75;0.9676400947119179;75.00211416490487;0.141904;0.998108;W20_NSS1_MCS5:bytes=574,ppdus=1,airtime_us=124|W80_NSS2_MCS10:bytes=17164,ppdus=26,airtime_us=1768;245.0;0.9729055662623285;63.119856887298745;0.141136;0.997764;W20_NSS2_MCS7:bytes=478,ppdus=1,airtime_us=84|W80_NSS2_MCS3:bytes=17164,ppdus=26,airtime_us=2152;245.0;0.9706640481158709;63.52436647173489;0.130352;0.997948;W20_NSS2_MCS8:bytes=478,ppdus=1,airtime_us=84|W80_NSS2_MCS3:bytes=15816,ppdus=24,airtime_us=1968;918.75;0.9709881039087157;73.55357142857143;0.131808;0.998208;W20_NSS1_MCS8:bytes=478,ppdus=1,airtime_us=92|W80_NSS2_MCS10:bytes=15998,ppdus=25,airtime_us=1700;816.666668;0.9630283633153074;77.94408602150537;0.144976;0.99814;W20_NSS1_MCS11:bytes=670,ppdus=1,airtime_us=92|W80_NSS2_MCS9:bytes=17452,ppdus=26,airtime_us=1768;816.666668;0.9667708695148779;74.29677419354839;0.138192;0.99814;W20_NSS1_MCS10:bytes=574,ppdus=1,airtime_us=92|W80_NSS2_MCS9:bytes=16700,ppdus=26,airtime_us=1768;551.25;0.9407330085826955;66.83720930232558;0.137952;0.997936;W20_NSS1_MCS3:bytes=1022,ppdus=1,airtime_us=332|W80_NSS2_MCS6:bytes=16222,ppdus=25,airtime_us=1732
110;1;30;high;-41.5;isolated;dl;su;1;744.5277782000001;70.45604219484515;4.340544;0.7211175692929559;816.666668;0.9694583377673726;80.14498933901919;0.150352;0.998124;W20_NSS1_MCS8:bytes=574,ppdus=1,airtime_us=108|W80_NSS2_MCS9:bytes=18220,ppdus=26,airtime_us=1768;735.0;0.9251862582781457;57.18343195266272;0.154624;0.997296;W20_NSS2_MCS0:bytes=1446,ppdus=1,airtime_us=852|W80_NSS2_MCS8:bytes=17882,ppdus=27,airtime_us=1852;918.75;0.972100709633518;78.0796963946869;0.164592;0.997892;W40_NSS1_MCS1:bytes=574,ppdus=1,airtime_us=204|W80_NSS2_MCS10:bytes=20000,ppdus=28,airtime_us=1904;367.5;0.9688212927756654;70.13333333333334;0.14728;0.9979;W20_NSS1_MCS2:bytes=574,ppdus=1,airtime_us=268|W80_NSS2_MCS4:bytes=17836,ppdus=26,airtime_us=1832;1020.833334;0.9740921409214092;70.5544933078394;0.1476;0.997908;W20_NSS2_MCS0:bytes=478,ppdus=1,airtime_us=324|W80_NSS2_MCS11:bytes=17972,ppdus=26,airtime_us=1768;1020.833334;0.962794313638383;74.10699588477367;0.144064;0.998056;W20_NSS1_MCS8:bytes=670,ppdus=1,airtime_us=108|W80_NSS2_MCS11:bytes=17338,ppdus=27,airtime_us=1836;245.0;0.9699665131854333;66.59233449477352;0.152896;0.997704;W20_NSS1_MCS9:bytes=574,ppdus=1,airtime_us=92|W80_NSS2_MCS3:bytes=18538,ppdus=27,airtime_us=2204;918.75;0.9753277588520698;77.96378269617706;0.154992;0.998012;W20_NSS2_MCS8:bytes=478,ppdus=1,airtime_us=84|W80_NSS2_MCS10:bytes=18896,ppdus=28,airtime_us=1904;816.666668;0.9702898550724638;80.5;0.15456;0.99808;W20_NSS2_MCS11:bytes=574,ppdus=1,airtime_us=84|W80_NSS2_MCS9:bytes=18746,ppdus=27,airtime_us=1836;918.75;0.9645427603725656;76.19354838709677;0.151168;0.998016;W20_NSS2_MCS3:bytes=670,ppdus=1,airtime_us=148|W80_NSS2_MCS10:bytes=18226,ppdus=27,airtime_us=1836;367.5;0.9700041806020067;75.33858267716535;0.153088;0.997968;W20_NSS2_MCS6:bytes=574,ppdus=1,airtime_us=100|W80_NSS2_MCS4:bytes=18562,ppdus=27,airtime_us=1932;816.666668;0.9648994132439229;73.6988416988417;0.152704;0.997928;W20_NSS1_MCS3:bytes=670,ppdus=1,airtime_us=236|W80_NSS2_MCS9:bytes=18418,ppdus=27,airtime_us=1836;1020.833334;0.9675831636116768;47.136;0.094272;0.998;W40_NSS2_MCS0:bytes=382,ppdus=1,airtime_us=164|W80_NSS2_MCS11:bytes=11402,ppdus=27,airtime_us=1836;1020.833334;1.0;80.07843137254902;0.114352;0.998572;W80_NSS2_MCS11:bytes=14294,ppdus=21,airtime_us=1428;1020.833334;0.9589935760171306;71.02661596958175;0.14944;0.997896;W40_NSS1_MCS1:bytes=766,ppdus=1,airtime_us=268|W80_NSS2_MCS11:bytes=17914,ppdus=27,airtime_us=1836;918.75;0.9702775476387738;70.22545454545454;0.154496;0.9978;W20_NSS1_MCS1:bytes=574,ppdus=1,airtime_us=364|W80_NSS2_MCS10:bytes=18738,ppdus=27,airtime_us=1836;1020.833334;0.9697640117994101;69.03272727272727;0.151872;0.9978;W40_NSS1_MCS0:bytes=574,ppdus=1,airtime_us=364|W80_NSS2_MCS11:bytes=18410,ppdus=27,airtime_us=1836;735.0;0.931688596491228;70.69767441860465;0.14592;0.997936;W20_NSS2_MCS3:bytes=1246,ppdus=1,airtime_us=228|W80_NSS2_MCS8:bytes=16994,ppdus=27,airtime_us=1836;183.75;0.9780862781092244;56.5974025974026;0.139456;0.997536;W20_NSS2_MCS6:bytes=382,ppdus=1,airtime_us=84|W80_NSS2_MCS2:bytes=17050,ppdus=27,airtime_us=2380;735.0;0.9327712926934717;75.5265306122449;0.148032;0.99804;W20_NSS1_MCS9:bytes=670,ppdus=1,airtime_us=108|W20_NSS2_MCS9:bytes=574,ppdus=1,airtime_us=84|W80_NSS2_MCS8:bytes=17260,ppdus=26,airtime_us=1768;551.25;0.9259136579441316;71.73861386138614;0.144912;0.99798;W20_NSS1_MCS5:bytes=1342,ppdus=1,airtime_us=236|W80_NSS2_MCS6:bytes=16772,ppdus=26,airtime_us=1784;816.666668;0.966389506968029;68.17564870259481;0.136624;0.997996;W20_NSS2_MCS0:bytes=574,ppdus=1,airtime_us=372|W80_NSS2_MCS9:bytes=16504,ppdus=24,airtime_us=1632;918.75;0.9121769601401665;73.94331983805668;0.146112;0.998024;W20_NSS1_MCS11:bytes=1030,ppdus=1,airtime_us=124|W20_NSS2_MCS11:bytes=574,ppdus=1,airtime_us=84|W80_NSS2_MCS10:bytes=16660,ppdus=26,airtime_us=1768;183.75;0.9620439610242465;60.2457337883959;0.141216;0.997656;W20_NSS2_MCS4:bytes=670,ppdus=1,airtime_us=116|W80_NSS2_MCS2:bytes=16982,ppdus=25,airtime_us=2228;490.0;0.969311377245509;75.41935483870968;0.149632;0.998016;W20_NSS2_MCS9:bytes=574,ppdus=1,airtime_us=84|W80_NSS2_MCS5:bytes=18130,ppdus=27,airtime_us=1900;490.0;0.9156903765690376;74.39688715953308;0.15296;0.997944;W20_NSS1_MCS9:bytes=1134,ppdus=1,airtime_us=140|W20_NSS2_MCS9:bytes=478,ppdus=1,airtime_us=84|W80_NSS2_MCS5:bytes=17508,ppdus=26,airtime_us=1832;1020.833334;0.9695660710779501;44.57768052516411;0.081488;0.998172;W40_NSS1_MCS10:bytes=310,ppdus=1,airtime_us=60|W80_NSS2_MCS11:bytes=9876,ppdus=26,airtime_us=1768;612.5;0.9746714709622721;74.00784313725491;0.150976;0.99796;W20_NSS1_MCS3:bytes=478,ppdus=1,airtime_us=188|W80_NSS2_MCS7:bytes=18394,ppdus=27,airtime_us=1852;816.666668;0.9350131233595801;79.87421383647799;0.1524;0.998092;W20_NSS1_MCS10:bytes=1238,ppdus=1,airtime_us=140|W80_NSS2_MCS9:bytes=17812,ppdus=26,airtime_us=1768;816.666668;0.966175282714055;70.49110320284697;0.158464;0.997752;W20_NSS1_MCS1:bytes=670,ppdus=1,airtime_us=412|W80_NSS2_MCS9:bytes=19138,ppdus=27,airtime_us=1836
110;1;30;high;-41.5;isolated;dl;su;2;698.9305558;69.29930535628215;3.99256;0.738606628299432;551.25;0.9655957803883961;70.69491525423729;0.133472;0.998112;W20_NSS1_MCS4:bytes=574,ppdus=1,airtime_us=156|W80_NSS2_MCS6:bytes=16110,ppdus=25,airtime_us=1732;816.666668;0.9652500302700084;76.64965197215777;0.132144;0.998276;W20_NSS1_MCS10:bytes=574,ppdus=1,airtime_us=92|W80_NSS2_MCS9:bytes=15944,ppdus=24,airtime_us=1632;918.75;0.9610374505699;76.76785714285714;0.137568;0.998208;W20_NSS1_MCS11:bytes=670,ppdus=1,airtime_us=92|W80_NSS2_MCS10:bytes=16526,ppdus=25,airtime_us=1700;918.75;0.9122466318728001;74.39277652370203;0.131824;0.998228;W20_NSS1_MCS11:bytes=1446,ppdus=1,airtime_us=140|W80_NSS2_MCS10:bytes=15032,ppdus=24,airtime_us=1632;1020.833334;0.9671849988566201;67.53667953667954;0.139936;0.997928;W20_NSS2_MCS0:bytes=574,ppdus=1,airtime_us=372|W80_NSS2_MCS11:bytes=16918,ppdus=25,airtime_us=1700;551.25;0.9306870599660112;66.43548387096774;0.131808;0.998016;W20_NSS1_MCS4:bytes=1142,ppdus=1,airtime_us=268|W80_NSS2_MCS6:bytes=15334,ppdus=25,airtime_us=1716;918.75;0.9636708860759494;75.59808612440192;0.1264;0.998328;W20_NSS1_MCS7:bytes=574,ppdus=1,airtime_us=108|W80_NSS2_MCS10:bytes=15226,ppdus=23,airtime_us=1564;1020.833334;0.966620144219586;66.39382239382239;0.137568;0.997928;W20_NSS2_MCS0:bytes=574,ppdus=1,airtime_us=372|W80_NSS2_MCS11:bytes=16622,ppdus=25,airtime_us=1700;735.0;0.9641025641025641;74.19953596287704;0.12792;0.998276;W20_NSS1_MCS10:bytes=574,ppdus=1,airtime_us=92|W80_NSS2_MCS8:bytes=15416,ppdus=24,airtime_us=1632;1020.833334;1.0;75.36;0.128112;0.9983;W80_NSS2_MCS11:bytes=16014,ppdus=25,airtime_us=1700;245.0;0.929952777153137;63.75627240143369;0.142304;0.997768;W20_NSS2_MCS4:bytes=1246,ppdus=1,airtime_us=180|W80_NSS2_MCS3:bytes=16542,ppdus=25,airtime_us=2052;1020.833334;0.9718226833294035;71.88135593220339;0.135712;0.998112;W20_NSS1_MCS3:bytes=478,ppdus=1,airtime_us=188|W80_NSS2_MCS11:bytes=16486,ppdus=25,airtime_us=1700;367.5;0.9427625934550803;61.46139359698682;0.130544;0.997876;W20_NSS1_MCS2:bytes=934,ppdus=1,airtime_us=396|W80_NSS2_MCS4:bytes=15384,ppdus=24,airtime_us=1728;490.0;0.9627611262488647;68.05298013245033;0.123312;0.998188;W20_NSS2_MCS3:bytes=574,ppdus=1,airtime_us=132|W80_NSS2_MCS5:bytes=14840,ppdus=24,airtime_us=1680;551.25;0.9373390557939915;71.06753812636165;0.13048;0.998164;W20_NSS1_MCS7:bytes=1022,ppdus=1,airtime_us=172|W80_NSS2_MCS6:bytes=15288,ppdus=24,airtime_us=1664;918.75;0.9700726270974205;70.67256637168141;0.127776;0.998192;W20_NSS1_MCS7:bytes=478,ppdus=1,airtime_us=108|W80_NSS2_MCS10:bytes=15494,ppdus=25,airtime_us=1700;918.75;0.9588603708706864;63.74168297455969;0.130288;0.997956;W20_NSS1_MCS1:bytes=670,ppdus=1,airtime_us=412|W80_NSS2_MCS10:bytes=15616,ppdus=24,airtime_us=1632;918.75;0.9699408879386241;65.30595482546201;0.127216;0.998052;W20_NSS1_MCS1:bytes=478,ppdus=1,airtime_us=316|W80_NSS2_MCS10:bytes=15424,ppdus=24,airtime_us=1632;612.5;0.931452581032413;67.1774193548387;0.13328;0.998016;W20_NSS1_MCS4:bytes=1142,ppdus=1,airtime_us=268|W80_NSS2_MCS7:bytes=15518,ppdus=25,airtime_us=1716;1020.833334;0.9137848795611734;62.582089552238806;0.134176;0.997856;W20_NSS1_MCS3:bytes=1446,ppdus=1,airtime_us=444|W80_NSS2_MCS11:bytes=15326,ppdus=25,airtime_us=1700;551.25;0.9702810246207411;70.54385964912281;0.128672;0.998176;W20_NSS1_MCS10:bytes=478,ppdus=1,airtime_us=92|W80_NSS2_MCS6:bytes=15606,ppdus=25,airtime_us=1732;551.25;0.9647895963685438;71.65714285714286;0.130416;0.99818;W20_NSS1_MCS4:bytes=574,ppdus=1,airtime_us=156|W80_NSS2_MCS6:bytes=15728,ppdus=24,airtime_us=1664;1020.833334;0.9726732220443631;74.11864406779661;0.139936;0.998112;W20_NSS1_MCS3:bytes=478,ppdus=1,airtime_us=188|W80_NSS2_MCS11:bytes=17014,ppdus=25,airtime_us=1700;816.666668;0.9840774969379802;77.25591397849462;0.143696;0.99814;W20_NSS1_MCS6:bytes=286,ppdus=1,airtime_us=92|W80_NSS2_MCS9:bytes=17676,ppdus=26,airtime_us=1768;367.5;0.9555472076133233;66.55;0.127776;0.99808;W20_NSS1_MCS5:bytes=710,ppdus=1,airtime_us=156|W80_NSS2_MCS4:bytes=15262,ppdus=25,airtime_us=1764;490.0;0.9243748482641417;70.41025641025641;0.131808;0.998128;W20_NSS1_MCS10:bytes=1246,ppdus=1,airtime_us=140|W80_NSS2_MCS5:bytes=15230,ppdus=25,airtime_us=1732;183.75;0.9711561670287231;57.541666666666664;0.132576;0.997696;W20_NSS1_MCS8:bytes=478,ppdus=1,airtime_us=92|W80_NSS2_MCS2:bytes=16094,ppdus=25,airtime_us=2212;183.75;0.9673789497613093;58.653333333333336;0.140768;0.9976;W20_NSS1_MCS4:bytes=574,ppdus=1,airtime_us=156|W80_NSS2_MCS2:bytes=17022,ppdus=25,airtime_us=2244;245.0;0.9608370353051204;65.04942965779468;0.136864;0.997896;W20_NSS2_MCS8:bytes=670,ppdus=1,airtime_us=84|W80_NSS2_MCS3:bytes=16438,ppdus=25,airtime_us=2020;1020.833334;0.9667747163695299;77.47085201793722;0.138208;0.998216;W20_NSS2_MCS7:bytes=574,ppdus=1,airtime_us=84|W80_NSS2_MCS11:bytes=16702,ppdus=25,airtime_us=1700
111;1;30;high;-41.5;isolated;ul_dl;su;0;448.8616072857143;380.15945233629867;228.5089499180974;0.15948530655907867;367.5;1.0;349.5476917549847;7.783728;0.977732;W80_NSS2_MCS4:bytes=972966,ppdus=19,airtime_us=22268;816.666668;0.5887105039032269;535.9299242424242;9.055072;0.983104;W80_NSS1_MCS9:bytes=465532,ppdus=8,airtime_us=9584|W80_NSS2_MCS9:bytes=666352,ppdus=12,airtime_us=7312;551.25;1.0;510.84232894177643;9.616096;0.981176;W80_NSS2_MCS6:bytes=1202012,ppdus=22,airtime_us=18824;73.125;0.8967013998659569;76.1564945226917;5.061056;0.933544;W20_NSS1_MCS7:bytes=567282,ppdus=15,airtime_us=62820|W20_NSS2_MCS7:bytes=65350,ppdus=1,airtime_us=3636;367.5;1.0;351.5044714851195;9.590448;0.972716;W80_NSS2_MCS4:bytes=1198806,ppdus=21,airtime_us=27284;551.25;1.0;493.3282090699462;2.56728;0.994796;W80_NSS2_MCS6:bytes=320910,ppdus=9,airtime_us=5204;459.375;0.8349570701188059;465.8759689922481;3.846272;0.991744;W80_NSS1_MCS10:bytes=401434,ppdus=7,airtime_us=7396|W80_NSS2_MCS10:bytes=79350,ppdus=3,airtime_us=860;122.5;1.0;120.8869602333357;6.797232;0.943772;W80_NSS2_MCS1:bytes=849654,ppdus=13,airtime_us=56228;122.5;1.0;120.67749990396067;12.565424;0.895876;W80_NSS2_MCS1:bytes=1570678,ppdus=27,airtime_us=104124;918.75;1.0;818.5382352941176;8.905696;0.98912;W80_NSS2_MCS10:bytes=1113212,ppdus=20,airtime_us=10880;551.25;1.0;511.61920438957475;7.459408;0.98542;W80_NSS2_MCS6:bytes=932426,ppdus=17,airtime_us=14580;735.0;1.0;674.9603165088118;22.519376;0.966636;W80_NSS2_MCS8:bytes=2814922,ppdus=45,airtime_us=33364;551.25;1.0;508.0555394851027;7.025392;0.986172;W80_NSS2_MCS6:bytes=878174,ppdus=17,airtime_us=13828;;;;0.0;;;61.25;0.5656053571509507;77.01320046433293;2.2694939180973783;0.970531105;W80_NSS1_MCS1:bytes=160454.739762172,ppdus=6,airtime_us=21300.895|W80_NSS2_MCS1:bytes=123232,ppdus=2,airtime_us=8168;122.5;0.6313327143975388;87.9279711884754;3.515712;0.960016;W80_NSS1_MCS1:bytes=162016,ppdus=4,airtime_us=21392|W80_NSS2_MCS1:bytes=277448,ppdus=8,airtime_us=18592;735.0;1.0;106.43298969072166;0.041296;0.999612;W80_NSS2_MCS8:bytes=5162,ppdus=5,airtime_us=388;367.5;0.9827105463048287;327.7791219512195;20.158416;0.9385;W20_NSS1_MCS6:bytes=43566,ppdus=1,airtime_us=5356|W80_NSS2_MCS4:bytes=2476236,ppdus=40,airtime_us=56144;367.5;0.9731889164288287;325.9599438326805;17.642256;0.945876;W20_NSS1_MCS8:bytes=59126,ppdus=1,airtime_us=5436|W80_NSS2_MCS4:bytes=2146156,ppdus=36,airtime_us=48688;183.75;1.0;166.96341463414635;0.438112;0.997376;W80_NSS2_MCS2:bytes=54764,ppdus=4,airtime_us=2624;612.5;1.0;565.9975093399751;7.271936;0.987152;W80_NSS2_MCS7:bytes=908992,ppdus=16,airtime_us=12848;;;;0.0;;;816.666668;0.8029994724545935;607.8332569857994;5.3076;0.991268;W80_NSS1_MCS9:bytes=130700,ppdus=2,airtime_us=2680|W80_NSS2_MCS9:bytes=532750,ppdus=13,airtime_us=6052;459.375;1.0;433.50533642691414;3.736816;0.99138;W80_NSS1_MCS10:bytes=467102,ppdus=9,airtime_us=8620;61.25;1.0;60.51458489154824;0.323632;0.994652;W80_NSS2_MCS0:bytes=40454,ppdus=1,airtime_us=5348;245.0;0.9959533828314875;223.56365398594622;18.452944;0.91746;W20_NSS2_MCS0:bytes=9334,ppdus=1,airtime_us=5172|W80_NSS2_MCS3:bytes=2297284,ppdus=38,airtime_us=77368;918.75;1.0;819.5537017726799;6.287616;0.992328;W80_NSS2_MCS10:bytes=785952,ppdus=14,airtime_us=7672;490.0;1.0;465.12455516014234;5.7508;0.987636;W80_NSS2_MCS5:bytes=718850,ppdus=11,airtime_us=12364;816.666668;1.0;734.2645757941294;21.913392;0.970156;W80_NSS2_MCS9:bytes=2739174,ppdus=45,airtime_us=29844;122.5;0.8420900781446627;104.10800447355808;2.606448;0.974964;W80_NSS1_MCS1:bytes=51448,ppdus=2,airtime_us=6824|W80_NSS2_MCS1:bytes=274358,ppdus=5,airtime_us=18212
111;1;30;high;-41.5;isolated;ul_dl;su;1;523.5791668333334;451.6495363354203;243.67738058908637;0.24868297164727482;612.5;1.0;558.7309529224472;9.82696;0.982412;W80_NSS2_MCS7:bytes=1228370,ppdus=25,airtime_us=17588;245.0;1.0;235.20136518771332;4.410496;0.981248;W80_NSS2_MCS3:bytes=551312,ppdus=12,airtime_us=18752;219.375;0.9204538815097574;197.81748133879123;6.572288;0.966776;W20_NSS1_MCS10:bytes=65350,ppdus=1,airtime_us=4812|W20_NSS2_MCS10:bytes=756186,ppdus=15,airtime_us=28412;245.0;1.0;237.7156626506024;15.78432;0.9336;W80_NSS2_MCS3:bytes=1973040,ppdus=32,airtime_us=66400;1020.833334;1.0;894.1900730057371;3.3762462158620687;0.996224241;W80_NSS2_MCS11:bytes=422030.776982759,ppdus=7,airtime_us=3775.759;918.75;1.0;809.0829931972789;9.514816;0.98824;W80_NSS2_MCS10:bytes=1189352,ppdus=24,airtime_us=11760;183.75;1.0;178.98483024319768;8.919888;0.950164;W80_NSS2_MCS2:bytes=1114986,ppdus=23,airtime_us=49836;612.5;0.5334110187482898;379.8673835125448;3.391456;0.991072;W80_NSS1_MCS7:bytes=197802,ppdus=5,airtime_us=5420|W80_NSS2_MCS7:bytes=226130,ppdus=9,airtime_us=3508;735.0;1.0;672.0006059687926;17.743504;0.973596;W80_NSS2_MCS8:bytes=2217938,ppdus=37,airtime_us=26404;735.0;1.0;671.6653766001787;9.024496;0.986564;W80_NSS2_MCS8:bytes=1128062,ppdus=19,airtime_us=13436;367.5;1.0;353.27672354948805;20.702016;0.9414;W80_NSS2_MCS4:bytes=2587752,ppdus=42,airtime_us=58600;183.75;1.0;178.54090672225118;8.22288;0.953944;W80_NSS2_MCS2:bytes=1027860,ppdus=22,airtime_us=46056;918.75;0.7620385475197873;660.3890274314215;4.237056;0.993584;W80_NSS1_MCS10:bytes=126032,ppdus=2,airtime_us=2312|W80_NSS2_MCS10:bytes=403600,ppdus=10,airtime_us=4104;510.416667;0.9953538540602236;476.7606837606838;5.354976;0.988768;W80_NSS1_MCS11:bytes=666262,ppdus=13,airtime_us=11148|W80_NSS2_MCS11:bytes=3110,ppdus=1,airtime_us=84;1020.833334;1.0;869.7262260127932;8.158032;0.99062;W80_NSS2_MCS11:bytes=1019754,ppdus=21,airtime_us=9380;918.75;0.9857783308093488;533.0535857104773;7.997936;0.984996;W20_NSS1_MCS2:bytes=14218,ppdus=1,airtime_us=5244|W80_NSS2_MCS10:bytes=985524,ppdus=20,airtime_us=9760;918.75;1.0;808.6988727858293;8.035232;0.990064;W80_NSS2_MCS10:bytes=1004404,ppdus=20,airtime_us=9936;175.5;1.0;169.82894978848628;7.38688;0.956504;W20_NSS2_MCS8:bytes=923360,ppdus=22,airtime_us=43496;122.5;1.0;120.12309123323773;6.198832;0.948396;W80_NSS2_MCS1:bytes=774854,ppdus=17,airtime_us=51604;612.5;1.0;552.331830477908;4.900288;0.991128;W80_NSS2_MCS7:bytes=612536,ppdus=14,airtime_us=8872;122.5;0.9914011086822836;119.60399481489807;7.333038373224309;0.938689018;W20_NSS1_MCS6:bytes=7882,ppdus=1,airtime_us=1004|W80_NSS2_MCS1:bytes=908747.796653039,ppdus=16,airtime_us=60306.982;367.5;1.0;350.9624060150376;4.481088;0.987232;W80_NSS1_MCS8:bytes=560136,ppdus=12,airtime_us=12768;816.666668;1.0;648.7657430730478;2.06048;0.996824;W80_NSS2_MCS9:bytes=257560,ppdus=10,airtime_us=3176;61.25;1.0;60.08892689183412;1.124384;0.981288;W80_NSS2_MCS0:bytes=140548,ppdus=6,airtime_us=18712;367.5;1.0;344.5907780979827;3.826336;0.988896;W80_NSS2_MCS4:bytes=478292,ppdus=12,airtime_us=11104;122.5;1.0;120.0256068284876;3.599808;0.970008;W80_NSS2_MCS1:bytes=449976,ppdus=10,airtime_us=29992;735.0;1.0;674.2965892239249;21.825632;0.967632;W80_NSS2_MCS8:bytes=2728204,ppdus=44,airtime_us=32368;612.5;1.0;566.9876127848295;14.830128;0.973844;W80_NSS2_MCS7:bytes=1853766,ppdus=31,airtime_us=26156;408.333334;1.0;384.0797528784049;5.470832;0.985756;W80_NSS1_MCS9:bytes=683854,ppdus=15,airtime_us=14244;816.666668;1.0;722.0980573543015;9.367056;0.987028;W80_NSS2_MCS9:bytes=1170882,ppdus=23,airtime_us=12972
111;1;30;high;-41.5;isolated;ul_dl;su;2;471.8375001;384.0709768025249;192.05116537700815;0.4021976828914472;131.625;0.8461705500246836;127.96950537298676;19.673008;0.846268;W20_NSS2_MCS6:bytes=2080840,ppdus=34,airtime_us=128632|W80_NSS2_MCS1:bytes=378286,ppdus=7,airtime_us=25100;122.5;1.0;99.35269709543569;0.191552;0.998072;W80_NSS2_MCS1:bytes=23944,ppdus=6,airtime_us=1928;245.0;0.7280958073839268;187.47323042103952;5.768208224043716;0.96923183;W80_NSS1_MCS3:bytes=196050,ppdus=3,airtime_us=12948|W80_NSS2_MCS3:bytes=524976.028005464,ppdus=12,airtime_us=17820.17;459.375;1.0;420.456712672522;2.680832;0.993624;W80_NSS1_MCS10:bytes=335104,ppdus=10,airtime_us=6376;459.375;1.0;16.266666666666666;0.003904;0.99976;W80_NSS1_MCS10:bytes=488,ppdus=4,airtime_us=240;551.25;1.0;515.2958910770727;8.477648;0.983548;W80_NSS2_MCS6:bytes=1059706,ppdus=17,airtime_us=16452;122.5;1.0;119.9859092910612;2.179904;0.981832;W80_NSS2_MCS1:bytes=272488,ppdus=6,airtime_us=18168;275.625;1.0;243.84695652173912;0.560848;0.9977;W80_NSS1_MCS6:bytes=70106,ppdus=5,airtime_us=2300;612.5;1.0;564.0755580995993;7.88352;0.986024;W80_NSS2_MCS7:bytes=985440,ppdus=18,airtime_us=13976;510.416667;1.0;467.7343173431734;3.042144;0.993496;W80_NSS1_MCS11:bytes=380268,ppdus=10,airtime_us=6504;58.5;1.0;57.88465542369352;7.78456;0.865516;W40_NSS1_MCS3:bytes=973070,ppdus=27,airtime_us=134484;1020.833334;1.0;894.0992647058823;7.78224;0.991296;W80_NSS2_MCS11:bytes=972780,ppdus=16,airtime_us=8704;122.5;0.9329908087736898;107.32201745877788;3.540768;0.967008;W20_NSS1_MCS4:bytes=29658,ppdus=1,airtime_us=5468|W80_NSS2_MCS1:bytes=412938,ppdus=9,airtime_us=27524;490.0;1.0;86.73684210526316;0.013184;0.999848;W80_NSS2_MCS5:bytes=1648,ppdus=2,airtime_us=152;551.25;1.0;514.3297282046459;21.875472;0.957468;W80_NSS2_MCS6:bytes=2734434,ppdus=45,airtime_us=42532;735.0;1.0;644.1624365482234;3.5532;0.994484;W80_NSS2_MCS8:bytes=444150,ppdus=11,airtime_us=5516;918.75;1.0;788.5174129353234;5.705712;0.992764;W80_NSS2_MCS10:bytes=713214,ppdus=17,airtime_us=7236;551.25;1.0;512.8;5.456192;0.98936;W80_NSS2_MCS6:bytes=682024,ppdus=12,airtime_us=10640;612.5;1.0;565.2303577398864;6.762416;0.988036;W80_NSS2_MCS7:bytes=845302,ppdus=15,airtime_us=11964;1020.833334;1.0;900.7687090210264;15.9364;0.982308;W80_NSS2_MCS11:bytes=1992050,ppdus=31,airtime_us=17692;551.25;1.0;514.4929321262649;19.509773152964428;0.962079609;W80_NSS2_MCS6:bytes=2438721.64412055,ppdus=39,airtime_us=37920.391;551.25;1.0;508.8282630029441;8.295936;0.983696;W80_NSS2_MCS6:bytes=1036992,ppdus=20,airtime_us=16304;1020.833334;1.0;859.7270955165692;3.52832;0.995896;W80_NSS2_MCS11:bytes=441040,ppdus=10,airtime_us=4104;490.0;0.9809914275065226;80.69172932330827;0.042928;0.999468;W20_NSS1_MCS9:bytes=102,ppdus=1,airtime_us=60|W80_NSS2_MCS5:bytes=5264,ppdus=6,airtime_us=472;367.5;0.8269528885476799;289.7668449197861;1.083728;0.99626;W80_NSS1_MCS4:bytes=23442,ppdus=1,airtime_us=1068|W80_NSS2_MCS4:bytes=112024,ppdus=4,airtime_us=2672;122.5;1.0;120.8314329290435;13.309824;0.889848;W80_NSS2_MCS1:bytes=1663728,ppdus=26,airtime_us=110152;91.875;1.0;89.53319919517102;1.423936;0.984096;W80_NSS1_MCS2:bytes=177992,ppdus=8,airtime_us=15904;122.5;1.0;120.15088529638183;5.618736;0.953236;W80_NSS2_MCS1:bytes=702342,ppdus=15,airtime_us=46764;245.0;1.0;235.07172361997746;5.007968;0.978696;W80_NSS2_MCS3:bytes=625996,ppdus=14,airtime_us=21304;1020.833334;1.0;868.7263294422828;5.358304;0.993832;W80_NSS2_MCS11:bytes=669788,ppdus=14,airtime_us=6168
112;1;30;high;-41.5;ap_only_cochannel;ul;su;0;344.1388889666667;271.3787207833154;119.08839296566758;0.481117127480434;367.5;1.0;325.922822491731;1.182448;0.996372;W80_NSS2_MCS4:bytes=147806,ppdus=7,airtime_us=3628;408.333334;1.0;380.3605805958747;1.991568;0.994764;W80_NSS1_MCS9:bytes=248946,ppdus=7,airtime_us=5236;551.25;1.0;275.93548387096774;0.136864;0.999504;W80_NSS2_MCS6:bytes=17108,ppdus=4,airtime_us=496;61.25;1.0;60.291;1.929312;0.968;W80_NSS2_MCS0:bytes=241164,ppdus=8,airtime_us=32000;183.75;1.0;100.25806451612904;0.024864;0.999752;W80_NSS1_MCS4:bytes=3108,ppdus=2,airtime_us=248;275.625;0.6694481638191134;216.97850087158628;4.48104;0.979348;W20_NSS2_MCS6:bytes=43562,ppdus=3,airtime_us=2828|W40_NSS1_MCS6:bytes=65350,ppdus=1,airtime_us=4028|W40_NSS2_MCS6:bytes=76240,ppdus=2,airtime_us=2440|W80_NSS1_MCS6:bytes=374978,ppdus=9,airtime_us=11356;918.75;0.9041089257100597;378.92243536280233;3.634624;0.990408;W20_NSS1_MCS6:bytes=43566,ppdus=1,airtime_us=5356|W80_NSS2_MCS10:bytes=410762,ppdus=11,airtime_us=4236;122.5;1.0;119.74756285274499;1.867104;0.984408;W80_NSS2_MCS1:bytes=233388,ppdus=6,airtime_us=15592;122.5;1.0;120.68289838168829;6.622112;0.945128;W80_NSS2_MCS1:bytes=827764,ppdus=14,airtime_us=54872;918.75;1.0;690.8550458715596;1.506064;0.99782;W80_NSS2_MCS10:bytes=188258,ppdus=9,airtime_us=2180;275.625;1.0;256.83932501834187;2.800576;0.989096;W80_NSS1_MCS6:bytes=350072,ppdus=14,airtime_us=10904;367.5;0.42119494489907267;234.28775822039785;13.871032965667576;0.940794888;W20_NSS2_MCS8:bytes=12446,ppdus=1,airtime_us=628|W20_NSS2_MCS9:bytes=303406,ppdus=7,airtime_us=12844|W40_NSS1_MCS8:bytes=557026,ppdus=11,airtime_us=26004|W40_NSS2_MCS8:bytes=130700,ppdus=2,airtime_us=3112|W80_NSS1_MCS8:bytes=730301.120708447,ppdus=15,airtime_us=16617.112;275.625;1.0;264.499767765908;2.277872;0.991388;W80_NSS1_MCS6:bytes=284734,ppdus=7,airtime_us=8612;510.416667;1.0;417.7875751503006;1.667808;0.996008;W80_NSS1_MCS11:bytes=208476,ppdus=14,airtime_us=3992;122.5;0.9903903198694813;118.72046955245781;2.589056;0.978192;W40_NSS2_MCS1:bytes=3110,ppdus=1,airtime_us=484|W80_NSS2_MCS1:bytes=320522,ppdus=7,airtime_us=21324;122.5;0.8893611202275462;107.79481132075472;2.92512;0.972864;W80_NSS1_MCS1:bytes=40454,ppdus=1,airtime_us=5340|W80_NSS2_MCS1:bytes=325186,ppdus=9,airtime_us=21796;367.5;1.0;330.9364844903988;1.792352;0.994584;W80_NSS1_MCS8:bytes=224044,ppdus=10,airtime_us=5416;183.75;0.7434818972866035;175.36161711129392;11.937216;0.931928;W20_NSS2_MCS6:bytes=65350,ppdus=1,airtime_us=4036|W40_NSS2_MCS4:bytes=317414,ppdus=5,airtime_us=14788|W80_NSS1_MCS4:bytes=1109388,ppdus=20,airtime_us=49248;183.75;0.9149783770562613;178.0055581287633;6.149024;0.965456;W40_NSS2_MCS4:bytes=65350,ppdus=1,airtime_us=3044|W80_NSS1_MCS4:bytes=703278,ppdus=17,airtime_us=31500;183.75;0.7530825993810998;143.86986301369862;2.01648;0.985984;W80_NSS1_MCS2:bytes=62238,ppdus=1,airtime_us=5468|W80_NSS2_MCS2:bytes=189822,ppdus=5,airtime_us=8548;612.5;1.0;479.45146379044684;1.244656;0.997404;W80_NSS2_MCS7:bytes=155582,ppdus=9,airtime_us=2596;183.75;1.0;176.35704165485973;2.489456;0.985884;W80_NSS2_MCS2:bytes=311182,ppdus=9,airtime_us=14116;816.666668;1.0;722.1756647864626;7.16976;0.990072;W80_NSS2_MCS9:bytes=896220,ppdus=18,airtime_us=9928;918.75;0.9934091576830067;794.5589225589225;5.663616;0.992872;W20_NSS2_MCS10:bytes=4666,ppdus=1,airtime_us=228|W80_NSS2_MCS10:bytes=703286,ppdus=13,airtime_us=6900;58.5;1.0;57.865293116242526;5.302544;0.908364;W40_NSS1_MCS3:bytes=662818,ppdus=19,airtime_us=91636;245.0;0.8939198424919267;199.9222074468085;9.621856;0.951872;W40_NSS1_MCS3:bytes=38898,ppdus=1,airtime_us=5372|W40_NSS2_MCS3:bytes=63794,ppdus=1,airtime_us=4420|W80_NSS1_MCS3:bytes=24894,ppdus=1,airtime_us=1676|W80_NSS2_MCS3:bytes=1075146,ppdus=25,airtime_us=36660;219.375;0.7555422237458577;191.27868852459017;0.560064;0.997072;W20_NSS2_MCS10:bytes=52894,ppdus=5,airtime_us=2244|W40_NSS1_MCS10:bytes=17114,ppdus=1,airtime_us=684;234.0;0.4796927257525084;132.88888888888889;1.53088;0.98848;W20_NSS1_MCS9:bytes=59116,ppdus=6,airtime_us=5128|W20_NSS2_MCS5:bytes=28004,ppdus=2,airtime_us=2040|W40_NSS1_MCS5:bytes=12446,ppdus=1,airtime_us=908|W40_NSS2_MCS5:bytes=91794,ppdus=5,airtime_us=3444;390.0;0.996749921621904;368.32178598922246;7.6552;0.979216;W20_NSS2_MCS9:bytes=3110,ppdus=1,airtime_us=180|W40_NSS2_MCS9:bytes=953790,ppdus=19,airtime_us=20604;122.5;1.0;120.48404215561702;6.447824;0.946484;W80_NSS2_MCS1:bytes=805978,ppdus=15,airtime_us=53516
112;1;30;high;-41.5;ap_only_cochannel;ul;su;1;415.9066093448276;297.5931231180335;122.06124381680777;0.2836899452177092;306.25;0.9264703102255326;250.69668246445497;1.692704;0.993248;W20_NSS2_MCS7:bytes=15558,ppdus=1,airtime_us=916|W80_NSS1_MCS7:bytes=196030,ppdus=13,airtime_us=5836;245.0;1.0;216.80267558528428;1.555776;0.992824;W80_NSS2_MCS3:bytes=194472,ppdus=14,airtime_us=7176;61.25;1.0;60.02057436776683;1.120224;0.981336;W80_NSS2_MCS0:bytes=140028,ppdus=6,airtime_us=18664;245.0;1.0;234.33809400155803;3.609744;0.984596;W80_NSS2_MCS3:bytes=451218,ppdus=11,airtime_us=15404;510.416667;0.8888870218361157;397.7376775271512;1.904368;0.995212;W40_NSS1_MCS11:bytes=26450,ppdus=1,airtime_us=924|W80_NSS1_MCS11:bytes=211596,ppdus=10,airtime_us=3864;438.75;0.8097540176695949;313.3261296660118;5.103456;0.983712;W20_NSS1_MCS11:bytes=56014,ppdus=1,airtime_us=3724|W20_NSS2_MCS10:bytes=65350,ppdus=1,airtime_us=2436|W40_NSS2_MCS10:bytes=516568,ppdus=12,airtime_us=10128;183.75;0.9517765503831711;170.78757487115197;9.808672;0.942568;W40_NSS2_MCS2:bytes=59126,ppdus=1,airtime_us=5444|W80_NSS2_MCS2:bytes=1166958,ppdus=21,airtime_us=51988;146.25;0.6060671638238108;141.68143492258164;3.696752;0.973908;W20_NSS2_MCS7:bytes=174258,ppdus=7,airtime_us=9948|W40_NSS1_MCS7:bytes=280060,ppdus=10,airtime_us=15816|W40_NSS2_MCS7:bytes=7776,ppdus=2,airtime_us=328;367.5;0.5862481712993749;241.89812332439678;0.360912;0.998508;W40_NSS1_MCS8:bytes=9332,ppdus=2,airtime_us=536|W40_NSS2_MCS8:bytes=9334,ppdus=1,airtime_us=276|W80_NSS1_MCS8:bytes=26448,ppdus=2,airtime_us=680;735.0;0.9330302117286149;625.6132190942473;8.178016;0.986928;W80_NSS1_MCS8:bytes=68460,ppdus=2,airtime_us=1592|W80_NSS2_MCS8:bytes=953792,ppdus=18,airtime_us=11480;183.75;0.9485097399882952;153.01918976545844;4.593024;0.969984;W20_NSS2_MCS2:bytes=29562,ppdus=1,airtime_us=5444|W80_NSS1_MCS4:bytes=544566,ppdus=17,airtime_us=24572;183.75;1.0;179.07356392204878;7.0204;0.960796;W80_NSS2_MCS2:bytes=877550,ppdus=17,airtime_us=39204;459.375;1.0;185.04761904761904;0.062176;0.999664;W80_NSS1_MCS10:bytes=7772,ppdus=4,airtime_us=336;1020.833334;0.7671716775257085;596.8491947291361;3.261184;0.994536;W40_NSS1_MCS11:bytes=43566,ppdus=1,airtime_us=1484|W40_NSS2_MCS11:bytes=51346,ppdus=1,airtime_us=900|W80_NSS2_MCS11:bytes=312736,ppdus=10,airtime_us=3080;1020.833334;0.5122777307366638;277.88235294117646;0.510192;0.998164;W40_NSS1_MCS11:bytes=27996,ppdus=6,airtime_us=1224|W40_NSS2_MCS11:bytes=3108,ppdus=2,airtime_us=168|W80_NSS2_MCS11:bytes=32670,ppdus=3,airtime_us=444;918.75;0.5434475820536825;513.9605026929983;1.145104;0.997772;W80_NSS1_MCS10:bytes=65350,ppdus=1,airtime_us=1196|W80_NSS2_MCS10:bytes=77788,ppdus=6,airtime_us=1032;438.75;1.0;276.53333333333336;0.049776;0.99982;W40_NSS2_MCS10:bytes=6222,ppdus=1,airtime_us=180;175.5;0.9173554070189901;147.59046723110694;7.530656;0.948976;W20_NSS2_MCS8:bytes=863536,ppdus=22,airtime_us=40744|W80_NSS2_MCS0:bytes=77796,ppdus=2,airtime_us=10280;122.5;0.8567425872701802;104.72906031385895;4.431296;0.957688;W40_NSS2_MCS1:bytes=38898,ppdus=1,airtime_us=5380|W80_NSS1_MCS1:bytes=40454,ppdus=1,airtime_us=5340|W80_NSS2_MCS1:bytes=474560,ppdus=10,airtime_us=31592;292.5;0.7135649825907767;211.11899079440846;2.476848;0.988268;W20_NSS1_MCS8:bytes=4666,ppdus=1,airtime_us=476|W20_NSS2_MCS7:bytes=52900,ppdus=2,airtime_us=3016|W40_NSS1_MCS7:bytes=15558,ppdus=1,airtime_us=908|W40_NSS2_MCS7:bytes=220924,ppdus=14,airtime_us=6872|W80_NSS1_MCS7:bytes=15558,ppdus=1,airtime_us=460;122.5;0.9575117567775799;116.32718815587951;8.202928;0.929484;W20_NSS1_MCS6:bytes=43566,ppdus=1,airtime_us=5356|W80_NSS2_MCS1:bytes=981800,ppdus=18,airtime_us=65160;351.0;0.771668673219409;377.6789955887343;13.35624;0.964636;W40_NSS2_MCS8:bytes=1288324,ppdus=22,airtime_us=30792|W80_NSS2_MCS8:bytes=381206,ppdus=7,airtime_us=4572;816.666668;0.5698466046190969;474.4395229982964;2.227968;0.995304;W80_NSS1_MCS9:bytes=119796,ppdus=8,airtime_us=2752|W80_NSS2_MCS9:bytes=158700,ppdus=6,airtime_us=1944;61.25;0.975064891286549;59.74641740611012;5.989947816807779;0.899743816;W40_NSS1_MCS2:bytes=18670,ppdus=1,airtime_us=3452|W80_NSS2_MCS0:bytes=730073.477100972,ppdus=23,airtime_us=96804.184;367.5;0.9160856342417115;280.6348538995165;5.33992;0.980972;W20_NSS1_MCS5:bytes=24894,ppdus=1,airtime_us=3452|W80_NSS1_MCS4:bytes=31118,ppdus=1,airtime_us=1404|W80_NSS2_MCS4:bytes=611478,ppdus=15,airtime_us=14172;122.5;0.9890927362812003;118.6742476771599;6.84608;0.942312;W20_NSS1_MCS5:bytes=9334,ppdus=1,airtime_us=1324|W80_NSS2_MCS1:bytes=846426,ppdus=19,airtime_us=56364;735.0;1.0;626.8406988694759;2.439664;0.996108;W80_NSS2_MCS8:bytes=304958,ppdus=9,airtime_us=3892;612.5;1.0;554.2393647192285;3.908496;0.992948;W80_NSS2_MCS7:bytes=488562,ppdus=11,airtime_us=7052;;;;0.0;;;816.666668;1.0;722.9128205128205;5.63872;0.9922;W80_NSS2_MCS9:bytes=704840,ppdus=14,airtime_us=7800
112;1;30;high;-41.5;ap_only_cochannel;ul;su;2;455.49722233333335;325.0484304002508;140.89894008039192;0.3949488801019305;122.5;0.9279543922297873;111.45912469033857;4.319264;0.961248;W40_NSS2_MCS1:bytes=38898,ppdus=1,airtime_us=5380|W80_NSS2_MCS1:bytes=501010,ppdus=11,airtime_us=33372;122.5;1.0;120.5551839464883;8.65104;0.92824;W80_NSS2_MCS1:bytes=1081380,ppdus=20,airtime_us=71760;245.0;0.9287928653579061;218.74298150163222;4.020496;0.98162;W80_NSS1_MCS3:bytes=35786,ppdus=1,airtime_us=2396|W80_NSS2_MCS3:bytes=466776,ppdus=12,airtime_us=15984;918.75;0.8478250745156483;571.063829787234;3.43552;0.993984;W20_NSS2_MCS10:bytes=65350,ppdus=1,airtime_us=2436|W80_NSS2_MCS10:bytes=364090,ppdus=7,airtime_us=3580;459.375;0.8526307718674737;417.16274694261523;7.095104;0.982992;W20_NSS2_MCS10:bytes=65350,ppdus=1,airtime_us=2436|W80_NSS1_MCS10:bytes=756188,ppdus=14,airtime_us=13944|W80_NSS2_MCS10:bytes=65350,ppdus=1,airtime_us=628;551.25;1.0;502.6676217765043;5.613792;0.988832;W80_NSS2_MCS6:bytes=701724,ppdus=16,airtime_us=11168;122.5;1.0;120.11113182920008;2.576624;0.978548;W80_NSS2_MCS1:bytes=322078,ppdus=7,airtime_us=21452;131.625;0.5764995943482705;126.19479224376731;4.555632;0.9639;W20_NSS1_MCS11:bytes=65350,ppdus=1,airtime_us=4348|W20_NSS2_MCS6:bytes=328290,ppdus=13,airtime_us=20724|W40_NSS1_MCS6:bytes=175814,ppdus=7,airtime_us=11028;612.5;0.9880519507123762;488.7659574468085;3.124192;0.993608;W20_NSS1_MCS8:bytes=4666,ppdus=1,airtime_us=476|W80_NSS2_MCS7:bytes=385858,ppdus=15,airtime_us=5916;1020.833334;0.9062893953494512;548.2008141112618;9.696576;0.982312;W20_NSS1_MCS7:bytes=48234,ppdus=1,airtime_us=5324|W40_NSS1_MCS11:bytes=65350,ppdus=1,airtime_us=2204|W80_NSS2_MCS11:bytes=1098488,ppdus=24,airtime_us=10160;61.25;1.0;60.12819102976985;3.061968;0.949076;W80_NSS2_MCS0:bytes=382746,ppdus=15,airtime_us=50924;1020.833334;0.8416451802596463;737.9248956884562;8.489088;0.988496;W40_NSS2_MCS11:bytes=168036,ppdus=6,airtime_us=3128|W80_NSS2_MCS11:bytes=893100,ppdus=22,airtime_us=8376;122.5;1.0;120.10324793812711;7.9652439202624;0.933680029;W80_NSS2_MCS1:bytes=995655.4900328,ppdus=23,airtime_us=66319.971;490.0;1.0;447.9434898816342;4.692656;0.989524;W80_NSS2_MCS5:bytes=586582,ppdus=15,airtime_us=10476;275.625;0.7147512751423463;192.70980547836444;3.883488;0.979848;W20_NSS1_MCS6:bytes=6222,ppdus=1,airtime_us=812|W20_NSS2_MCS5:bytes=45122,ppdus=1,airtime_us=3140|W20_NSS2_MCS6:bytes=52898,ppdus=3,airtime_us=3388|W40_NSS1_MCS6:bytes=34228,ppdus=2,airtime_us=2184|W80_NSS1_MCS6:bytes=346966,ppdus=11,airtime_us=10628;735.0;0.8250003443067727;435.0054917623565;3.485264;0.991988;W40_NSS1_MCS8:bytes=76240,ppdus=2,airtime_us=3576|W80_NSS2_MCS8:bytes=359418,ppdus=9,airtime_us=4436;918.75;0.9213478818689718;764.7252646111367;6.646992;0.991308;W80_NSS1_MCS10:bytes=65350,ppdus=1,airtime_us=1196|W80_NSS2_MCS10:bytes=765524,ppdus=14,airtime_us=7496;275.625;1.0;251.56033452807645;2.526672;0.989956;W80_NSS1_MCS6:bytes=315834,ppdus=17,airtime_us=10044;306.25;0.5132151169045907;377.64661855118953;11.302208;0.970072;W80_NSS1_MCS7:bytes=725058,ppdus=19,airtime_us=19908|W80_NSS2_MCS7:bytes=687718,ppdus=17,airtime_us=10020;1020.833334;0.8153831955595987;541.7785714285715;2.427168;0.99552;W40_NSS1_MCS11:bytes=56012,ppdus=2,airtime_us=1944|W80_NSS2_MCS11:bytes=247384,ppdus=10,airtime_us=2536;263.25;0.9181272629323846;232.74238227146813;6.38552;0.972564;W20_NSS2_MCS6:bytes=65350,ppdus=1,airtime_us=4036|W40_NSS2_MCS6:bytes=732840,ppdus=18,airtime_us=23400;551.25;1.0;217.68;0.087072;0.9996;W80_NSS2_MCS6:bytes=10884,ppdus=4,airtime_us=400;1020.833334;1.0;806.6124523506988;2.539216;0.996852;W80_NSS2_MCS11:bytes=317402,ppdus=11,airtime_us=3148;234.0;1.0;107.17241379310344;0.024864;0.999768;W40_NSS2_MCS5:bytes=3108,ppdus=2,airtime_us=232;367.5;0.776608547008547;271.8401486988848;2.34;0.991392;W80_NSS1_MCS4:bytes=65342,ppdus=5,airtime_us=3116|W80_NSS2_MCS4:bytes=227158,ppdus=9,airtime_us=5492;122.5;0.938778971142566;113.72589547708864;5.2862881601295095;0.953517287;W80_NSS1_MCS1:bytes=40454,ppdus=1,airtime_us=5340|W80_NSS2_MCS1:bytes=620332.020016189,ppdus=10,airtime_us=41142.713;183.75;1.0;162.17760617760618;0.672064;0.995856;W80_NSS2_MCS2:bytes=84008,ppdus=8,airtime_us=4144;122.5;1.0;93.76884422110552;0.07464;0.999204;W80_NSS2_MCS1:bytes=9330,ppdus=3,airtime_us=796;245.0;0.9583330676681182;226.69509286695092;12.54712;0.944652;W40_NSS2_MCS3:bytes=65350,ppdus=1,airtime_us=4532|W80_NSS2_MCS3:bytes=1503040,ppdus=28,airtime_us=50816;1020.833334;0.9778629466424441;364.58798097708603;3.373168;0.990748;W40_NSS1_MCS0:bytes=9334,ppdus=1,airtime_us=5164|W80_NSS2_MCS11:bytes=412312,ppdus=14,airtime_us=4088
113;1;30;high;-41.5;ap_only_cochannel;dl;su;0;245.2520834;37.6312019100435;1.96176;0.8602528009847613;183.75;0.9397817876626101;47.66;0.076256;0.9984;W40_NSS2_MCS4:bytes=574,ppdus=1,airtime_us=84|W80_NSS1_MCS4:bytes=8958,ppdus=21,airtime_us=1516;408.333334;0.5339118115813707;27.18170878459687;0.090352;0.996676;W20_NSS1_MCS0:bytes=2010,ppdus=3,airtime_us=2356|W20_NSS1_MCS9:bytes=766,ppdus=1,airtime_us=108|W20_NSS2_MCS9:bytes=1340,ppdus=2,airtime_us=168|W40_NSS1_MCS9:bytes=1148,ppdus=2,airtime_us=152|W80_NSS1_MCS9:bytes=6030,ppdus=9,airtime_us=540;131.625;0.7246609564596717;17.567398119122256;0.089664;0.994896;W20_NSS1_MCS0:bytes=3086,ppdus=5,airtime_us=3644|W40_NSS1_MCS6:bytes=8122,ppdus=19,airtime_us=1460;61.25;1.0;38.22053231939164;0.040208;0.998948;W80_NSS2_MCS0:bytes=5026,ppdus=7,airtime_us=1052;183.75;0.7340444765865124;47.78401727861771;0.088496;0.998148;W40_NSS1_MCS6:bytes=2942,ppdus=9,airtime_us=636|W80_NSS1_MCS4:bytes=8120,ppdus=16,airtime_us=1216;551.25;0.6065512748929834;23.284940411700976;0.085968;0.996308;W20_NSS1_MCS0:bytes=2114,ppdus=3,airtime_us=2468|W20_NSS1_MCS6:bytes=774,ppdus=1,airtime_us=140|W20_NSS2_MCS6:bytes=1340,ppdus=2,airtime_us=200|W80_NSS2_MCS6:bytes=6518,ppdus=13,airtime_us=884;918.75;0.6957841483979764;22.504743833017077;0.04744;0.997892;W40_NSS2_MCS10:bytes=1804,ppdus=10,airtime_us=680|W80_NSS2_MCS10:bytes=4126,ppdus=21,airtime_us=1428;122.5;1.0;58.311557788944725;0.046416;0.999204;W80_NSS2_MCS1:bytes=5802,ppdus=7,airtime_us=796;122.5;1.0;63.726027397260275;0.055824;0.999124;W80_NSS2_MCS1:bytes=6978,ppdus=7,airtime_us=876;459.375;0.5811005097372892;47.44806201550388;0.122416;0.99742;W20_NSS1_MCS0:bytes=926,ppdus=1,airtime_us=1068|W20_NSS1_MCS4:bytes=702,ppdus=1,airtime_us=188|W40_NSS2_MCS10:bytes=4782,ppdus=5,airtime_us=420|W80_NSS1_MCS10:bytes=8892,ppdus=14,airtime_us=904;551.25;0.5555555555555556;15.875776397515528;0.020448;0.998712;W20_NSS1_MCS4:bytes=760,ppdus=4,airtime_us=368|W40_NSS1_MCS6:bytes=376,ppdus=4,airtime_us=240|W80_NSS2_MCS6:bytes=1420,ppdus=10,airtime_us=680;175.5;0.523954526999594;20.024390243902438;0.078816;0.996064;W20_NSS1_MCS0:bytes=2010,ppdus=3,airtime_us=2356|W20_NSS1_MCS8:bytes=1436,ppdus=2,airtime_us=232|W20_NSS1_MCS9:bytes=670,ppdus=1,airtime_us=108|W20_NSS2_MCS8:bytes=5162,ppdus=15,airtime_us=1164|W40_NSS1_MCS8:bytes=574,ppdus=1,airtime_us=76;263.25;0.5802744972869455;28.942263279445726;0.100256;0.996536;W20_NSS1_MCS0:bytes=1626,ppdus=3,airtime_us=1940|W20_NSS1_MCS6:bytes=1244,ppdus=2,airtime_us=248|W20_NSS1_MCS10:bytes=382,ppdus=1,airtime_us=76|W40_NSS2_MCS6:bytes=7272,ppdus=12,airtime_us=944|W80_NSS1_MCS6:bytes=2008,ppdus=4,airtime_us=256;243.75;0.507563566140972;43.60701754385965;0.049712;0.99886;W20_NSS1_MCS1:bytes=478,ppdus=1,airtime_us=316|W20_NSS2_MCS11:bytes=2582,ppdus=5,airtime_us=372|W40_NSS1_MCS11:bytes=3154,ppdus=7,airtime_us=452;122.5;1.0;58.440677966101696;0.055168;0.999056;W80_NSS2_MCS1:bytes=6896,ppdus=8,airtime_us=944;61.25;1.0;40.6692607003891;0.041808;0.998972;W80_NSS1_MCS1:bytes=5226,ppdus=7,airtime_us=1028;58.5;0.45691005954246317;35.853932584269664;0.102112;0.997152;W20_NSS1_MCS0:bytes=670,ppdus=1,airtime_us=780|W20_NSS1_MCS5:bytes=5832,ppdus=12,airtime_us=1392|W20_NSS2_MCS8:bytes=670,ppdus=1,airtime_us=84|W40_NSS1_MCS8:bytes=1912,ppdus=4,airtime_us=272|W40_NSS2_MCS8:bytes=3680,ppdus=4,airtime_us=320;183.75;0.9521048651373835;43.237057220708444;0.063472;0.998532;W20_NSS1_MCS0:bytes=190,ppdus=1,airtime_us=268|W40_NSS1_MCS6:bytes=190,ppdus=1,airtime_us=60|W80_NSS1_MCS4:bytes=7554,ppdus=15,airtime_us=1140;183.75;0.8209572582233603;54.44504021447721;0.081232;0.998508;W20_NSS1_MCS4:bytes=606,ppdus=1,airtime_us=156|W80_NSS1_MCS4:bytes=8336,ppdus=16,airtime_us=1200|W80_NSS2_MCS4:bytes=1212,ppdus=2,airtime_us=136;183.75;1.0;65.1304347826087;0.047936;0.999264;W80_NSS2_MCS2:bytes=5992,ppdus=8,airtime_us=736;146.25;0.6150121065375302;25.15736040609137;0.039648;0.998424;W20_NSS1_MCS0:bytes=286,ppdus=1,airtime_us=364|W20_NSS1_MCS6:bytes=382,ppdus=1,airtime_us=92|W20_NSS2_MCS7:bytes=3048,ppdus=12,airtime_us=848|W40_NSS2_MCS7:bytes=1240,ppdus=4,airtime_us=272;183.75;1.0;44.353591160220994;0.032112;0.999276;W80_NSS2_MCS2:bytes=4014,ppdus=9,airtime_us=724;816.666668;0.68007964822036;40.07647547797174;0.192848;0.995188;W20_NSS1_MCS0:bytes=2756,ppdus=2,airtime_us=3128|W20_NSS2_MCS9:bytes=4956,ppdus=6,airtime_us=568|W80_NSS2_MCS9:bytes=16394,ppdus=15,airtime_us=1116;7.3125;1.0;6.815217391304348;0.040128;0.994112;W20_NSS1_MCS0:bytes=5016,ppdus=8,airtime_us=5888;61.25;0.8528325123152709;29.0;0.025984;0.999104;W20_NSS2_MCS3:bytes=478,ppdus=1,airtime_us=132|W80_NSS2_MCS0:bytes=2770,ppdus=7,airtime_us=764;245.0;1.0;70.13861386138613;0.056672;0.999192;W80_NSS2_MCS3:bytes=7084,ppdus=10,airtime_us=808;97.5;0.6917302485847896;41.353689567430024;0.130016;0.996856;W20_NSS1_MCS0:bytes=286,ppdus=1,airtime_us=364|W20_NSS1_MCS9:bytes=11242,ppdus=23,airtime_us=2084|W40_NSS1_MCS10:bytes=2008,ppdus=4,airtime_us=288|W40_NSS2_MCS10:bytes=1148,ppdus=2,airtime_us=136|W80_NSS2_MCS10:bytes=1568,ppdus=4,airtime_us=272;117.0;0.625;11.058823529411764;0.006016;0.999456;W20_NSS2_MCS5:bytes=470,ppdus=5,airtime_us=340|W40_NSS2_MCS5:bytes=282,ppdus=3,airtime_us=204;390.0;0.5714285714285714;12.63716814159292;0.005712;0.999548;W40_NSS2_MCS9:bytes=408,ppdus=4,airtime_us=272|W80_NSS1_MCS9:bytes=306,ppdus=3,airtime_us=180;122.5;0.8111220796314578;48.430278884462155;0.048624;0.998996;W20_NSS1_MCS6:bytes=574,ppdus=1,airtime_us=124|W40_NSS2_MCS1:bytes=574,ppdus=1,airtime_us=132|W80_NSS2_MCS1:bytes=4930,ppdus=7,airtime_us=748
113;1;30;high;-41.5;ap_only_cochannel;dl;su;1;312.0784723333333;41.52222259378886;2.325328;0.09833543239671683;146.25;0.7009199791702829;31.098515519568153;0.092176;0.997036;W20_NSS1_MCS0:bytes=1436,ppdus=2,airtime_us=1688|W20_NSS1_MCS7:bytes=1436,ppdus=2,airtime_us=248|W20_NSS1_MCS9:bytes=574,ppdus=1,airtime_us=92|W40_NSS1_MCS7:bytes=8076,ppdus=10,airtime_us=936;245.0;0.7683465959328029;62.659279778393355;0.09048;0.998556;W20_NSS2_MCS8:bytes=2620,ppdus=2,airtime_us=232|W80_NSS2_MCS3:bytes=8690,ppdus=15,airtime_us=1212;219.375;0.7742298178547335;64.44927536231884;0.142304;0.997792;W20_NSS2_MCS10:bytes=13772,ppdus=14,airtime_us=1384|W80_NSS1_MCS0:bytes=574,ppdus=1,airtime_us=204|W80_NSS2_MCS0:bytes=3442,ppdus=3,airtime_us=620;122.5;0.948099891422367;61.60535117056856;0.07368;0.998804;W20_NSS2_MCS4:bytes=478,ppdus=1,airtime_us=100|W80_NSS1_MCS3:bytes=8732,ppdus=10,airtime_us=1096;1020.833334;0.46880104540999673;53.93832599118943;0.048976;0.999092;W20_NSS1_MCS3:bytes=574,ppdus=1,airtime_us=204|W20_NSS1_MCS11:bytes=1340,ppdus=2,airtime_us=184|W80_NSS1_MCS11:bytes=1338,ppdus=3,airtime_us=180|W80_NSS2_MCS11:bytes=2870,ppdus=5,airtime_us=340;219.375;0.6363636363636364;11.953757225433526;0.008272;0.999308;W40_NSS1_MCS10:bytes=658,ppdus=7,airtime_us=420|W40_NSS2_MCS10:bytes=376,ppdus=4,airtime_us=272;183.75;0.8888888888888888;54.07058823529412;0.055152;0.99898;W20_NSS1_MCS3:bytes=766,ppdus=1,airtime_us=268|W80_NSS2_MCS2:bytes=6128,ppdus=8,airtime_us=752;612.5;0.8527472527472527;43.54066985645933;0.0728;0.998328;W20_NSS1_MCS0:bytes=670,ppdus=1,airtime_us=780|W80_NSS1_MCS7:bytes=670,ppdus=1,airtime_us=76|W80_NSS2_MCS7:bytes=7760,ppdus=12,airtime_us=816;175.5;0.4776667814904122;43.8188679245283;0.139344;0.99682;W20_NSS1_MCS0:bytes=862,ppdus=1,airtime_us=1004|W20_NSS1_MCS9:bytes=1150,ppdus=1,airtime_us=140|W20_NSS2_MCS8:bytes=8320,ppdus=16,airtime_us=1360|W40_NSS1_MCS8:bytes=1724,ppdus=2,airtime_us=184|W40_NSS2_MCS8:bytes=1626,ppdus=3,airtime_us=204|W80_NSS1_MCS8:bytes=3736,ppdus=4,airtime_us=288;735.0;0.7274678111587983;25.038805970149255;0.067104;0.99732;W20_NSS1_MCS0:bytes=572,ppdus=2,airtime_us=728|W20_NSS2_MCS8:bytes=1526,ppdus=5,airtime_us=388|W40_NSS2_MCS8:bytes=188,ppdus=2,airtime_us=136|W80_NSS2_MCS8:bytes=6102,ppdus=21,airtime_us=1428;183.75;1.0;49.185667752442995;0.0604;0.998772;W80_NSS1_MCS4:bytes=7550,ppdus=17,airtime_us=1228;183.75;1.0;72.72;0.058176;0.9992;W80_NSS2_MCS2:bytes=7272,ppdus=8,airtime_us=800;219.375;0.7225501770956316;12.14336917562724;0.013552;0.998884;W20_NSS1_MCS11:bytes=470,ppdus=5,airtime_us=300|W20_NSS2_MCS10:bytes=1224,ppdus=12,airtime_us=816;487.5;0.6435346380117661;37.30795072788354;0.133264;0.996428;W20_NSS1_MCS0:bytes=1724,ppdus=2,airtime_us=1992|W20_NSS1_MCS11:bytes=2682,ppdus=3,airtime_us=324|W20_NSS2_MCS11:bytes=1532,ppdus=2,airtime_us=168|W40_NSS2_MCS11:bytes=10720,ppdus=16,airtime_us=1088;243.75;0.5136381098732232;32.036923076923074;0.083296;0.9974;W20_NSS1_MCS0:bytes=860,ppdus=2,airtime_us=1048|W20_NSS1_MCS11:bytes=956,ppdus=2,airtime_us=152|W20_NSS2_MCS11:bytes=2292,ppdus=6,airtime_us=424|W40_NSS1_MCS11:bytes=5348,ppdus=14,airtime_us=840|W40_NSS2_MCS11:bytes=956,ppdus=2,airtime_us=136;438.75;0.7412372401918583;44.860689655172415;0.130096;0.9971;W20_NSS1_MCS0:bytes=478,ppdus=1,airtime_us=572|W20_NSS1_MCS2:bytes=956,ppdus=2,airtime_us=456|W20_NSS1_MCS10:bytes=478,ppdus=1,airtime_us=92|W20_NSS2_MCS10:bytes=1532,ppdus=2,airtime_us=168|W40_NSS1_MCS10:bytes=764,ppdus=2,airtime_us=136|W40_NSS2_MCS10:bytes=12054,ppdus=21,airtime_us=1476;121.875;0.8267849598648078;23.33935907970419;0.113616;0.995132;W20_NSS1_MCS0:bytes=2460,ppdus=6,airtime_us=3032|W20_NSS1_MCS11:bytes=11742,ppdus=21,airtime_us=1836;175.5;0.5419401896425966;49.11044776119403;0.065808;0.99866;W20_NSS2_MCS8:bytes=4458,ppdus=7,airtime_us=604|W80_NSS2_MCS0:bytes=3768,ppdus=4,airtime_us=736;122.5;0.9080652904464714;49.01176470588236;0.066656;0.99864;W20_NSS1_MCS2:bytes=766,ppdus=1,airtime_us=332|W80_NSS2_MCS1:bytes=7566,ppdus=9,airtime_us=1028;612.5;0.8488924050632911;37.1764705882353;0.040448;0.998912;W40_NSS2_MCS7:bytes=764,ppdus=2,airtime_us=136|W80_NSS2_MCS7:bytes=4292,ppdus=14,airtime_us=952;122.5;1.0;55.23745819397993;0.066064;0.998804;W80_NSS2_MCS1:bytes=8258,ppdus=11,airtime_us=1196;367.5;0.44538373860182373;42.70993914807302;0.168448;0.996056;W20_NSS1_MCS0:bytes=1436,ppdus=2,airtime_us=1672|W20_NSS1_MCS8:bytes=1436,ppdus=2,airtime_us=232|W20_NSS2_MCS8:bytes=1724,ppdus=2,airtime_us=200|W40_NSS1_MCS8:bytes=4308,ppdus=6,airtime_us=488|W40_NSS2_MCS8:bytes=2774,ppdus=5,airtime_us=372|W80_NSS1_MCS8:bytes=9378,ppdus=15,airtime_us=980;816.666668;0.688173249551167;39.964125560538115;0.142592;0.996432;W20_NSS1_MCS0:bytes=2204,ppdus=2,airtime_us=2520|W20_NSS2_MCS9:bytes=958,ppdus=1,airtime_us=100|W40_NSS1_MCS9:bytes=2396,ppdus=2,airtime_us=200|W80_NSS2_MCS9:bytes=12266,ppdus=11,airtime_us=748;61.25;0.8504149778035128;39.62523900573614;0.082896;0.997908;W20_NSS2_MCS2:bytes=1550,ppdus=1,airtime_us=340|W80_NSS2_MCS0:bytes=8812,ppdus=10,airtime_us=1752;183.75;0.7500544780998039;49.211796246648795;0.073424;0.998508;W20_NSS2_MCS5:bytes=1436,ppdus=2,airtime_us=232|W40_NSS1_MCS5:bytes=858,ppdus=3,airtime_us=212|W80_NSS1_MCS4:bytes=6884,ppdus=14,airtime_us=1048;122.5;0.7879980324643384;53.150326797385624;0.065056;0.998776;W20_NSS1_MCS5:bytes=862,ppdus=1,airtime_us=172|W80_NSS1_MCS1:bytes=862,ppdus=1,airtime_us=172|W80_NSS2_MCS1:bytes=6408,ppdus=8,airtime_us=880;351.0;0.7647058823529411;11.373665480427047;0.012784;0.998876;W20_NSS1_MCS8:bytes=376,ppdus=4,airtime_us=240|W40_NSS2_MCS8:bytes=1222,ppdus=13,airtime_us=884;21.9375;0.8903521328371028;18.957937584803258;0.055888;0.997052;W20_NSS1_MCS2:bytes=6220,ppdus=10,airtime_us=2808|W20_NSS1_MCS7:bytes=766,ppdus=1,airtime_us=140;29.25;1.0;23.776223776223777;0.0544;0.997712;W20_NSS1_MCS3:bytes=6800,ppdus=8,airtime_us=2288;816.666668;0.6665559614745932;52.5938864628821;0.048176;0.999084;W20_NSS1_MCS9:bytes=956,ppdus=2,airtime_us=184|W80_NSS1_MCS9:bytes=1052,ppdus=2,airtime_us=120|W80_NSS2_MCS9:bytes=4014,ppdus=9,airtime_us=612
113;1;30;high;-41.5;ap_only_cochannel;dl;su;2;272.91111113333335;39.90827988352829;2.23464;-363.6605744125327;122.5;1.0;51.10204081632653;0.040064;0.999216;W80_NSS2_MCS1:bytes=5008,ppdus=8,airtime_us=784;122.5;0.6612774451097805;63.41772151898734;0.08016;0.998736;W20_NSS1_MCS9:bytes=3394,ppdus=3,airtime_us=436|W80_NSS2_MCS1:bytes=6626,ppdus=7,airtime_us=828;245.0;0.5764925373134329;61.12280701754386;0.111488;0.998176;W20_NSS2_MCS10:bytes=766,ppdus=1,airtime_us=84|W80_NSS1_MCS3:bytes=5136,ppdus=4,airtime_us=544|W80_NSS2_MCS3:bytes=8034,ppdus=15,airtime_us=1196;219.375;0.75;12.533333333333333;0.012032;0.99904;W20_NSS1_MCS10:bytes=376,ppdus=4,airtime_us=240|W40_NSS1_MCS10:bytes=1128,ppdus=12,airtime_us=720;438.75;0.6565961732124874;49.495327102803735;0.127104;0.997432;W20_NSS1_MCS0:bytes=766,ppdus=1,airtime_us=892|W20_NSS2_MCS10:bytes=4690,ppdus=7,airtime_us=588|W40_NSS2_MCS10:bytes=10432,ppdus=16,airtime_us=1088;29.25;0.3995147594015366;22.154535274356103;0.158272;0.992856;W20_NSS1_MCS0:bytes=2970,ppdus=3,airtime_us=3412|W20_NSS1_MCS6:bytes=1054,ppdus=1,airtime_us=188|W20_NSS2_MCS1:bytes=7904,ppdus=8,airtime_us=2640|W20_NSS2_MCS6:bytes=958,ppdus=1,airtime_us=116|W40_NSS1_MCS6:bytes=6898,ppdus=7,airtime_us=788;122.5;1.0;55.568345323741006;0.061792;0.998888;W80_NSS2_MCS1:bytes=7724,ppdus=10,airtime_us=1112;263.25;1.0;11.058823529411764;0.006768;0.999388;W40_NSS2_MCS6:bytes=846,ppdus=9,airtime_us=612;612.5;1.0;11.058823529411764;0.000752;0.999932;W80_NSS2_MCS7:bytes=94,ppdus=1,airtime_us=68;487.5;0.6854510392114849;47.022670025188916;0.074672;0.998412;W20_NSS1_MCS0:bytes=574,ppdus=1,airtime_us=684|W20_NSS1_MCS11:bytes=1788,ppdus=2,airtime_us=216|W40_NSS1_MCS11:bytes=574,ppdus=1,airtime_us=76|W40_NSS2_MCS11:bytes=6398,ppdus=9,airtime_us=612;61.25;0.8987575997885277;39.3038961038961;0.060528;0.99846;W20_NSS2_MCS3:bytes=766,ppdus=1,airtime_us=164|W80_NSS2_MCS0:bytes=6800,ppdus=8,airtime_us=1376;121.875;0.8425165562913908;26.444833625218916;0.1208;0.995432;W20_NSS1_MCS0:bytes=2378,ppdus=3,airtime_us=2756|W20_NSS1_MCS11:bytes=12722,ppdus=19,airtime_us=1812;122.5;1.0;49.69230769230769;0.041344;0.999168;W80_NSS2_MCS1:bytes=5168,ppdus=8,airtime_us=832;490.0;0.6757699012202208;38.45810055865922;0.082608;0.997852;W20_NSS2_MCS0:bytes=1244,ppdus=2,airtime_us=792|W40_NSS2_MCS5:bytes=2104,ppdus=4,airtime_us=336|W80_NSS2_MCS5:bytes=6978,ppdus=15,airtime_us=1020;65.8125;0.5224470250209505;18.718207282913166;0.133648;0.99286;W20_NSS1_MCS0:bytes=3958,ppdus=5,airtime_us=4588|W20_NSS1_MCS5:bytes=4020,ppdus=6,airtime_us=872|W20_NSS1_MCS6:bytes=8728,ppdus=12,airtime_us=1680;735.0;0.48453272549658094;43.7153024911032;0.098272;0.997752;W20_NSS1_MCS0:bytes=582,ppdus=1,airtime_us=684|W20_NSS1_MCS10:bytes=3630,ppdus=5,airtime_us=508|W80_NSS1_MCS8:bytes=2120,ppdus=4,airtime_us=240|W80_NSS2_MCS8:bytes=5952,ppdus=12,airtime_us=816;109.6875;0.7890365448504983;24.73972602739726;0.028896;0.998832;W20_NSS1_MCS10:bytes=2850,ppdus=15,airtime_us=964|W20_NSS2_MCS10:bytes=380,ppdus=2,airtime_us=136|W40_NSS2_MCS10:bytes=382,ppdus=1,airtime_us=68;131.625;0.4905582922824302;24.606060606060606;0.077952;0.996832;W20_NSS1_MCS0:bytes=1148,ppdus=2,airtime_us=1352|W20_NSS1_MCS10:bytes=3816,ppdus=12,airtime_us=912|W20_NSS2_MCS6:bytes=4780,ppdus=10,airtime_us=904;612.5;0.6117936117936118;37.1689497716895;0.06512;0.998248;W20_NSS1_MCS0:bytes=766,ppdus=1,airtime_us=892|W20_NSS1_MCS3:bytes=862,ppdus=1,airtime_us=284|W40_NSS2_MCS7:bytes=1532,ppdus=2,airtime_us=168|W80_NSS2_MCS7:bytes=4980,ppdus=6,airtime_us=408;1020.833334;0.8443670150987224;64.49438202247191;0.06888;0.998932;W20_NSS1_MCS11:bytes=1340,ppdus=2,airtime_us=184|W80_NSS2_MCS11:bytes=7270,ppdus=13,airtime_us=884;43.875;0.819496855345912;24.336734693877553;0.07632;0.996864;W20_NSS1_MCS0:bytes=574,ppdus=1,airtime_us=684|W20_NSS1_MCS4:bytes=7818,ppdus=15,airtime_us=2212|W20_NSS1_MCS6:bytes=574,ppdus=1,airtime_us=124|W20_NSS2_MCS4:bytes=574,ppdus=1,airtime_us=116;58.5;0.521085225597169;38.20845070422535;0.054256;0.99858;W20_NSS1_MCS5:bytes=3534,ppdus=9,airtime_us=908|W40_NSS2_MCS6:bytes=668,ppdus=2,airtime_us=136|W80_NSS1_MCS6:bytes=2580,ppdus=6,airtime_us=376;243.75;0.5180983940861585;50.456591639871384;0.125536;0.997512;W20_NSS1_MCS2:bytes=1532,ppdus=2,airtime_us=664|W20_NSS2_MCS11:bytes=8130,ppdus=15,airtime_us=1212|W80_NSS2_MCS11:bytes=6030,ppdus=9,airtime_us=612;490.0;0.8;11.058823529411764;0.00376;0.99966;W40_NSS2_MCS5:bytes=94,ppdus=1,airtime_us=68|W80_NSS2_MCS5:bytes=376,ppdus=4,airtime_us=272;183.75;1.0;66.49180327868852;0.129792;0.998048;W80_NSS1_MCS4:bytes=16224,ppdus=24,airtime_us=1952;122.5;0.9000298418382572;52.56470588235294;0.053616;0.99898;W20_NSS1_MCS5:bytes=670,ppdus=1,airtime_us=140|W80_NSS2_MCS1:bytes=6032,ppdus=8,airtime_us=880;183.75;1.0;60.27272727272727;0.042432;0.999296;W80_NSS2_MCS2:bytes=5304,ppdus=8,airtime_us=704;122.5;0.9168264621284755;55.258278145695364;0.066752;0.998792;W20_NSS1_MCS2:bytes=694,ppdus=1,airtime_us=300|W80_NSS2_MCS1:bytes=7650,ppdus=7,airtime_us=908;117.0;0.8965641302392516;55.72932330827068;0.088944;0.998404;W40_NSS1_MCS3:bytes=1150,ppdus=1,airtime_us=204|W40_NSS2_MCS3:bytes=9968,ppdus=12,airtime_us=1392;487.5;0.6630630630630631;30.994764397905758;0.14208;0.995416;W20_NSS1_MCS11:bytes=574,ppdus=1,airtime_us=92|W20_NSS2_MCS0:bytes=5410,ppdus=7,airtime_us=3372|W40_NSS2_MCS11:bytes=11776,ppdus=16,airtime_us=1120
114;1;30;high;-41.5;ap_only_cochannel;ul_dl;su;0;394.72361126666664;250.01577671058607;105.53698280127213;-0.11394775941262436;367.5;0.8370455492840324;211.3357142857143;2.840352;0.98656;W20_NSS1_MCS6:bytes=28006,ppdus=1,airtime_us=3452|W20_NSS2_MCS4:bytes=29850,ppdus=1,airtime_us=2788|W80_NSS2_MCS4:bytes=297188,ppdus=12,airtime_us=7200;816.666668;0.7886519114688129;546.1538461538462;1.7892;0.996724;W80_NSS1_MCS9:bytes=47268,ppdus=2,airtime_us=1016|W80_NSS2_MCS9:bytes=176382,ppdus=9,airtime_us=2260;551.25;0.875581126899555;431.66976062530534;3.534512;0.991812;W80_NSS1_MCS6:bytes=54970,ppdus=5,airtime_us=1852|W80_NSS2_MCS6:bytes=386844,ppdus=12,airtime_us=6336;61.25;0.9432983313178239;62.42466521332918;4.008912;0.93578;W20_NSS2_MCS7:bytes=28414,ppdus=1,airtime_us=1620|W80_NSS2_MCS0:bytes=472700,ppdus=14,airtime_us=62600;367.5;0.8132487759997371;196.2786198000645;2.43464;0.987596;W20_NSS1_MCS6:bytes=31406,ppdus=1,airtime_us=3868|W40_NSS1_MCS4:bytes=25428,ppdus=2,airtime_us=2424|W80_NSS2_MCS4:bytes=247496,ppdus=12,airtime_us=6112;551.25;0.9361604280678784;406.7796423658872;5.914576;0.98546;W20_NSS1_MCS10:bytes=47198,ppdus=1,airtime_us=3500|W80_NSS2_MCS6:bytes=692124,ppdus=16,airtime_us=11040;438.75;1.0;181.45454545454547;0.111776;0.999384;W40_NSS2_MCS10:bytes=13972,ppdus=6,airtime_us=616;122.5;1.0;120.56709910296273;13.494352;0.888076;W80_NSS2_MCS1:bytes=1686794,ppdus=29,airtime_us=111924;122.5;1.0;120.36938748157084;3.592304;0.970156;W80_NSS2_MCS1:bytes=449038,ppdus=9,airtime_us=29844;918.75;0.7485550232990599;226.42413050169282;2.942608;0.987004;W20_NSS1_MCS4:bytes=28310,ppdus=1,airtime_us=5212|W20_NSS1_MCS10:bytes=64178,ppdus=1,airtime_us=4732|W80_NSS2_MCS10:bytes=275338,ppdus=11,airtime_us=3052;551.25;0.9799032305992855;473.0359052711994;2.476816;0.994764;W80_NSS1_MCS6:bytes=6222,ppdus=1,airtime_us=236|W80_NSS2_MCS6:bytes=303380,ppdus=10,airtime_us=5000;351.0;1.0;292.35535307517085;1.026752;0.996488;W40_NSS2_MCS8:bytes=128344,ppdus=10,airtime_us=3512;263.25;0.8317881607915025;139.08020738029887;3.648352;0.973768;W20_NSS1_MCS0:bytes=7872,ppdus=2,airtime_us=8728|W20_NSS1_MCS6:bytes=14194,ppdus=1,airtime_us=1772|W20_NSS2_MCS6:bytes=11080,ppdus=2,airtime_us=792|W40_NSS1_MCS6:bytes=43566,ppdus=1,airtime_us=2700|W40_NSS2_MCS6:bytes=379332,ppdus=12,airtime_us=12240;1020.833334;0.9487187878391203;733.6614645858343;2.44456;0.996668;W20_NSS2_MCS11:bytes=15670,ppdus=1,airtime_us=580|W80_NSS2_MCS11:bytes=289900,ppdus=8,airtime_us=2752;122.5;0.9747410352255449;116.27255985267035;4.040704;0.965248;W20_NSS1_MCS5:bytes=12758,ppdus=1,airtime_us=1804|W80_NSS2_MCS1:bytes=492330,ppdus=13,airtime_us=32948;122.5;1.0;118.82732447817837;2.003904;0.983136;W80_NSS2_MCS1:bytes=250488,ppdus=8,airtime_us=16864;735.0;1.0;526.8641975308642;1.194928;0.997732;W80_NSS2_MCS8:bytes=149366,ppdus=11,airtime_us=2268;175.5;0.9264023428700158;157.85115570231142;4.97168;0.968504;W20_NSS2_MCS4:bytes=45738,ppdus=1,airtime_us=4228|W40_NSS2_MCS4:bytes=575722,ppdus=17,airtime_us=27268;367.5;0.9480406663166436;276.5808580858086;1.67608;0.99394;W20_NSS2_MCS4:bytes=3110,ppdus=1,airtime_us=340|W80_NSS1_MCS4:bytes=7776,ppdus=2,airtime_us=440|W80_NSS2_MCS4:bytes=198624,ppdus=16,airtime_us=5280;183.75;0.5243379571248423;121.63141993957704;2.09352;0.982788;W80_NSS1_MCS2:bytes=124476,ppdus=2,airtime_us=10936|W80_NSS2_MCS2:bytes=137214,ppdus=5,airtime_us=6276;612.5;0.7290791672311792;261.27433628318585;2.125728;0.991864;W20_NSS1_MCS6:bytes=32786,ppdus=1,airtime_us=4044|W80_NSS1_MCS7:bytes=39202,ppdus=1,airtime_us=1084|W80_NSS2_MCS7:bytes=193728,ppdus=8,airtime_us=3008;183.75;0.8909725086813339;161.99201766953365;4.566774801272131;0.971808643;W80_NSS1_MCS2:bytes=62238,ppdus=1,airtime_us=5468|W80_NSS2_MCS2:bytes=508608.850159016,ppdus=10,airtime_us=22723.357;816.666668;0.800950097474623;392.3252747252747;2.142096;0.99454;W20_NSS1_MCS7:bytes=15750,ppdus=1,airtime_us=1772|W40_NSS2_MCS9:bytes=37548,ppdus=2,airtime_us=888|W80_NSS2_MCS9:bytes=214464,ppdus=12,airtime_us=2800;219.375;1.0;12.533333333333333;0.000752;0.99994;W40_NSS1_MCS10:bytes=94,ppdus=1,airtime_us=60;58.5;1.0;57.82917062296165;5.603184;0.903108;W40_NSS1_MCS3:bytes=700398,ppdus=21,airtime_us=96892;245.0;0.9688417373257417;229.91367132318317;17.57736;0.923548;W80_NSS1_MCS3:bytes=68460,ppdus=2,airtime_us=4568|W80_NSS2_MCS3:bytes=2128710,ppdus=39,airtime_us=71884;438.75;1.0;111.79661016949153;0.026384;0.999764;W40_NSS2_MCS10:bytes=3298,ppdus=3,airtime_us=236;117.0;0.5081240768094535;25.79047619047619;0.010832;0.99958;W40_NSS1_MCS5:bytes=688,ppdus=4,airtime_us=240|W80_NSS1_MCS5:bytes=666,ppdus=3,airtime_us=180;816.666668;1.0;667.2869565217392;2.455616;0.99632;W80_NSS2_MCS9:bytes=306952,ppdus=12,airtime_us=3680;122.5;1.0;120.1135975915705;4.787728;0.96014;W80_NSS2_MCS1:bytes=598466,ppdus=13,airtime_us=39860
114;1;30;high;-41.5;ap_only_cochannel;ul_dl;su;1;415.5965279;273.0249694243581;90.47326468933632;0.2177398756060519;612.5;0.989116893660503;506.6737588652482;2.286112;0.995488;W40_NSS2_MCS7:bytes=3110,ppdus=1,airtime_us=148|W80_NSS2_MCS7:bytes=282654,ppdus=11,airtime_us=4364;245.0;0.9663144349795404;229.17723385432026;15.5428;0.93218;W80_NSS1_MCS3:bytes=65446,ppdus=1,airtime_us=4332|W80_NSS2_MCS3:bytes=1877404,ppdus=36,airtime_us=63488;219.375;0.5258924037664917;96.3751878085426;5.388144;0.944092;W20_NSS2_MCS10:bytes=354198,ppdus=9,airtime_us=13444|W80_NSS2_MCS0:bytes=319320,ppdus=12,airtime_us=42464;122.5;0.6824905400756794;112.89320388349515;0.279072;0.997528;W80_NSS1_MCS3:bytes=23808,ppdus=6,airtime_us=1864|W80_NSS2_MCS3:bytes=11076,ppdus=4,airtime_us=608;1020.833334;0.8807596513075965;634.7826086956521;1.2848;0.997976;W40_NSS2_MCS11:bytes=19150,ppdus=1,airtime_us=372|W80_NSS2_MCS11:bytes=141450,ppdus=9,airtime_us=1652;438.75;1.0;393.8436781609195;2.741152;0.99304;W40_NSS2_MCS10:bytes=342644,ppdus=12,airtime_us=6960;183.75;0.9125518218601073;162.57997750281214;2.890672;0.98222;W40_NSS2_MCS2:bytes=31598,ppdus=1,airtime_us=2948|W80_NSS2_MCS2:bytes=329736,ppdus=8,airtime_us=14832;612.5;1.0;488.2630136986301;1.425728;0.99708;W80_NSS2_MCS7:bytes=178216,ppdus=10,airtime_us=2920;351.0;0.4498918883501507;229.93596986817326;0.976768;0.995752;W20_NSS2_MCS8:bytes=20610,ppdus=1,airtime_us=996|W40_NSS1_MCS8:bytes=20514,ppdus=1,airtime_us=988|W40_NSS2_MCS8:bytes=54930,ppdus=5,airtime_us=1540|W80_NSS1_MCS8:bytes=26042,ppdus=3,airtime_us=724;367.5;1.0;329.76;0.65952;0.998;W80_NSS1_MCS8:bytes=82440,ppdus=4,airtime_us=2000;183.75;1.0;149.8993865030675;0.977344;0.99348;W80_NSS1_MCS4:bytes=122168,ppdus=22,airtime_us=6520;183.75;1.0;178.8614759647935;5.283568;0.97046;W80_NSS2_MCS2:bytes=660446,ppdus=13,airtime_us=29540;918.75;1.0;173.01818181818183;0.038064;0.99978;W80_NSS2_MCS10:bytes=4758,ppdus=3,airtime_us=220;1020.833334;0.8912330934709717;706.2439024390244;2.548128;0.996392;W40_NSS2_MCS11:bytes=34644,ppdus=2,airtime_us=680|W80_NSS2_MCS11:bytes=283872,ppdus=12,airtime_us=2928;510.416667;0.9238193219674701;265.09090909090907;0.326592;0.998768;W20_NSS1_MCS11:bytes=3110,ppdus=1,airtime_us=252|W80_NSS1_MCS11:bytes=37714,ppdus=7,airtime_us=980;918.75;0.831038533513639;476.9315960912052;2.342688;0.995088;W20_NSS1_MCS2:bytes=3110,ppdus=1,airtime_us=1180|W40_NSS2_MCS10:bytes=46368,ppdus=2,airtime_us=968|W80_NSS2_MCS10:bytes=243358,ppdus=11,airtime_us=2764;438.75;0.7590021717076256;328.46753246753246;4.147888;0.987372;W20_NSS2_MCS10:bytes=68844,ppdus=2,airtime_us=2632|W40_NSS1_MCS10:bytes=56110,ppdus=1,airtime_us=2092|W40_NSS2_MCS10:bytes=393532,ppdus=12,airtime_us=7904;61.25;0.5872163852361579;81.9228791773779;2.167024;0.973548;W20_NSS2_MCS8:bytes=111814,ppdus=3,airtime_us=5292|W80_NSS2_MCS0:bytes=159064,ppdus=6,airtime_us=21160;122.5;1.0;120.68225222258808;11.728384;0.902816;W80_NSS2_MCS1:bytes=1466048,ppdus=24,airtime_us=97184;292.5;0.8308208537873609;242.9132075471698;2.57488;0.9894;W20_NSS1_MCS7:bytes=3110,ppdus=1,airtime_us=396|W20_NSS1_MCS8:bytes=10890,ppdus=1,airtime_us=1052|W40_NSS1_MCS7:bytes=3110,ppdus=1,airtime_us=220|W40_NSS2_MCS7:bytes=267408,ppdus=10,airtime_us=7912|W80_NSS1_MCS7:bytes=37342,ppdus=1,airtime_us=1020;58.5;1.0;57.77080466097807;5.037152;0.912808;W40_NSS2_MCS1:bytes=629644,ppdus=18,airtime_us=87192;735.0;0.9213878527693715;406.9403341288783;0.682032;0.998324;W40_NSS2_MCS8:bytes=6702,ppdus=1,airtime_us=212|W80_NSS2_MCS8:bytes=78552,ppdus=10,airtime_us=1464;109.6875;0.7464615384615385;71.42857142857143;0.052;0.999272;W20_NSS1_MCS10:bytes=4852,ppdus=4,airtime_us=576|W20_NSS2_MCS9:bytes=94,ppdus=1,airtime_us=68|W40_NSS2_MCS9:bytes=1554,ppdus=1,airtime_us=84;61.25;1.0;60.34492523912068;3.0895686893363163;0.948801516;W80_NSS2_MCS0:bytes=386196.08616704,ppdus=11,airtime_us=51198.484;367.5;0.8901774781494982;255.12028725314184;2.273632;0.991088;W20_NSS2_MCS4:bytes=24990,ppdus=1,airtime_us=2340|W80_NSS1_MCS4:bytes=6222,ppdus=1,airtime_us=316|W80_NSS2_MCS4:bytes=252992,ppdus=12,airtime_us=6256;122.5;1.0;119.02168503377177;2.678464;0.977496;W80_NSS2_MCS1:bytes=334808,ppdus=10,airtime_us=22504;351.0;0.876702480099388;323.4679069767442;2.781824;0.9914;W40_NSS2_MCS8:bytes=304854,ppdus=11,airtime_us=7612|W80_NSS1_MCS8:bytes=42874,ppdus=1,airtime_us=988;612.5;0.9010942360475754;240.64288859533247;2.186;0.990916;W20_NSS2_MCS2:bytes=27026,ppdus=1,airtime_us=4996|W80_NSS2_MCS7:bytes=246224,ppdus=14,airtime_us=4088;816.666668;0.6854847863098616;373.38223308883454;1.83256;0.995092;W20_NSS2_MCS9:bytes=29752,ppdus=2,airtime_us=1352|W40_NSS1_MCS9:bytes=23434,ppdus=1,airtime_us=1020|W40_NSS2_MCS9:bytes=18860,ppdus=2,airtime_us=520|W80_NSS2_MCS9:bytes=157024,ppdus=8,airtime_us=2016;408.333334;0.9385099503517536;374.3134906657274;4.250704;0.988644;W40_NSS2_MCS9:bytes=32672,ppdus=2,airtime_us=776|W80_NSS1_MCS9:bytes=498666,ppdus=15,airtime_us=10580
114;1;30;high;-41.5;ap_only_cochannel;ul_dl;su;2;384.1566092758621;222.2964832766705;94.85552074175439;0.09137333726923103;122.5;1.0;118.99687304565353;1.522208;0.987208;W80_NSS2_MCS1:bytes=190276,ppdus=6,airtime_us=12792;122.5;0.9595865022009432;119.32509316311847;12.936272;0.891588;W20_NSS1_MCS9:bytes=65350,ppdus=1,airtime_us=5420|W80_NSS2_MCS1:bytes=1551684,ppdus=28,airtime_us=102992;245.0;0.773434314011069;173.8227848101266;0.27464;0.99842;W40_NSS2_MCS3:bytes=7778,ppdus=1,airtime_us=596|W80_NSS2_MCS3:bytes=26552,ppdus=2,airtime_us=984;438.75;0.43505590327930244;241.98058252427185;0.598176;0.997528;W20_NSS1_MCS9:bytes=11594,ppdus=1,airtime_us=1004|W40_NSS1_MCS10:bytes=11594,ppdus=1,airtime_us=476|W40_NSS2_MCS10:bytes=32530,ppdus=3,airtime_us=764|W80_NSS2_MCS10:bytes=19054,ppdus=1,airtime_us=228;918.75;1.0;535.1351351351351;0.4752;0.999112;W80_NSS2_MCS10:bytes=59400,ppdus=6,airtime_us=888;;;;0.0;;;61.25;0.6457688062942789;73.00584795321637;1.348272;0.981532;W80_NSS1_MCS1:bytes=108834,ppdus=5,airtime_us=14460|W80_NSS2_MCS1:bytes=59700,ppdus=2,airtime_us=4008;551.25;1.0;387.7083333333333;0.29776;0.999232;W80_NSS2_MCS6:bytes=37220,ppdus=4,airtime_us=768;292.5;1.0;18.11764705882353;0.009856;0.999456;W40_NSS2_MCS7:bytes=1232,ppdus=8,airtime_us=544;1020.833334;1.0;271.66101694915255;0.128224;0.999528;W80_NSS2_MCS11:bytes=16028,ppdus=6,airtime_us=472;58.5;1.0;57.53956970903232;2.4284;0.957796;W40_NSS1_MCS3:bytes=303550,ppdus=13,airtime_us=42204;1020.833334;0.5281914058951298;330.15132924335376;3.874656;0.988264;W20_NSS1_MCS0:bytes=4666,ppdus=1,airtime_us=5164|W40_NSS2_MCS11:bytes=223846,ppdus=7,airtime_us=4092|W80_NSS2_MCS11:bytes=255820,ppdus=8,airtime_us=2480;122.5;1.0;120.79610430411562;6.151904;0.949072;W80_NSS2_MCS1:bytes=768988,ppdus=12,airtime_us=50928;234.0;0.9280873245750905;209.5500805894543;7.280608;0.965256;W40_NSS1_MCS5:bytes=65446,ppdus=1,airtime_us=4524|W40_NSS2_MCS5:bytes=844630,ppdus=23,airtime_us=30220;131.625;0.7018590167028405;122.43789716926632;0.84776;0.993076;W20_NSS2_MCS6:bytes=74376,ppdus=6,airtime_us=4856|W40_NSS1_MCS6:bytes=31594,ppdus=3,airtime_us=2068;735.0;0.7355032723122316;367.8049869743208;7.906336;0.978504;W20_NSS1_MCS10:bytes=130700,ppdus=2,airtime_us=9624|W40_NSS2_MCS8:bytes=130700,ppdus=2,airtime_us=3112|W80_NSS2_MCS8:bytes=726892,ppdus=14,airtime_us=8760;219.375;0.4695514704921674;168.03293084522502;2.449248;0.985424;W20_NSS1_MCS2:bytes=14098,ppdus=1,airtime_us=5196|W20_NSS2_MCS10:bytes=22190,ppdus=1,airtime_us=868|W40_NSS1_MCS10:bytes=143756,ppdus=12,airtime_us=5888|W40_NSS2_MCS10:bytes=102366,ppdus=5,airtime_us=2164|W80_NSS1_MCS10:bytes=23746,ppdus=1,airtime_us=460;131.625;0.7698176747612407;109.45716342692585;1.216288;0.988888;W20_NSS1_MCS6:bytes=17402,ppdus=1,airtime_us=2172|W20_NSS2_MCS6:bytes=117040,ppdus=12,airtime_us=7824|W40_NSS1_MCS6:bytes=17594,ppdus=1,airtime_us=1116;306.25;0.4225328393398451;194.78528827037772;3.135264;0.983904;W20_NSS2_MCS7:bytes=80100,ppdus=4,airtime_us=4624|W40_NSS1_MCS7:bytes=87848,ppdus=4,airtime_us=4992|W40_NSS2_MCS7:bytes=58366,ppdus=3,airtime_us=1772|W80_NSS1_MCS7:bytes=165594,ppdus=7,airtime_us=4708;1020.833334;0.8150675979844039;221.78099838969405;2.203616;0.990064;W20_NSS1_MCS2:bytes=14578,ppdus=1,airtime_us=5372|W20_NSS1_MCS11:bytes=36362,ppdus=1,airtime_us=2444|W80_NSS2_MCS11:bytes=224512,ppdus=6,airtime_us=2120;551.25;0.8595612189004527;440.46984126984125;2.77496;0.9937;W80_NSS1_MCS6:bytes=48714,ppdus=1,airtime_us=1468|W80_NSS2_MCS6:bytes=298156,ppdus=8,airtime_us=4832;551.25;1.0;463.62052877138416;1.192432;0.997428;W80_NSS2_MCS6:bytes=149054,ppdus=7,airtime_us=2572;487.5;0.9504436222937601;319.19956693077916;5.525504741754386;0.982689498;W20_NSS2_MCS2:bytes=29562,ppdus=1,airtime_us=5444|W40_NSS2_MCS11:bytes=656460.092719298,ppdus=15,airtime_us=11742.502|W80_NSS1_MCS11:bytes=4666,ppdus=1,airtime_us=124;245.0;1.0;234.49675324675326;4.6224;0.980288;W80_NSS1_MCS5:bytes=577800,ppdus=16,airtime_us=19712;367.5;1.0;342.4329349269588;5.15704;0.98494;W80_NSS2_MCS4:bytes=644630,ppdus=17,airtime_us=15060;122.5;0.9025303463263958;109.58204620462047;3.320336;0.9697;W80_NSS1_MCS1:bytes=40454,ppdus=1,airtime_us=5340|W80_NSS2_MCS1:bytes=374588,ppdus=8,airtime_us=24960;183.75;0.9416817083394979;168.65175081094569;8.1108;0.951908;W40_NSS2_MCS2:bytes=59126,ppdus=1,airtime_us=5444|W80_NSS2_MCS2:bytes=954724,ppdus=18,airtime_us=42648;122.5;1.0;107.12623097582811;0.47864;0.995532;W80_NSS2_MCS1:bytes=59830,ppdus=9,airtime_us=4468;245.0;1.0;235.66535379600705;6.940816;0.970548;W80_NSS2_MCS3:bytes=867602,ppdus=19,airtime_us=29452;510.416667;0.9542206342117017;183.26334519572953;1.647904;0.991008;W20_NSS2_MCS0:bytes=9430,ppdus=1,airtime_us=5220|W80_NSS1_MCS11:bytes=196558,ppdus=13,airtime_us=3772
115;1;30;medium;-50.0;isolated;ul;su;0;477.2283951851852;433.52273851519686;210.82923428380255;0.5674454971933156;367.5;1.0;353.49150409062304;17.974336;0.949152;W80_NSS2_MCS4:bytes=2246792,ppdus=36,airtime_us=50848;816.666668;1.0;716.537952114111;5.626256;0.992148;W80_NSS2_MCS9:bytes=703282,ppdus=15,airtime_us=7852;551.25;0.9213475032195169;472.7567567567568;6.64696;0.98594;W80_NSS1_MCS6:bytes=65350,ppdus=1,airtime_us=1948|W80_NSS2_MCS6:bytes=765520,ppdus=16,airtime_us=12112;146.25;1.0;143.43560824030382;9.970496;0.930488;W20_NSS2_MCS7:bytes=1246312,ppdus=22,airtime_us=69512;367.5;1.0;350.3066817667044;6.186416;0.98234;W80_NSS2_MCS4:bytes=773302,ppdus=15,airtime_us=17660;551.25;1.0;514.4192992533027;17.91208;0.96518;W80_NSS2_MCS6:bytes=2239010,ppdus=37,airtime_us=34820;918.75;1.0;832.484076433121;1.0456;0.998744;W80_NSS2_MCS10:bytes=130700,ppdus=2,airtime_us=1256;122.5;0.9798671468932646;113.28365502076716;7.41872;0.934512;W20_NSS1_MCS3:bytes=18670,ppdus=1,airtime_us=5164|W80_NSS2_MCS1:bytes=908670,ppdus=17,airtime_us=60324;131.625;1.0;129.3640772663027;18.671376;0.855668;W20_NSS2_MCS6:bytes=2333922,ppdus=39,airtime_us=144332;918.75;1.0;796.0577385725742;3.970736;0.995012;W80_NSS2_MCS10:bytes=496342,ppdus=11,airtime_us=4988;551.25;1.0;506.6914498141264;5.452;0.98924;W80_NSS2_MCS6:bytes=681500,ppdus=14,airtime_us=10760;367.5;1.0;342.13612565445027;1.568352;0.995416;W80_NSS1_MCS8:bytes=196044,ppdus=6,airtime_us=4584;551.25;1.0;501.421875;4.107648;0.991808;W80_NSS2_MCS6:bytes=513456,ppdus=12,airtime_us=8192;1020.833334;1.0;880.8429752066115;5.115936;0.994192;W80_NSS2_MCS11:bytes=639492,ppdus=12,airtime_us=5808;122.5;1.0;116.81911262798634;0.958384;0.991796;W80_NSS2_MCS1:bytes=119798,ppdus=7,airtime_us=8204;122.5;1.0;120.6037960846666;4.854544;0.959748;W80_NSS2_MCS1:bytes=606818,ppdus=11,airtime_us=40252;735.0;1.0;673.1837079601149;15.932912;0.976332;W80_NSS2_MCS8:bytes=1991614,ppdus=33,airtime_us=23668;367.5;1.0;348.5352042094713;5.564016;0.984036;W80_NSS2_MCS4:bytes=695502,ppdus=15,airtime_us=15964;367.5;1.0;348.6967806338907;5.588912;0.983972;W80_NSS2_MCS4:bytes=698614,ppdus=15,airtime_us=16028;;;;0.0;;;612.5;1.0;566.3594678743277;8.003792;0.985868;W80_NSS2_MCS7:bytes=1000474,ppdus=17,airtime_us=14132;183.75;1.0;179.99329849615063;18.049008;0.899724;W80_NSS2_MCS2:bytes=2256126,ppdus=37,airtime_us=100276;816.666668;1.0;720.8038929440389;5.925008;0.99178;W80_NSS2_MCS9:bytes=740626,ppdus=15,airtime_us=8220;459.375;1.0;414.9057471264368;1.443872;0.99652;W80_NSS1_MCS10:bytes=180484,ppdus=6,airtime_us=3480;61.25;1.0;60.291932477186684;3.241586283802543;0.946235157;W80_NSS2_MCS0:bytes=405198.285475318,ppdus=14,airtime_us=53764.843;245.0;1.0;236.3399433427762;7.007952;0.970348;W80_NSS2_MCS3:bytes=875994,ppdus=17,airtime_us=29652;918.75;1.0;802.2974828375286;4.207248;0.994756;W80_NSS2_MCS10:bytes=525906,ppdus=11,airtime_us=5244;490.0;1.0;463.0537981059843;18.385088;0.960296;W80_NSS2_MCS5:bytes=2298136,ppdus=38,airtime_us=39704;;;;0.0;;;;;;0.0;;
115;1;30;medium;-50.0;isolated;ul;su;1;523.6810346206896;464.61297138092687;223.19843219454208;0.5456486223337502;612.5;1.0;567.9089481946625;5.788128;0.989808;W80_NSS2_MCS7:bytes=723516,ppdus=12,airtime_us=10192;122.5;1.0;120.37994332881607;3.908496;0.967532;W80_NSS1_MCS3:bytes=488562,ppdus=11,airtime_us=32468;219.375;1.0;215.24392911835486;23.61312;0.890296;W40_NSS1_MCS10:bytes=2951640,ppdus=46,airtime_us=109704;245.0;1.0;235.5136476426799;2.277888;0.990328;W80_NSS2_MCS3:bytes=284736,ppdus=6,airtime_us=9672;1020.833334;1.0;898.6634844868735;18.07392;0.979888;W80_NSS2_MCS11:bytes=2259240,ppdus=36,airtime_us=20112;918.75;1.0;795.5739014647137;2.389904;0.996996;W80_NSS2_MCS10:bytes=298738,ppdus=7,airtime_us=3004;183.75;0.9829557177313485;164.83063727334286;8.763056;0.946836;W20_NSS1_MCS3:bytes=18670,ppdus=1,airtime_us=5164|W80_NSS2_MCS2:bytes=1076712,ppdus=20,airtime_us=48000;612.5;1.0;568.4249084249084;18.6216;0.96724;W80_NSS2_MCS7:bytes=2327700,ppdus=38,airtime_us=32760;735.0;0.973831759234566;584.5060269163254;19.978416;0.96582;W20_NSS1_MCS9:bytes=65350,ppdus=1,airtime_us=5420|W80_NSS2_MCS8:bytes=2431952,ppdus=38,airtime_us=28760;735.0;1.0;677.2020725388601;2.0912;0.996912;W80_NSS2_MCS8:bytes=261400,ppdus=4,airtime_us=3088;367.5;1.0;351.80392156862746;9.186304;0.973888;W80_NSS2_MCS4:bytes=1148288,ppdus=20,airtime_us=26112;183.75;1.0;179.56438504605381;7.953984;0.955704;W80_NSS2_MCS2:bytes=994248,ppdus=18,airtime_us=44296;918.75;0.9310342644147358;776.0622440622441;7.580576;0.990232;W80_NSS1_MCS10:bytes=65350,ppdus=1,airtime_us=1196|W80_NSS2_MCS10:bytes=882222,ppdus=15,airtime_us=8572;1020.833334;1.0;899.8186068256194;15.397696;0.982888;W80_NSS2_MCS11:bytes=1924712,ppdus=30,airtime_us=17112;1020.833334;1.0;884.649784997611;7.406288;0.991628;W80_NSS2_MCS11:bytes=925786,ppdus=17,airtime_us=8372;918.75;1.0;807.5652173913044;4.754944;0.994112;W80_NSS2_MCS10:bytes=594368,ppdus=12,airtime_us=5888;459.375;1.0;435.99468791500664;2.626432;0.993976;W80_NSS1_MCS10:bytes=328304,ppdus=6,airtime_us=6024;175.5;1.0;170.37839153181653;5.60136;0.967124;W20_NSS2_MCS8:bytes=700170,ppdus=15,airtime_us=32876;122.5;1.0;120.76019900497512;2.42728;0.9799;W80_NSS2_MCS1:bytes=303410,ppdus=5,airtime_us=20100;612.5;1.0;553.978021978022;1.00824;0.99818;W80_NSS2_MCS7:bytes=126030,ppdus=3,airtime_us=1820;122.5;1.0;119.80981912144703;3.709312;0.96904;W80_NSS2_MCS1:bytes=463664,ppdus=12,airtime_us=30960;735.0;1.0;664.8647281921618;4.207264;0.993672;W80_NSS2_MCS8:bytes=525908,ppdus=10,airtime_us=6328;816.666668;0.9345793456933488;533.8963121325494;7.99136;0.985032;W20_NSS1_MCS10:bytes=65350,ppdus=1,airtime_us=4812|W80_NSS2_MCS9:bytes=933570,ppdus=15,airtime_us=10156;61.25;1.0;60.39987029230556;5.215408;0.913652;W80_NSS2_MCS0:bytes=651926,ppdus=19,airtime_us=86348;367.5;1.0;342.44976076555025;0.286288;0.999164;W80_NSS2_MCS4:bytes=35786,ppdus=1,airtime_us=836;122.5;1.0;120.82476370765177;19.36960019454209;0.839688491;W80_NSS2_MCS1:bytes=2421200.02431776,ppdus=39,airtime_us=160311.509;735.0;1.0;673.2258064516129;7.68016;0.988592;W80_NSS2_MCS8:bytes=960020,ppdus=16,airtime_us=11408;612.5;1.0;561.1584699453551;1.643072;0.997072;W80_NSS2_MCS7:bytes=205384,ppdus=4,airtime_us=2928;408.333334;1.0;388.3236797274276;3.647136;0.990608;W80_NSS1_MCS9:bytes=455892,ppdus=8,airtime_us=9392;;;;0.0;;
115;1;30;medium;-50.0;isolated;ul;su;2;449.8111112;401.53070600787686;216.52979726144142;0.5586752850046552;131.625;0.7021273760912295;126.77785433289623;22.816464;0.820028;W20_NSS2_MCS6:bytes=2002508,ppdus=32,airtime_us=123760|W80_NSS2_MCS1:bytes=849550,ppdus=13,airtime_us=56212;122.5;1.0;120.21356783919597;1.53104;0.987264;W80_NSS2_MCS1:bytes=191380,ppdus=4,airtime_us=12736;122.5;1.0;108.1029601029601;0.335984;0.996892;W80_NSS1_MCS3:bytes=41998,ppdus=7,airtime_us=3108;459.375;1.0;434.53645603181616;3.933424;0.990948;W80_NSS1_MCS10:bytes=491678,ppdus=9,airtime_us=9052;459.375;1.0;420.06047516198703;1.555904;0.996296;W80_NSS1_MCS10:bytes=194488,ppdus=6,airtime_us=3704;551.25;1.0;516.2001749781277;11.800336;0.97714;W80_NSS2_MCS6:bytes=1475042,ppdus=23,airtime_us=22860;122.5;1.0;120.5481917020305;8.368791797409806;0.93057721;W80_NSS2_MCS1:bytes=1046098.97467623,ppdus=20,airtime_us=69422.79;551.25;1.0;508.06152026027803;6.871024;0.986476;W80_NSS2_MCS6:bytes=858878,ppdus=17,airtime_us=13524;612.5;0.6125307183928614;414.2112415071031;5.364864;0.987048;W80_NSS1_MCS7:bytes=259840,ppdus=6,airtime_us=7096|W80_NSS2_MCS7:bytes=410768,ppdus=8,airtime_us=5856;1020.833334;1.0;878.0074906367041;5.626272;0.993592;W80_NSS2_MCS11:bytes=703284,ppdus=14,airtime_us=6408;61.25;1.0;60.33766847954599;4.082688;0.932336;W80_NSS2_MCS0:bytes=510336,ppdus=16,airtime_us=67664;1020.833334;0.9344767565443032;827.6813278008299;7.978848;0.99036;W80_NSS1_MCS11:bytes=65350,ppdus=1,airtime_us=1084|W80_NSS2_MCS11:bytes=932006,ppdus=19,airtime_us=8556;122.5;1.0;119.74476376035071;1.966688;0.983576;W80_NSS2_MCS1:bytes=245836,ppdus=6,airtime_us=16424;490.0;1.0;460.82382978723405;4.331744;0.9906;W80_NSS2_MCS5:bytes=541468,ppdus=10,airtime_us=9400;275.625;1.0;266.6690570096809;2.97496;0.988844;W80_NSS1_MCS6:bytes=371870,ppdus=7,airtime_us=11156;735.0;1.0;676.0828337874659;14.887344;0.97798;W80_NSS2_MCS8:bytes=1860918,ppdus=29,airtime_us=22020;918.75;1.0;832.5910652920962;13.567904;0.983704;W80_NSS2_MCS10:bytes=1695988,ppdus=26,airtime_us=16296;551.25;1.0;515.1673553719008;15.957824;0.969024;W80_NSS2_MCS6:bytes=1994728,ppdus=32,airtime_us=30976;612.5;1.0;556.2631787554499;5.613808;0.989908;W80_NSS2_MCS7:bytes=701726,ppdus=15,airtime_us=10092;510.416667;0.9327497688543445;492.7148148148148;4.257056;0.99136;W80_NSS1_MCS11:bytes=496346,ppdus=9,airtime_us=8300|W80_NSS2_MCS11:bytes=35786,ppdus=1,airtime_us=340;551.25;0.9855743871126613;446.5506158713757;16.39417346403162;0.963287088;W20_NSS1_MCS4:bytes=29562,ppdus=1,airtime_us=5436|W80_NSS2_MCS6:bytes=2019709.68300395,ppdus=30,airtime_us=31276.912;551.25;0.889868826745414;458.8463786943813;5.651152;0.987684;W80_NSS1_MCS6:bytes=77796,ppdus=2,airtime_us=2360|W80_NSS2_MCS6:bytes=628598,ppdus=13,airtime_us=9956;1020.833334;1.0;895.2871639665302;20.115312;0.977532;W80_NSS2_MCS11:bytes=2514414,ppdus=41,airtime_us=22468;490.0;1.0;441.3900709219858;0.248944;0.999436;W80_NSS2_MCS5:bytes=31118,ppdus=1,airtime_us=564;367.5;1.0;348.11372064276884;4.505984;0.987056;W80_NSS2_MCS4:bytes=563248,ppdus=12,airtime_us=12944;122.5;1.0;120.42731018246027;3.273696;0.972816;W80_NSS2_MCS1:bytes=409212,ppdus=8,airtime_us=27184;183.75;1.0;180.27586206896552;9.4104;0.9478;W80_NSS2_MCS2:bytes=1176300,ppdus=18,airtime_us=52200;122.5;0.982215210935575;111.30303244504135;6.298416;0.943412;W20_NSS1_MCS2:bytes=14002,ppdus=1,airtime_us=5164|W80_NSS2_MCS1:bytes=773300,ppdus=16,airtime_us=51424;122.5;1.0;120.67215041128084;2.875376;0.976172;W80_NSS1_MCS3:bytes=359422,ppdus=7,airtime_us=23828;510.416667;1.0;468.25904761904764;3.933376;0.9916;W80_NSS1_MCS11:bytes=491672,ppdus=12,airtime_us=8400
116;1;30;medium;-50.0;isolated;dl;su;0;654.6944447333333;69.81631733775568;4.197584;0.7233726001282181;551.25;0.9681146539273414;73.93018480492813;0.144016;0.998052;W20_NSS2_MCS3:bytes=574,ppdus=1,airtime_us=132|W80_NSS2_MCS6:bytes=17428,ppdus=26,airtime_us=1816;816.666668;0.9681429681429682;67.60975609756098;0.144144;0.997868;W20_NSS1_MCS1:bytes=574,ppdus=1,airtime_us=364|W80_NSS2_MCS9:bytes=17444,ppdus=26,airtime_us=1768;816.666668;0.9321128909229596;73.85915492957747;0.146832;0.998012;W20_NSS1_MCS5:bytes=1246,ppdus=1,airtime_us=220|W80_NSS2_MCS9:bytes=17108,ppdus=26,airtime_us=1768;612.5;0.967799842926063;75.05684210526316;0.142608;0.9981;W20_NSS2_MCS5:bytes=574,ppdus=1,airtime_us=100|W80_NSS2_MCS7:bytes=17252,ppdus=26,airtime_us=1800;551.25;0.9435616438356165;73.44064386317908;0.146;0.998012;W20_NSS1_MCS7:bytes=1030,ppdus=1,airtime_us=172|W80_NSS2_MCS6:bytes=17220,ppdus=26,airtime_us=1816;918.75;0.944945162341188;77.87737843551797;0.147344;0.998108;W20_NSS1_MCS11:bytes=1014,ppdus=1,airtime_us=124|W80_NSS2_MCS10:bytes=17404,ppdus=26,airtime_us=1768;918.75;0.9873723804406234;33.836363636363636;0.059552;0.99824;W40_NSS1_MCS8:bytes=94,ppdus=1,airtime_us=60|W80_NSS2_MCS10:bytes=7350,ppdus=25,airtime_us=1700;245.0;0.9736581064697454;63.33682373472949;0.145168;0.997708;W20_NSS1_MCS4:bytes=478,ppdus=1,airtime_us=140|W80_NSS2_MCS3:bytes=17668,ppdus=26,airtime_us=2152;551.25;0.967581610753417;70.68263473053892;0.141648;0.997996;W20_NSS1_MCS3:bytes=574,ppdus=1,airtime_us=204|W80_NSS2_MCS6:bytes=17132,ppdus=26,airtime_us=1800;918.75;0.9608938547486033;79.1266846361186;0.117424;0.998516;W20_NSS1_MCS6:bytes=574,ppdus=1,airtime_us=124|W80_NSS2_MCS10:bytes=14104,ppdus=20,airtime_us=1360;551.25;0.9679723245173529;75.78012684989429;0.143376;0.998108;W20_NSS1_MCS10:bytes=574,ppdus=1,airtime_us=92|W80_NSS2_MCS6:bytes=17348,ppdus=26,airtime_us=1800;816.666668;0.9739566307072028;79.62689804772235;0.146832;0.998156;W20_NSS1_MCS11:bytes=478,ppdus=1,airtime_us=76|W80_NSS2_MCS9:bytes=17876,ppdus=26,airtime_us=1768;918.75;0.9294104230813092;73.53459119496856;0.140304;0.998092;W20_NSS1_MCS11:bytes=1238,ppdus=1,airtime_us=140|W80_NSS2_MCS10:bytes=16300,ppdus=26,airtime_us=1768;1020.833334;0.9637013760970853;73.68463073852296;0.147664;0.997996;W20_NSS1_MCS3:bytes=670,ppdus=1,airtime_us=236|W80_NSS2_MCS11:bytes=17788,ppdus=26,airtime_us=1768;490.0;0.9730886161468303;73.24536082474226;0.142096;0.99806;W20_NSS1_MCS6:bytes=478,ppdus=1,airtime_us=108|W80_NSS2_MCS5:bytes=17284,ppdus=26,airtime_us=1832;183.75;0.9671361502347418;58.123128119800334;0.139728;0.997596;W20_NSS1_MCS8:bytes=574,ppdus=1,airtime_us=108|W80_NSS2_MCS2:bytes=16892,ppdus=26,airtime_us=2296;735.0;0.929679265170908;50.98656429942418;0.106256;0.997916;W40_NSS1_MCS1:bytes=934,ppdus=1,airtime_us=316|W80_NSS2_MCS8:bytes=12348,ppdus=26,airtime_us=1768;551.25;0.9338109495295124;73.34901960784313;0.149632;0.99796;W20_NSS1_MCS9:bytes=1238,ppdus=1,airtime_us=156|W80_NSS2_MCS6:bytes=17466,ppdus=27,airtime_us=1884;735.0;0.9674196844136679;65.61638733705773;0.140944;0.997852;W20_NSS1_MCS1:bytes=574,ppdus=1,airtime_us=364|W80_NSS2_MCS8:bytes=17044,ppdus=26,airtime_us=1784;245.0;0.9686988766495801;65.37611408199643;0.146704;0.997756;W20_NSS1_MCS9:bytes=574,ppdus=1,airtime_us=92|W80_NSS2_MCS3:bytes=17764,ppdus=26,airtime_us=2152;612.5;0.9572592344604397;63.216931216931215;0.143376;0.997732;W20_NSS2_MCS0:bytes=766,ppdus=1,airtime_us=484|W80_NSS2_MCS7:bytes=17156,ppdus=26,airtime_us=1784;551.25;0.9735297375124599;75.08523908523908;0.144464;0.998076;W20_NSS1_MCS7:bytes=478,ppdus=1,airtime_us=108|W80_NSS2_MCS6:bytes=17580,ppdus=26,airtime_us=1816;816.666668;0.9646027049873204;67.12056737588652;0.151424;0.997744;W20_NSS2_MCS0:bytes=670,ppdus=1,airtime_us=420|W80_NSS2_MCS9:bytes=18258,ppdus=27,airtime_us=1836;918.75;0.9790684931506849;77.82515991471216;0.146;0.998124;W20_NSS1_MCS5:bytes=382,ppdus=1,airtime_us=108|W80_NSS2_MCS10:bytes=17868,ppdus=26,airtime_us=1768;245.0;0.9371441330802724;64.55495495495495;0.143312;0.99778;W20_NSS2_MCS7:bytes=1126,ppdus=1,airtime_us=116|W80_NSS2_MCS3:bytes=16788,ppdus=26,airtime_us=2104;245.0;0.9584057341442224;63.06849315068493;0.147328;0.997664;W20_NSS2_MCS8:bytes=766,ppdus=1,airtime_us=100|W80_NSS2_MCS3:bytes=17650,ppdus=27,airtime_us=2236;918.75;0.9630283633153074;77.27931769722815;0.144976;0.998124;W20_NSS1_MCS8:bytes=670,ppdus=1,airtime_us=108|W80_NSS2_MCS10:bytes=17452,ppdus=26,airtime_us=1768;816.666668;0.9625489100055897;76.94623655913979;0.14312;0.99814;W20_NSS1_MCS11:bytes=670,ppdus=1,airtime_us=92|W80_NSS2_MCS9:bytes=17220,ppdus=26,airtime_us=1768;816.666668;0.9550180584436905;77.9275053304904;0.146192;0.998124;W20_NSS1_MCS10:bytes=822,ppdus=1,airtime_us=108|W80_NSS2_MCS9:bytes=17452,ppdus=26,airtime_us=1768;551.25;0.969206008583691;73.38582677165354;0.14912;0.997968;W20_NSS2_MCS3:bytes=574,ppdus=1,airtime_us=132|W80_NSS2_MCS6:bytes=18066,ppdus=27,airtime_us=1900
116;1;30;medium;-50.0;isolated;dl;su;1;744.5277782000001;69.0982677427556;4.371136;0.7127847357360104;816.666668;0.9701508060322412;77.38430583501005;0.15384;0.998012;W20_NSS2_MCS8:bytes=574,ppdus=1,airtime_us=84|W80_NSS2_MCS9:bytes=18656,ppdus=28,airtime_us=1904;735.0;0.9757286483192851;70.71454219030521;0.157552;0.997772;W20_NSS2_MCS0:bytes=478,ppdus=1,airtime_us=324|W80_NSS2_MCS8:bytes=19216,ppdus=28,airtime_us=1904;918.75;0.9425213675213675;69.07749077490774;0.14976;0.997832;W20_NSS2_MCS1:bytes=574,ppdus=1,airtime_us=212|W40_NSS1_MCS1:bytes=502,ppdus=1,airtime_us=188|W80_NSS2_MCS10:bytes=17644,ppdus=26,airtime_us=1768;367.5;0.9638228941684666;67.34545454545454;0.14816;0.9978;W20_NSS1_MCS2:bytes=670,ppdus=1,airtime_us=300|W80_NSS2_MCS4:bytes=17850,ppdus=27,airtime_us=1900;1020.833334;0.9690064794816414;67.10144927536231;0.14816;0.997792;W20_NSS2_MCS0:bytes=574,ppdus=1,airtime_us=372|W80_NSS2_MCS11:bytes=17946,ppdus=27,airtime_us=1836;1020.833334;1.0;77.34453781512605;0.147264;0.998096;W80_NSS2_MCS11:bytes=18408,ppdus=28,airtime_us=1904;245.0;0.9153428093645485;63.57475083056478;0.153088;0.997592;W20_NSS1_MCS9:bytes=1142,ppdus=1,airtime_us=140|W20_NSS2_MCS9:bytes=478,ppdus=1,airtime_us=84|W80_NSS2_MCS3:bytes=17516,ppdus=26,airtime_us=2184;918.75;0.9642246903032892;77.06995884773663;0.149824;0.998056;W20_NSS1_MCS8:bytes=670,ppdus=1,airtime_us=108|W80_NSS2_MCS10:bytes=18058,ppdus=27,airtime_us=1836;816.666668;0.9440217391304347;75.10204081632654;0.1472;0.99804;W20_NSS1_MCS11:bytes=1030,ppdus=1,airtime_us=124|W80_NSS2_MCS9:bytes=17370,ppdus=27,airtime_us=1836;918.75;0.9702775476387738;75.73333333333333;0.154496;0.99796;W20_NSS1_MCS3:bytes=574,ppdus=1,airtime_us=204|W80_NSS2_MCS10:bytes=18738,ppdus=27,airtime_us=1836;367.5;0.9733139794551139;72.2258064516129;0.143296;0.998016;W20_NSS2_MCS6:bytes=478,ppdus=1,airtime_us=84|W80_NSS2_MCS4:bytes=17434,ppdus=27,airtime_us=1900;816.666668;0.9743452125375698;73.64426877470356;0.149056;0.997976;W20_NSS1_MCS3:bytes=478,ppdus=1,airtime_us=188|W80_NSS2_MCS9:bytes=18154,ppdus=27,airtime_us=1836;1020.833334;0.9285179640718563;40.95019157088122;0.085504;0.997912;W40_NSS2_MCS0:bytes=478,ppdus=1,airtime_us=196|W80_NSS1_MCS0:bytes=286,ppdus=1,airtime_us=124|W80_NSS2_MCS11:bytes=9924,ppdus=26,airtime_us=1768;1020.833334;0.9318319531407796;57.07204610951008;0.158432;0.997224;W20_NSS2_MCS0:bytes=1350,ppdus=1,airtime_us=804|W80_NSS2_MCS11:bytes=18454,ppdus=29,airtime_us=1972;1020.833334;0.9671849988566201;73.49579831932773;0.139936;0.998096;W40_NSS1_MCS1:bytes=574,ppdus=1,airtime_us=204|W80_NSS2_MCS11:bytes=16918,ppdus=25,airtime_us=1700;918.75;0.9590111301369864;70.78787878787878;0.149504;0.997888;W20_NSS2_MCS1:bytes=766,ppdus=1,airtime_us=276|W80_NSS2_MCS10:bytes=17922,ppdus=27,airtime_us=1836;1020.833334;0.9696745562130178;68.82909090909091;0.151424;0.9978;W40_NSS1_MCS0:bytes=574,ppdus=1,airtime_us=364|W80_NSS2_MCS11:bytes=18354,ppdus=27,airtime_us=1836;735.0;0.9638580213615277;77.72746331236897;0.148304;0.998092;W40_NSS1_MCS3:bytes=670,ppdus=1,airtime_us=140|W80_NSS2_MCS8:bytes=17868,ppdus=26,airtime_us=1768;183.75;0.9323545405111474;56.84698608964451;0.14712;0.997412;W20_NSS1_MCS6:bytes=574,ppdus=1,airtime_us=124|W20_NSS2_MCS6:bytes=670,ppdus=1,airtime_us=100|W80_NSS2_MCS2:bytes=17146,ppdus=27,airtime_us=2364;735.0;0.9477696507674874;75.98434442270059;0.155312;0.997956;W20_NSS1_MCS9:bytes=1014,ppdus=1,airtime_us=140|W80_NSS2_MCS8:bytes=18400,ppdus=28,airtime_us=1904;551.25;0.9455655593500983;72.7909604519774;0.154608;0.997876;W20_NSS1_MCS5:bytes=574,ppdus=1,airtime_us=124|W20_NSS2_MCS5:bytes=478,ppdus=1,airtime_us=100|W80_NSS2_MCS6:bytes=18274,ppdus=27,airtime_us=1900;816.666668;0.9687873844480696;64.63971880492092;0.14712;0.997724;W20_NSS2_MCS0:bytes=574,ppdus=1,airtime_us=372|W80_NSS2_MCS9:bytes=17816,ppdus=28,airtime_us=1904;918.75;0.9686544342507645;76.3;0.146496;0.99808;W20_NSS2_MCS11:bytes=574,ppdus=1,airtime_us=84|W80_NSS2_MCS10:bytes=17738,ppdus=27,airtime_us=1836;183.75;0.9704337076336664;59.46094946401225;0.155312;0.997388;W20_NSS2_MCS4:bytes=574,ppdus=1,airtime_us=116|W80_NSS2_MCS2:bytes=18840,ppdus=28,airtime_us=2496;490.0;0.9305670529801324;75.20622568093385;0.154624;0.997944;W20_NSS1_MCS9:bytes=1342,ppdus=1,airtime_us=156|W80_NSS2_MCS5:bytes=17986,ppdus=27,airtime_us=1900;490.0;0.9682942996022978;73.29554655870446;0.144832;0.998024;W20_NSS1_MCS9:bytes=574,ppdus=1,airtime_us=92|W80_NSS2_MCS5:bytes=17530,ppdus=27,airtime_us=1884;1020.833334;0.9707171314741035;42.36286919831224;0.08032;0.998104;W40_NSS1_MCS10:bytes=294,ppdus=1,airtime_us=60|W80_NSS2_MCS11:bytes=9746,ppdus=27,airtime_us=1836;612.5;0.9699003670686943;74.34697855750487;0.15256;0.997948;W20_NSS2_MCS3:bytes=574,ppdus=1,airtime_us=132|W80_NSS2_MCS7:bytes=18496,ppdus=28,airtime_us=1920;816.666668;0.9443312238549822;73.84554455445544;0.149168;0.99798;W20_NSS2_MCS10:bytes=1038,ppdus=1,airtime_us=100|W80_NSS2_MCS9:bytes=17608,ppdus=28,airtime_us=1920;816.666668;0.9691530524505589;72.6875;0.148864;0.997952;W20_NSS2_MCS1:bytes=574,ppdus=1,airtime_us=212|W80_NSS2_MCS9:bytes=18034,ppdus=27,airtime_us=1836
116;1;30;medium;-50.0;isolated;dl;su;2;698.9305558;68.650276805303;3.9479087542857143;0.7399908142265381;551.25;0.9584494245911569;71.93899782135077;0.13208;0.998164;W20_NSS1_MCS4:bytes=686,ppdus=1,airtime_us=172|W80_NSS2_MCS6:bytes=15824,ppdus=24,airtime_us=1664;816.666668;0.964957264957265;73.125;0.13104;0.998208;W20_NSS1_MCS10:bytes=574,ppdus=1,airtime_us=92|W80_NSS2_MCS9:bytes=15806,ppdus=25,airtime_us=1700;918.75;0.9303913202486895;74.74259681093395;0.131248;0.998244;W20_NSS1_MCS11:bytes=1142,ppdus=1,airtime_us=124|W80_NSS2_MCS10:bytes=15264,ppdus=24,airtime_us=1632;918.75;0.9659549228944246;75.26785714285714;0.13488;0.998208;W20_NSS1_MCS11:bytes=574,ppdus=1,airtime_us=92|W80_NSS2_MCS10:bytes=16286,ppdus=25,airtime_us=1700;1020.833334;0.9673641118944735;67.9073359073359;0.140704;0.997928;W20_NSS2_MCS0:bytes=574,ppdus=1,airtime_us=372|W80_NSS2_MCS11:bytes=17014,ppdus=25,airtime_us=1700;551.25;0.9694177863083813;69.93288590604027;0.12504;0.998212;W20_NSS1_MCS4:bytes=478,ppdus=1,airtime_us=140|W80_NSS2_MCS6:bytes=15152,ppdus=24,airtime_us=1648;918.75;0.9647506755097027;72.05309734513274;0.130272;0.998192;W20_NSS1_MCS7:bytes=574,ppdus=1,airtime_us=108|W80_NSS2_MCS10:bytes=15710,ppdus=25,airtime_us=1700;1020.833334;0.9433389953894685;57.83859649122807;0.131872;0.99772;W20_NSS2_MCS0:bytes=934,ppdus=1,airtime_us=580|W80_NSS2_MCS11:bytes=15550,ppdus=25,airtime_us=1700;735.0;0.9698003538033864;70.66071428571429;0.126624;0.998208;W20_NSS1_MCS10:bytes=478,ppdus=1,airtime_us=92|W80_NSS2_MCS8:bytes=15350,ppdus=25,airtime_us=1700;1020.833334;0.956140350877193;60.17843866171004;0.129504;0.997848;W20_NSS2_MCS0:bytes=710,ppdus=1,airtime_us=452|W80_NSS2_MCS11:bytes=15478,ppdus=25,airtime_us=1700;245.0;0.9723443647303864;63.311355311355314;0.138272;0.997816;W20_NSS2_MCS4:bytes=478,ppdus=1,airtime_us=100|W80_NSS2_MCS3:bytes=16806,ppdus=25,airtime_us=2084;1020.833334;0.9697889015295159;69.54725274725274;0.126576;0.99818;W20_NSS1_MCS3:bytes=478,ppdus=1,airtime_us=188|W80_NSS2_MCS11:bytes=15344,ppdus=24,airtime_us=1632;367.5;0.9235740027339381;59.278084714548804;0.128752;0.997828;W20_NSS1_MCS2:bytes=1230,ppdus=1,airtime_us=508|W80_NSS2_MCS4:bytes=14864,ppdus=24,airtime_us=1664;490.0;0.9578881206788183;70.24282560706402;0.12728;0.998188;W20_NSS2_MCS3:bytes=670,ppdus=1,airtime_us=148|W80_NSS2_MCS5:bytes=15240,ppdus=24,airtime_us=1664;551.25;0.9656616415410385;72.67826086956522;0.133728;0.99816;W20_NSS1_MCS7:bytes=574,ppdus=1,airtime_us=108|W80_NSS2_MCS6:bytes=16142,ppdus=25,airtime_us=1732;918.75;0.9474906463682106;69.9864559819413;0.124016;0.998228;W20_NSS1_MCS7:bytes=814,ppdus=1,airtime_us=140|W80_NSS2_MCS10:bytes=14688,ppdus=24,airtime_us=1632;918.75;0.9653983353151011;65.1937984496124;0.13456;0.997936;W20_NSS1_MCS1:bytes=582,ppdus=1,airtime_us=364|W80_NSS2_MCS10:bytes=16238,ppdus=25,airtime_us=1700;918.75;0.9497716894977168;61.03954802259887;0.129648;0.997876;W20_NSS1_MCS1:bytes=814,ppdus=1,airtime_us=492|W80_NSS2_MCS10:bytes=15392,ppdus=24,airtime_us=1632;612.5;0.9658901830282862;71.30508474576271;0.134624;0.998112;W20_NSS1_MCS4:bytes=574,ppdus=1,airtime_us=156|W80_NSS2_MCS7:bytes=16254,ppdus=25,airtime_us=1732;1020.833334;0.9715306730196546;73.8021978021978;0.13432;0.99818;W20_NSS1_MCS3:bytes=478,ppdus=1,airtime_us=188|W80_NSS2_MCS11:bytes=16312,ppdus=24,airtime_us=1632;551.25;0.9650426309378807;72.01754385964912;0.13136;0.998176;W20_NSS1_MCS10:bytes=574,ppdus=1,airtime_us=92|W80_NSS2_MCS6:bytes=15846,ppdus=25,airtime_us=1732;551.25;0.9647852760736196;69.0677966101695;0.1304;0.998112;W20_NSS1_MCS4:bytes=574,ppdus=1,airtime_us=156|W80_NSS2_MCS6:bytes=15726,ppdus=25,airtime_us=1732;1020.833334;0.9653632633357471;69.63025210084034;0.132576;0.998096;W20_NSS1_MCS3:bytes=574,ppdus=1,airtime_us=204|W80_NSS2_MCS11:bytes=15998,ppdus=25,airtime_us=1700;816.666668;0.9658292653887367;76.52847380410023;0.134384;0.998244;W20_NSS1_MCS6:bytes=574,ppdus=1,airtime_us=124|W80_NSS2_MCS9:bytes=16224,ppdus=24,airtime_us=1632;367.5;0.971306102315613;71.4286694353584;0.13326875428571427;0.99813424;W20_NSS1_MCS5:bytes=478,ppdus=1,airtime_us=124|W80_NSS2_MCS4:bytes=16180.5942857143,ppdus=24,airtime_us=1741.76;490.0;0.9656163891218402;75.36794582392777;0.133552;0.998228;W20_NSS1_MCS10:bytes=574,ppdus=1,airtime_us=92|W80_NSS2_MCS5:bytes=16120,ppdus=24,airtime_us=1680;183.75;0.9307692307692308;56.0958904109589;0.13104;0.997664;W20_NSS1_MCS8:bytes=1134,ppdus=1,airtime_us=156|W80_NSS2_MCS2:bytes=15246,ppdus=25,airtime_us=2180;183.75;0.9018300812022785;59.25314183123878;0.132016;0.997772;W80_NSS2_MCS1:bytes=1620,ppdus=2,airtime_us=216|W80_NSS2_MCS2:bytes=14882,ppdus=23,airtime_us=2012;245.0;1.0;63.64478764478765;0.131872;0.997928;W80_NSS2_MCS3:bytes=16484,ppdus=26,airtime_us=2072;1020.833334;0.9585498489425982;76.44341801385681;0.1324;0.998268;W20_NSS2_MCS7:bytes=686,ppdus=1,airtime_us=100|W80_NSS2_MCS11:bytes=15864,ppdus=24,airtime_us=1632
117;1;30;medium;-50.0;isolated;ul_dl;su;0;393.04027793333336;340.81993425562257;189.91119427832547;0.29250687078697035;367.5;0.9740775163540252;316.94974068835455;13.445008;0.95758;W20_NSS1_MCS6:bytes=43566,ppdus=1,airtime_us=5356|W80_NSS2_MCS4:bytes=1637060,ppdus=26,airtime_us=37064;816.666668;1.0;672.3751522533496;2.20808;0.996716;W80_NSS2_MCS9:bytes=276010,ppdus=9,airtime_us=3284;275.625;1.0;264.5328258229601;4.694273609429158;0.982254476;W80_NSS1_MCS6:bytes=586784.201178645,ppdus=14,airtime_us=17745.524;146.25;1.0;143.04941462672952;3.763344;0.973692;W40_NSS1_MCS7:bytes=470418,ppdus=11,airtime_us=26308;367.5;1.0;349.5727760310708;7.56056;0.978372;W80_NSS2_MCS4:bytes=945070,ppdus=19,airtime_us=21628;551.25;1.0;509.1106452364314;8.742448;0.982828;W80_NSS2_MCS6:bytes=1092806,ppdus=21,airtime_us=17172;459.375;1.0;431.83898305084745;6.522496;0.984896;W80_NSS1_MCS10:bytes=815312,ppdus=16,airtime_us=15104;122.5;0.9612005187118655;107.2174688057041;3.849536;0.964096;W20_NSS1_MCS3:bytes=18670,ppdus=1,airtime_us=5164|W80_NSS2_MCS1:bytes=462522,ppdus=9,airtime_us=30740;122.5;1.0;120.7750033382294;18.08968;0.85022;W80_NSS2_MCS1:bytes=2261210,ppdus=37,airtime_us=149780;918.75;1.0;704.4974093264249;1.087744;0.998456;W80_NSS2_MCS10:bytes=135968,ppdus=6,airtime_us=1544;551.25;1.0;482.44503078276165;2.19416;0.995452;W80_NSS2_MCS6:bytes=274270,ppdus=9,airtime_us=4548;367.5;1.0;347.67795934635313;3.489296;0.989964;W80_NSS1_MCS8:bytes=436162,ppdus=11,airtime_us=10036;275.625;1.0;235.82608695652175;0.564096;0.997608;W80_NSS1_MCS6:bytes=70512,ppdus=6,airtime_us=2392;1020.833334;1.0;892.3593013584697;12.87496;0.985572;W80_NSS2_MCS11:bytes=1609370,ppdus=27,airtime_us=14428;122.5;1.0;120.23663663663663;3.203104;0.97336;W80_NSS2_MCS1:bytes=400388,ppdus=8,airtime_us=26640;122.5;1.0;120.54725773688612;4.03544;0.966524;W80_NSS2_MCS1:bytes=504430,ppdus=9,airtime_us=33476;735.0;1.0;655.4803625377643;5.207136;0.992056;W80_NSS2_MCS8:bytes=650892,ppdus=14,airtime_us=7944;367.5;0.9759919058236408;319.3941740737481;14.517104;0.954548;W20_NSS1_MCS6:bytes=43566,ppdus=1,airtime_us=5356|W80_NSS2_MCS4:bytes=1771072,ppdus=28,airtime_us=40096;367.5;1.0;353.6101005777873;6.60968;0.981308;W80_NSS2_MCS4:bytes=826210,ppdus=13,airtime_us=18692;91.875;0.5313426879851431;117.99388794567062;4.169904;0.96466;W80_NSS1_MCS2:bytes=276956,ppdus=6,airtime_us=24408|W80_NSS2_MCS2:bytes=244282,ppdus=5,airtime_us=10932;306.25;1.0;13.813333333333333;0.004144;0.9997;W80_NSS1_MCS7:bytes=518,ppdus=5,airtime_us=300;91.875;1.0;90.89494163424125;0.9344;0.98972;W80_NSS1_MCS2:bytes=116800,ppdus=2,airtime_us=10280;816.666668;1.0;719.7731343283582;6.751472;0.99062;W80_NSS2_MCS9:bytes=843934,ppdus=17,airtime_us=9380;459.375;0.9299228087705306;446.812842514513;7.460344668896321;0.9833032;W80_NSS1_MCS10:bytes=867193.08361204,ppdus=17,airtime_us=16068.8|W80_NSS2_MCS10:bytes=65350,ppdus=1,airtime_us=628;58.5;1.0;57.86817884405671;5.306512;0.9083;W40_NSS1_MCS3:bytes=663314,ppdus=19,airtime_us=91700;245.0;0.9945776882385677;219.27342207502707;13.771248;0.937196;W20_NSS2_MCS0:bytes=9334,ppdus=1,airtime_us=5172|W80_NSS2_MCS3:bytes=1712072,ppdus=28,airtime_us=57632;459.375;1.0;429.3562142485699;3.302608;0.992308;W80_NSS1_MCS10:bytes=412826,ppdus=9,airtime_us=7692;245.0;1.0;235.3065015479876;0.912048;0.996124;W80_NSS1_MCS5:bytes=114006,ppdus=3,airtime_us=3876;816.666668;0.9946033904367237;625.5043394406944;20.756736;0.966816;W20_NSS1_MCS2:bytes=14002,ppdus=1,airtime_us=5164|W80_NSS2_MCS9:bytes=2580590,ppdus=41,airtime_us=28020;122.5;1.0;120.50490256919448;3.883632;0.967772;W80_NSS2_MCS1:bytes=485454,ppdus=9,airtime_us=32228
117;1;30;medium;-50.0;isolated;ul_dl;su;1;504.283046137931;440.9218457083908;230.3453522820222;0.27997476261040877;612.5;1.0;569.6085561497326;21.30336;0.9626;W80_NSS2_MCS7:bytes=2662920,ppdus=42,airtime_us=37400;245.0;0.9605143828727813;222.31549253952937;11.979248;0.946116;W20_NSS1_MCS8:bytes=59126,ppdus=1,airtime_us=5436|W80_NSS2_MCS3:bytes=1438280,ppdus=24,airtime_us=48448;219.375;1.0;212.75053123671907;8.009632;0.962352;W20_NSS2_MCS10:bytes=1001204,ppdus=20,airtime_us=37648;245.0;1.0;235.0264433061055;6.790384;0.971108;W80_NSS2_MCS3:bytes=848798,ppdus=19,airtime_us=28892;510.416667;1.0;442.6473429951691;1.099536;0.997516;W80_NSS1_MCS11:bytes=137442,ppdus=7,airtime_us=2484;918.75;1.0;807.7282660332542;6.801072;0.99158;W80_NSS2_MCS10:bytes=850134,ppdus=17,airtime_us=8420;91.875;1.0;84.84512085944495;0.379088;0.995532;W80_NSS1_MCS2:bytes=47386,ppdus=7,airtime_us=4468;612.5;1.0;568.4483958252803;23.529216;0.958608;W80_NSS2_MCS7:bytes=2941152,ppdus=48,airtime_us=41392;735.0;0.9999356956040346;667.5566829268292;13.684912;0.9795;W20_NSS1_MCS9:bytes=110,ppdus=1,airtime_us=60|W80_NSS2_MCS8:bytes=1710504,ppdus=30,airtime_us=20440;735.0;1.0;487.1666666666667;0.374144;0.999232;W80_NSS2_MCS8:bytes=46768,ppdus=4,airtime_us=768;367.5;1.0;348.68717696283534;5.666864;0.983748;W80_NSS2_MCS4:bytes=708358,ppdus=15,airtime_us=16252;183.75;1.0;86.96551724137932;0.040352;0.999536;W80_NSS2_MCS2:bytes=5044,ppdus=4,airtime_us=464;918.75;0.5196114599686028;553.9130434782609;4.0768;0.99264;W80_NSS1_MCS10:bytes=244806,ppdus=7,airtime_us=4644|W80_NSS2_MCS10:bytes=264794,ppdus=7,airtime_us=2716;1020.833334;1.0;875.8747447243022;5.14664;0.994124;W80_NSS2_MCS11:bytes=643330,ppdus=13,airtime_us=5876;510.416667;1.0;470.90958164642376;5.583104;0.988144;W80_NSS1_MCS11:bytes=697888,ppdus=16,airtime_us=11856;918.75;1.0;805.9163679808842;5.396416;0.993304;W80_NSS2_MCS10:bytes=674552,ppdus=14,airtime_us=6696;918.75;1.0;825.1903313590524;20.619856;0.975012;W80_NSS2_MCS10:bytes=2577482,ppdus=43,airtime_us=24988;175.5;1.0;171.25639039504262;7.074944;0.958688;W20_NSS2_MCS8:bytes=884368,ppdus=16,airtime_us=41312;;;;0.0;;;612.5;1.0;557.6683495145631;5.743984;0.9897;W80_NSS2_MCS7:bytes=717998,ppdus=15,airtime_us=10300;131.625;0.8312124005754518;127.83622725288454;17.20959888242368;0.865377763;W20_NSS2_MCS6:bytes=1788104,ppdus=30,airtime_us=110568|W80_NSS2_MCS1:bytes=363095.86030296,ppdus=6,airtime_us=24054.237;367.5;1.0;351.77639751552795;2.26544;0.99356;W80_NSS1_MCS8:bytes=283180,ppdus=6,airtime_us=6440;408.333334;0.7672587359238436;430.23189439885834;4.82376;0.988788;W80_NSS1_MCS9:bytes=462634,ppdus=9,airtime_us=9580|W80_NSS2_MCS9:bytes=140336,ppdus=4,airtime_us=1632;61.25;1.0;60.43924143118081;7.249721399598513;0.880049431;W80_NSS2_MCS0:bytes=906215.174949814,ppdus=26,airtime_us=119950.569;367.5;1.0;350.11105897074924;8.95304;0.974428;W80_NSS2_MCS4:bytes=1119130,ppdus=21,airtime_us=25572;122.5;0.987206327052803;118.72543413069252;6.809616;0.942644;W20_NSS1_MCS5:bytes=10890,ppdus=1,airtime_us=1548|W80_NSS2_MCS1:bytes=840312,ppdus=16,airtime_us=55808;367.5;0.6071912140815405;394.8712871287129;1.276224;0.996768;W80_NSS1_MCS8:bytes=96864,ppdus=4,airtime_us=2320|W80_NSS2_MCS8:bytes=62664,ppdus=4,airtime_us=912;612.5;1.0;532.8438356164384;1.555904;0.99708;W80_NSS2_MCS7:bytes=194488,ppdus=6,airtime_us=2920;816.666668;0.9368666132101903;688.9251247920133;8.28088;0.98798;W80_NSS1_MCS9:bytes=65350,ppdus=1,airtime_us=1340|W80_NSS2_MCS9:bytes=969760,ppdus=18,airtime_us=10680;816.666668;1.0;736.4980224647999;18.621616;0.974716;W80_NSS2_MCS9:bytes=2327702,ppdus=37,airtime_us=25284
117;1;30;medium;-50.0;isolated;ul_dl;su;2;453.40694453333333;365.80901153652746;201.94485758029603;0.39325947106014825;122.5;1.0;120.61484768410031;9.676688;0.919772;W80_NSS2_MCS1:bytes=1209586,ppdus=21,airtime_us=80228;122.5;1.0;119.46121389159364;1.47224;0.987676;W80_NSS2_MCS1:bytes=184030,ppdus=5,airtime_us=12324;122.5;1.0;120.59613196814561;1.696064;0.985936;W80_NSS1_MCS3:bytes=212008,ppdus=4,airtime_us=14064;918.75;1.0;780.5290581162325;3.115872;0.996008;W80_NSS2_MCS10:bytes=389484,ppdus=10,airtime_us=3992;918.75;0.9456759376407978;628.3447375293811;9.623728;0.984684;W20_NSS1_MCS11:bytes=65350,ppdus=1,airtime_us=4348|W80_NSS2_MCS10:bytes=1137616,ppdus=18,airtime_us=10968;551.25;1.0;514.7453166124787;13.29896;0.974164;W80_NSS2_MCS6:bytes=1662370,ppdus=27,airtime_us=25836;122.5;1.0;119.5850406504065;2.941792;0.9754;W80_NSS2_MCS1:bytes=367724,ppdus=10,airtime_us=24600;551.25;0.9700739199364019;467.45456491490955;17.469712;0.962628;W20_NSS1_MCS11:bytes=65350,ppdus=1,airtime_us=4348|W80_NSS2_MCS6:bytes=2118364,ppdus=36,airtime_us=33024;612.5;0.9602120552237239;465.98557541549076;11.888224;0.974488;W20_NSS1_MCS8:bytes=59126,ppdus=1,airtime_us=5436|W80_NSS2_MCS7:bytes=1426902,ppdus=23,airtime_us=20076;510.416667;1.0;465.9957894736842;1.770784;0.9962;W80_NSS1_MCS11:bytes=221348,ppdus=6,airtime_us=3800;117.0;1.0;115.28221785337779;16.18424;0.859612;W40_NSS2_MCS3:bytes=2023030,ppdus=33,airtime_us=140388;510.416667;1.0;14.133333333333333;0.003392;0.99976;W80_NSS1_MCS11:bytes=424,ppdus=4,airtime_us=240;122.5;0.9569421059070968;111.58199252397205;5.492512;0.950776;W20_NSS1_MCS4:bytes=29562,ppdus=1,airtime_us=5436|W80_NSS2_MCS1:bytes=657002,ppdus=15,airtime_us=43788;245.0;1.0;236.2637875693026;3.238704;0.986292;W80_NSS1_MCS5:bytes=404838,ppdus=9,airtime_us=13708;551.25;1.0;508.9192263936291;5.36808;0.989452;W80_NSS2_MCS6:bytes=671010,ppdus=13,airtime_us=10548;735.0;0.5166659563687678;452.4456347080878;3.378864;0.992532;W80_NSS1_MCS8:bytes=204140,ppdus=4,airtime_us=4656|W80_NSS2_MCS8:bytes=218218,ppdus=7,airtime_us=2812;918.75;0.7850518053375196;674.7881355932203;5.096;0.992448;W80_NSS1_MCS10:bytes=136922,ppdus=3,airtime_us=2548|W80_NSS2_MCS10:bytes=500078,ppdus=11,airtime_us=5004;275.625;0.9655547355473555;270.45908183632736;3.252;0.987976;W80_NSS1_MCS6:bytes=392498,ppdus=7,airtime_us=11764|W80_NSS2_MCS6:bytes=14002,ppdus=1,airtime_us=260;612.5;0.9916722063993454;490.4598977037763;18.027344;0.963244;W20_NSS1_MCS3:bytes=18766,ppdus=1,airtime_us=5180|W80_NSS2_MCS7:bytes=2234652,ppdus=38,airtime_us=31576;1020.833334;1.0;864.4952803997779;6.227824;0.992796;W80_NSS2_MCS11:bytes=778478,ppdus=17,airtime_us=7204;275.625;1.0;263.1256519677572;2.219728;0.991564;W80_NSS1_MCS6:bytes=277466,ppdus=7,airtime_us=8436;275.625;1.0;257.8373812038015;0.976688;0.996212;W80_NSS1_MCS6:bytes=122086,ppdus=5,airtime_us=3788;1020.833334;1.0;875.3573710634414;7.671632;0.991236;W80_NSS2_MCS11:bytes=958954,ppdus=19,airtime_us=8764;490.0;0.9718900550584997;419.56325573001266;18.5984;0.955672;W20_NSS1_MCS9:bytes=65350,ppdus=1,airtime_us=5420|W80_NSS2_MCS5:bytes=2259450,ppdus=35,airtime_us=38908;183.75;1.0;178.73361522198732;2.705312;0.984864;W80_NSS1_MCS4:bytes=338164,ppdus=8,airtime_us=15136;122.5;0.9518430572440927;114.62910664869084;6.461872;0.943628;W20_NSS1_MCS5:bytes=38898,ppdus=1,airtime_us=5372|W80_NSS2_MCS1:bytes=768836,ppdus=14,airtime_us=51000;183.75;0.9937641049212396;167.83293154678478;11.974544;0.928652;W20_NSS1_MCS1:bytes=9334,ppdus=1,airtime_us=5164|W80_NSS2_MCS2:bytes=1487484,ppdus=26,airtime_us=66184;122.5;1.0;120.05981808594512;4.702393580296023;0.960832911;W80_NSS2_MCS1:bytes=587799.197537003,ppdus=12,airtime_us=39167.089;245.0;0.5504221017852604;165.38596989491623;2.329296;0.985916;W80_NSS1_MCS3:bytes=130900,ppdus=2,airtime_us=8664|W80_NSS2_MCS3:bytes=160262,ppdus=3,airtime_us=5420;1020.833334;1.0;869.6043805612594;5.081968;0.994156;W80_NSS2_MCS11:bytes=635246,ppdus=13,airtime_us=5844
118;1;30;medium;-50.0;ap_only_cochannel;ul;su;0;409.1694446;266.75815081409183;77.85793050219895;0.48109795751235673;131.625;0.7347326992456543;127.20066750104297;1.2196;0.990412;W40_NSS1_MCS6:bytes=112010,ppdus=11,airtime_us=7396|W80_NSS1_MCS4:bytes=40440,ppdus=8,airtime_us=2192;816.666668;0.9665558956545665;694.3641791044776;7.443584;0.98928;W40_NSS2_MCS9:bytes=31118,ppdus=1,airtime_us=692|W80_NSS2_MCS9:bytes=899330,ppdus=19,airtime_us=10028;551.25;1.0;338.1565217391304;0.311104;0.99908;W80_NSS2_MCS6:bytes=38888,ppdus=6,airtime_us=920;292.5;0.768275135184676;152.36166870308955;6.98304;0.954168;W40_NSS2_MCS7:bytes=670612,ppdus=12,airtime_us=19040|W80_NSS2_MCS0:bytes=202268,ppdus=6,airtime_us=26792;367.5;1.0;324.30907457322553;1.443824;0.995548;W80_NSS2_MCS4:bytes=180478,ppdus=9,airtime_us=4452;551.25;0.8936280777567333;355.19368548876747;2.340016;0.993412;W20_NSS1_MCS10:bytes=23338,ppdus=1,airtime_us=1756|W20_NSS2_MCS6:bytes=3110,ppdus=1,airtime_us=244|W40_NSS2_MCS6:bytes=4666,ppdus=1,airtime_us=196|W80_NSS2_MCS6:bytes=261388,ppdus=10,airtime_us=4392;459.375;1.0;202.7826086956522;0.037312;0.999816;W80_NSS1_MCS10:bytes=4664,ppdus=2,airtime_us=184;122.5;0.9705112034682161;116.23392749849789;4.642848;0.960056;W80_NSS1_MCS1:bytes=17114,ppdus=1,airtime_us=2284|W80_NSS2_MCS1:bytes=563242,ppdus=15,airtime_us=37660;61.25;1.0;59.935794542536115;2.38976;0.960128;W80_NSS1_MCS1:bytes=298720,ppdus=16,airtime_us=39872;438.75;0.966395541009106;358.47821878025167;1.481232;0.995868;W20_NSS2_MCS4:bytes=6222,ppdus=1,airtime_us=628|W40_NSS2_MCS10:bytes=178932,ppdus=4,airtime_us=3504;275.625;0.4872090723280807;200.22442244224422;0.485344;0.997576;W20_NSS2_MCS6:bytes=6222,ppdus=1,airtime_us=436|W40_NSS2_MCS6:bytes=24888,ppdus=4,airtime_us=976|W80_NSS1_MCS6:bytes=29558,ppdus=3,airtime_us=1012;351.0;0.8571559745347699;248.45627376425855;1.045504;0.995792;W20_NSS1_MCS9:bytes=9334,ppdus=1,airtime_us=812|W40_NSS1_MCS8:bytes=9334,ppdus=1,airtime_us=476|W40_NSS2_MCS8:bytes=112020,ppdus=6,airtime_us=2920;131.625;0.8378354903152958;108.56199905704857;0.92104;0.991516;W20_NSS1_MCS6:bytes=18670,ppdus=1,airtime_us=2316|W40_NSS1_MCS6:bytes=96460,ppdus=6,airtime_us=6168;1020.833334;1.0;804.7724137931034;1.867072;0.99768;W80_NSS2_MCS11:bytes=233384,ppdus=8,airtime_us=2320;122.5;0.9444642857142858;102.37659963436928;0.448;0.995624;W20_NSS1_MCS5:bytes=3110,ppdus=1,airtime_us=476|W80_NSS2_MCS1:bytes=52890,ppdus=7,airtime_us=3900;122.5;0.8600006427148275;103.5540765391015;4.97888;0.95192;W20_NSS2_MCS2:bytes=10890,ppdus=1,airtime_us=2052|W80_NSS1_MCS1:bytes=76240,ppdus=2,airtime_us=10072|W80_NSS2_MCS1:bytes=535230,ppdus=17,airtime_us=35956;735.0;0.8820715247207771;282.885077186964;2.638752;0.990672;W20_NSS1_MCS5:bytes=38898,ppdus=1,airtime_us=5372|W80_NSS2_MCS8:bytes=290946,ppdus=13,airtime_us=3956;367.5;0.9195805767294692;277.25358255451715;3.559936;0.98716;W40_NSS1_MCS4:bytes=35786,ppdus=1,airtime_us=3308|W80_NSS2_MCS4:bytes=409206,ppdus=11,airtime_us=9532;367.5;1.0;160.82758620689654;0.074624;0.999536;W80_NSS2_MCS4:bytes=9328,ppdus=4,airtime_us=464;87.75;0.9121037463976945;74.63152345809172;1.132608;0.984824;W20_NSS1_MCS3:bytes=6222,ppdus=1,airtime_us=1756|W40_NSS1_MCS2:bytes=6222,ppdus=1,airtime_us=1180|W40_NSS2_MCS2:bytes=129132,ppdus=8,airtime_us=12240;612.5;0.9373601725377426;376.1492698756084;5.564;0.985208;W20_NSS1_MCS6:bytes=43566,ppdus=1,airtime_us=5356|W80_NSS2_MCS7:bytes=651934,ppdus=15,airtime_us=9436;87.75;0.9479552926335104;85.00944450086321;6.696704;0.921224;W20_NSS1_MCS6:bytes=43566,ppdus=1,airtime_us=5356|W40_NSS2_MCS2:bytes=793522,ppdus=19,airtime_us=73420;816.666668;0.8621538382237343;505.1326281529699;4.966464;0.990168;W20_NSS2_MCS9:bytes=85576,ppdus=2,airtime_us=3624|W80_NSS2_MCS9:bytes=535232,ppdus=16,airtime_us=6208;918.75;0.5409773881524877;326.69879518072287;0.759248;0.997676;W40_NSS1_MCS10:bytes=43564,ppdus=2,airtime_us=1704|W80_NSS2_MCS10:bytes=51342,ppdus=3,airtime_us=620;61.25;0.9242017680164774;62.55410815713229;6.8972585021989525;0.88973932;W40_NSS2_MCS3:bytes=65350,ppdus=1,airtime_us=4532|W80_NSS2_MCS0:bytes=796807.312774869,ppdus=26,airtime_us=105728.68;117.0;0.5186243688672955;59.98285714285714;0.335904;0.9944;W20_NSS2_MCS0:bytes=1554,ppdus=1,airtime_us=916|W20_NSS2_MCS3:bytes=3110,ppdus=1,airtime_us=484|W40_NSS1_MCS3:bytes=15548,ppdus=6,airtime_us=2456|W40_NSS2_MCS3:bytes=21776,ppdus=4,airtime_us=1744;918.75;0.8039171203871749;402.76142131979697;0.634752;0.998424;W20_NSS2_MCS9:bytes=15558,ppdus=1,airtime_us=692|W80_NSS2_MCS10:bytes=63786,ppdus=5,airtime_us=884;490.0;0.9166673042932675;391.58951310861426;2.091088;0.99466;W40_NSS2_MCS5:bytes=21782,ppdus=1,airtime_us=804|W80_NSS2_MCS5:bytes=239604,ppdus=10,airtime_us=4536;816.666668;1.0;635.8569604086846;1.991504;0.996868;W80_NSS2_MCS9:bytes=248938,ppdus=11,airtime_us=3132;61.25;0.8643157976331972;64.4496253122398;2.476928;0.961568;W80_NSS1_MCS1:bytes=267606,ppdus=13,airtime_us=35628|W80_NSS2_MCS1:bytes=42010,ppdus=1,airtime_us=2804
118;1;30;medium;-50.0;ap_only_cochannel;ul;su;1;476.3222224;342.7835751075607;96.303488;0.46082041961508147;306.25;1.0;279.36041939711663;1.705216;0.993896;W80_NSS1_MCS7:bytes=213152,ppdus=10,airtime_us=6104;245.0;0.9583411446476874;194.72750977835724;1.194848;0.993864;W20_NSS2_MCS3:bytes=6222,ppdus=1,airtime_us=916|W80_NSS2_MCS3:bytes=143134,ppdus=9,airtime_us=5220;219.375;0.8764687646498405;212.03046092184368;4.232128;0.98004;W20_NSS2_MCS10:bytes=463666,ppdus=11,airtime_us=17532|W40_NSS1_MCS10:bytes=65350,ppdus=1,airtime_us=2428;245.0;1.0;221.63004961020553;2.50176;0.988712;W80_NSS2_MCS3:bytes=312720,ppdus=18,airtime_us=11288;1020.833334;1.0;840.5689084895259;3.049584;0.996372;W80_NSS2_MCS11:bytes=381198,ppdus=11,airtime_us=3628;918.75;0.8928637031594416;388.85714285714283;0.348416;0.999104;W40_NSS2_MCS10:bytes=4666,ppdus=1,airtime_us=148|W80_NSS2_MCS10:bytes=38886,ppdus=7,airtime_us=748;183.75;0.875814961688399;126.41954328199681;1.904384;0.984936;W20_NSS2_MCS2:bytes=29562,ppdus=1,airtime_us=5444|W80_NSS2_MCS2:bytes=208486,ppdus=9,airtime_us=9620;612.5;0.5534607719888273;384.589195491644;3.958192;0.989708;W80_NSS1_MCS7:bytes=220936,ppdus=8,airtime_us=6176|W80_NSS2_MCS7:bytes=273838,ppdus=9,airtime_us=4116;735.0;0.8955483409453585;490.23469112489886;7.2692;0.985172;W20_NSS2_MCS8:bytes=94910,ppdus=3,airtime_us=4508|W80_NSS2_MCS8:bytes=813740,ppdus=24,airtime_us=10320;735.0;1.0;212.6153846153846;0.099504;0.999532;W80_NSS2_MCS8:bytes=12438,ppdus=5,airtime_us=468;367.5;1.0;292.99078812691914;1.145008;0.996092;W80_NSS2_MCS4:bytes=143126,ppdus=13,airtime_us=3908;183.75;0.6771692594204513;181.42494261667943;4.742448;0.97386;W40_NSS1_MCS9:bytes=191376,ppdus=6,airtime_us=8136|W80_NSS2_MCS2:bytes=401430,ppdus=9,airtime_us=18004;918.75;1.0;441.27659574468083;0.24888;0.999436;W80_NSS2_MCS10:bytes=31110,ppdus=5,airtime_us=564;1020.833334;1.0;751.9626168224299;2.25288;0.997004;W80_NSS2_MCS11:bytes=281610,ppdus=13,airtime_us=2996;1020.833334;0.9306634977223213;540.5781584582442;8.0784;0.985056;W20_NSS1_MCS0:bytes=4666,ppdus=1,airtime_us=5164|W40_NSS2_MCS11:bytes=65350,ppdus=1,airtime_us=1140|W80_NSS2_MCS11:bytes=939784,ppdus=20,airtime_us=8640;219.375;0.6666428571428571;208.955223880597;0.448;0.997856;W40_NSS1_MCS10:bytes=37332,ppdus=6,airtime_us=1688|W40_NSS2_MCS10:bytes=18668,ppdus=2,airtime_us=456;438.75;1.0;405.80221253771373;4.842032;0.988068;W40_NSS2_MCS10:bytes=605254,ppdus=15,airtime_us=11932;175.5;0.46209424812640665;209.778534923339;3.44792;0.983564;W20_NSS2_MCS8:bytes=199158,ppdus=5,airtime_us=9380|W40_NSS1_MCS8:bytes=62238,ppdus=1,airtime_us=2892|W40_NSS2_MCS8:bytes=169594,ppdus=5,airtime_us=4164;61.25;0.9484985407460126;56.94086232623891;2.900112;0.949068;W20_NSS2_MCS1:bytes=18670,ppdus=1,airtime_us=5172|W80_NSS1_MCS1:bytes=343844,ppdus=16,airtime_us=45760;292.5;1.0;278.64738598442716;4.008064;0.985616;W40_NSS2_MCS7:bytes=501008,ppdus=12,airtime_us=14384;61.25;0.8721392304757433;64.01690934711132;2.72584;0.95742;W80_NSS1_MCS1:bytes=297164,ppdus=16,airtime_us=39680|W80_NSS2_MCS1:bytes=43566,ppdus=1,airtime_us=2900;735.0;0.878204732065242;387.2788193059434;3.883632;0.989972;W20_NSS1_MCS9:bytes=59126,ppdus=1,airtime_us=4908|W80_NSS2_MCS8:bytes=426328,ppdus=8,airtime_us=5120;816.666668;1.0;626.130081300813;1.232224;0.998032;W80_NSS2_MCS9:bytes=154028,ppdus=8,airtime_us=1968;61.25;1.0;60.06213472777607;3.124192;0.947984;W80_NSS2_MCS0:bytes=390524,ppdus=16,airtime_us=52016;367.5;0.9895312799701182;325.39939775526966;4.754736;0.985388;W40_NSS2_MCS4:bytes=6222,ppdus=1,airtime_us=340|W80_NSS2_MCS4:bytes=588120,ppdus=24,airtime_us=14272;61.25;0.9624321050949971;60.11524288107203;4.306656;0.92836;W40_NSS2_MCS1:bytes=20224,ppdus=2,airtime_us=2888|W80_NSS1_MCS1:bytes=518108,ppdus=20,airtime_us=68752;735.0;1.0;624.4761904761905;2.937536;0.995296;W80_NSS2_MCS8:bytes=367192,ppdus=12,airtime_us=4704;306.25;1.0;278.6749654218534;3.223712;0.988432;W80_NSS1_MCS7:bytes=402964,ppdus=20,airtime_us=11568;408.333334;0.8593751046067122;409.5106237148732;4.779808;0.988328;W80_NSS1_MCS9:bytes=513456,ppdus=12,airtime_us=10720|W80_NSS2_MCS9:bytes=84020,ppdus=2,airtime_us=952;816.666668;1.0;728.4522613065327;6.958176;0.990448;W80_NSS2_MCS9:bytes=869772,ppdus=16,airtime_us=9552
118;1;30;medium;-50.0;ap_only_cochannel;ul;su;2;353.3833334;268.035344109218;97.54932630611354;0.5153360197237943;131.625;0.8706364571359428;119.55877034358048;1.057856;0.991152;W20_NSS2_MCS6:bytes=115126,ppdus=9,airtime_us=7572|W40_NSS1_MCS6:bytes=17106,ppdus=5,airtime_us=1276;195.0;1.0;179.93610223642173;2.2528;0.98748;W20_NSS2_MCS9:bytes=281600,ppdus=18,airtime_us=12520;117.0;1.0;103.22211981566821;0.447984;0.99566;W40_NSS2_MCS3:bytes=55998,ppdus=9,airtime_us=4340;459.375;1.0;410.9012048192771;3.41048;0.9917;W80_NSS1_MCS10:bytes=426310,ppdus=17,airtime_us=8300;918.75;1.0;761.6875768757687;2.477008;0.996748;W80_NSS2_MCS10:bytes=309626,ppdus=9,airtime_us=3252;275.625;0.9561815015876267;180.12915129151293;3.12416;0.982656;W20_NSS1_MCS1:bytes=9334,ppdus=1,airtime_us=5164|W20_NSS2_MCS6:bytes=7778,ppdus=1,airtime_us=532|W80_NSS1_MCS6:bytes=373408,ppdus=16,airtime_us=11648;219.375;1.0;211.72332730560578;3.746656;0.982304;W40_NSS1_MCS10:bytes=468332,ppdus=12,airtime_us=17696;263.25;1.0;237.22336156932678;2.128368;0.991028;W40_NSS2_MCS6:bytes=266046,ppdus=15,airtime_us=8972;612.5;0.9380616737707955;535.2117156950994;8.440654306113537;0.984229317;W80_NSS1_MCS7:bytes=65350,ppdus=1,airtime_us=1756|W80_NSS2_MCS7:bytes=989731.788264192,ppdus=18,airtime_us=14014.683;1020.833334;1.0;868.0851063829788;5.8752;0.993232;W80_NSS2_MCS11:bytes=734400,ppdus=16,airtime_us=6768;61.25;0.743421729540025;59.73311443665678;11.35192;0.809956;W40_NSS1_MCS3:bytes=364082,ppdus=11,airtime_us=50356|W80_NSS2_MCS0:bytes=1054908,ppdus=30,airtime_us=139688;510.416667;0.8618413680981465;446.54897333018647;7.568112;0.983052;W40_NSS1_MCS11:bytes=65350,ppdus=1,airtime_us=2204|W40_NSS2_MCS11:bytes=65350,ppdus=1,airtime_us=1140|W80_NSS1_MCS11:bytes=815314,ppdus=15,airtime_us=13604;122.5;1.0;113.04863051984348;1.617952;0.985688;W80_NSS2_MCS1:bytes=202244,ppdus=18,airtime_us=14312;234.0;1.0;107.17241379310344;0.024864;0.999768;W40_NSS2_MCS5:bytes=3108,ppdus=2,airtime_us=232;131.625;0.5001608234158893;114.09174311926606;0.049744;0.999564;W40_NSS1_MCS6:bytes=3110,ppdus=1,airtime_us=236|W40_NSS2_MCS6:bytes=3108,ppdus=2,airtime_us=200;367.5;0.9875152644771514;337.32249322493226;1.991552;0.994096;W40_NSS1_MCS8:bytes=3108,ppdus=2,airtime_us=248|W80_NSS1_MCS8:bytes=245836,ppdus=6,airtime_us=5656;438.75;0.9245284544300625;237.29304556354916;1.979024;0.99166;W20_NSS2_MCS2:bytes=18670,ppdus=1,airtime_us=3460|W40_NSS2_MCS10:bytes=228708,ppdus=12,airtime_us=4880;263.25;0.7047538595266953;178.63531984691087;1.306896;0.992684;W20_NSS1_MCS6:bytes=6222,ppdus=1,airtime_us=812|W40_NSS1_MCS6:bytes=42010,ppdus=1,airtime_us=2604|W40_NSS2_MCS6:bytes=115130,ppdus=7,airtime_us=3900;292.5;0.37979258715168995;208.69213693188456;7.144784;0.965764;W20_NSS2_MCS7:bytes=132254,ppdus=3,airtime_us=7420|W40_NSS1_MCS7:bytes=191378,ppdus=5,airtime_us=10716|W40_NSS2_MCS7:bytes=339192,ppdus=8,airtime_us=9728|W80_NSS1_MCS7:bytes=230274,ppdus=7,airtime_us=6372;1020.833334;0.9178747961152187;533.2406181015452;7.729856;0.985504;W20_NSS1_MCS2:bytes=14002,ppdus=1,airtime_us=5164|W40_NSS2_MCS11:bytes=65350,ppdus=1,airtime_us=1140|W80_NSS2_MCS11:bytes=886880,ppdus=20,airtime_us=8192;275.625;0.810494070326754;252.0287393860222;3.086848;0.987752;W20_NSS2_MCS6:bytes=3110,ppdus=1,airtime_us=244|W40_NSS2_MCS6:bytes=70012,ppdus=4,airtime_us=2352|W80_NSS1_MCS6:bytes=312734,ppdus=11,airtime_us=9652;263.25;0.950551274535425;227.89698189134808;2.265296;0.99006;W40_NSS1_MCS6:bytes=14002,ppdus=1,airtime_us=908|W40_NSS2_MCS6:bytes=269160,ppdus=14,airtime_us=9032;487.5;1.0;422.64336775218425;2.128432;0.994964;W40_NSS2_MCS11:bytes=266054,ppdus=11,airtime_us=5036;490.0;1.0;148.0;0.012432;0.999916;W80_NSS2_MCS5:bytes=1554,ppdus=1,airtime_us=84;367.5;0.9190740135326577;320.3205077350258;6.460224;0.979832;W40_NSS2_MCS4:bytes=65350,ppdus=1,airtime_us=3044|W80_NSS2_MCS4:bytes=742178,ppdus=17,airtime_us=17124;122.5;0.8715918469426035;98.32780031968524;3.1988;0.967468;W40_NSS1_MCS1:bytes=12446,ppdus=1,airtime_us=3452|W80_NSS1_MCS1:bytes=38898,ppdus=1,airtime_us=5132|W80_NSS2_MCS1:bytes=348506,ppdus=19,airtime_us=23948;183.75;0.9854098153004592;170.35524475524477;3.410512;0.97998;W40_NSS1_MCS1:bytes=1554,ppdus=1,airtime_us=476|W40_NSS2_MCS2:bytes=4666,ppdus=1,airtime_us=484|W80_NSS2_MCS2:bytes=420094,ppdus=13,airtime_us=19060;122.5;0.8001543209876543;83.61290322580645;0.124416;0.998512;W40_NSS2_MCS1:bytes=3108,ppdus=2,airtime_us=552|W80_NSS2_MCS1:bytes=12444,ppdus=2,airtime_us=936;122.5;0.9629722202385204;99.28271787296899;2.688576;0.97292;W40_NSS1_MCS0:bytes=9334,ppdus=1,airtime_us=5164|W40_NSS2_MCS3:bytes=3110,ppdus=1,airtime_us=276|W80_NSS1_MCS3:bytes=323628,ppdus=10,airtime_us=21640;510.416667;1.0;275.13513513513516;0.44792;0.998372;W80_NSS1_MCS11:bytes=55990,ppdus=13,airtime_us=1628
119;1;30;medium;-50.0;ap_only_cochannel;dl;su;0;343.93175296551726;56.48877791036201;1.478192;0.798259896759856;87.75;0.9178321678321678;26.6046511627907;0.009152;0.999656;W20_NSS1_MCS4:bytes=94,ppdus=1,airtime_us=76|W20_NSS2_MCS4:bytes=1050,ppdus=3,airtime_us=268;816.666668;1.0;111.77952755905511;0.056784;0.999492;W80_NSS2_MCS9:bytes=7098,ppdus=7,airtime_us=508;551.25;1.0;82.03141361256544;0.062672;0.999236;W80_NSS2_MCS6:bytes=7834,ppdus=11,airtime_us=764;61.25;0.782557988855773;44.542568542568546;0.123472;0.997228;W20_NSS2_MCS7:bytes=1630,ppdus=1,airtime_us=148|W80_NSS1_MCS0:bytes=1726,ppdus=1,airtime_us=508|W80_NSS2_MCS0:bytes=12078,ppdus=9,airtime_us=2116;175.5;1.0;63.833333333333336;0.024512;0.999616;W40_NSS2_MCS4:bytes=3064,ppdus=4,airtime_us=384;551.25;1.0;54.621848739495796;0.026;0.999524;W80_NSS2_MCS6:bytes=3250,ppdus=7,airtime_us=476;438.75;1.0;17.83529411764706;0.006064;0.99966;W40_NSS2_MCS10:bytes=758,ppdus=5,airtime_us=340;61.25;0.646282722513089;40.552016985138;0.1528;0.996232;W20_NSS1_MCS3:bytes=6756,ppdus=2,airtime_us=1960|W80_NSS1_MCS1:bytes=12344,ppdus=4,airtime_us=1808;61.25;0.6088817549491706;51.205479452054796;0.119616;0.997664;W40_NSS2_MCS1:bytes=1438,ppdus=1,airtime_us=260|W80_NSS1_MCS1:bytes=9104,ppdus=8,airtime_us=1600|W80_NSS2_MCS1:bytes=4410,ppdus=3,airtime_us=476;219.375;0.7991573033707865;23.34426229508197;0.011392;0.999512;W40_NSS1_MCS10:bytes=1138,ppdus=7,airtime_us=420|W80_NSS2_MCS10:bytes=286,ppdus=1,airtime_us=68;65.8125;0.6413276231263383;53.371428571428574;0.029888;0.99944;W20_NSS1_MCS6:bytes=2396,ppdus=2,airtime_us=408|W40_NSS2_MCS6:bytes=94,ppdus=1,airtime_us=68|W80_NSS2_MCS6:bytes=1246,ppdus=1,airtime_us=84;735.0;0.7996647108130763;39.43801652892562;0.019088;0.999516;W40_NSS1_MCS8:bytes=478,ppdus=1,airtime_us=76|W80_NSS2_MCS8:bytes=1908,ppdus=6,airtime_us=408;551.25;0.7061728395061728;31.764705882352942;0.01296;0.999592;W40_NSS2_MCS6:bytes=476,ppdus=2,airtime_us=136|W80_NSS2_MCS6:bytes=1144,ppdus=4,airtime_us=272;487.5;0.80083857442348;38.16;0.015264;0.9996;W20_NSS1_MCS11:bytes=190,ppdus=1,airtime_us=60|W20_NSS2_MCS11:bytes=190,ppdus=1,airtime_us=68|W40_NSS2_MCS11:bytes=1528,ppdus=4,airtime_us=272;122.5;1.0;44.64;0.013392;0.9997;W80_NSS2_MCS1:bytes=1674,ppdus=3,airtime_us=300;122.5;1.0;50.76702508960574;0.056656;0.998884;W80_NSS2_MCS1:bytes=7082,ppdus=11,airtime_us=1116;735.0;1.0;80.67924528301887;0.034208;0.999576;W80_NSS2_MCS8:bytes=4276,ppdus=6,airtime_us=424;183.75;0.863514719000892;89.08609271523179;0.053808;0.999396;W40_NSS1_MCS4:bytes=918,ppdus=1,airtime_us=140|W80_NSS1_MCS4:bytes=5808,ppdus=4,airtime_us=464;183.75;1.0;70.70769230769231;0.018384;0.99974;W80_NSS1_MCS4:bytes=2298,ppdus=3,airtime_us=260;87.75;1.0;36.103004291845494;0.033648;0.999068;W40_NSS2_MCS2:bytes=4206,ppdus=9,airtime_us=932;146.25;1.0;95.63636363636364;0.050496;0.999472;W40_NSS1_MCS7:bytes=6312,ppdus=4,airtime_us=528;183.75;1.0;63.40298507462686;0.067968;0.998928;W80_NSS2_MCS2:bytes=8496,ppdus=12,airtime_us=1072;390.0;0.8514963297571994;76.17204301075269;0.056672;0.999256;W40_NSS2_MCS9:bytes=6032,ppdus=8,airtime_us=608|W80_NSS2_MCS9:bytes=1052,ppdus=2,airtime_us=136;918.75;0.7948100588550027;141.0566037735849;0.059808;0.999576;W40_NSS2_MCS10:bytes=1534,ppdus=1,airtime_us=84|W80_NSS2_MCS10:bytes=5942,ppdus=5,airtime_us=340;61.25;0.9943256480707203;48.81049562682216;0.267872;0.994512;W20_NSS1_MCS3:bytes=190,ppdus=1,airtime_us=108|W80_NSS2_MCS0:bytes=33294,ppdus=17,airtime_us=5380;117.0;1.0;59.796178343949045;0.037552;0.999372;W40_NSS2_MCS3:bytes=4694,ppdus=5,airtime_us=628;918.75;0.5;11.75;0.001504;0.999872;W80_NSS1_MCS10:bytes=94,ppdus=1,airtime_us=60|W80_NSS2_MCS10:bytes=94,ppdus=1,airtime_us=68;;;;0.0;;;816.666668;0.7331288343558282;40.75;0.031296;0.999232;W40_NSS1_MCS9:bytes=1044,ppdus=6,airtime_us=360|W80_NSS2_MCS9:bytes=2868,ppdus=6,airtime_us=408;122.5;0.8486383787207094;49.732283464566926;0.025264;0.999492;W20_NSS1_MCS6:bytes=478,ppdus=1,airtime_us=108|W80_NSS2_MCS1:bytes=2680,ppdus=4,airtime_us=400
119;1;30;medium;-50.0;ap_only_cochannel;dl;su;1;313.57543113793105;68.3519103958212;1.32488;0.8094855730847899;612.5;0.5;11.058823529411764;0.001504;0.999864;W40_NSS2_MCS7:bytes=94,ppdus=1,airtime_us=68|W80_NSS2_MCS7:bytes=94,ppdus=1,airtime_us=68;245.0;0.8571961222967934;75.54929577464789;0.042912;0.999432;W40_NSS2_MCS3:bytes=766,ppdus=1,airtime_us=116|W80_NSS2_MCS3:bytes=4598,ppdus=5,airtime_us=452;109.6875;0.7173321234119783;55.79746835443038;0.035264;0.999368;W20_NSS1_MCS10:bytes=3162,ppdus=3,airtime_us=404|W80_NSS2_MCS0:bytes=1246,ppdus=1,airtime_us=228;58.5;1.0;11.058823529411764;0.002256;0.999796;W20_NSS2_MCS3:bytes=282,ppdus=3,airtime_us=204;510.416667;1.0;74.4;0.026784;0.99964;W80_NSS1_MCS11:bytes=3348,ppdus=6,airtime_us=360;918.75;1.0;11.058823529411764;0.003008;0.999728;W80_NSS2_MCS10:bytes=376,ppdus=4,airtime_us=272;87.75;0.5999322493224932;78.19867549668874;0.188928;0.997584;W40_NSS2_MCS2:bytes=14168,ppdus=8,airtime_us=1776|W80_NSS2_MCS2:bytes=9448,ppdus=4,airtime_us=640;146.25;0.7024608501118568;68.47659574468085;0.064368;0.99906;W20_NSS1_MCS10:bytes=2394,ppdus=3,airtime_us=324|W40_NSS1_MCS7:bytes=5652,ppdus=6,airtime_us=616;175.5;1.0;66.6086956521739;0.012256;0.999816;W40_NSS1_MCS8:bytes=1532,ppdus=2,airtime_us=184;87.75;1.0;12.533333333333333;0.003008;0.99976;W20_NSS1_MCS8:bytes=376,ppdus=4,airtime_us=240;183.75;1.0;39.86813186813187;0.014512;0.999636;W80_NSS1_MCS4:bytes=1814,ppdus=5,airtime_us=364;183.75;0.7462172284644195;83.17757009345794;0.1068;0.998716;W40_NSS2_MCS2:bytes=3388,ppdus=2,airtime_us=424|W80_NSS2_MCS2:bytes=9962,ppdus=7,airtime_us=860;459.375;0.9033560434014636;109.32413793103449;0.063408;0.99942;W40_NSS2_MCS10:bytes=766,ppdus=1,airtime_us=68|W80_NSS1_MCS10:bytes=7160,ppdus=8,airtime_us=512;1020.833334;1.0;129.64705882352942;0.035264;0.999728;W80_NSS2_MCS11:bytes=4408,ppdus=4,airtime_us=272;;;;0.0;;;438.75;1.0;87.85882352941177;0.029872;0.99966;W40_NSS2_MCS10:bytes=3734,ppdus=5,airtime_us=340;459.375;0.8709568733153639;83.6056338028169;0.047488;0.999432;W80_NSS1_MCS10:bytes=5170,ppdus=7,airtime_us=500|W80_NSS2_MCS10:bytes=766,ppdus=1,airtime_us=68;87.75;0.5230222496909765;63.141463414634146;0.103552;0.99836;W20_NSS1_MCS8:bytes=6770,ppdus=3,airtime_us=772|W80_NSS2_MCS0:bytes=6174,ppdus=1,airtime_us=868;61.25;0.6157423971377459;41.254612546125465;0.04472;0.998916;W80_NSS1_MCS1:bytes=3442,ppdus=7,airtime_us=820|W80_NSS2_MCS1:bytes=2148,ppdus=2,airtime_us=264;146.25;1.0;66.6086956521739;0.006128;0.999908;W40_NSS1_MCS7:bytes=766,ppdus=1,airtime_us=92;61.25;0.8689380751056951;39.32518337408313;0.064336;0.998364;W20_NSS1_MCS6:bytes=1054,ppdus=1,airtime_us=188|W80_NSS1_MCS1:bytes=6988,ppdus=10,airtime_us=1448;735.0;1.0;108.94117647058823;0.044448;0.999592;W80_NSS2_MCS8:bytes=5556,ppdus=6,airtime_us=408;408.333334;1.0;110.94736842105263;0.04216;0.99962;W80_NSS1_MCS9:bytes=5270,ppdus=5,airtime_us=380;61.25;0.6274153216640146;36.28041237113402;0.070384;0.99806;W40_NSS2_MCS0:bytes=3278,ppdus=1,airtime_us=964|W80_NSS2_MCS0:bytes=5520,ppdus=4,airtime_us=976;183.75;1.0;83.30434782608695;0.022992;0.999724;W80_NSS1_MCS4:bytes=2874,ppdus=3,airtime_us=276;122.5;0.9497500657721653;51.89078498293515;0.060816;0.998828;W80_NSS1_MCS1:bytes=382,ppdus=1,airtime_us=108|W80_NSS2_MCS1:bytes=7220,ppdus=10,airtime_us=1064;175.5;1.0;98.96774193548387;0.012272;0.999876;W40_NSS1_MCS8:bytes=1534,ppdus=1,airtime_us=124;146.25;1.0;72.72;0.058176;0.9992;W40_NSS1_MCS7:bytes=7272,ppdus=8,airtime_us=800;816.666668;0.76803266293664;168.48407643312103;0.105808;0.999372;W20_NSS2_MCS9:bytes=862,ppdus=1,airtime_us=100|W40_NSS1_MCS9:bytes=2206,ppdus=1,airtime_us=140|W80_NSS2_MCS9:bytes=10158,ppdus=5,airtime_us=388;390.0;1.0;42.11764705882353;0.011456;0.999728;W40_NSS2_MCS9:bytes=1432,ppdus=4,airtime_us=272
119;1;30;medium;-50.0;ap_only_cochannel;dl;su;2;312.31805556666666;46.68829480432212;1.434448;0.325288238658599;61.25;0.4899791231732777;48.87755102040816;0.07664;0.998432;W40_NSS2_MCS1:bytes=958,ppdus=1,airtime_us=196|W80_NSS1_MCS1:bytes=4694,ppdus=5,airtime_us=876|W80_NSS2_MCS1:bytes=3928,ppdus=4,airtime_us=496;122.5;0.7659196804970047;60.7003367003367;0.144224;0.997624;W20_NSS2_MCS1:bytes=2110,ppdus=1,airtime_us=644|W40_NSS2_MCS1:bytes=2110,ppdus=1,airtime_us=356|W80_NSS2_MCS1:bytes=13808,ppdus=8,airtime_us=1376;117.0;0.5;11.058823529411764;0.001504;0.999864;W20_NSS2_MCS3:bytes=94,ppdus=1,airtime_us=68|W40_NSS2_MCS3:bytes=94,ppdus=1,airtime_us=68;918.75;1.0;98.18487394957984;0.046736;0.999524;W80_NSS2_MCS10:bytes=5842,ppdus=7,airtime_us=476;918.75;1.0;115.9327731092437;0.055184;0.999524;W80_NSS2_MCS10:bytes=6898,ppdus=7,airtime_us=476;131.625;1.0;62.43478260869565;0.022976;0.999632;W40_NSS1_MCS6:bytes=2872,ppdus=4,airtime_us=368;122.5;0.6228190215531988;68.7764705882353;0.093536;0.99864;W20_NSS1_MCS10:bytes=4410,ppdus=3,airtime_us=484|W80_NSS2_MCS1:bytes=7282,ppdus=7,airtime_us=876;551.25;1.0;74.30588235294118;0.050528;0.99932;W80_NSS2_MCS6:bytes=6316,ppdus=10,airtime_us=680;612.5;1.0;11.058823529411764;0.004512;0.999592;W80_NSS2_MCS7:bytes=564,ppdus=6,airtime_us=408;510.416667;1.0;70.13333333333334;0.008416;0.99988;W80_NSS1_MCS11:bytes=1052,ppdus=2,airtime_us=120;61.25;0.9251373626373627;47.314623338257014;0.256256;0.994584;W80_NSS1_MCS0:bytes=2398,ppdus=1,airtime_us=684|W80_NSS2_MCS0:bytes=29634,ppdus=15,airtime_us=4732;243.75;1.0;108.97841726618705;0.121184;0.998888;W20_NSS2_MCS11:bytes=15148,ppdus=10,airtime_us=1112;61.25;1.0;16.705882352941178;0.002272;0.999864;W80_NSS1_MCS1:bytes=284,ppdus=2,airtime_us=136;234.0;1.0;11.058823529411764;0.00376;0.99966;W40_NSS2_MCS5:bytes=470,ppdus=5,airtime_us=340;263.25;1.0;24.611764705882354;0.008368;0.99966;W40_NSS2_MCS6:bytes=1046,ppdus=5,airtime_us=340;351.0;0.9014675052410901;34.69090909090909;0.007632;0.99978;W40_NSS2_MCS8:bytes=860,ppdus=2,airtime_us=152|W80_NSS2_MCS8:bytes=94,ppdus=1,airtime_us=68;918.75;1.0;13.31764705882353;0.004528;0.99966;W80_NSS2_MCS10:bytes=566,ppdus=5,airtime_us=340;551.25;1.0;11.058823529411764;0.000752;0.999932;W80_NSS2_MCS6:bytes=94,ppdus=1,airtime_us=68;292.5;0.6666666666666666;84.20689655172414;0.078144;0.999072;W40_NSS2_MCS7:bytes=6512,ppdus=8,airtime_us=656|W80_NSS2_MCS7:bytes=3256,ppdus=4,airtime_us=272;243.75;0.5426865671641791;80.72289156626506;0.0268;0.999668;W40_NSS1_MCS11:bytes=1818,ppdus=3,airtime_us=212|W80_NSS1_MCS11:bytes=1532,ppdus=2,airtime_us=120;551.25;0.7016806722689075;28.0;0.015232;0.999456;W40_NSS2_MCS6:bytes=568,ppdus=4,airtime_us=272|W80_NSS2_MCS6:bytes=1336,ppdus=4,airtime_us=272;131.625;1.0;17.83529411764706;0.006064;0.99966;W20_NSS2_MCS6:bytes=758,ppdus=5,airtime_us=340;243.75;1.0;88.43076923076923;0.045984;0.99948;W40_NSS1_MCS11:bytes=5748,ppdus=6,airtime_us=520;245.0;1.0;55.25;0.028288;0.999488;W80_NSS1_MCS5:bytes=3536,ppdus=8,airtime_us=512;367.5;1.0;11.058823529411764;0.000752;0.999932;W80_NSS2_MCS4:bytes=94,ppdus=1,airtime_us=68;61.25;0.8053221288515406;39.556786703601105;0.11424;0.997112;W20_NSS2_MCS1:bytes=1918,ppdus=1,airtime_us=580|W40_NSS1_MCS1:bytes=862,ppdus=1,airtime_us=284|W80_NSS1_MCS1:bytes=11500,ppdus=10,airtime_us=2024;91.875;0.5428344265553567;40.16766467065868;0.080496;0.997996;W20_NSS1_MCS1:bytes=1054,ppdus=1,airtime_us=636|W20_NSS2_MCS2:bytes=1150,ppdus=1,airtime_us=276|W40_NSS2_MCS2:bytes=2396,ppdus=2,airtime_us=344|W80_NSS1_MCS2:bytes=5462,ppdus=5,airtime_us=748;29.25;0.7049819927971188;28.0;0.106624;0.996192;W20_NSS2_MCS1:bytes=1822,ppdus=1,airtime_us=564|W40_NSS1_MCS1:bytes=9396,ppdus=6,airtime_us=2888|W40_NSS2_MCS1:bytes=2110,ppdus=1,airtime_us=356;117.0;0.5591939546599496;26.320441988950275;0.019056;0.999276;W40_NSS1_MCS3:bytes=668,ppdus=2,airtime_us=200|W40_NSS2_MCS3:bytes=1332,ppdus=6,airtime_us=456|W80_NSS2_MCS3:bytes=382,ppdus=1,airtime_us=68;243.75;0.6;11.89873417721519;0.00376;0.999684;W40_NSS1_MCS11:bytes=282,ppdus=3,airtime_us=180|W80_NSS2_MCS11:bytes=188,ppdus=2,airtime_us=136
120;1;30;medium;-50.0;ap_only_cochannel;ul_dl;su;0;304.3347222666667;142.03116435878775;11.018127999999999;0.7977804487203017;175.5;0.5;92.83582089552239;0.04976;0.999464;W20_NSS2_MCS4:bytes=3110,ppdus=1,airtime_us=340|W40_NSS2_MCS4:bytes=3110,ppdus=1,airtime_us=196;195.0;0.800557880055788;48.610169491525426;0.011472;0.999764;W20_NSS2_MCS9:bytes=1148,ppdus=2,airtime_us=168|W80_NSS2_MCS9:bytes=286,ppdus=1,airtime_us=68;263.25;0.8248587570621468;182.2058823529412;0.59472;0.996736;W20_NSS1_MCS9:bytes=9910,ppdus=1,airtime_us=860|W40_NSS2_MCS6:bytes=61320,ppdus=8,airtime_us=2304|W80_NSS2_MCS6:bytes=3110,ppdus=1,airtime_us=100;61.25;0.9237443126059417;55.8240298817182;2.152128;0.961448;W80_NSS1_MCS0:bytes=20514,ppdus=1,airtime_us=5404|W80_NSS2_MCS0:bytes=248502,ppdus=11,airtime_us=33148;367.5;1.0;264.43122676579924;0.284528;0.998924;W80_NSS2_MCS4:bytes=35566,ppdus=5,airtime_us=1076;551.25;1.0;11.058823529411764;0.002256;0.999796;W80_NSS2_MCS6:bytes=282,ppdus=3,airtime_us=204;438.75;0.7580688272636151;156.2924281984334;0.47888;0.996936;W20_NSS1_MCS6:bytes=14482,ppdus=1,airtime_us=1820|W40_NSS2_MCS10:bytes=45378,ppdus=7,airtime_us=1244;122.5;1.0;63.1875;0.064704;0.998976;W80_NSS2_MCS1:bytes=8088,ppdus=8,airtime_us=1024;122.5;1.0;14.823529411764707;0.006048;0.999592;W80_NSS2_MCS1:bytes=756,ppdus=6,airtime_us=408;918.75;0.6268899422205307;426.6125461254613;0.462448;0.998916;W80_NSS1_MCS10:bytes=21568,ppdus=2,airtime_us=472|W80_NSS2_MCS10:bytes=36238,ppdus=5,airtime_us=612;131.625;0.6787828720914223;131.45701357466064;0.232416;0.998232;W40_NSS1_MCS6:bytes=19720,ppdus=4,airtime_us=1392|W80_NSS1_MCS6:bytes=9332,ppdus=2,airtime_us=376;735.0;1.0;317.7931034482759;0.073728;0.999768;W80_NSS2_MCS8:bytes=9216,ppdus=2,airtime_us=232;551.25;0.7021758177570093;188.91034482758621;0.219136;0.99884;W40_NSS2_MCS6:bytes=8158,ppdus=3,airtime_us=444|W80_NSS2_MCS6:bytes=19234,ppdus=7,airtime_us=716;487.5;1.0;315.11811023622045;0.32016;0.998984;W40_NSS2_MCS11:bytes=40020,ppdus=6,airtime_us=1016;58.5;1.0;49.16953316953317;0.160096;0.996744;W20_NSS1_MCS5:bytes=20012,ppdus=10,airtime_us=3256;122.5;0.8966622821440315;61.12562814070352;0.194624;0.996816;W20_NSS1_MCS2:bytes=2514,ppdus=1,airtime_us=972|W80_NSS2_MCS1:bytes=21814,ppdus=13,airtime_us=2212;735.0;0.5905707196029777;29.96282527881041;0.06448;0.997848;W20_NSS1_MCS0:bytes=1650,ppdus=1,airtime_us=1868|W40_NSS2_MCS8:bytes=1650,ppdus=1,airtime_us=100|W80_NSS2_MCS8:bytes=4760,ppdus=2,airtime_us=184;87.75;1.0;54.73684210526316;0.03328;0.999392;W20_NSS2_MCS4:bytes=4160,ppdus=4,airtime_us=608;87.75;0.6950831269897417;42.352059925093634;0.045232;0.998932;W20_NSS1_MCS4:bytes=862,ppdus=1,airtime_us=204|W20_NSS2_MCS4:bytes=3930,ppdus=7,airtime_us=764|W40_NSS2_MCS4:bytes=862,ppdus=1,airtime_us=100;87.75;0.706613650090598;64.82218597063621;0.635776;0.990192;W20_NSS2_MCS2:bytes=23316,ppdus=2,airtime_us=4360|W40_NSS2_MCS2:bytes=56156,ppdus=6,airtime_us=5448;146.25;0.83331650681474;115.51020408163265;0.15848;0.998628;W40_NSS1_MCS7:bytes=16508,ppdus=6,airtime_us=1224|W40_NSS2_MCS7:bytes=3302,ppdus=1,airtime_us=148;183.75;1.0;138.7760532150776;0.250352;0.998196;W80_NSS2_MCS2:bytes=31294,ppdus=7,airtime_us=1804;816.666668;1.0;378.4;0.11352;0.9997;W80_NSS2_MCS9:bytes=14190,ppdus=3,airtime_us=300;438.75;1.0;343.47906976744184;0.590784;0.99828;W40_NSS2_MCS10:bytes=73848,ppdus=6,airtime_us=1720;61.25;1.0;60.158635205494626;2.172208;0.963892;W80_NSS2_MCS0:bytes=271526,ppdus=11,airtime_us=36108;58.5;0.4586197522233873;43.112599413980746;0.411984;0.990444;W20_NSS1_MCS3:bytes=16512,ppdus=4,airtime_us=4736|W20_NSS2_MCS3:bytes=6414,ppdus=1,airtime_us=932|W40_NSS1_MCS3:bytes=23618,ppdus=5,airtime_us=3484|W40_NSS2_MCS3:bytes=4954,ppdus=1,airtime_us=404;438.75;0.863266652011431;214.0705882352941;0.36392;0.9983;W20_NSS1_MCS10:bytes=6220,ppdus=2,airtime_us=568|W40_NSS2_MCS10:bytes=39270,ppdus=7,airtime_us=1132;234.0;1.0;11.058823529411764;0.000752;0.999932;W40_NSS2_MCS5:bytes=94,ppdus=1,airtime_us=68;390.0;1.0;327.6586433260394;0.59896;0.998172;W40_NSS2_MCS9:bytes=74870,ppdus=5,airtime_us=1828;61.25;1.0;57.380710659898476;0.271296;0.995272;W80_NSS1_MCS1:bytes=33912,ppdus=6,airtime_us=4728
120;1;30;medium;-50.0;ap_only_cochannel;ul_dl;su;1;372.5486112666667;180.25805772350623;16.7018855791587;0.799897012759442;306.25;1.0;113.23809523809524;0.038048;0.999664;W80_NSS1_MCS7:bytes=4756,ppdus=4,airtime_us=336;245.0;1.0;55.301587301587304;0.013936;0.999748;W80_NSS2_MCS3:bytes=1742,ppdus=3,airtime_us=252;30.625;0.8952302444072227;31.921338092238784;1.824496;0.942844;W80_NSS1_MCS0:bytes=204168,ppdus=12,airtime_us=53968|W80_NSS2_MCS0:bytes=23894,ppdus=1,airtime_us=3188;117.0;0.6007841131850337;123.50526315789473;0.375456;0.99696;W40_NSS2_MCS3:bytes=28196,ppdus=2,airtime_us=2056|W80_NSS2_MCS3:bytes=18736,ppdus=6,airtime_us=984;1020.833334;1.0;272.8095238095238;0.183328;0.999328;W80_NSS2_MCS11:bytes=22916,ppdus=8,airtime_us=672;219.375;0.44981115630447416;161.50146627565982;0.440576;0.997272;W20_NSS1_MCS10:bytes=11656,ppdus=2,airtime_us=968|W20_NSS2_MCS10:bytes=5050,ppdus=1,airtime_us=244|W40_NSS1_MCS10:bytes=24772,ppdus=4,airtime_us=1104|W40_NSS2_MCS10:bytes=13594,ppdus=3,airtime_us=412;87.75;0.5332366242853486;53.57257142857143;0.187504;0.9965;W40_NSS1_MCS2:bytes=10940,ppdus=4,airtime_us=2192|W40_NSS2_MCS2:bytes=12498,ppdus=3,airtime_us=1308;146.25;1.0;48.3;0.015456;0.99968;W40_NSS1_MCS7:bytes=1932,ppdus=4,airtime_us=320;735.0;1.0;449.52982456140353;1.024928;0.99772;W80_NSS2_MCS8:bytes=128116,ppdus=14,airtime_us=2280;175.5;0.4310872819419034;220.6346465191581;1.635344;0.992588;W20_NSS2_MCS8:bytes=88122,ppdus=5,airtime_us=4324|W40_NSS2_MCS8:bytes=77612,ppdus=6,airtime_us=2136|W80_NSS1_MCS8:bytes=38684,ppdus=2,airtime_us=952;87.75;1.0;62.8235294117647;0.025632;0.999592;W20_NSS2_MCS4:bytes=3204,ppdus=2,airtime_us=408;87.75;1.0;38.493506493506494;0.023712;0.999384;W40_NSS2_MCS2:bytes=2964,ppdus=6,airtime_us=616;918.75;1.0;237.36054421768708;0.139568;0.999412;W80_NSS2_MCS10:bytes=17446,ppdus=7,airtime_us=588;1020.833334;1.0;78.82352941176471;0.01608;0.999796;W80_NSS2_MCS11:bytes=2010,ppdus=3,airtime_us=204;1020.833334;1.0;560.4651162790698;0.6748;0.998796;W80_NSS2_MCS11:bytes=84350,ppdus=9,airtime_us=1204;918.75;1.0;456.07142857142856;0.20432;0.999552;W80_NSS2_MCS10:bytes=25540,ppdus=4,airtime_us=448;459.375;0.9715050608772187;293.2043010752688;0.436288;0.998512;W20_NSS2_MCS10:bytes=1554,ppdus=1,airtime_us=116|W80_NSS1_MCS10:bytes=52982,ppdus=9,airtime_us=1372;61.25;1.0;55.81907747424989;0.498576;0.991068;W80_NSS2_MCS0:bytes=62322,ppdus=13,airtime_us=8932;29.25;0.5713760793679956;35.28687196110211;0.087088;0.997532;W40_NSS1_MCS1:bytes=6220,ppdus=2,airtime_us=1800|W80_NSS1_MCS1:bytes=4666,ppdus=1,airtime_us=668;292.5;1.0;49.1764705882353;0.026752;0.999456;W40_NSS2_MCS7:bytes=3344,ppdus=8,airtime_us=544;58.5;0.5951032899770466;26.271356783919597;0.10456;0.99602;W20_NSS1_MCS1:bytes=4334,ppdus=3,airtime_us=2532|W20_NSS2_MCS1:bytes=958,ppdus=1,airtime_us=324|W40_NSS2_MCS1:bytes=7778,ppdus=1,airtime_us=1124;175.5;0.5000669433659124;165.060773480663;0.119504;0.999276;W20_NSS2_MCS8:bytes=1650,ppdus=1,airtime_us=132|W40_NSS1_MCS8:bytes=7470,ppdus=1,airtime_us=396|W40_NSS2_MCS8:bytes=5818,ppdus=1,airtime_us=196;816.666668;0.9037624355286378;560.1630075395475;2.7009575791587;0.995178265;W40_NSS1_MCS9:bytes=32491.6973948375,ppdus=1,airtime_us=1365.735|W80_NSS2_MCS9:bytes=305128,ppdus=8,airtime_us=3456;61.25;1.0;60.02758224393047;1.671408;0.972156;W80_NSS2_MCS0:bytes=208926,ppdus=9,airtime_us=27844;367.5;0.5186957360601968;192.3191094619666;0.41464;0.997844;W40_NSS2_MCS4:bytes=24946,ppdus=3,airtime_us=1324|W80_NSS2_MCS4:bytes=26884,ppdus=4,airtime_us=832;61.25;0.7075960865204474;58.828833843584746;1.690976;0.971256;W20_NSS1_MCS5:bytes=61806,ppdus=5,airtime_us=8716|W80_NSS1_MCS1:bytes=149566,ppdus=9,airtime_us=20028;351.0;0.7446330557144977;227.1335740072202;0.754992;0.996676;W40_NSS1_MCS8:bytes=24100,ppdus=4,airtime_us=1312|W40_NSS2_MCS8:bytes=70274,ppdus=7,airtime_us=2012;292.5;0.8428472702142363;219.24242424242425;1.1576;0.99472;W40_NSS1_MCS7:bytes=22740,ppdus=2,airtime_us=1352|W40_NSS2_MCS7:bytes=121960,ppdus=10,airtime_us=3928;816.666668;0.7851083032490975;375.59322033898303;0.17728;0.999528;W80_NSS1_MCS9:bytes=4762,ppdus=1,airtime_us=140|W80_NSS2_MCS9:bytes=17398,ppdus=3,airtime_us=332;195.0;0.6735294117647059;125.26315789473684;0.03808;0.999696;W20_NSS2_MCS9:bytes=1554,ppdus=1,airtime_us=116|W40_NSS1_MCS9:bytes=3206,ppdus=1,airtime_us=188
120;1;30;medium;-50.0;ap_only_cochannel;ul_dl;su;2;326.247844862069;144.59440046219615;14.823166908;0.8120048628339612;122.5;0.9121484591056714;109.23470178156468;2.256352;0.979344;W20_NSS1_MCS6:bytes=24778,ppdus=1,airtime_us=3068|W80_NSS2_MCS1:bytes=257266,ppdus=13,airtime_us=17588;61.25;1.0;59.10070257611241;0.100944;0.998292;W80_NSS1_MCS1:bytes=12618,ppdus=1,airtime_us=1708;117.0;0.8686274509803922;69.86301369863014;0.0408;0.999416;W20_NSS1_MCS10:bytes=670,ppdus=1,airtime_us=108|W40_NSS2_MCS3:bytes=4430,ppdus=3,airtime_us=476;918.75;0.5871038044250723;286.1966101694915;0.337712;0.99882;W40_NSS2_MCS10:bytes=17430,ppdus=5,airtime_us=596|W80_NSS2_MCS10:bytes=24784,ppdus=6,airtime_us=584;438.75;0.6665760500203888;163.48888888888888;0.235424;0.99856;W20_NSS1_MCS11:bytes=4858,ppdus=1,airtime_us=364|W20_NSS2_MCS10:bytes=4954,ppdus=1,airtime_us=244|W40_NSS2_MCS10:bytes=19616,ppdus=8,airtime_us=832;263.25;1.0;11.058823529411764;0.003008;0.999728;W40_NSS2_MCS6:bytes=376,ppdus=4,airtime_us=272;61.25;0.8390425573185398;65.27199831188014;1.237296;0.981044;W80_NSS1_MCS1:bytes=129768,ppdus=6,airtime_us=17272|W80_NSS2_MCS1:bytes=24894,ppdus=1,airtime_us=1684;263.25;1.0;228.86138414830884;1.305854908;0.994294123;W40_NSS2_MCS6:bytes=163231.8635,ppdus=13,airtime_us=5705.877;306.25;0.5901619482250313;183.0757855822551;0.396176;0.997836;W20_NSS2_MCS7:bytes=8640,ppdus=2,airtime_us=584|W40_NSS1_MCS7:bytes=6894,ppdus=1,airtime_us=428|W80_NSS1_MCS7:bytes=29226,ppdus=5,airtime_us=1036|W80_NSS2_MCS7:bytes=4762,ppdus=1,airtime_us=116;1020.833334;0.5868600802760369;469.45454545454544;0.227216;0.999516;W80_NSS1_MCS11:bytes=11734,ppdus=1,airtime_us=236|W80_NSS2_MCS11:bytes=16668,ppdus=2,airtime_us=248;61.25;1.0;59.419959266802444;1.167008;0.98036;W80_NSS2_MCS0:bytes=145876,ppdus=10,airtime_us=19640;243.75;1.0;186.66141732283464;0.379296;0.997968;W20_NSS2_MCS11:bytes=47412,ppdus=8,airtime_us=2032;122.5;0.7310070671378092;58.05128205128205;0.326016;0.994384;W20_NSS1_MCS1:bytes=3590,ppdus=1,airtime_us=2012|W20_NSS1_MCS4:bytes=3590,ppdus=1,airtime_us=700|W20_NSS2_MCS4:bytes=3782,ppdus=1,airtime_us=404|W80_NSS2_MCS1:bytes=29790,ppdus=9,airtime_us=2500;490.0;0.7883561643835616;55.66724436741768;0.25696;0.995384;W40_NSS1_MCS0:bytes=6798,ppdus=1,airtime_us=3772|W80_NSS2_MCS5:bytes=25322,ppdus=7,airtime_us=844;;;;0.0;;;351.0;0.690200882533095;277.52645273200346;1.279952;0.995388;W20_NSS1_MCS8:bytes=2226,ppdus=1,airtime_us=252|W40_NSS2_MCS8:bytes=110428,ppdus=10,airtime_us=3128|W80_NSS1_MCS8:bytes=47340,ppdus=4,airtime_us=1232;918.75;1.0;99.76470588235294;0.027136;0.999728;W80_NSS2_MCS10:bytes=3392,ppdus=4,airtime_us=272;65.8125;0.5003032140691328;56.376068376068375;0.026384;0.999532;W20_NSS1_MCS6:bytes=1650,ppdus=1,airtime_us=252|W20_NSS2_MCS6:bytes=1554,ppdus=1,airtime_us=148|W40_NSS2_MCS6:bytes=94,ppdus=1,airtime_us=68;292.5;0.7954944411936805;148.6086956521739;0.27344;0.99816;W20_NSS1_MCS7:bytes=6990,ppdus=1,airtime_us=812|W40_NSS2_MCS7:bytes=27190,ppdus=5,airtime_us=1028;487.5;0.9154437369415979;159.0662710187933;1.286528;0.991912;W20_NSS1_MCS2:bytes=13598,ppdus=1,airtime_us=5004|W40_NSS2_MCS11:bytes=147218,ppdus=11,airtime_us=3084;551.25;1.0;295.4193548387097;0.146528;0.999504;W80_NSS2_MCS6:bytes=18316,ppdus=4,airtime_us=496;275.625;0.6359375;152.38095238095238;0.3072;0.997984;W20_NSS2_MCS6:bytes=13980,ppdus=2,airtime_us=984|W80_NSS1_MCS6:bytes=24420,ppdus=6,airtime_us=1032;487.5;0.802491103202847;160.57142857142858;0.062944;0.999608;W40_NSS1_MCS11:bytes=1554,ppdus=1,airtime_us=108|W40_NSS2_MCS11:bytes=6314,ppdus=3,airtime_us=284;117.0;1.0;99.71747211895911;0.214592;0.997848;W40_NSS1_MCS5:bytes=26824,ppdus=6,airtime_us=2152;367.5;1.0;71.05154639175258;0.027568;0.999612;W80_NSS2_MCS4:bytes=3446,ppdus=5,airtime_us=388;122.5;1.0;13.568627450980392;0.008304;0.999388;W80_NSS2_MCS1:bytes=1038,ppdus=9,airtime_us=612;183.75;0.9561016974817911;161.16900549115314;1.056624;0.993444;W80_NSS1_MCS2:bytes=5798,ppdus=1,airtime_us=556|W80_NSS2_MCS2:bytes=126280,ppdus=8,airtime_us=6000;122.5;0.6802063185041909;63.522184300341294;1.414512;0.977732;W20_NSS1_MCS1:bytes=9334,ppdus=1,airtime_us=5164|W20_NSS2_MCS1:bytes=14962,ppdus=1,airtime_us=4148|W40_NSS2_MCS1:bytes=32248,ppdus=2,airtime_us=4536|W80_NSS2_MCS1:bytes=120270,ppdus=9,airtime_us=8420;117.0;1.0;72.38260869565218;0.033296;0.99954;W40_NSS2_MCS3:bytes=4162,ppdus=3,airtime_us=460;510.416667;0.9679666886543535;356.70588235294116;0.388096;0.998912;W40_NSS2_MCS11:bytes=1554,ppdus=1,airtime_us=84|W80_NSS1_MCS11:bytes=46958,ppdus=5,airtime_us=1004
121;1;30;low;-60.0;isolated;ul;su;0;309.18472233333335;291.2647855653724;157.10497957802843;0.6326322164599205;183.75;1.0;178.48809462692657;2.629174255878285;0.98526975;W80_NSS1_MCS4:bytes=328646.781984786,ppdus=9,airtime_us=14730.25;408.333334;1.0;368.39294710327454;1.170016;0.996824;W80_NSS1_MCS9:bytes=146252,ppdus=6,airtime_us=3176;275.625;0.5154832758144349;347.2406504065041;6.833696;0.98032;W80_NSS1_MCS6:bytes=440332,ppdus=8,airtime_us=13184|W80_NSS2_MCS6:bytes=413880,ppdus=8,airtime_us=6496;146.25;1.0;143.6354589498494;8.775552;0.938904;W20_NSS2_MCS7:bytes=1096944,ppdus=18,airtime_us=61096;367.5;1.0;351.1128295254833;3.995664;0.98862;W80_NSS2_MCS4:bytes=499458,ppdus=9,airtime_us=11380;551.25;0.7696085020583047;423.9715048975957;7.61792;0.982032;W80_NSS1_MCS6:bytes=219388,ppdus=4,airtime_us=6576|W80_NSS2_MCS6:bytes=732852,ppdus=12,airtime_us=11392;219.375;0.9888167108074456;215.09262409154167;5.564016;0.974132;W40_NSS1_MCS10:bytes=687724,ppdus=14,airtime_us=25736|W80_NSS2_MCS10:bytes=7778,ppdus=1,airtime_us=132;61.25;1.0;59.83931623931624;0.560096;0.99064;W80_NSS1_MCS1:bytes=70012,ppdus=4,airtime_us=9360;122.5;1.0;120.68134147746918;8.377216;0.930584;W80_NSS2_MCS1:bytes=1047152,ppdus=18,airtime_us=69416;219.375;1.0;213.20138408304499;1.232304;0.99422;W40_NSS1_MCS10:bytes=154038,ppdus=3,airtime_us=5780;275.625;0.7513812743232111;301.3632958801498;4.505984;0.985048;W80_NSS1_MCS6:bytes=423214,ppdus=9,airtime_us=12732|W80_NSS2_MCS6:bytes=140034,ppdus=3,airtime_us=2220;735.0;1.0;667.5045317220544;3.535104;0.994704;W80_NSS2_MCS8:bytes=441888,ppdus=8,airtime_us=5296;551.25;1.0;513.9140708915145;7.655264;0.985104;W80_NSS2_MCS6:bytes=956908,ppdus=16,airtime_us=14896;243.75;1.0;235.18536197295148;2.365024;0.989944;W40_NSS1_MCS11:bytes=295628,ppdus=6,airtime_us=10056;122.5;0.9704224765642822;120.61622447865487;17.675584;0.853456;W20_NSS2_MCS5:bytes=65350,ppdus=1,airtime_us=4532|W80_NSS2_MCS1:bytes=2144098,ppdus=35,airtime_us=142012;122.5;1.0;120.76519834128784;6.174;0.948876;W80_NSS2_MCS1:bytes=771750,ppdus=13,airtime_us=51124;367.5;1.0;352.6437613019892;2.340144;0.993364;W80_NSS1_MCS8:bytes=292518,ppdus=5,airtime_us=6636;183.75;1.0;177.8181818181818;1.09536;0.99384;W80_NSS1_MCS4:bytes=136920,ppdus=4,airtime_us=6160;367.5;1.0;349.32927115069134;5.962352;0.982932;W80_NSS2_MCS4:bytes=745294,ppdus=15,airtime_us=17068;91.875;1.0;90.78861643100053;2.028944;0.977652;W80_NSS1_MCS2:bytes=253618,ppdus=5,airtime_us=22348;612.5;1.0;566.9412061569518;8.987152;0.984148;W80_NSS2_MCS7:bytes=1123394,ppdus=19,airtime_us=15852;183.75;1.0;179.60045714285715;6.286016;0.965;W80_NSS2_MCS2:bytes=785752,ppdus=14,airtime_us=35000;816.666668;1.0;721.8368172623061;4.281936;0.994068;W80_NSS2_MCS9:bytes=535242,ppdus=11,airtime_us=5932;219.375;1.0;214.07227671657202;6.634528;0.969008;W40_NSS1_MCS10:bytes=829316,ppdus=16,airtime_us=30992;117.0;0.5156117630851903;118.05243781413068;14.750416;0.875052;W40_NSS2_MCS3:bytes=950686,ppdus=15,airtime_us=65948|W80_NSS1_MCS3:bytes=893116,ppdus=14,airtime_us=59000;122.5;0.7666716999651623;135.90771039799685;5.067949322150139;0.962710362;W80_NSS1_MCS3:bytes=485681.665268767,ppdus=9,airtime_us=32217.638|W80_NSS2_MCS3:bytes=147812,ppdus=4,airtime_us=5072;219.375;1.0;214.16926070038912;3.522656;0.983552;W40_NSS1_MCS10:bytes=440332,ppdus=8,airtime_us=16448;490.0;1.0;456.4088888888889;2.05384;0.9955;W80_NSS2_MCS5:bytes=256730,ppdus=5,airtime_us=4500;816.666668;1.0;718.8031272210377;4.045424;0.994372;W80_NSS2_MCS9:bytes=505678,ppdus=11,airtime_us=5628;61.25;1.0;60.566719270559354;1.381648;0.977188;W80_NSS1_MCS1:bytes=172706,ppdus=5,airtime_us=22812
121;1;30;low;-60.0;isolated;ul;su;1;344.251389;322.45448324684645;176.430895126943;0.5894702694880287;612.5;1.0;562.773530620633;5.476912;0.990268;W80_NSS2_MCS7:bytes=684614,ppdus=13,airtime_us=9732;245.0;1.0;237.8260292842202;18.646512;0.921596;W80_NSS2_MCS3:bytes=2330814,ppdus=37,airtime_us=78404;219.375;0.9961412955817214;210.84892086330936;6.44776;0.96942;W20_NSS1_MCS10:bytes=3110,ppdus=1,airtime_us=284|W20_NSS2_MCS10:bytes=802860,ppdus=18,airtime_us=30296;245.0;0.8879988208598125;212.8697555636629;4.667808;0.978072;W80_NSS1_MCS3:bytes=65350,ppdus=1,airtime_us=4316|W80_NSS2_MCS3:bytes=518126,ppdus=11,airtime_us=17612;243.75;1.0;233.14626580768314;3.908464;0.983236;W40_NSS1_MCS11:bytes=488558,ppdus=13,airtime_us=16764;219.375;1.0;213.71513884741714;2.862928;0.986604;W40_NSS1_MCS10:bytes=357866,ppdus=7,airtime_us=13396;183.75;1.0;179.47174857907055;4.2944;0.976072;W80_NSS2_MCS2:bytes=536800,ppdus=10,airtime_us=23928;612.5;1.0;568.0840064620355;1.406576;0.997524;W80_NSS2_MCS7:bytes=175822,ppdus=3,airtime_us=2476;367.5;1.0;326.68766404199476;0.497872;0.998476;W80_NSS1_MCS8:bytes=62234,ppdus=3,airtime_us=1524;735.0;1.0;676.6605485641974;12.658847126943005;0.981292175;W80_NSS2_MCS8:bytes=1582355.89086788,ppdus=24,airtime_us=18707.825;367.5;1.0;348.81960626757734;3.472848;0.990044;W80_NSS2_MCS4:bytes=434106,ppdus=9,airtime_us=9956;183.75;1.0;179.46734553999804;7.3316;0.959148;W80_NSS2_MCS2:bytes=916450,ppdus=17,airtime_us=40852;219.375;1.0;214.68551236749116;10.207008;0.952456;W40_NSS1_MCS10:bytes=1275876,ppdus=22,airtime_us=47544;243.75;1.0;235.37545565006076;3.099424;0.986832;W40_NSS1_MCS11:bytes=387428,ppdus=8,airtime_us=13168;243.75;1.0;236.02870576589953;7.630336;0.967672;W40_NSS1_MCS11:bytes=953792,ppdus=18,airtime_us=32328;219.375;1.0;205.5487246566383;1.257136;0.993884;W40_NSS1_MCS10:bytes=157142,ppdus=7,airtime_us=6116;219.375;1.0;215.09970822014287;17.103008;0.920488;W40_NSS1_MCS10:bytes=2137876,ppdus=34,airtime_us=79512;87.75;0.7388884128140308;99.5089713981169;4.481088;0.954968;W20_NSS1_MCS8:bytes=413878,ppdus=9,airtime_us=38172|W20_NSS2_MCS8:bytes=146258,ppdus=3,airtime_us=6860;122.5;1.0;120.45996204933586;2.539296;0.97892;W80_NSS2_MCS1:bytes=317412,ppdus=6,airtime_us=21080;306.25;0.7613613540506491;332.63893106589734;4.38152;0.986828;W80_NSS1_MCS7:bytes=416990,ppdus=9,airtime_us=11340|W80_NSS2_MCS7:bytes=130700,ppdus=2,airtime_us=1832;122.5;0.9107159252628196;111.67190003204101;2.788224;0.975032;W20_NSS1_MCS6:bytes=31118,ppdus=1,airtime_us=3836|W80_NSS2_MCS1:bytes=317410,ppdus=7,airtime_us=21132;735.0;1.0;666.4415127528584;6.061952;0.990904;W80_NSS2_MCS8:bytes=757744,ppdus=14,airtime_us=9096;816.666668;1.0;732.2091503267974;1.344336;0.998164;W80_NSS2_MCS9:bytes=168042,ppdus=3,airtime_us=1836;61.25;1.0;60.422205323193914;4.767312;0.9211;W80_NSS2_MCS0:bytes=595914,ppdus=17,airtime_us=78900;367.5;1.0;350.1818181818182;5.70096;0.98372;W80_NSS2_MCS4:bytes=712620,ppdus=14,airtime_us=16280;122.5;1.0;120.78547756247575;16.181872;0.866028;W80_NSS2_MCS1:bytes=2022734,ppdus=33,airtime_us=133972;367.5;1.0;348.4625;2.676192;0.99232;W80_NSS1_MCS8:bytes=334524,ppdus=8,airtime_us=7680;612.5;1.0;559.7933579335794;4.854528;0.991328;W80_NSS2_MCS7:bytes=606816,ppdus=12,airtime_us=8672;408.333334;1.0;385.67002323780014;3.9832;0.989672;W80_NSS1_MCS9:bytes=497900,ppdus=10,airtime_us=10328;816.666668;1.0;728.2800204394481;5.700976;0.992172;W80_NSS2_MCS9:bytes=712622,ppdus=13,airtime_us=7828
121;1;30;low;-60.0;isolated;ul;su;2;290.71120689655174;275.44667066444754;178.69207572238193;0.5770037923000315;61.25;1.0;59.08844275637547;0.4356;0.992628;W80_NSS1_MCS1:bytes=54450,ppdus=5,airtime_us=7372;122.5;0.5175018460373936;146.70881734347194;18.136144;0.87638;W20_NSS2_MCS9:bytes=1093832,ppdus=18,airtime_us=45928|W80_NSS2_MCS1:bytes=1173186,ppdus=19,airtime_us=77692;122.5;0.532966780728797;155.95704254440315;4.530864;0.970948;W80_NSS1_MCS3:bytes=301850,ppdus=7,airtime_us=20052|W80_NSS2_MCS3:bytes=264508,ppdus=6,airtime_us=9000;219.375;1.0;203.05467372134038;0.921056;0.995464;W40_NSS1_MCS10:bytes=115132,ppdus=6,airtime_us=4536;219.375;1.0;214.30067895247333;7.070208;0.967008;W40_NSS1_MCS10:bytes=883776,ppdus=16,airtime_us=32992;551.25;0.8839927329884885;460.3657946377626;5.970347722381931;0.987031296;W80_NSS1_MCS6:bytes=86575.4652977413,ppdus=1,airtime_us=2580.704|W80_NSS2_MCS6:bytes=659718,ppdus=13,airtime_us=10388;122.5;1.0;120.1537033599406;5.178144;0.956904;W80_NSS2_MCS1:bytes=647268,ppdus=14,airtime_us=43096;551.25;1.0;512.8340807174887;5.489376;0.989296;W80_NSS2_MCS6:bytes=686172,ppdus=12,airtime_us=10704;306.25;1.0;291.9174484052533;2.489472;0.991472;W80_NSS1_MCS7:bytes=311184,ppdus=8,airtime_us=8528;243.75;0.9841843926770644;227.29858793324775;7.082624;0.96884;W20_NSS1_MCS7:bytes=14002,ppdus=1,airtime_us=1580|W40_NSS1_MCS11:bytes=871326,ppdus=17,airtime_us=29580;61.25;0.8805558729433273;60.09957081545064;4.481024;0.92544;W40_NSS1_MCS3:bytes=66904,ppdus=2,airtime_us=9256|W80_NSS2_MCS0:bytes=493224,ppdus=14,airtime_us=65304;243.75;1.0;235.18536197295148;1.182512;0.994972;W40_NSS1_MCS11:bytes=147814,ppdus=3,airtime_us=5028;122.5;1.0;120.35337223503868;3.547536;0.970524;W80_NSS2_MCS1:bytes=443442,ppdus=9,airtime_us=29476;490.0;1.0;456.615494466262;5.11592;0.988796;W80_NSS2_MCS5:bytes=639490,ppdus=13,airtime_us=11204;551.25;1.0;510.11777188328915;3.846288;0.99246;W80_NSS2_MCS6:bytes=480786,ppdus=9,airtime_us=7540;735.0;1.0;675.1025765678172;22.218976;0.967088;W80_NSS2_MCS8:bytes=2777372,ppdus=44,airtime_us=32912;219.375;0.906872482991937;229.06022523257712;5.613808;0.975492;W40_NSS1_MCS10:bytes=636376,ppdus=14,airtime_us=23880|W80_NSS2_MCS10:bytes=65350,ppdus=1,airtime_us=628;551.25;1.0;507.7263157894737;3.086976;0.99392;W80_NSS2_MCS6:bytes=385872,ppdus=8,airtime_us=6080;306.25;1.0;293.25288135593223;3.460384;0.9882;W80_NSS1_MCS7:bytes=432548,ppdus=10,airtime_us=11800;243.75;1.0;235.69871660004208;8.962208;0.961976;W40_NSS1_MCS11:bytes=1120276,ppdus=22,airtime_us=38024;551.25;1.0;515.086686293752;6.29848;0.987772;W80_NSS2_MCS6:bytes=787310,ppdus=13,airtime_us=12228;;;;0.0;;;243.75;1.0;233.54010314778589;5.252784;0.977508;W40_NSS1_MCS11:bytes=656598,ppdus=17,airtime_us=22492;490.0;1.0;463.20017893088794;16.567744;0.964232;W80_NSS2_MCS5:bytes=2070968,ppdus=34,airtime_us=35768;183.75;1.0;180.77455048409405;1.5684;0.991324;W80_NSS1_MCS4:bytes=196050,ppdus=3,airtime_us=8676;122.5;0.9899515123329199;119.18090839107005;7.431168;0.937648;W20_NSS1_MCS5:bytes=9334,ppdus=1,airtime_us=1324|W80_NSS2_MCS1:bytes=919562,ppdus=17,airtime_us=61028;183.75;1.0;179.34323878132975;4.779856;0.973348;W80_NSS2_MCS2:bytes=597482,ppdus=11,airtime_us=26652;122.5;0.9819658069019879;111.41766520772046;6.211312;0.944252;W20_NSS1_MCS2:bytes=14002,ppdus=1,airtime_us=5164|W80_NSS2_MCS1:bytes=762412,ppdus=14,airtime_us=50584;245.0;1.0;236.25609065155808;6.671872;0.97176;W80_NSS2_MCS3:bytes=833984,ppdus=16,airtime_us=28240;243.75;1.0;234.2624700901896;5.090992;0.978268;W40_NSS1_MCS11:bytes=636374,ppdus=15,airtime_us=21732
122;1;30;low;-60.0;isolated;dl;su;0;517.8611114;69.97733997559047;3.718048;0.7343729281641649;367.5;0.5014726597515687;77.50868486352357;0.124944;0.998388;W80_NSS2_MCS4:bytes=7832,ppdus=12,airtime_us=848|W80_NSS2_MCS6:bytes=7786,ppdus=11,airtime_us=764;816.666668;0.9682265354958788;80.44919786096257;0.120352;0.998504;W80_NSS2_MCS4:bytes=478,ppdus=1,airtime_us=68|W80_NSS2_MCS9:bytes=14566,ppdus=21,airtime_us=1428;816.666668;0.5120987654320988;83.50515463917526;0.1296;0.998448;W80_NSS1_MCS9:bytes=7904,ppdus=12,airtime_us=736|W80_NSS2_MCS9:bytes=8296,ppdus=12,airtime_us=816;612.5;0.9589057899901865;75.83255813953488;0.130432;0.99828;W20_NSS1_MCS5:bytes=670,ppdus=1,airtime_us=140|W80_NSS2_MCS7:bytes=15634,ppdus=23,airtime_us=1580;551.25;0.7648838334946757;79.46153846153847;0.132224;0.998336;W80_NSS2_MCS4:bytes=3886,ppdus=5,airtime_us=356|W80_NSS2_MCS6:bytes=12642,ppdus=19,airtime_us=1308;551.25;0.9491758241758241;75.1924882629108;0.128128;0.998296;W20_NSS1_MCS11:bytes=814,ppdus=1,airtime_us=108|W80_NSS2_MCS6:bytes=15202,ppdus=23,airtime_us=1596;551.25;0.9619521912350597;48.737864077669904;0.08032;0.998352;W40_NSS2_MCS8:bytes=382,ppdus=1,airtime_us=68|W80_NSS2_MCS6:bytes=9658,ppdus=23,airtime_us=1580;245.0;0.536405645060572;57.91681735985534;0.128112;0.997788;W80_NSS1_MCS3:bytes=7424,ppdus=12,airtime_us=1120|W80_NSS2_MCS3:bytes=8590,ppdus=13,airtime_us=1092;275.625;0.5442722017866527;70.8093023255814;0.121792;0.99828;W80_NSS1_MCS6:bytes=8286,ppdus=13,airtime_us=956|W80_NSS2_MCS6:bytes=6938,ppdus=11,airtime_us=764;459.375;0.9610864745011086;53.21533923303835;0.14432;0.997288;W20_NSS2_MCS6:bytes=702,ppdus=1,airtime_us=100|W80_NSS1_MCS10:bytes=17338,ppdus=43,airtime_us=2612;551.25;0.98224043715847;65.46341463414635;0.128832;0.998032;W20_NSS2_MCS10:bytes=286,ppdus=1,airtime_us=68|W80_NSS2_MCS6:bytes=15818,ppdus=27,airtime_us=1900;816.666668;0.6033832140533507;78.61892583120205;0.12296;0.998436;W80_NSS2_MCS8:bytes=6096,ppdus=8,airtime_us=544|W80_NSS2_MCS9:bytes=9274,ppdus=15,airtime_us=1020;551.25;0.9650170648464164;78.88461538461539;0.131264;0.998336;W80_NSS2_MCS6:bytes=15834,ppdus=23,airtime_us=1596|W80_NSS2_MCS10:bytes=574,ppdus=1,airtime_us=68;243.75;0.969937106918239;65.1639344262295;0.1272;0.998048;W40_NSS1_MCS11:bytes=15422,ppdus=25,airtime_us=1868|W80_NSS2_MCS1:bytes=478,ppdus=1,airtime_us=84;490.0;0.5693945771945029;77.1073985680191;0.129232;0.998324;W80_NSS1_MCS5:bytes=6956,ppdus=10,airtime_us=760|W80_NSS2_MCS5:bytes=9198,ppdus=13,airtime_us=916;183.75;0.9645197181357399;55.499142367066895;0.129424;0.997668;W20_NSS2_MCS8:bytes=574,ppdus=1,airtime_us=84|W80_NSS2_MCS2:bytes=15604,ppdus=26,airtime_us=2248;735.0;0.9638188608776844;40.03738317757009;0.068544;0.998288;W20_NSS2_MCS1:bytes=310,ppdus=1,airtime_us=148|W80_NSS2_MCS8:bytes=8258,ppdus=23,airtime_us=1564;551.25;0.9673752415596226;74.08;0.140752;0.9981;W20_NSS2_MCS9:bytes=574,ppdus=1,airtime_us=84|W80_NSS2_MCS6:bytes=17020,ppdus=26,airtime_us=1816;735.0;0.9644493992320079;79.73333333333333;0.129168;0.99838;W80_NSS1_MCS1:bytes=574,ppdus=1,airtime_us=124|W80_NSS2_MCS8:bytes=15572,ppdus=22,airtime_us=1496;183.75;0.8384192096048024;60.57575757575758;0.127936;0.997888;W80_NSS2_MCS2:bytes=13408,ppdus=20,airtime_us=1776|W80_NSS2_MCS3:bytes=2584,ppdus=4,airtime_us=336;612.5;0.9643743793445879;77.46153846153847;0.128896;0.998336;W80_NSS2_MCS6:bytes=574,ppdus=1,airtime_us=68|W80_NSS2_MCS7:bytes=15538,ppdus=23,airtime_us=1596;275.625;0.5302072800808898;74.99526066350711;0.126592;0.998312;W80_NSS1_MCS6:bytes=8390,ppdus=13,airtime_us=940|W80_NSS2_MCS6:bytes=7434,ppdus=11,airtime_us=748;816.666668;0.907459266802444;76.27184466019418;0.125696;0.998352;W80_NSS2_MCS7:bytes=1454,ppdus=1,airtime_us=84|W80_NSS2_MCS9:bytes=14258,ppdus=23,airtime_us=1564;459.375;0.9932257134620929;60.5938864628821;0.111008;0.998168;W40_NSS1_MCS5:bytes=94,ppdus=1,airtime_us=60|W80_NSS1_MCS10:bytes=13782,ppdus=29,airtime_us=1772;245.0;0.9548578358711763;61.71309771309771;0.118736;0.998076;W20_NSS1_MCS7:bytes=670,ppdus=1,airtime_us=124|W80_NSS2_MCS3:bytes=14172,ppdus=22,airtime_us=1800;245.0;0.9573791348600509;63.13253012048193;0.12576;0.998008;W20_NSS1_MCS8:bytes=670,ppdus=1,airtime_us=108|W80_NSS2_MCS3:bytes=15050,ppdus=23,airtime_us=1884;816.666668;0.9625766071195723;77.66075949367088;0.122704;0.99842;W20_NSS2_MCS8:bytes=574,ppdus=1,airtime_us=84|W80_NSS2_MCS9:bytes=14764,ppdus=22,airtime_us=1496;408.333334;0.7352457980538355;87.19559228650138;0.126608;0.998548;W80_NSS1_MCS9:bytes=11636,ppdus=18,airtime_us=1096|W80_NSS2_MCS9:bytes=4190,ppdus=5,airtime_us=356;816.666668;0.9607663036346936;77.1746835443038;0.121936;0.99842;W80_NSS2_MCS2:bytes=598,ppdus=1,airtime_us=84|W80_NSS2_MCS9:bytes=14644,ppdus=22,airtime_us=1496;551.25;0.9715848293900844;65.32815533980583;0.134576;0.99794;W40_NSS1_MCS3:bytes=478,ppdus=1,airtime_us=124|W80_NSS2_MCS6:bytes=16344,ppdus=28,airtime_us=1936
122;1;30;low;-60.0;isolated;dl;su;1;534.6180558666666;66.23145809705443;4.151984;0.7005681726395565;816.666668;0.9672785315243416;70.87676767676767;0.140336;0.99802;W40_NSS1_MCS8:bytes=574,ppdus=1,airtime_us=76|W80_NSS2_MCS9:bytes=16968,ppdus=28,airtime_us=1904;735.0;0.9734149054505006;71.06719367588933;0.14384;0.997976;W20_NSS2_MCS0:bytes=478,ppdus=1,airtime_us=324|W80_NSS2_MCS8:bytes=17502,ppdus=25,airtime_us=1700;459.375;0.994836866966934;71.2563600782779;0.145648;0.997956;W40_NSS1_MCS1:bytes=94,ppdus=1,airtime_us=76|W80_NSS1_MCS10:bytes=18112,ppdus=32,airtime_us=1968;367.5;0.9602798197770928;65.37984496124031;0.134944;0.997936;W20_NSS1_MCS2:bytes=670,ppdus=1,airtime_us=300|W80_NSS2_MCS4:bytes=16198,ppdus=25,airtime_us=1764;243.75;0.972046783625731;61.510791366906474;0.1368;0.997776;W20_NSS2_MCS0:bytes=478,ppdus=1,airtime_us=324|W40_NSS1_MCS11:bytes=16622,ppdus=25,airtime_us=1900;459.375;0.9670696942888037;55.66621067031464;0.162768;0.997076;W40_NSS2_MCS8:bytes=670,ppdus=1,airtime_us=68|W80_NSS1_MCS10:bytes=19676,ppdus=46,airtime_us=2856;245.0;0.9783373029375071;63.0912343470483;0.141072;0.997764;W80_NSS2_MCS2:bytes=382,ppdus=1,airtime_us=84|W80_NSS2_MCS3:bytes=17252,ppdus=26,airtime_us=2152;459.375;0.990438808373591;64.51948051948052;0.158976;0.997536;W20_NSS1_MCS8:bytes=190,ppdus=1,airtime_us=76|W80_NSS1_MCS10:bytes=19682,ppdus=39,airtime_us=2388;816.666668;0.96029864896895;75.33928571428571;0.135008;0.998208;W20_NSS1_MCS11:bytes=670,ppdus=1,airtime_us=92|W80_NSS2_MCS9:bytes=16206,ppdus=25,airtime_us=1700;735.0;0.955661032646446;70.22764227642277;0.138208;0.998032;W20_NSS1_MCS3:bytes=766,ppdus=1,airtime_us=268|W80_NSS2_MCS8:bytes=16510,ppdus=25,airtime_us=1700;367.5;0.9667284952469279;72.4873949579832;0.138016;0.998096;W20_NSS1_MCS6:bytes=574,ppdus=1,airtime_us=124|W80_NSS2_MCS4:bytes=16678,ppdus=25,airtime_us=1780;816.666668;0.9163175421634977;66.37433155080214;0.148944;0.997756;W20_NSS1_MCS3:bytes=1558,ppdus=1,airtime_us=476|W80_NSS2_MCS9:bytes=17060,ppdus=26,airtime_us=1768;243.75;0.9826498422712934;46.202429149797574;0.091296;0.998024;W40_NSS1_MCS0:bytes=198,ppdus=1,airtime_us=156|W40_NSS1_MCS11:bytes=11214,ppdus=29,airtime_us=1820;367.5;0.9671097868439147;64.39852398523985;0.139616;0.997832;W20_NSS2_MCS0:bytes=574,ppdus=1,airtime_us=372|W80_NSS2_MCS4:bytes=16878,ppdus=25,airtime_us=1796;243.75;0.9779852466574458;65.72727272727273;0.138816;0.997888;W40_NSS1_MCS1:bytes=382,ppdus=1,airtime_us=156|W40_NSS1_MCS11:bytes=16970,ppdus=27,airtime_us=1956;219.375;0.9543721705980462;61.04727272727273;0.134304;0.9978;W40_NSS1_MCS1:bytes=766,ppdus=1,airtime_us=268|W40_NSS1_MCS10:bytes=16022,ppdus=25,airtime_us=1932;459.375;0.9366469749439804;55.78409090909091;0.157088;0.997184;W80_NSS1_MCS0:bytes=670,ppdus=1,airtime_us=220|W80_NSS1_MCS10:bytes=18392,ppdus=40,airtime_us=2464|W80_NSS2_MCS0:bytes=574,ppdus=1,airtime_us=132;735.0;0.961797240278253;75.10920770877944;0.140304;0.998132;W40_NSS2_MCS3:bytes=670,ppdus=1,airtime_us=100|W80_NSS2_MCS8:bytes=16868,ppdus=26,airtime_us=1768;183.75;0.9392698338403932;58.136054421768705;0.136736;0.997648;W20_NSS1_MCS6:bytes=1038,ppdus=1,airtime_us=172|W80_NSS2_MCS2:bytes=16054,ppdus=25,airtime_us=2180;735.0;0.9744576253072565;81.54248366013071;0.149712;0.998164;W80_NSS2_MCS7:bytes=478,ppdus=1,airtime_us=68|W80_NSS2_MCS8:bytes=18236,ppdus=26,airtime_us=1768;551.25;1.0;75.36;0.135648;0.9982;W80_NSS2_MCS6:bytes=16956,ppdus=26,airtime_us=1800;816.666668;0.9713085234093638;65.8498023715415;0.13328;0.997976;W20_NSS2_MCS0:bytes=478,ppdus=1,airtime_us=324|W80_NSS2_MCS9:bytes=16182,ppdus=25,airtime_us=1700;816.666668;0.9289542707264227;73.53459119496856;0.140304;0.998092;W20_NSS1_MCS11:bytes=1246,ppdus=1,airtime_us=140|W80_NSS2_MCS9:bytes=16292,ppdus=26,airtime_us=1768;183.75;0.9745987883940908;61.19674796747967;0.150544;0.99754;W20_NSS2_MCS4:bytes=478,ppdus=1,airtime_us=100|W80_NSS2_MCS2:bytes=18340,ppdus=26,airtime_us=2360;490.0;0.9202617278473993;73.16024340770791;0.144272;0.998028;W20_NSS1_MCS9:bytes=1438,ppdus=1,airtime_us=172|W80_NSS2_MCS5:bytes=16596,ppdus=26,airtime_us=1800;490.0;0.9772157938685435;66.66401590457257;0.134128;0.997988;W20_NSS1_MCS9:bytes=382,ppdus=1,airtime_us=76|W80_NSS2_MCS5:bytes=16384,ppdus=28,airtime_us=1936;735.0;0.9769015398973402;38.78733031674208;0.068576;0.998232;W20_NSS2_MCS10:bytes=198,ppdus=1,airtime_us=68|W80_NSS2_MCS8:bytes=8374,ppdus=25,airtime_us=1700;612.5;0.9681571064018639;71.96007984031937;0.144208;0.997996;W20_NSS1_MCS3:bytes=574,ppdus=1,airtime_us=204|W80_NSS2_MCS7:bytes=17452,ppdus=26,airtime_us=1800;816.666668;0.950392247346562;63.04;0.138688;0.9978;W20_NSS2_MCS10:bytes=574,ppdus=1,airtime_us=84|W40_NSS1_MCS10:bytes=286,ppdus=1,airtime_us=60|W80_NSS2_MCS9:bytes=16476,ppdus=30,airtime_us=2056;816.666668;0.9740634005763689;81.6470588235294;0.149904;0.998164;W80_NSS2_MCS4:bytes=486,ppdus=1,airtime_us=68|W80_NSS2_MCS9:bytes=18252,ppdus=26,airtime_us=1768
122;1;30;low;-60.0;isolated;dl;su;2;492.93750013333334;65.34094150521351;3.788672;0.7207941128959039;551.25;0.9338447993963024;73.45034642032333;0.127216;0.998268;W80_NSS1_MCS6:bytes=1052,ppdus=2,airtime_us=136|W80_NSS2_MCS6:bytes=14850,ppdus=23,airtime_us=1596;816.666668;1.0;73.6470588235294;0.120192;0.998368;W80_NSS2_MCS9:bytes=15024,ppdus=24,airtime_us=1632;459.375;0.9341573858768817;51.63349131121643;0.130736;0.997468;W20_NSS1_MCS11:bytes=694,ppdus=1,airtime_us=92|W80_NSS1_MCS10:bytes=15266,ppdus=39,airtime_us=2372|W80_NSS2_MCS3:bytes=382,ppdus=1,airtime_us=68;816.666668;0.9654970760233919;76.68161434977578;0.1368;0.998216;W20_NSS2_MCS11:bytes=590,ppdus=1,airtime_us=84|W80_NSS2_MCS9:bytes=16510,ppdus=25,airtime_us=1700;459.375;0.9492231479396532;55.16770186335404;0.142112;0.997424;W40_NSS2_MCS0:bytes=902,ppdus=1,airtime_us=308|W80_NSS1_MCS10:bytes=16862,ppdus=37,airtime_us=2268;551.25;0.9487538148524923;61.19844357976654;0.125824;0.997944;W20_NSS1_MCS4:bytes=806,ppdus=1,airtime_us=204|W80_NSS2_MCS6:bytes=14922,ppdus=27,airtime_us=1852;459.375;0.8769663639851644;53.64665523156089;0.125104;0.997668;W20_NSS1_MCS7:bytes=574,ppdus=1,airtime_us=108|W40_NSS1_MCS10:bytes=1350,ppdus=1,airtime_us=108|W80_NSS1_MCS10:bytes=13714,ppdus=35,airtime_us=2116;551.25;1.0;73.47572815533981;0.121088;0.998352;W80_NSS2_MCS6:bytes=15136,ppdus=24,airtime_us=1648;735.0;0.7738970588235294;74.66666666666667;0.121856;0.998368;W80_NSS2_MCS7:bytes=3444,ppdus=6,airtime_us=408|W80_NSS2_MCS8:bytes=11788,ppdus=18,airtime_us=1224;612.5;0.9685277850934949;55.633699633699635;0.121504;0.997816;W40_NSS2_MCS0:bytes=478,ppdus=1,airtime_us=196|W80_NSS2_MCS7:bytes=14710,ppdus=29,airtime_us=1988;245.0;0.954364023416711;60.369477911646584;0.120256;0.998008;W20_NSS1_MCS4:bytes=686,ppdus=1,airtime_us=172|W80_NSS2_MCS3:bytes=14346,ppdus=23,airtime_us=1820;735.0;0.9253266211195014;65.8224852071006;0.133488;0.997972;W20_NSS1_MCS3:bytes=1246,ppdus=1,airtime_us=396|W80_NSS2_MCS8:bytes=15440,ppdus=24,airtime_us=1632;367.5;0.9063775510204082;71.92660550458716;0.12544;0.998256;W80_NSS1_MCS4:bytes=1468,ppdus=2,airtime_us=168|W80_NSS2_MCS4:bytes=14212,ppdus=22,airtime_us=1576;490.0;0.9264554353426069;63.901234567901234;0.124224;0.998056;W20_NSS1_MCS3:bytes=1142,ppdus=1,airtime_us=364|W80_NSS2_MCS5:bytes=14386,ppdus=23,airtime_us=1580;551.25;0.9659912311885295;77.24485125858124;0.135024;0.998252;W80_NSS2_MCS5:bytes=574,ppdus=1,airtime_us=68|W80_NSS2_MCS6:bytes=16304,ppdus=24,airtime_us=1680;735.0;1.0;71.76470588235294;0.11712;0.998368;W80_NSS2_MCS8:bytes=14640,ppdus=24,airtime_us=1632;459.375;0.953584447144593;47.848837209302324;0.13168;0.997248;W40_NSS1_MCS1:bytes=670,ppdus=1,airtime_us=236|W40_NSS2_MCS1:bytes=94,ppdus=1,airtime_us=68|W80_NSS1_MCS10:bytes=15696,ppdus=40,airtime_us=2448;459.375;0.9154135338345865;43.84615384615385;0.12768;0.997088;W20_NSS1_MCS1:bytes=1350,ppdus=1,airtime_us=796|W80_NSS1_MCS10:bytes=14610,ppdus=35,airtime_us=2116;612.5;0.9716656787196206;78.64801864801865;0.13496;0.998284;W80_NSS2_MCS3:bytes=478,ppdus=1,airtime_us=68|W80_NSS2_MCS7:bytes=16392,ppdus=24,airtime_us=1648;243.75;0.9689932537623248;66.44827586206897;0.123328;0.998144;W20_NSS1_MCS3:bytes=478,ppdus=1,airtime_us=188|W40_NSS1_MCS11:bytes=14938,ppdus=23,airtime_us=1668;551.25;0.9469132517296435;71.58095238095238;0.120256;0.99832;W80_NSS2_MCS4:bytes=798,ppdus=1,airtime_us=84|W80_NSS2_MCS6:bytes=14234,ppdus=23,airtime_us=1596;551.25;1.0;75.57692307692308;0.12576;0.998336;W80_NSS2_MCS6:bytes=15720,ppdus=24,airtime_us=1664;243.75;0.9749179251477348;64.12631578947368;0.12184;0.9981;W20_NSS1_MCS3:bytes=382,ppdus=1,airtime_us=156|W40_NSS1_MCS11:bytes=14848,ppdus=24,airtime_us=1744;816.666668;0.7716867469879518;82.58706467661692;0.1328;0.998392;W80_NSS1_MCS9:bytes=3790,ppdus=5,airtime_us=316|W80_NSS2_MCS9:bytes=12810,ppdus=19,airtime_us=1292;367.5;0.9096143545795393;69.14814814814815;0.119488;0.998272;W80_NSS2_MCS2:bytes=1350,ppdus=1,airtime_us=116|W80_NSS2_MCS4:bytes=13586,ppdus=23,airtime_us=1612;490.0;0.717644084934277;74.64150943396227;0.126592;0.998304;W80_NSS1_MCS5:bytes=4468,ppdus=6,airtime_us=456|W80_NSS2_MCS5:bytes=11356,ppdus=18,airtime_us=1240;183.75;0.9479044261652957;55.80327868852459;0.122544;0.997804;W80_NSS2_MCS1:bytes=798,ppdus=1,airtime_us=116|W80_NSS2_MCS2:bytes=14520,ppdus=24,airtime_us=2080;183.75;0.7942122186495176;54.481751824817515;0.119424;0.997808;W80_NSS2_MCS1:bytes=3072,ppdus=4,airtime_us=448|W80_NSS2_MCS2:bytes=11856,ppdus=20,airtime_us=1744;245.0;0.9560136554621849;61.66801619433198;0.121856;0.998024;W20_NSS1_MCS8:bytes=670,ppdus=1,airtime_us=108|W80_NSS2_MCS3:bytes=14562,ppdus=23,airtime_us=1868;243.75;0.9817632850241546;53.592233009708735;0.13248;0.997528;W20_NSS2_MCS7:bytes=302,ppdus=1,airtime_us=84|W40_NSS1_MCS11:bytes=16258,ppdus=35,airtime_us=2388
123;1;30;low;-60.0;isolated;ul_dl;su;0;299.1597223333333;257.00698603219064;152.66511638220163;0.3527960698173389;367.5;0.7450822027947859;278.5599189257664;4.397904;0.984212;W80_NSS1_MCS4:bytes=140138,ppdus=3,airtime_us=6260|W80_NSS2_MCS4:bytes=409600,ppdus=10,airtime_us=9528;816.666668;1.0;665.7558139534884;1.83216;0.997248;W80_NSS2_MCS9:bytes=229020,ppdus=8,airtime_us=2752;275.625;1.0;259.5126300148588;1.397216;0.994616;W80_NSS1_MCS6:bytes=174652,ppdus=6,airtime_us=5384;146.25;1.0;144.0267976775346;12.89904;0.91044;W40_NSS1_MCS7:bytes=1612380,ppdus=26,airtime_us=89560;367.5;1.0;350.04190132912817;6.215344;0.982244;W80_NSS2_MCS4:bytes=776918,ppdus=15,airtime_us=17756;275.625;1.0;266.2255772646536;4.79632;0.981984;W80_NSS1_MCS6:bytes=599540,ppdus=12,airtime_us=18016;219.375;1.0;211.88075880758808;3.12736;0.98524;W40_NSS1_MCS10:bytes=390920,ppdus=10,airtime_us=14760;122.5;1.0;120.87522524982253;8.854352;0.926748;W80_NSS2_MCS1:bytes=1106794,ppdus=17,airtime_us=73252;122.5;1.0;120.7006475088929;19.924846956336726;0.834923446;W80_NSS2_MCS1:bytes=2490605.86954209,ppdus=42,airtime_us=165076.554;219.375;1.0;213.87117212249208;3.240576;0.984848;W40_NSS1_MCS10:bytes=405072,ppdus=8,airtime_us=15152;551.25;0.6721310690305834;386.6777777777778;3.340896;0.99136;W80_NSS1_MCS6:bytes=136922,ppdus=3,airtime_us=4132|W80_NSS2_MCS6:bytes=280690,ppdus=7,airtime_us=4508;367.5;1.0;260.3862068965517;0.302048;0.99884;W80_NSS1_MCS8:bytes=37756,ppdus=6,airtime_us=1160;275.625;1.0;217.5026455026455;0.328864;0.998488;W80_NSS1_MCS6:bytes=41108,ppdus=6,airtime_us=1512;243.75;1.0;236.9355459012891;13.307248;0.943836;W40_NSS1_MCS11:bytes=1663406,ppdus=27,airtime_us=56164;122.5;1.0;114.78415138971023;0.7764;0.993236;W80_NSS2_MCS1:bytes=97050,ppdus=7,airtime_us=6764;122.5;1.0;119.9654326256268;4.497744;0.962508;W80_NSS2_MCS1:bytes=562218,ppdus=13,airtime_us=37492;735.0;1.0;644.6370597243491;1.683792;0.997388;W80_NSS2_MCS8:bytes=210474,ppdus=5,airtime_us=2612;367.5;1.0;339.17032040472174;1.609024;0.995256;W80_NSS2_MCS4:bytes=201128,ppdus=6,airtime_us=4744;367.5;0.9717682673529706;325.4308134566079;16.75448;0.948516;W20_NSS1_MCS8:bytes=59126,ppdus=1,airtime_us=5436|W80_NSS2_MCS4:bytes=2035184,ppdus=32,airtime_us=46048;183.75;1.0;179.55851457316172;4.854544;0.972964;W80_NSS2_MCS2:bytes=606818,ppdus=11,airtime_us=27036;306.25;1.0;13.6;0.00408;0.9997;W80_NSS1_MCS7:bytes=510,ppdus=5,airtime_us=300;183.75;1.0;179.9248864622136;14.103952;0.921612;W80_NSS2_MCS2:bytes=1762994,ppdus=29,airtime_us=78388;816.666668;1.0;714.596996996997;4.759216;0.99334;W80_NSS2_MCS9:bytes=594902,ppdus=13,airtime_us=6660;219.375;0.9245321523132828;226.72103947312357;6.927453425864909;0.969445035;W40_NSS1_MCS10:bytes=800581.678233114,ppdus=15,airtime_us=29926.965|W80_NSS2_MCS10:bytes=65350,ppdus=1,airtime_us=628;61.25;1.0;60.23659305993691;1.83312;0.969568;W80_NSS2_MCS0:bytes=229140,ppdus=8,airtime_us=30432;122.5;1.0;104.57142857142857;0.178608;0.998292;W80_NSS1_MCS3:bytes=22326,ppdus=5,airtime_us=1708;219.375;1.0;210.89404641775982;1.671968;0.992072;W40_NSS1_MCS10:bytes=208996,ppdus=6,airtime_us=7928;245.0;0.9808719573771634;238.8108108108108;4.59472;0.98076;W80_NSS1_MCS5:bytes=563354,ppdus=11,airtime_us=18996|W80_NSS2_MCS5:bytes=10986,ppdus=1,airtime_us=244;408.333334;1.0;385.523613963039;3.004;0.992208;W80_NSS1_MCS9:bytes=375500,ppdus=8,airtime_us=7792;122.5;1.0;118.83125410374261;1.44784;0.987816;W80_NSS2_MCS1:bytes=180980,ppdus=6,airtime_us=12184
123;1;30;low;-60.0;isolated;ul_dl;su;1;346.18229178571426;306.4739071569873;216.97416764870465;0.23682557799310566;612.5;0.7994542739956411;469.9274193548387;5.594016;0.988096;W80_NSS1_MCS7:bytes=140232,ppdus=4,airtime_us=3872|W80_NSS2_MCS7:bytes=559020,ppdus=12,airtime_us=8032;245.0;0.9719195628406996;226.90813082601434;16.844752;0.925764;W20_NSS1_MCS8:bytes=59126,ppdus=1,airtime_us=5436|W80_NSS2_MCS3:bytes=2046468,ppdus=32,airtime_us=68800;109.6875;1.0;103.98951507208388;0.634752;0.993896;W20_NSS1_MCS10:bytes=79344,ppdus=6,airtime_us=6104;245.0;1.0;237.24549483013294;6.424608;0.97292;W80_NSS2_MCS3:bytes=803076,ppdus=14,airtime_us=27080;243.75;0.8299532143656357;198.55644536295532;3.074448;0.984516;W20_NSS1_MCS11:bytes=65350,ppdus=1,airtime_us=4348|W40_NSS1_MCS11:bytes=318956,ppdus=12,airtime_us=11136;219.375;1.0;214.2426423883125;8.094944;0.962216;W40_NSS1_MCS10:bytes=1011868,ppdus=18,airtime_us=37784;183.75;1.0;179.27721088435374;3.37328;0.981184;W80_NSS2_MCS2:bytes=421660,ppdus=8,airtime_us=18816;612.5;0.9734157658228465;510.7106409458619;19.697088;0.961432;W20_NSS1_MCS10:bytes=65454,ppdus=1,airtime_us=4828|W80_NSS2_MCS7:bytes=2396682,ppdus=39,airtime_us=33740;;;;0.0;;;735.0;1.0;668.4272251308901;7.660176;0.98854;W80_NSS2_MCS8:bytes=957522,ppdus=17,airtime_us=11460;367.5;1.0;351.98162572398644;7.049488;0.979972;W80_NSS2_MCS4:bytes=881186,ppdus=15,airtime_us=20028;183.75;1.0;179.91196698762036;1.046368;0.994184;W80_NSS2_MCS2:bytes=130796,ppdus=2,airtime_us=5816;219.375;1.0;214.34106962663975;7.646832;0.964324;W40_NSS1_MCS10:bytes=955854,ppdus=17,airtime_us=35676;243.75;1.0;237.2262002969807;17.253936;0.927268;W40_NSS1_MCS11:bytes=2156742,ppdus=33,airtime_us=72732;243.75;1.0;234.18483110261312;8.818464;0.962344;W40_NSS1_MCS11:bytes=1102308,ppdus=26,airtime_us=37656;219.375;1.0;122.5;0.1176;0.99904;W40_NSS1_MCS10:bytes=14700,ppdus=8,airtime_us=960;219.375;1.0;214.70125487714859;16.288096;0.924136;W40_NSS1_MCS10:bytes=2036012,ppdus=34,airtime_us=75864;175.5;1.0;171.04195643867024;8.952336;0.94766;W20_NSS2_MCS8:bytes=1119042,ppdus=21,airtime_us=52340;122.5;0.9839437653372475;112.14763374485597;6.97648;0.937792;W20_NSS1_MCS2:bytes=14002,ppdus=1,airtime_us=5164|W80_NSS2_MCS1:bytes=858058,ppdus=17,airtime_us=57044;;;;0.0;;;122.5;1.0;120.08050955414012;1.885264;0.9843;W80_NSS2_MCS1:bytes=235658,ppdus=5,airtime_us=15700;735.0;0.9397504251161205;636.1255408020828;8.677239648704663;0.986359234;W80_NSS1_MCS8:bytes=65350,ppdus=1,airtime_us=1468|W80_NSS2_MCS8:bytes=1019304.95608808,ppdus=18,airtime_us=12172.766;816.666668;1.0;710.6490066225166;4.721552;0.993356;W80_NSS2_MCS9:bytes=590194,ppdus=13,airtime_us=6644;61.25;1.0;11.372549019607844;0.00232;0.999796;W80_NSS2_MCS0:bytes=290,ppdus=3,airtime_us=204;367.5;1.0;350.53911241581767;8.119888;0.976836;W80_NSS2_MCS4:bytes=1014986,ppdus=19,airtime_us=23164;122.5;0.9151403593512705;109.8353447245788;3.676848;0.966524;W20_NSS1_MCS5:bytes=39002,ppdus=1,airtime_us=5388|W80_NSS2_MCS1:bytes=420604,ppdus=10,airtime_us=28088;735.0;1.0;673.6564913571166;14.653376;0.978248;W80_NSS2_MCS8:bytes=1831672,ppdus=30,airtime_us=21752;306.25;1.0;216.6818181818182;0.305088;0.998592;W80_NSS1_MCS7:bytes=38136,ppdus=8,airtime_us=1408;408.333334;0.6174483894119137;467.72637517630466;5.305888;0.988656;W80_NSS1_MCS9:bytes=409514,ppdus=9,airtime_us=8540|W80_NSS2_MCS9:bytes=253722,ppdus=5,airtime_us=2804;816.666668;0.9901783459805706;637.2813889477027;24.07904;0.962216;W20_NSS1_MCS4:bytes=29562,ppdus=1,airtime_us=5436|W80_NSS2_MCS9:bytes=2980318,ppdus=47,airtime_us=32348
123;1;30;low;-60.0;isolated;ul_dl;su;2;305.49568965517244;272.35734256857603;181.2487450448276;0.3425466394075054;122.5;0.9373974370396342;114.43130806544438;5.567312;0.951348;W20_NSS1_MCS6:bytes=43566,ppdus=1,airtime_us=5356|W80_NSS2_MCS1:bytes=652348,ppdus=12,airtime_us=43296;122.5;1.0;120.36556603773585;3.26624;0.972864;W80_NSS2_MCS1:bytes=408280,ppdus=8,airtime_us=27136;122.5;1.0;116.31754161331627;0.726752;0.993752;W80_NSS1_MCS3:bytes=90844,ppdus=6,airtime_us=6248;219.375;1.0;204.6339937434828;0.784976;0.996164;W40_NSS1_MCS10:bytes=98122,ppdus=5,airtime_us=3836;219.375;1.0;212.23749312809235;1.54424;0.992724;W40_NSS1_MCS10:bytes=193030,ppdus=5,airtime_us=7276;275.625;1.0;20.0;0.0024;0.99988;W80_NSS1_MCS6:bytes=300,ppdus=2,airtime_us=120;122.5;1.0;120.60145379023884;4.645568;0.96148;W80_NSS2_MCS1:bytes=580696,ppdus=10,airtime_us=38520;551.25;1.0;511.2159247995576;7.396272;0.985532;W80_NSS2_MCS6:bytes=924534,ppdus=17,airtime_us=14468;612.5;0.9732444104955255;495.1503473000224;17.678848;0.964296;W20_NSS1_MCS8:bytes=59126,ppdus=1,airtime_us=5436|W80_NSS2_MCS7:bytes=2150730,ppdus=35,airtime_us=30268;243.75;1.0;236.8269306930693;4.783904;0.9798;W40_NSS1_MCS11:bytes=597988,ppdus=10,airtime_us=20200;61.25;1.0;60.34699631316417;3.33912;0.944668;W80_NSS2_MCS0:bytes=417390,ppdus=13,airtime_us=55332;243.75;0.986173351203374;231.14431934493348;16.259616;0.929656;W20_NSS1_MCS8:bytes=28102,ppdus=1,airtime_us=2620|W40_NSS1_MCS11:bytes=2004350,ppdus=33,airtime_us=67724;;;;0.0;;;490.0;1.0;459.6536528797835;9.512992;0.979304;W80_NSS2_MCS5:bytes=1189124,ppdus=22,airtime_us=20696;551.25;1.0;508.90525370453526;4.533328;0.991092;W80_NSS2_MCS6:bytes=566666,ppdus=11,airtime_us=8908;735.0;1.0;660.2049261083744;2.680432;0.99594;W80_NSS2_MCS8:bytes=335054,ppdus=7,airtime_us=4060;219.375;0.9928141733528075;201.9335716876522;15.588464;0.922804;W20_NSS1_MCS2:bytes=14002,ppdus=1,airtime_us=5164|W40_NSS1_MCS10:bytes=1934556,ppdus=32,airtime_us=72032;551.25;1.0;508.34342660023;5.305072;0.989564;W80_NSS2_MCS6:bytes=663134,ppdus=13,airtime_us=10436;612.5;1.0;464.5173501577287;0.589008;0.998732;W80_NSS2_MCS7:bytes=73626,ppdus=5,airtime_us=1268;243.75;1.0;236.8732863549007;14.790368;0.93756;W40_NSS1_MCS11:bytes=1848796,ppdus=30,airtime_us=62440;551.25;1.0;516.6921387790953;4.706032;0.990892;W80_NSS2_MCS6:bytes=588254,ppdus=9,airtime_us=9108;275.625;1.0;266.9242053789731;1.746752;0.993456;W80_NSS1_MCS6:bytes=218344,ppdus=4,airtime_us=6544;243.75;1.0;235.2998055015282;3.387376;0.985604;W40_NSS1_MCS11:bytes=423422,ppdus=9,airtime_us=14396;245.0;1.0;227.68574635241302;0.811472;0.996436;W80_NSS1_MCS5:bytes=101434,ppdus=5,airtime_us=3564;367.5;1.0;349.5742805289085;5.393232;0.984572;W80_NSS2_MCS4:bytes=674154,ppdus=13,airtime_us=15428;122.5;1.0;120.62255742200891;5.629696;0.953328;W80_NSS2_MCS1:bytes=703712,ppdus=12,airtime_us=46672;183.75;1.0;179.83566330030825;14.639113044827587;0.918597275;W80_NSS2_MCS2:bytes=1829889.13060345,ppdus=31,airtime_us=81402.725;61.25;1.0;60.235897435897435;0.751744;0.98752;W80_NSS1_MCS1:bytes=93968,ppdus=4,airtime_us=12480;245.0;0.9963022504217114;224.96662359074907;20.193904;0.910236;W20_NSS2_MCS0:bytes=9334,ppdus=1,airtime_us=5172|W80_NSS2_MCS3:bytes=2514904,ppdus=40,airtime_us=84592;243.75;1.0;232.82267387656162;4.994512;0.978548;W40_NSS1_MCS11:bytes=624314,ppdus=17,airtime_us=21452
124;1;30;low;-60.0;ap_only_cochannel;ul;su;0;253.53472226666668;200.63187588603407;72.080944;0.15930001679511818;183.75;1.0;176.13762486126527;1.9044;0.989188;W80_NSS1_MCS4:bytes=238050,ppdus=9,airtime_us=10812;195.0;0.5;13.282051282051283;0.024864;0.998128;W20_NSS1_MCS0:bytes=1554,ppdus=1,airtime_us=1756|W20_NSS2_MCS9:bytes=1554,ppdus=1,airtime_us=116;275.625;0.7040389891863227;173.3106893106893;5.551488;0.967968;W20_NSS1_MCS9:bytes=205378,ppdus=7,airtime_us=17204|W80_NSS1_MCS6:bytes=488558,ppdus=13,airtime_us=14828;14.625;0.5713760793679956;14.220770738079686;0.087088;0.993876;W20_NSS2_MCS0:bytes=4666,ppdus=1,airtime_us=2612|W40_NSS1_MCS0:bytes=6220,ppdus=2,airtime_us=3512;367.5;1.0;227.609756097561;0.111984;0.999508;W80_NSS2_MCS4:bytes=13998,ppdus=3,airtime_us=492;551.25;1.0;248.8;0.02488;0.9999;W80_NSS2_MCS6:bytes=3110,ppdus=1,airtime_us=100;219.375;1.0;207.6230191826522;3.98304;0.980816;W40_NSS1_MCS10:bytes=497880,ppdus=20,airtime_us=19184;122.5;0.888978853114879;77.61922365988909;0.335936;0.995672;W20_NSS2_MCS1:bytes=4662,ppdus=3,airtime_us=1452|W80_NSS2_MCS1:bytes=37330,ppdus=7,airtime_us=2876;61.25;1.0;55.70945273631841;0.223952;0.99598;W80_NSS1_MCS1:bytes=27994,ppdus=7,airtime_us=4020;219.375;0.7041152342621656;164.919412465264;3.323456;0.979848;W20_NSS1_MCS10:bytes=122920,ppdus=2,airtime_us=9064|W40_NSS1_MCS10:bytes=292512,ppdus=8,airtime_us=11088;551.25;1.0;514.9781710914455;6.983104;0.98644;W80_NSS2_MCS6:bytes=872888,ppdus=14,airtime_us=13560;735.0;0.8987942030062845;513.0822407628128;5.165712;0.989932;W20_NSS2_MCS8:bytes=65350,ppdus=1,airtime_us=3044|W80_NSS2_MCS8:bytes=580364,ppdus=12,airtime_us=7024;275.625;1.0;247.4177897574124;0.734336;0.997032;W80_NSS1_MCS6:bytes=91792,ppdus=6,airtime_us=2968;243.75;0.8994945498587;211.4563769848045;4.954;0.976572;W20_NSS1_MCS11:bytes=62238,ppdus=1,airtime_us=4140|W40_NSS1_MCS11:bytes=557012,ppdus=18,airtime_us=19288;61.25;0.8536531828159297;57.82411604714415;0.51024;0.991176;W40_NSS2_MCS1:bytes=9334,ppdus=1,airtime_us=1332|W80_NSS1_MCS1:bytes=54446,ppdus=7,airtime_us=7492;122.5;0.7398490818448804;84.82358156028369;3.061792;0.963904;W20_NSS2_MCS1:bytes=21780,ppdus=2,airtime_us=6088|W80_NSS1_MCS1:bytes=77786,ppdus=7,airtime_us=10516|W80_NSS2_MCS1:bytes=283158,ppdus=17,airtime_us=19492;175.5;0.6137544546913681;230.64470588235295;4.705152;0.9796;W40_NSS1_MCS8:bytes=360976,ppdus=8,airtime_us=16896|W40_NSS2_MCS8:bytes=65350,ppdus=1,airtime_us=1556|W80_NSS2_MCS8:bytes=161818,ppdus=3,airtime_us=1948;367.5;1.0;342.6864197530864;2.77576;0.9919;W80_NSS2_MCS4:bytes=346970,ppdus=9,airtime_us=8100;175.5;0.9534927171224226;160.97082706766918;2.140912;0.9867;W20_NSS2_MCS4:bytes=12446,ppdus=1,airtime_us=1188|W40_NSS2_MCS4:bytes=255168,ppdus=8,airtime_us=12112;183.75;0.9826125350711483;163.62322816643805;2.862752;0.982504;W20_NSS2_MCS2:bytes=6222,ppdus=1,airtime_us=1188|W80_NSS2_MCS2:bytes=351622,ppdus=17,airtime_us=16308;306.25;1.0;284.58370814592706;2.277808;0.991996;W80_NSS1_MCS7:bytes=284726,ppdus=11,airtime_us=8004;87.75;1.0;82.0031007751938;0.423136;0.99484;W40_NSS2_MCS2:bytes=52892,ppdus=6,airtime_us=5160;408.333334;1.0;380.2753872633391;3.53504;0.990704;W80_NSS1_MCS9:bytes=441880,ppdus=12,airtime_us=9296;219.375;1.0;176.0;0.460416;0.997384;W40_NSS1_MCS10:bytes=57552,ppdus=10,airtime_us=2616;61.25;0.9571437097433213;57.38549693736416;3.485136;0.939268;W40_NSS2_MCS0:bytes=18670,ppdus=1,airtime_us=5172|W80_NSS2_MCS0:bytes=416972,ppdus=18,airtime_us=55560;245.0;0.976098535286285;167.53324753324753;3.12416;0.981352;W20_NSS2_MCS0:bytes=9334,ppdus=1,airtime_us=5172|W80_NSS2_MCS3:bytes=381186,ppdus=17,airtime_us=13476;219.375;1.0;196.03516483516484;1.070352;0.99454;W40_NSS1_MCS10:bytes=133794,ppdus=11,airtime_us=5460;490.0;0.8711846238981433;399.30230535015227;3.671984;0.990804;W40_NSS2_MCS5:bytes=59126,ppdus=1,airtime_us=2084|W80_NSS2_MCS5:bytes=399872,ppdus=10,airtime_us=7112;408.333334;0.8432831167834549;334.53188929001203;3.335952;0.990028;W40_NSS1_MCS9:bytes=65350,ppdus=1,airtime_us=2732|W80_NSS1_MCS9:bytes=351644,ppdus=6,airtime_us=7240;58.5;0.48485202643915487;54.56651904340124;1.232112;0.97742;W20_NSS1_MCS1:bytes=4666,ppdus=1,airtime_us=2604|W20_NSS1_MCS6:bytes=73120,ppdus=6,airtime_us=9192|W20_NSS2_MCS6:bytes=1554,ppdus=1,airtime_us=148|W40_NSS2_MCS1:bytes=74674,ppdus=7,airtime_us=10636
124;1;30;low;-60.0;ap_only_cochannel;ul;su;1;332.6791667333333;277.9481941465055;83.707472;0.44597316022587985;306.25;1.0;285.9045685279188;2.252928;0.99212;W80_NSS1_MCS7:bytes=281616,ppdus=10,airtime_us=7880;245.0;1.0;214.66868840030327;1.132592;0.994724;W80_NSS2_MCS3:bytes=141574,ppdus=11,airtime_us=5276;219.375;1.0;207.90862196020635;3.385584;0.983716;W40_NSS1_MCS10:bytes=423198,ppdus=17,airtime_us=16284;122.5;1.0;120.36332029552368;2.215648;0.981592;W80_NSS1_MCS3:bytes=276956,ppdus=6,airtime_us=18408;243.75;1.0;214.29695885509838;0.958336;0.995528;W40_NSS1_MCS11:bytes=119792,ppdus=10,airtime_us=4472;219.375;0.92857283393561;194.6721991701245;2.439632;0.987468;W20_NSS1_MCS10:bytes=21782,ppdus=1,airtime_us=1644|W40_NSS1_MCS10:bytes=283172,ppdus=10,airtime_us=10888;183.75;1.0;157.32519616390584;0.721808;0.995412;W80_NSS2_MCS2:bytes=90226,ppdus=11,airtime_us=4588;306.25;0.882648845048992;234.7559661277906;2.439584;0.989608;W20_NSS1_MCS10:bytes=35786,ppdus=1,airtime_us=2668|W80_NSS1_MCS7:bytes=269162,ppdus=13,airtime_us=7724;735.0;0.8287242202147606;532.3553875236295;2.252928;0.995768;W40_NSS2_MCS8:bytes=48234,ppdus=1,airtime_us=1156|W80_NSS2_MCS8:bytes=233382,ppdus=9,airtime_us=3076;735.0;0.7499959829677834;364.4802342606149;0.99576;0.997268;W40_NSS1_MCS8:bytes=31118,ppdus=1,airtime_us=1468|W80_NSS2_MCS8:bytes=93352,ppdus=4,airtime_us=1264;367.5;1.0;347.27875243664715;2.850464;0.991792;W80_NSS2_MCS4:bytes=356308,ppdus=8,airtime_us=8208;183.75;0.8601427518383344;151.45268890401633;1.779872;0.988248;W20_NSS1_MCS9:bytes=12446,ppdus=1,airtime_us=1068|W40_NSS2_MCS2:bytes=18670,ppdus=1,airtime_us=1764|W80_NSS2_MCS2:bytes=191368,ppdus=10,airtime_us=8920;219.375;1.0;202.8544819557625;0.697008;0.996564;W40_NSS1_MCS10:bytes=87126,ppdus=5,airtime_us=3436;243.75;0.8674668938279253;195.79984836997727;1.03304;0.994724;W20_NSS1_MCS11:bytes=17114,ppdus=1,airtime_us=1180|W40_NSS1_MCS11:bytes=112016,ppdus=8,airtime_us=4096;243.75;1.0;212.20549158547388;0.95832;0.995484;W40_NSS1_MCS11:bytes=119790,ppdus=11,airtime_us=4516;219.375;0.8090405844470425;177.9971256108077;2.477008;0.986084;W20_NSS1_MCS10:bytes=59126,ppdus=1,airtime_us=4364|W40_NSS1_MCS10:bytes=250500,ppdus=8,airtime_us=9552;219.375;1.0;210.74463164849686;2.551696;0.987892;W40_NSS1_MCS10:bytes=318962,ppdus=9,airtime_us=12108;175.5;0.8375273171358787;122.86673247778874;0.995712;0.991896;W20_NSS1_MCS8:bytes=6222,ppdus=1,airtime_us=620|W20_NSS2_MCS8:bytes=104242,ppdus=5,airtime_us=5060|W40_NSS1_MCS8:bytes=6222,ppdus=1,airtime_us=332|W80_NSS1_MCS0:bytes=7778,ppdus=1,airtime_us=2092;122.5;0.789490302210194;90.76765609007165;0.70944;0.992184;W40_NSS1_MCS1:bytes=3110,ppdus=1,airtime_us=908|W80_NSS1_MCS1:bytes=15558,ppdus=1,airtime_us=2092|W80_NSS2_MCS1:bytes=70012,ppdus=4,airtime_us=4816;306.25;1.0;293.2890803141627;4.630448;0.984212;W80_NSS1_MCS7:bytes=578806,ppdus=13,airtime_us=15788;131.625;1.0;126.15113072255929;1.829696;0.985496;W20_NSS2_MCS6:bytes=228712,ppdus=10,airtime_us=14504;735.0;1.0;642.5604719764012;2.613936;0.995932;W80_NSS2_MCS8:bytes=326742,ppdus=9,airtime_us=4068;408.333334;0.8013699233159892;348.1471264367816;5.451984;0.98434;W20_NSS2_MCS9:bytes=65350,ppdus=1,airtime_us=2740|W40_NSS2_MCS9:bytes=70016,ppdus=2,airtime_us=1544|W80_NSS1_MCS9:bytes=546132,ppdus=12,airtime_us=11376;43.875;0.8292621742811451;39.702458761282294;0.510256;0.987148;W40_NSS1_MCS2:bytes=52892,ppdus=6,airtime_us=9960|W80_NSS1_MCS0:bytes=10890,ppdus=1,airtime_us=2892;367.5;1.0;336.8430698739977;2.352512;0.993016;W80_NSS2_MCS4:bytes=294064,ppdus=10,airtime_us=6984;122.5;0.7199938290651033;110.48863636363636;0.311136;0.997184;W20_NSS2_MCS5:bytes=10890,ppdus=1,airtime_us=804|W80_NSS2_MCS1:bytes=28002,ppdus=3,airtime_us=2012;735.0;1.0;661.6676593210244;4.44376;0.993284;W80_NSS2_MCS8:bytes=555470,ppdus=11,airtime_us=6716;612.5;0.898305158598172;464.8108016877637;11.016016;0.9763;W20_NSS2_MCS7:bytes=9334,ppdus=1,airtime_us=564|W40_NSS1_MCS7:bytes=65350,ppdus=1,airtime_us=3628|W80_NSS1_MCS7:bytes=65350,ppdus=1,airtime_us=1756|W80_NSS2_MCS7:bytes=1236968,ppdus=26,airtime_us=17752;816.666668;0.9426226917376677;694.9066503965832;9.111616;0.986888;W80_NSS1_MCS9:bytes=65350,ppdus=1,airtime_us=1340|W80_NSS2_MCS9:bytes=1073602,ppdus=19,airtime_us=11772;390.0;0.8782593792439227;381.1801881768152;8.588752;0.977468;W40_NSS2_MCS9:bytes=942894,ppdus=21,airtime_us=20484|W80_NSS1_MCS9:bytes=65350,ppdus=1,airtime_us=1340|W80_NSS2_MCS9:bytes=65350,ppdus=1,airtime_us=708
124;1;30;low;-60.0;ap_only_cochannel;ul;su;2;267.7125;205.480802223981;73.52535475576762;0.5086671764223946;61.25;0.9412302292213067;59.16490562647786;1.482394755767619;0.974944695;W20_NSS1_MCS6:bytes=10890,ppdus=1,airtime_us=1372|W80_NSS1_MCS1:bytes=174409.344470952,ppdus=17,airtime_us=23683.305;122.5;0.9607958460064864;103.22463139635732;1.904288;0.981552;W20_NSS2_MCS1:bytes=9332,ppdus=2,airtime_us=2664|W80_NSS2_MCS1:bytes=228704,ppdus=14,airtime_us=15784;245.0;1.0;234.07669616519175;1.269632;0.994576;W80_NSS2_MCS3:bytes=158704,ppdus=4,airtime_us=5424;219.375;0.8110203544570289;170.2697113313227;1.580784;0.990716;W20_NSS1_MCS9:bytes=37342,ppdus=1,airtime_us=3116|W40_NSS1_MCS10:bytes=160256,ppdus=6,airtime_us=6168;219.375;0.8794036715025773;189.9558282208589;2.477024;0.98696;W20_NSS1_MCS10:bytes=37340,ppdus=2,airtime_us=2824|W40_NSS1_MCS10:bytes=272288,ppdus=6,airtime_us=10216;263.25;1.0;239.87896253602307;1.331808;0.994448;W40_NSS2_MCS6:bytes=166476,ppdus=8,airtime_us=5552;219.375;0.6578938466222387;108.28205128205128;1.891904;0.982528;W20_NSS2_MCS10:bytes=155584,ppdus=8,airtime_us=6160|W40_NSS2_MCS1:bytes=80904,ppdus=4,airtime_us=11312;551.25;0.949496851262741;406.4116094986807;2.46448;0.993936;W20_NSS1_MCS11:bytes=15558,ppdus=1,airtime_us=1068|W80_NSS2_MCS6:bytes=292502,ppdus=13,airtime_us=4996;612.5;0.8675065689168586;404.28852459016395;3.945856;0.99024;W40_NSS1_MCS7:bytes=65350,ppdus=1,airtime_us=3628|W80_NSS2_MCS7:bytes=427882,ppdus=9,airtime_us=6132;243.75;0.9246537347339503;206.20789832047208;1.817104;0.991188;W20_NSS2_MCS7:bytes=17114,ppdus=1,airtime_us=996|W40_NSS1_MCS11:bytes=210024,ppdus=18,airtime_us=7816;61.25;0.6362857031523984;42.01882930822759;0.410608;0.990228;W80_NSS1_MCS0:bytes=18668,ppdus=2,airtime_us=4984|W80_NSS2_MCS0:bytes=32658,ppdus=9,airtime_us=4788;243.75;0.9098342518150111;203.327262988752;1.518448;0.992532;W20_NSS1_MCS11:bytes=17114,ppdus=1,airtime_us=1180|W40_NSS1_MCS11:bytes=172692,ppdus=12,airtime_us=6288;122.5;1.0;117.93455352190793;2.551632;0.978364;W80_NSS2_MCS1:bytes=318954,ppdus=13,airtime_us=21636;490.0;0.8491188492280076;314.9914040114613;1.319184;0.995812;W80_NSS1_MCS5:bytes=24880,ppdus=8,airtime_us=1248|W80_NSS2_MCS5:bytes=140018,ppdus=11,airtime_us=2940;275.625;1.0;265.2890733056708;8.439376;0.968188;W80_NSS1_MCS6:bytes=1054922,ppdus=23,airtime_us=31812;367.5;0.8589365946043963;270.996450996451;3.97064;0.985348;W20_NSS1_MCS10:bytes=54458,ppdus=1,airtime_us=4028|W20_NSS2_MCS8:bytes=6222,ppdus=1,airtime_us=340|W40_NSS2_MCS8:bytes=9334,ppdus=1,airtime_us=276|W80_NSS1_MCS8:bytes=426316,ppdus=14,airtime_us=10008;219.375;1.0;202.7603899435608;1.58072;0.992204;W40_NSS1_MCS10:bytes=197590,ppdus=11,airtime_us=7796;275.625;0.9693282016499204;231.37591240875912;2.028704;0.991232;W20_NSS1_MCS10:bytes=7778,ppdus=1,airtime_us=620|W80_NSS1_MCS6:bytes=245810,ppdus=19,airtime_us=8148;612.5;1.0;498.4069264069264;0.460528;0.999076;W80_NSS2_MCS7:bytes=57566,ppdus=3,airtime_us=924;121.875;0.9069758751606828;101.40507768093975;2.140864;0.978888;W20_NSS1_MCS11:bytes=242714,ppdus=11,airtime_us=16516|W20_NSS2_MCS2:bytes=24894,ppdus=1,airtime_us=4596;131.625;0.8483937699560778;133.31801149138147;4.269376;0.967976;W20_NSS2_MCS6:bytes=35786,ppdus=1,airtime_us=2228|W40_NSS1_MCS6:bytes=452764,ppdus=16,airtime_us=28368|W40_NSS2_MCS6:bytes=45122,ppdus=1,airtime_us=1428;551.25;0.8493957555765488;381.1372356123955;6.198816;0.983736;W20_NSS2_MCS5:bytes=54458,ppdus=1,airtime_us=3780|W40_NSS2_MCS6:bytes=62238,ppdus=1,airtime_us=1956|W80_NSS2_MCS6:bytes=658156,ppdus=16,airtime_us=10528;243.75;0.526287299546654;40.910726643598615;0.236464;0.99422;W20_NSS1_MCS2:bytes=14002,ppdus=1,airtime_us=5164|W40_NSS1_MCS11:bytes=15556,ppdus=2,airtime_us=616;490.0;1.0;427.8666666666667;2.464512;0.99424;W80_NSS2_MCS5:bytes=308064,ppdus=12,airtime_us=5760;367.5;0.8647728832166872;179.92592592592592;3.49776;0.98056;W20_NSS2_MCS2:bytes=59124,ppdus=2,airtime_us=10888|W80_NSS2_MCS4:bytes=378096,ppdus=6,airtime_us=8552;122.5;0.8914921818163698;101.69039777045857;1.605488;0.984212;W20_NSS1_MCS5:bytes=21776,ppdus=4,airtime_us=3184|W80_NSS2_MCS1:bytes=178910,ppdus=15,airtime_us=12604;87.75;1.0;78.85980341438179;0.609744;0.992268;W40_NSS2_MCS2:bytes=76218,ppdus=13,airtime_us=7732;122.5;0.8992536597532664;100.08833413346136;3.335744;0.966672;W20_NSS2_MCS2:bytes=42008,ppdus=2,airtime_us=7768|W80_NSS2_MCS1:bytes=374960,ppdus=18,airtime_us=25560;245.0;1.0;236.2958727889941;5.290192;0.977612;W80_NSS2_MCS3:bytes=661274,ppdus=13,airtime_us=22388;121.875;1.0;114.06439273190946;1.43128;0.987452;W20_NSS1_MCS11:bytes=178910,ppdus=15,airtime_us=12548
125;1;30;low;-60.0;ap_only_cochannel;dl;su;0;258.6763889333333;61.31661105956252;0.940688;-1249.9148936170213;87.75;1.0;43.80722891566265;0.014544;0.999668;W20_NSS2_MCS4:bytes=1818,ppdus=3,airtime_us=332;408.333334;0.6869047619047619;96.0;0.05376;0.99944;W80_NSS1_MCS9:bytes=4616,ppdus=4,airtime_us=288|W80_NSS2_MCS9:bytes=2104,ppdus=4,airtime_us=272;263.25;1.0;79.56923076923077;0.041376;0.99948;W40_NSS2_MCS6:bytes=5172,ppdus=6,airtime_us=520;146.25;0.9828341855368883;68.45;0.043808;0.99936;W20_NSS1_MCS7:bytes=94,ppdus=1,airtime_us=60|W20_NSS2_MCS7:bytes=5382,ppdus=5,airtime_us=580;367.5;1.0;63.318518518518516;0.034192;0.99946;W80_NSS2_MCS4:bytes=4274,ppdus=7,airtime_us=540;275.625;0.7025128343690894;94.29299363057325;0.059216;0.999372;W40_NSS1_MCS6:bytes=1054,ppdus=1,airtime_us=124|W40_NSS2_MCS6:bytes=574,ppdus=1,airtime_us=84|W80_NSS1_MCS6:bytes=5200,ppdus=4,airtime_us=352|W80_NSS2_MCS6:bytes=574,ppdus=1,airtime_us=68;219.375;1.0;66.75968992248062;0.034448;0.999484;W40_NSS1_MCS10:bytes=4306,ppdus=7,airtime_us=516;58.5;1.0;30.88198757763975;0.019888;0.999356;W40_NSS2_MCS1:bytes=2486,ppdus=5,airtime_us=644;58.5;0.8208888888888889;33.582089552238806;0.036;0.998928;W40_NSS1_MCS1:bytes=806,ppdus=1,airtime_us=268|W40_NSS2_MCS1:bytes=3694,ppdus=5,airtime_us=804;459.375;1.0;98.93333333333334;0.023744;0.99976;W80_NSS1_MCS10:bytes=2968,ppdus=4,airtime_us=240;275.625;0.666795665634675;70.79452054794521;0.041344;0.999416;W80_NSS1_MCS6:bytes=3446,ppdus=5,airtime_us=380|W80_NSS2_MCS6:bytes=1722,ppdus=3,airtime_us=204;735.0;0.8263636363636364;66.66666666666667;0.0352;0.999472;W80_NSS1_MCS8:bytes=764,ppdus=2,airtime_us=120|W80_NSS2_MCS8:bytes=3636,ppdus=6,airtime_us=408;275.625;1.0;78.66666666666667;0.035872;0.999544;W80_NSS1_MCS6:bytes=4484,ppdus=6,airtime_us=456;243.75;1.0;63.52;0.03176;0.9995;W40_NSS1_MCS11:bytes=3970,ppdus=7,airtime_us=500;122.5;1.0;36.651162790697676;0.025216;0.999312;W80_NSS2_MCS1:bytes=3152,ppdus=8,airtime_us=688;58.5;0.6664345403899722;29.916666666666668;0.022976;0.999232;W20_NSS2_MCS1:bytes=958,ppdus=1,airtime_us=324|W40_NSS2_MCS1:bytes=1914,ppdus=3,airtime_us=444;351.0;1.0;45.94285714285714;0.025728;0.99944;W40_NSS2_MCS8:bytes=3216,ppdus=8,airtime_us=560;367.5;1.0;56.23529411764706;0.022944;0.999592;W80_NSS2_MCS4:bytes=2868,ppdus=6,airtime_us=408;175.5;0.5225439012814428;64.33587786259542;0.033712;0.999476;W40_NSS1_MCS4:bytes=1054,ppdus=1,airtime_us=156|W40_NSS2_MCS4:bytes=2202,ppdus=3,airtime_us=284|W80_NSS2_MCS4:bytes=958,ppdus=1,airtime_us=84;91.875;1.0;46.206896551724135;0.02144;0.999536;W80_NSS1_MCS2:bytes=2680,ppdus=4,airtime_us=464;292.5;1.0;73.01694915254237;0.034464;0.999528;W40_NSS2_MCS7:bytes=4308,ppdus=6,airtime_us=472;91.875;0.9016736401673641;38.24;0.007648;0.9998;W40_NSS1_MCS2:bytes=94,ppdus=1,airtime_us=76|W80_NSS1_MCS2:bytes=862,ppdus=1,airtime_us=124;408.333334;1.0;86.6987951807229;0.028784;0.999668;W80_NSS1_MCS9:bytes=3598,ppdus=5,airtime_us=332;459.375;1.0;55.2;0.019872;0.99964;W80_NSS1_MCS10:bytes=2484,ppdus=6,airtime_us=360;61.25;1.0;34.628571428571426;0.029088;0.99916;W80_NSS2_MCS0:bytes=3636,ppdus=6,airtime_us=840;245.0;1.0;78.31111111111112;0.056384;0.99928;W80_NSS2_MCS3:bytes=7048,ppdus=8,airtime_us=720;219.375;1.0;47.77777777777778;0.01376;0.999712;W40_NSS1_MCS10:bytes=1720,ppdus=4,airtime_us=288;490.0;0.8232299861175382;70.27642276422765;0.034576;0.999508;W80_NSS1_MCS5:bytes=764,ppdus=2,airtime_us=136|W80_NSS2_MCS5:bytes=3558,ppdus=5,airtime_us=356;390.0;1.0;89.14851485148515;0.036016;0.999596;W40_NSS2_MCS9:bytes=4502,ppdus=5,airtime_us=404;61.25;1.0;31.668508287292816;0.022928;0.999276;W80_NSS1_MCS1:bytes=2866,ppdus=7,airtime_us=724
125;1;30;low;-60.0;ap_only_cochannel;dl;su;1;284.80902786666667;63.05392638827096;1.252608;0.9005304744202588;306.25;1.0;74.44444444444444;0.02144;0.999712;W80_NSS1_MCS7:bytes=2680,ppdus=4,airtime_us=288;117.0;1.0;53.09090909090909;0.04672;0.99912;W40_NSS2_MCS3:bytes=5840,ppdus=8,airtime_us=880;109.6875;1.0;63.05667276051188;0.137968;0.997812;W20_NSS1_MCS10:bytes=17246,ppdus=17,airtime_us=2188;245.0;0.861159420289855;76.66666666666667;0.0552;0.99928;W20_NSS1_MCS4:bytes=958,ppdus=1,airtime_us=220|W80_NSS2_MCS3:bytes=5942,ppdus=5,airtime_us=500;243.75;0.5769385295299317;76.0;0.039824;0.999476;W20_NSS2_MCS11:bytes=766,ppdus=1,airtime_us=84|W40_NSS1_MCS11:bytes=2872,ppdus=4,airtime_us=304|W40_NSS2_MCS11:bytes=574,ppdus=1,airtime_us=68|W80_NSS2_MCS11:bytes=766,ppdus=1,airtime_us=68;219.375;0.5716417910447761;70.52631578947368;0.01072;0.999848;W20_NSS2_MCS10:bytes=766,ppdus=1,airtime_us=84|W80_NSS2_MCS10:bytes=574,ppdus=1,airtime_us=68;183.75;1.0;56.74418604651163;0.03904;0.999312;W80_NSS2_MCS2:bytes=4880,ppdus=8,airtime_us=688;292.5;1.0;122.72;0.012272;0.9999;W40_NSS2_MCS7:bytes=1534,ppdus=1,airtime_us=100;735.0;1.0;74.58823529411765;0.040576;0.999456;W80_NSS2_MCS8:bytes=5072,ppdus=8,airtime_us=544;175.5;1.0;71.34640522875817;0.043664;0.999388;W40_NSS1_MCS8:bytes=5458,ppdus=7,airtime_us=612;183.75;1.0;89.83333333333333;0.034496;0.999616;W80_NSS1_MCS4:bytes=4312,ppdus=4,airtime_us=384;91.875;1.0;16.743362831858406;0.007568;0.999548;W80_NSS1_MCS2:bytes=946,ppdus=7,airtime_us=452;219.375;1.0;102.6508875739645;0.138784;0.998648;W40_NSS1_MCS10:bytes=17348,ppdus=14,airtime_us=1352;243.75;1.0;106.95652173913044;0.05904;0.999448;W40_NSS1_MCS11:bytes=7380,ppdus=6,airtime_us=552;243.75;1.0;73.62637362637362;0.0268;0.999636;W40_NSS1_MCS11:bytes=3350,ppdus=5,airtime_us=364;219.375;0.8907209261533064;88.73151750972762;0.091216;0.998972;W20_NSS1_MCS10:bytes=1246,ppdus=1,airtime_us=140|W40_NSS1_MCS10:bytes=10156,ppdus=10,airtime_us=888;459.375;0.9210888094583448;76.97354497354497;0.058192;0.999244;W20_NSS1_MCS10:bytes=574,ppdus=1,airtime_us=92|W80_NSS1_MCS10:bytes=6700,ppdus=10,airtime_us=664;30.625;1.0;9.894736842105264;0.003008;0.999696;W80_NSS1_MCS0:bytes=376,ppdus=4,airtime_us=304;122.5;1.0;11.058823529411764;0.000752;0.999932;W80_NSS2_MCS1:bytes=94,ppdus=1,airtime_us=68;292.5;1.0;62.98136645962733;0.04056;0.999356;W40_NSS2_MCS7:bytes=5070,ppdus=9,airtime_us=644;58.5;0.9656332612352799;32.69941060903733;0.066576;0.997964;W40_NSS1_MCS1:bytes=286,ppdus=1,airtime_us=124|W40_NSS2_MCS1:bytes=8036,ppdus=14,airtime_us=1912;735.0;0.7307383627608347;142.4;0.079744;0.99944;W80_NSS1_MCS8:bytes=2684,ppdus=2,airtime_us=152|W80_NSS2_MCS8:bytes=7284,ppdus=6,airtime_us=408;816.666668;0.5161290322580645;20.849557522123895;0.009424;0.999548;W80_NSS1_MCS9:bytes=570,ppdus=3,airtime_us=180|W80_NSS2_MCS9:bytes=608,ppdus=4,airtime_us=272;29.25;0.8125819134993447;15.979057591623036;0.012208;0.999236;W40_NSS1_MCS0:bytes=286,ppdus=1,airtime_us=204|W40_NSS2_MCS0:bytes=1240,ppdus=4,airtime_us=560;183.75;1.0;74.4;0.077376;0.99896;W80_NSS1_MCS4:bytes=9672,ppdus=12,airtime_us=1040;122.5;0.7238644556596971;41.714285714285715;0.022192;0.999468;W40_NSS2_MCS1:bytes=766,ppdus=1,airtime_us=164|W80_NSS2_MCS1:bytes=2008,ppdus=4,airtime_us=368;351.0;1.0;11.058823529411764;0.002256;0.999796;W40_NSS2_MCS8:bytes=282,ppdus=3,airtime_us=204;306.25;0.6666666666666666;12.0;0.002256;0.999812;W80_NSS1_MCS7:bytes=188,ppdus=2,airtime_us=120|W80_NSS2_MCS7:bytes=94,ppdus=1,airtime_us=68;816.666668;1.0;112.70588235294117;0.045984;0.999592;W80_NSS2_MCS9:bytes=5748,ppdus=6,airtime_us=408;390.0;1.0;49.1764705882353;0.026752;0.999456;W40_NSS2_MCS9:bytes=3344,ppdus=8,airtime_us=544
125;1;30;low;-60.0;ap_only_cochannel;dl;su;2;230.79166666666666;49.5945107927982;0.925888;0.5568183558748296;58.5;1.0;11.058823529411764;0.002256;0.999796;W40_NSS2_MCS1:bytes=282,ppdus=3,airtime_us=204;58.5;0.711924023918396;29.69190600522193;0.045488;0.998468;W40_NSS1_MCS1:bytes=1638,ppdus=1,airtime_us=508|W40_NSS2_MCS1:bytes=4048,ppdus=8,airtime_us=1024;122.5;0.868790681740322;52.35874439461883;0.046704;0.999108;W40_NSS1_MCS3:bytes=766,ppdus=1,airtime_us=156|W80_NSS1_MCS3:bytes=5072,ppdus=8,airtime_us=736;459.375;1.0;55.2;0.019872;0.99964;W80_NSS1_MCS10:bytes=2484,ppdus=6,airtime_us=360;219.375;0.4933920704845815;75.66666666666667;0.043584;0.999424;W20_NSS2_MCS10:bytes=766,ppdus=1,airtime_us=84|W40_NSS1_MCS10:bytes=2688,ppdus=4,airtime_us=288|W80_NSS1_MCS10:bytes=1228,ppdus=2,airtime_us=136|W80_NSS2_MCS10:bytes=766,ppdus=1,airtime_us=68;275.625;1.0;74.92640692640693;0.069232;0.999076;W80_NSS1_MCS6:bytes=8654,ppdus=13,airtime_us=924;61.25;0.6661991584852734;20.817518248175183;0.011408;0.999452;W40_NSS2_MCS1:bytes=286,ppdus=1,airtime_us=100|W80_NSS1_MCS1:bytes=950,ppdus=5,airtime_us=380|W80_NSS2_MCS1:bytes=190,ppdus=1,airtime_us=68;551.25;1.0;81.76470588235294;0.04448;0.999456;W80_NSS2_MCS6:bytes=5560,ppdus=8,airtime_us=544;292.5;0.807370703004026;90.32167832167832;0.051664;0.999428;W40_NSS2_MCS7:bytes=5214,ppdus=5,airtime_us=436|W80_NSS2_MCS7:bytes=1244,ppdus=2,airtime_us=136;487.5;0.8333333333333334;11.28;0.004512;0.9996;W20_NSS1_MCS11:bytes=94,ppdus=1,airtime_us=60|W40_NSS2_MCS11:bytes=470,ppdus=5,airtime_us=340;29.25;1.0;8.952380952380953;0.001504;0.999832;W40_NSS2_MCS0:bytes=188,ppdus=2,airtime_us=168;121.875;0.8654077942948976;60.339393939393936;0.039824;0.99934;W20_NSS1_MCS11:bytes=4308,ppdus=6,airtime_us=584|W40_NSS1_MCS11:bytes=670,ppdus=1,airtime_us=76;122.5;0.6252821670428894;38.68995633187773;0.03544;0.999084;W80_NSS1_MCS1:bytes=1660,ppdus=2,airtime_us=328|W80_NSS2_MCS1:bytes=2770,ppdus=7,airtime_us=588;490.0;0.7781975175391257;61.256198347107436;0.029648;0.999516;W80_NSS1_MCS5:bytes=822,ppdus=1,airtime_us=76|W80_NSS2_MCS5:bytes=2884,ppdus=6,airtime_us=408;551.25;1.0;67.52941176470588;0.02296;0.99966;W80_NSS2_MCS6:bytes=2870,ppdus=5,airtime_us=340;367.5;1.0;37.422222222222224;0.013472;0.99964;W80_NSS1_MCS8:bytes=1684,ppdus=6,airtime_us=360;219.375;0.8314465408805032;80.71065989847716;0.0636;0.999212;W20_NSS1_MCS10:bytes=670,ppdus=1,airtime_us=108|W40_NSS1_MCS10:bytes=6610,ppdus=7,airtime_us=612|W80_NSS2_MCS10:bytes=670,ppdus=1,airtime_us=68;263.25;0.6279126213592233;94.71264367816092;0.06592;0.999304;W40_NSS2_MCS6:bytes=5174,ppdus=5,airtime_us=468|W80_NSS1_MCS6:bytes=3066,ppdus=3,airtime_us=228;146.25;0.5788313120176406;38.189473684210526;0.014512;0.99962;W20_NSS2_MCS7:bytes=764,ppdus=2,airtime_us=168|W40_NSS1_MCS7:bytes=1050,ppdus=3,airtime_us=212;243.75;1.0;82.63829787234043;0.046608;0.999436;W40_NSS1_MCS11:bytes=5826,ppdus=7,airtime_us=564;263.25;0.8459372485921158;45.2;0.039776;0.99912;W20_NSS1_MCS4:bytes=766,ppdus=1,airtime_us=188|W40_NSS2_MCS6:bytes=4206,ppdus=9,airtime_us=692;275.625;0.5223336371923427;37.504273504273506;0.017552;0.999532;W80_NSS1_MCS6:bytes=1146,ppdus=3,airtime_us=196|W80_NSS2_MCS6:bytes=1048,ppdus=4,airtime_us=272;243.75;1.0;24.169696969696968;0.015952;0.99934;W40_NSS1_MCS11:bytes=1994,ppdus=11,airtime_us=660;245.0;1.0;58.888888888888886;0.01696;0.999712;W80_NSS1_MCS5:bytes=2120,ppdus=4,airtime_us=288;183.75;1.0;56.0;0.033152;0.999408;W80_NSS1_MCS4:bytes=4144,ppdus=8,airtime_us=592;58.5;1.0;32.38709677419355;0.032128;0.999008;W40_NSS2_MCS1:bytes=4016,ppdus=8,airtime_us=992;87.75;1.0;40.481675392670155;0.030928;0.999236;W40_NSS2_MCS2:bytes=3866,ppdus=7,airtime_us=764;58.5;1.0;23.267605633802816;0.013216;0.999432;W40_NSS2_MCS1:bytes=1652,ppdus=6,airtime_us=568;122.5;0.8575712143928036;30.666666666666668;0.010672;0.999652;W40_NSS1_MCS3:bytes=190,ppdus=1,airtime_us=76|W80_NSS1_MCS3:bytes=1144,ppdus=4,airtime_us=272;243.75;1.0;65.74233128834356;0.042864;0.999348;W40_NSS1_MCS11:bytes=5358,ppdus=9,airtime_us=652
126;1;30;low;-60.0;ap_only_cochannel;ul_dl;su;0;278.85069453333335;210.8479802794489;21.126096;0.48542958323639207;367.5;1.0;319.87605633802815;0.454224;0.99858;W80_NSS2_MCS4:bytes=56778,ppdus=3,airtime_us=1420;195.0;1.0;137.06280193236714;0.113488;0.999172;W40_NSS1_MCS9:bytes=14186,ppdus=5,airtime_us=828;275.625;1.0;264.9932224276032;3.440672;0.987016;W80_NSS1_MCS6:bytes=430084,ppdus=10,airtime_us=12984;30.625;0.4230121822487233;28.937874097007224;0.560816;0.98062;W20_NSS1_MCS7:bytes=24892,ppdus=2,airtime_us=2824|W20_NSS2_MCS0:bytes=15556,ppdus=2,airtime_us=8648|W80_NSS1_MCS0:bytes=29654,ppdus=3,airtime_us=7908;175.5;1.0;130.8532423208191;0.30672;0.997656;W40_NSS2_MCS4:bytes=38340,ppdus=10,airtime_us=2344;551.25;1.0;433.27536231884056;0.478336;0.998896;W80_NSS2_MCS6:bytes=59792,ppdus=4,airtime_us=1104;109.6875;1.0;98.66856330014225;0.277456;0.997188;W20_NSS1_MCS10:bytes=34682,ppdus=5,airtime_us=2812;29.25;0.6634810898739325;33.45578231292517;0.157376;0.995296;W20_NSS2_MCS1:bytes=13052,ppdus=2,airtime_us=3688|W40_NSS2_MCS1:bytes=6620,ppdus=2,airtime_us=1016;58.5;0.6762195522290066;43.30063965884862;0.487392;0.988744;W40_NSS1_MCS1:bytes=19726,ppdus=1,airtime_us=5452|W40_NSS2_MCS1:bytes=41198,ppdus=3,airtime_us=5804;219.375;0.6825510616389254;201.23540983606557;1.227536;0.9939;W20_NSS2_MCS10:bytes=48710,ppdus=3,airtime_us=1948|W40_NSS1_MCS10:bytes=104732,ppdus=6,airtime_us=4152;551.25;0.6715360612008656;256.3741935483871;1.271616;0.99504;W20_NSS2_MCS6:bytes=52210,ppdus=1,airtime_us=3236|W80_NSS2_MCS6:bytes=106742,ppdus=3,airtime_us=1724;351.0;1.0;284.7519582245431;0.87248;0.996936;W40_NSS2_MCS8:bytes=109060,ppdus=10,airtime_us=3064;551.25;0.8640191911553806;337.6463683052091;1.840848;0.994548;W20_NSS2_MCS6:bytes=31290,ppdus=1,airtime_us=1956|W80_NSS2_MCS6:bytes=198816,ppdus=10,airtime_us=3496;243.75;0.8438197559194743;197.0606372045221;1.53392;0.992216;W20_NSS1_MCS11:bytes=29946,ppdus=1,airtime_us=2012|W40_NSS1_MCS11:bytes=161794,ppdus=9,airtime_us=5772;122.5;1.0;107.0087260034904;0.245264;0.997708;W80_NSS2_MCS1:bytes=30658,ppdus=5,airtime_us=2292;122.5;0.8895664369778645;94.1119081779053;0.262384;0.997212;W80_NSS1_MCS1:bytes=3622,ppdus=1,airtime_us=524|W80_NSS2_MCS1:bytes=29176,ppdus=6,airtime_us=2264;367.5;0.5616339010956702;427.832285115304;1.632608;0.996184;W80_NSS1_MCS8:bytes=114616,ppdus=2,airtime_us=2600|W80_NSS2_MCS8:bytes=89460,ppdus=4,airtime_us=1216;367.5;1.0;276.73249551166964;0.61656;0.997772;W80_NSS2_MCS4:bytes=77070,ppdus=9,airtime_us=2228;175.5;1.0;161.24550898203591;0.215424;0.998664;W40_NSS2_MCS4:bytes=26928,ppdus=2,airtime_us=1336;87.75;0.7202802052989319;94.00488997555013;0.922752;0.990184;W40_NSS2_MCS2:bytes=83080,ppdus=10,airtime_us=8168|W80_NSS2_MCS2:bytes=32264,ppdus=4,airtime_us=1648;612.5;0.5030110623813576;370.3515151515152;0.977728;0.99736;W80_NSS1_MCS7:bytes=60740,ppdus=2,airtime_us=1704|W80_NSS2_MCS7:bytes=61476,ppdus=2,airtime_us=936;91.875;1.0;71.1604938271605;0.11528;0.99838;W80_NSS1_MCS2:bytes=14410,ppdus=7,airtime_us=1620;816.666668;1.0;562.783042394015;0.902704;0.998396;W80_NSS2_MCS9:bytes=112838,ppdus=9,airtime_us=1604;219.375;0.9857662023016354;153.58139534883722;0.052832;0.999656;W40_NSS1_MCS10:bytes=6510,ppdus=1,airtime_us=284|W80_NSS1_MCS10:bytes=94,ppdus=1,airtime_us=60;29.25;1.0;23.232876712328768;0.027136;0.998832;W40_NSS2_MCS0:bytes=3392,ppdus=4,airtime_us=1168;58.5;0.4726491133799033;49.82597054886212;0.29776;0.994024;W20_NSS1_MCS3:bytes=9814,ppdus=1,airtime_us=2732|W20_NSS2_MCS3:bytes=17592,ppdus=2,airtime_us=2520|W40_NSS2_MCS3:bytes=9814,ppdus=1,airtime_us=724;219.375;1.0;193.2855313700384;0.603824;0.996876;W40_NSS1_MCS10:bytes=75478,ppdus=7,airtime_us=3124;490.0;0.9580643521577797;272.29065743944636;0.314768;0.998844;W20_NSS1_MCS9:bytes=1650,ppdus=1,airtime_us=188|W80_NSS2_MCS5:bytes=37696,ppdus=6,airtime_us=968;816.666668;1.0;662.8809523809524;0.890912;0.998656;W80_NSS2_MCS9:bytes=111364,ppdus=4,airtime_us=1344;58.5;1.0;37.61904761904762;0.02528;0.999328;W40_NSS2_MCS1:bytes=3160,ppdus=4,airtime_us=672
126;1;30;low;-60.0;ap_only_cochannel;ul_dl;su;1;217.61388893333333;156.4935004614334;20.235952;0.7128315500730098;146.25;0.5207939164604861;134.06829268292682;0.879488;0.99344;W20_NSS2_MCS7:bytes=52682,ppdus=5,airtime_us=3172|W40_NSS1_MCS7:bytes=57254,ppdus=5,airtime_us=3388;245.0;0.7773511102630764;151.36101083032491;1.341664;0.991136;W20_NSS1_MCS8:bytes=18670,ppdus=1,airtime_us=1756|W20_NSS2_MCS3:bytes=18670,ppdus=1,airtime_us=2612|W80_NSS2_MCS3:bytes=130368,ppdus=4,airtime_us=4496;61.25;1.0;53.208538587848935;0.129616;0.997564;W80_NSS2_MCS0:bytes=16202,ppdus=5,airtime_us=2436;117.0;0.7595662548252902;126.60656385923289;1.280752;0.989884;W40_NSS2_MCS3:bytes=121602,ppdus=7,airtime_us=8732|W80_NSS2_MCS3:bytes=38492,ppdus=2,airtime_us=1384;243.75;1.0;168.49586776859505;0.163104;0.999032;W40_NSS1_MCS11:bytes=20388,ppdus=6,airtime_us=968;219.375;0.784157525103024;173.5919395465995;1.102656;0.993648;W20_NSS1_MCS10:bytes=4666,ppdus=1,airtime_us=396|W20_NSS1_MCS11:bytes=25084,ppdus=2,airtime_us=1752|W40_NSS1_MCS10:bytes=108082,ppdus=5,airtime_us=4204;183.75;1.0;168.46846846846847;0.374;0.99778;W80_NSS2_MCS2:bytes=46750,ppdus=3,airtime_us=2220;146.25;1.0;70.32835820895522;0.037696;0.999464;W40_NSS1_MCS7:bytes=4712,ppdus=6,airtime_us=536;735.0;0.8353908592114938;550.3190661478599;2.262912;0.995888;W40_NSS2_MCS8:bytes=46562,ppdus=1,airtime_us=1124|W80_NSS2_MCS8:bytes=236302,ppdus=7,airtime_us=2988;87.75;0.603623797515644;101.40805051302289;0.513936;0.994932;W20_NSS1_MCS8:bytes=38778,ppdus=3,airtime_us=3684|W40_NSS1_MCS8:bytes=25370,ppdus=3,airtime_us=1316|W40_NSS2_MCS8:bytes=94,ppdus=1,airtime_us=68;367.5;1.0;289.90366088631987;0.60184;0.997924;W80_NSS2_MCS4:bytes=75230,ppdus=7,airtime_us=2076;21.9375;1.0;20.34355828220859;0.013264;0.999348;W20_NSS1_MCS2:bytes=1658,ppdus=1,airtime_us=652;121.875;0.7103249131373838;112.09473684210526;0.681536;0.99392;W20_NSS1_MCS10:bytes=18168,ppdus=2,airtime_us=1432|W20_NSS1_MCS11:bytes=60514,ppdus=7,airtime_us=4356|W20_NSS2_MCS10:bytes=6510,ppdus=1,airtime_us=292;243.75;1.0;133.66101694915255;0.126176;0.999056;W40_NSS1_MCS11:bytes=15772,ppdus=8,airtime_us=944;243.75;0.8686812078280167;199.81634938409854;1.427488;0.992856;W20_NSS1_MCS11:bytes=23432,ppdus=2,airtime_us=1640|W40_NSS1_MCS11:bytes=155004,ppdus=8,airtime_us=5504;109.6875;1.0;87.91304347826087;0.097056;0.998896;W20_NSS1_MCS10:bytes=12132,ppdus=4,airtime_us=1104;219.375;1.0;180.8;0.094016;0.99948;W40_NSS1_MCS10:bytes=11752,ppdus=2,airtime_us=520;87.75;0.866229075900023;51.04316020482809;0.558208;0.989064;W20_NSS1_MCS8:bytes=60442,ppdus=5,airtime_us=5772|W40_NSS1_MCS0:bytes=9334,ppdus=1,airtime_us=5164;122.5;0.6843553264264115;88.09170305676857;0.645536;0.992672;W40_NSS2_MCS1:bytes=25470,ppdus=1,airtime_us=3540|W80_NSS2_MCS1:bytes=55222,ppdus=3,airtime_us=3788;146.25;1.0;84.0;0.012432;0.999852;W20_NSS2_MCS7:bytes=1554,ppdus=1,airtime_us=148;29.25;1.0;25.58139534883721;0.0132;0.999484;W20_NSS2_MCS1:bytes=1650,ppdus=1,airtime_us=516;367.5;1.0;350.0686755430974;1.998192;0.994292;W80_NSS1_MCS8:bytes=249774,ppdus=5,airtime_us=5708;195.0;1.0;171.8976;0.429744;0.9975;W20_NSS2_MCS9:bytes=53718,ppdus=5,airtime_us=2500;29.25;1.0;27.376;0.109504;0.996;W40_NSS2_MCS0:bytes=13688,ppdus=4,airtime_us=4000;183.75;1.0;177.8768115942029;2.356512;0.986752;W80_NSS1_MCS4:bytes=294564,ppdus=8,airtime_us=13248;58.5;0.7443083942455422;44.26378155589902;0.343664;0.992236;W20_NSS1_MCS5:bytes=31974,ppdus=5,airtime_us=4636|W20_NSS2_MCS1:bytes=10984,ppdus=2,airtime_us=3128;735.0;0.7542802646119379;483.0639853747715;1.056944;0.997812;W80_NSS1_MCS8:bytes=32464,ppdus=2,airtime_us=808|W80_NSS2_MCS8:bytes=99654,ppdus=5,airtime_us=1380;146.25;1.0;142.23063683304647;0.330544;0.997676;W20_NSS2_MCS7:bytes=41318,ppdus=1,airtime_us=2324;816.666668;0.5665396409538838;299.2338530066815;1.074848;0.996408;W40_NSS1_MCS9:bytes=58238,ppdus=3,airtime_us=2548|W80_NSS2_MCS9:bytes=76118,ppdus=5,airtime_us=1044;97.5;0.4195648296771892;27.68888888888889;0.179424;0.99352;W20_NSS1_MCS0:bytes=4858,ppdus=1,airtime_us=5372|W20_NSS1_MCS9:bytes=9410,ppdus=1,airtime_us=828|W40_NSS2_MCS9:bytes=8160,ppdus=2,airtime_us=280
126;1;30;low;-60.0;ap_only_cochannel;ul_dl;su;2;211.54583333333332;131.33939419924343;9.641424;0.8340322230145267;122.5;0.7716170076166574;86.04394224733208;0.548272;0.993628;W40_NSS2_MCS1:bytes=15652,ppdus=2,airtime_us=2264|W80_NSS2_MCS1:bytes=52882,ppdus=11,airtime_us=4108;122.5;0.8949720670391061;47.733333333333334;0.02864;0.9994;W40_NSS2_MCS1:bytes=376,ppdus=4,airtime_us=272|W80_NSS2_MCS1:bytes=3204,ppdus=2,airtime_us=328;245.0;0.7721300365099145;126.26915113871635;0.731856;0.994204;W40_NSS1_MCS3:bytes=20846,ppdus=3,airtime_us=3012|W80_NSS2_MCS3:bytes=70636,ppdus=8,airtime_us=2784;219.375;0.5704520739474911;147.13142857142856;0.102992;0.9993;W40_NSS1_MCS10:bytes=7344,ppdus=6,airtime_us=584|W80_NSS2_MCS10:bytes=5530,ppdus=1,airtime_us=116;219.375;0.9018484606595608;198.88249027237353;1.022256;0.99486;W20_NSS2_MCS10:bytes=12542,ppdus=1,airtime_us=516|W40_NSS1_MCS10:bytes=115240,ppdus=8,airtime_us=4624;551.25;0.9990340150035968;373.5508637236085;0.77848;0.997916;W40_NSS1_MCS6:bytes=94,ppdus=1,airtime_us=60|W80_NSS2_MCS6:bytes=97216,ppdus=10,airtime_us=2024;29.25;0.75;10.162162162162161;0.003008;0.999704;W40_NSS1_MCS1:bytes=282,ppdus=3,airtime_us=228|W80_NSS2_MCS1:bytes=94,ppdus=1,airtime_us=68;121.875;1.0;110.50562947799386;0.431856;0.996092;W20_NSS1_MCS11:bytes=53982,ppdus=7,airtime_us=3908;146.25;1.0;64.8;0.016848;0.99974;W40_NSS1_MCS7:bytes=2106,ppdus=3,airtime_us=260;243.75;0.75;11.058823529411764;0.003008;0.999728;W20_NSS2_MCS11:bytes=282,ppdus=3,airtime_us=204|W40_NSS2_MCS11:bytes=94,ppdus=1,airtime_us=68;29.25;1.0;28.477099236641223;0.238752;0.991616;W20_NSS1_MCS3:bytes=29844,ppdus=4,airtime_us=8384;243.75;1.0;134.752688172043;0.100256;0.999256;W40_NSS1_MCS11:bytes=12532,ppdus=6,airtime_us=744;122.5;0.7537554804858765;72.65274151436032;0.890432;0.987744;W20_NSS1_MCS4:bytes=12926,ppdus=1,airtime_us=2412|W40_NSS1_MCS1:bytes=14482,ppdus=1,airtime_us=4012|W80_NSS2_MCS1:bytes=83896,ppdus=6,airtime_us=5832;234.0;1.0;108.11822660098522;0.087792;0.999188;W40_NSS2_MCS5:bytes=10974,ppdus=7,airtime_us=812;131.625;0.8343165903953245;117.20193861066235;0.290192;0.997524;W20_NSS2_MCS6:bytes=30264,ppdus=4,airtime_us=2064|W40_NSS1_MCS6:bytes=6010,ppdus=1,airtime_us=412;87.75;1.0;70.3768115942029;0.077696;0.998896;W20_NSS1_MCS8:bytes=9712,ppdus=4,airtime_us=1104;219.375;1.0;110.48275862068965;0.025632;0.999768;W20_NSS2_MCS10:bytes=3204,ppdus=2,airtime_us=232;263.25;1.0;213.38753387533876;0.31496;0.998524;W40_NSS2_MCS6:bytes=39370,ppdus=5,airtime_us=1476;292.5;0.9044305469919846;135.8285144566301;0.544944;0.995988;W20_NSS1_MCS3:bytes=6510,ppdus=1,airtime_us=1836|W40_NSS2_MCS7:bytes=61608,ppdus=8,airtime_us=2176;243.75;1.0;173.4302554027505;0.353104;0.997964;W40_NSS1_MCS11:bytes=44138,ppdus=11,airtime_us=2036;263.25;0.543228954859699;129.76253298153034;0.19672;0.998484;W20_NSS2_MCS6:bytes=11232,ppdus=2,airtime_us=808|W40_NSS2_MCS6:bytes=13358,ppdus=5,airtime_us=708;551.25;1.0;256.8735632183908;0.089392;0.999652;W80_NSS2_MCS6:bytes=11174,ppdus=3,airtime_us=348;243.75;1.0;185.63116883116882;0.285872;0.99846;W40_NSS1_MCS11:bytes=35734,ppdus=7,airtime_us=1540;490.0;0.8356175878272544;326.50228310502285;0.572032;0.998248;W40_NSS2_MCS5:bytes=11754,ppdus=1,airtime_us=468|W80_NSS2_MCS5:bytes=59750,ppdus=5,airtime_us=1284;367.5;1.0;287.02258726899385;0.55912;0.998052;W80_NSS2_MCS4:bytes=69890,ppdus=7,airtime_us=1948;29.25;0.5741475602586714;32.4;0.217728;0.99328;W20_NSS2_MCS1:bytes=2130,ppdus=1,airtime_us=644|W40_NSS1_MCS1:bytes=15626,ppdus=5,airtime_us=4540|W40_NSS2_MCS1:bytes=9460,ppdus=4,airtime_us=1536;87.75;1.0;56.75;0.079904;0.998592;W40_NSS2_MCS2:bytes=9988,ppdus=8,airtime_us=1408;58.5;0.7119413407821229;24.583690987124463;0.091648;0.996272;W20_NSS1_MCS0:bytes=1650,ppdus=1,airtime_us=1868|W20_NSS2_MCS1:bytes=1650,ppdus=1,airtime_us=516|W40_NSS2_MCS1:bytes=8156,ppdus=4,airtime_us=1344;122.5;1.0;113.26156433978133;0.538672;0.995244;W80_NSS1_MCS3:bytes=67334,ppdus=7,airtime_us=4756;243.75;1.0;186.54804270462634;0.41936;0.997752;W40_NSS1_MCS11:bytes=52420,ppdus=10,airtime_us=2248
